Time (fs),Displacement (A),Force (eV/A)
0.0,0.0,0.0
0.5,0.0005,0.0008278145695363768
1.0,0.001,0.0016556291390727536
1.5,0.0015,0.0024834437086091302
2.0,0.002,0.003311258278145507
2.5,0.0025,0.004139072847681884
3.0,0.003,0.0049668874172182605
3.5,0.0035,0.005794701986754637
4.0,0.004,0.006622516556291014
4.5,0.0045000000000000005,0.007450331125827391
5.0,0.005,0.008278145695363767
5.5,0.0055,0.009105960264900145
6.0,0.006,0.009933774834436521
6.5,0.006500000000000001,0.010761589403972899
7.0,0.007,0.011589403973509275
7.5,0.0075,0.012417218543045653
8.0,0.008,0.013245033112582029
8.5,0.0085,0.014072847682118405
9.0,0.009000000000000001,0.014900662251654782
9.5,0.0095,0.01572847682119116
10.0,0.01,0.016556291390727534
10.5,0.0105,0.017384105960263914
11.0,0.011,0.01821192052980029
11.5,0.0115,0.019039735099336666
12.0,0.012,0.019867549668873042
12.5,0.0125,0.020695364238409418
13.0,0.013000000000000001,0.021523178807945798
13.5,0.0135,0.022350993377482174
14.0,0.014,0.02317880794701855
14.5,0.0145,0.024006622516554926
15.0,0.015,0.024834437086091305
15.5,0.0155,0.02566225165562768
16.0,0.016,0.026490066225164057
16.5,0.0165,0.027317880794700433
17.0,0.017,0.02814569536423681
17.5,0.0175,0.02897350993377319
18.0,0.018000000000000002,0.029801324503309565
18.5,0.0185,0.03062913907284594
19.0,0.019,0.03145695364238232
19.5,0.0195,0.032284768211918696
20.0,0.02,0.03311258278145507
20.5,0.0205,0.03394039735099145
21.0,0.021,0.03476821192052783
21.5,0.021500000000000002,0.0355960264900642
22.0,0.022,0.03642384105960058
22.5,0.0225,0.03725165562913695
23.0,0.023,0.03807947019867333
23.5,0.0235,0.03890728476820971
24.0,0.024,0.039735099337746084
24.5,0.0245,0.040562913907282463
25.0,0.025,0.041390728476818836
25.5,0.025500000000000002,0.042218543046355216
26.0,0.026000000000000002,0.043046357615891595
26.5,0.0265,0.04387417218542797
27.0,0.027,0.04470198675496435
27.5,0.0275,0.04552980132450073
28.0,0.028,0.0463576158940371
28.5,0.0285,0.04718543046357348
29.0,0.029,0.04801324503310985
29.5,0.029500000000000002,0.04884105960264623
30.0,0.03,0.04966887417218261
30.5,0.0305,0.05049668874171898
31.0,0.031,0.05132450331125536
31.5,0.0315,0.052152317880791735
32.0,0.032,0.052980132450328114
32.5,0.0325,0.053807947019864494
33.0,0.033,0.054635761589400866
33.5,0.0335,0.055463576158937246
34.0,0.034,0.05629139072847362
34.5,0.0345,0.05711920529801
35.0,0.035,0.05794701986754638
35.5,0.035500000000000004,0.05877483443708275
36.0,0.036000000000000004,0.05960264900661913
36.5,0.0365,0.0604304635761555
37.0,0.037,0.06125827814569188
37.5,0.0375,0.06208609271522826
38.0,0.038,0.06291390728476463
38.5,0.0385,0.063741721854301
39.0,0.039,0.06456953642383739
39.5,0.0395,0.06539735099337377
40.0,0.04,0.06622516556291014
40.5,0.0405,0.06705298013244652
41.0,0.041,0.0678807947019829
41.5,0.0415,0.06870860927151927
42.0,0.042,0.06953642384105566
42.5,0.0425,0.07036423841059203
43.0,0.043000000000000003,0.0711920529801284
43.5,0.043500000000000004,0.07201986754966479
44.0,0.044,0.07284768211920116
44.5,0.0445,0.07367549668873753
45.0,0.045,0.0745033112582739
45.5,0.0455,0.07533112582781029
46.0,0.046,0.07615894039734666
46.5,0.0465,0.07698675496688304
47.0,0.047,0.07781456953641942
47.5,0.0475,0.0786423841059558
48.0,0.048,0.07947019867549217
48.5,0.0485,0.08029801324502855
49.0,0.049,0.08112582781456493
49.5,0.0495,0.0819536423841013
50.0,0.05,0.08278145695363767
50.5,0.0505,0.08360927152317406
51.0,0.051000000000000004,0.08443708609271043
51.5,0.051500000000000004,0.0852649006622468
52.0,0.052000000000000005,0.08609271523178319
52.5,0.0525,0.08692052980131956
53.0,0.053,0.08774834437085594
53.5,0.0535,0.08857615894039232
54.0,0.054,0.0894039735099287
54.5,0.0545,0.09023178807946507
55.0,0.055,0.09105960264900145
55.5,0.0555,0.09188741721853783
56.0,0.056,0.0927152317880742
56.5,0.0565,0.09354304635761057
57.0,0.057,0.09437086092714696
57.5,0.0575,0.09519867549668333
58.0,0.058,0.0960264900662197
58.5,0.0585,0.09685430463575609
59.0,0.059000000000000004,0.09768211920529246
59.5,0.059500000000000004,0.09850993377482883
60.0,0.06,0.09933774834436522
60.5,0.0605,0.10016556291390159
61.0,0.061,0.10099337748343797
61.5,0.0615,0.10182119205297434
62.0,0.062,0.10264900662251072
62.5,0.0625,0.1034768211920471
63.0,0.063,0.10430463576158347
63.5,0.0635,0.10513245033111986
64.0,0.064,0.10596026490065623
64.5,0.0645,0.1067880794701926
65.0,0.065,0.10761589403972899
65.5,0.0655,0.10844370860926536
66.0,0.066,0.10927152317880173
66.5,0.0665,0.11009933774833812
67.0,0.067,0.11092715231787449
67.5,0.0675,0.11175496688741086
68.0,0.068,0.11258278145694724
68.5,0.0685,0.11341059602648362
69.0,0.069,0.11423841059602
69.5,0.0695,0.11506622516555637
70.0,0.07,0.11589403973509275
70.5,0.07050000000000001,0.11672185430462913
71.0,0.07100000000000001,0.1175496688741655
71.5,0.07150000000000001,0.11837748344370189
72.0,0.07200000000000001,0.11920529801323826
72.5,0.0725,0.12003311258277463
73.0,0.073,0.120860927152311
73.5,0.0735,0.12168874172184739
74.0,0.074,0.12251655629138376
74.5,0.0745,0.12334437086092014
75.0,0.075,0.12417218543045652
75.5,0.0755,0.1249999999999929
76.0,0.076,0.12582781456952927
76.5,0.0765,0.12665562913906564
77.0,0.077,0.127483443708602
77.5,0.0775,0.1283112582781384
78.0,0.078,0.12913907284767479
78.5,0.0785,0.12996688741721116
79.0,0.079,0.13079470198674753
79.5,0.0795,0.1316225165562839
80.0,0.08,0.13245033112582028
80.5,0.0805,0.13327814569535668
81.0,0.081,0.13410596026489305
81.5,0.0815,0.13493377483442942
82.0,0.082,0.1357615894039658
82.5,0.0825,0.13658940397350217
83.0,0.083,0.13741721854303854
83.5,0.0835,0.1382450331125749
84.0,0.084,0.1390728476821113
84.5,0.0845,0.13990066225164768
85.0,0.085,0.14072847682118406
85.5,0.0855,0.14155629139072043
86.0,0.08600000000000001,0.1423841059602568
86.5,0.08650000000000001,0.14321192052979317
87.0,0.08700000000000001,0.14403973509932957
87.5,0.08750000000000001,0.14486754966886595
88.0,0.088,0.14569536423840232
88.5,0.0885,0.1465231788079387
89.0,0.089,0.14735099337747506
89.5,0.0895,0.14817880794701144
90.0,0.09,0.1490066225165478
90.5,0.0905,0.1498344370860842
91.0,0.091,0.15066225165562058
91.5,0.0915,0.15149006622515696
92.0,0.092,0.15231788079469333
92.5,0.0925,0.1531456953642297
93.0,0.093,0.15397350993376607
93.5,0.0935,0.15480132450330245
94.0,0.094,0.15562913907283885
94.5,0.0945,0.15645695364237522
95.0,0.095,0.1572847682119116
95.5,0.0955,0.15811258278144796
96.0,0.096,0.15894039735098434
96.5,0.0965,0.1597682119205207
97.0,0.097,0.1605960264900571
97.5,0.0975,0.16142384105959348
98.0,0.098,0.16225165562912985
98.5,0.0985,0.16307947019866623
99.0,0.099,0.1639072847682026
99.5,0.0995,0.16473509933773897
100.0,0.1,0.16556291390727534
100.5,0.1005,0.16639072847681174
101.0,0.101,0.16721854304634812
101.5,0.1015,0.1680463576158845
102.0,0.10200000000000001,0.16887417218542086
102.5,0.10250000000000001,0.16970198675495723
103.0,0.10300000000000001,0.1705298013244936
103.5,0.10350000000000001,0.17135761589403
104.0,0.10400000000000001,0.17218543046356638
104.5,0.1045,0.17301324503310275
105.0,0.105,0.17384105960263913
105.5,0.1055,0.1746688741721755
106.0,0.106,0.17549668874171187
106.5,0.1065,0.17632450331124824
107.0,0.107,0.17715231788078464
107.5,0.1075,0.17798013245032102
108.0,0.108,0.1788079470198574
108.5,0.1085,0.17963576158939376
109.0,0.109,0.18046357615893013
109.5,0.1095,0.1812913907284665
110.0,0.11,0.1821192052980029
110.5,0.1105,0.18294701986753928
111.0,0.111,0.18377483443707565
111.5,0.1115,0.18460264900661202
112.0,0.112,0.1854304635761484
112.5,0.1125,0.18625827814568477
113.0,0.113,0.18708609271522114
113.5,0.1135,0.18791390728475754
114.0,0.114,0.18874172185429391
114.5,0.1145,0.1895695364238303
115.0,0.115,0.19039735099336666
115.5,0.1155,0.19122516556290303
116.0,0.116,0.1920529801324394
116.5,0.1165,0.19288079470197578
117.0,0.117,0.19370860927151218
117.5,0.11750000000000001,0.19453642384104855
118.0,0.11800000000000001,0.19536423841058492
118.5,0.11850000000000001,0.1961920529801213
119.0,0.11900000000000001,0.19701986754965767
119.5,0.11950000000000001,0.19784768211919404
120.0,0.12,0.19867549668873044
120.5,0.1205,0.1995033112582668
121.0,0.121,0.20033112582780319
121.5,0.1215,0.20115894039733956
122.0,0.122,0.20198675496687593
122.5,0.1225,0.2028145695364123
123.0,0.123,0.20364238410594868
123.5,0.1235,0.20447019867548508
124.0,0.124,0.20529801324502145
124.5,0.1245,0.20612582781455782
125.0,0.125,0.2069536423840942
125.5,0.1255,0.20778145695363057
126.0,0.126,0.20860927152316694
126.5,0.1265,0.20943708609270334
127.0,0.127,0.2102649006622397
127.5,0.1275,0.21109271523177608
128.0,0.128,0.21192052980131246
128.5,0.1285,0.21274834437084883
129.0,0.129,0.2135761589403852
129.5,0.1295,0.21440397350992157
130.0,0.13,0.21523178807945798
130.5,0.1305,0.21605960264899435
131.0,0.131,0.21688741721853072
131.5,0.1315,0.2177152317880671
132.0,0.132,0.21854304635760347
132.5,0.1325,0.21937086092713984
133.0,0.133,0.22019867549667624
133.5,0.1335,0.2210264900662126
134.0,0.134,0.22185430463574898
134.5,0.1345,0.22268211920528536
135.0,0.135,0.22350993377482173
135.5,0.1355,0.2243377483443581
136.0,0.136,0.22516556291389447
136.5,0.1365,0.22599337748343087
137.0,0.137,0.22682119205296725
137.5,0.1375,0.22764900662250362
138.0,0.138,0.22847682119204
138.5,0.1385,0.22930463576157636
139.0,0.139,0.23013245033111274
139.5,0.1395,0.23096026490064914
140.0,0.14,0.2317880794701855
140.5,0.1405,0.23261589403972188
141.0,0.14100000000000001,0.23344370860925825
141.5,0.14150000000000001,0.23427152317879463
142.0,0.14200000000000002,0.235099337748331
142.5,0.14250000000000002,0.23592715231786737
143.0,0.14300000000000002,0.23675496688740377
143.5,0.14350000000000002,0.23758278145694015
144.0,0.14400000000000002,0.23841059602647652
144.5,0.1445,0.2392384105960129
145.0,0.145,0.24006622516554926
145.5,0.1455,0.24089403973508564
146.0,0.146,0.241721854304622
146.5,0.1465,0.2425496688741584
147.0,0.147,0.24337748344369478
147.5,0.1475,0.24420529801323115
148.0,0.148,0.24503311258276753
148.5,0.1485,0.2458609271523039
149.0,0.149,0.24668874172184027
149.5,0.1495,0.24751655629137667
150.0,0.15,0.24834437086091304
150.5,0.1505,0.24917218543044942
151.0,0.1509999999999971,0.2499999999999858
151.5,0.1514999999999995,0.2524999999999977
152.0,0.1520000000000019,0.254768948520514
152.5,0.1524999999999972,0.2572689485204904
153.0,0.1529999999999996,0.2597689485205023
153.5,0.1535000000000019,0.2620730256221293
154.0,0.1539999999999972,0.2645730256221057
154.5,0.1544999999999996,0.2670730256221176
155.0,0.155000000000002,0.2694261739226888
155.5,0.1554999999999973,0.2719261739226652
156.0,0.1559999999999997,0.2744261739226772
156.5,0.1565000000000021,0.2768427619123415
157.0,0.1569999999999973,0.2793427619123179
157.5,0.1574999999999997,0.2818427619123298
158.0,0.1580000000000021,0.2843060330987512
158.5,0.15849999999999742,0.2868060330987276
159.0,0.1589999999999998,0.2893060330987396
159.5,0.1595000000000022,0.2917987176310177
160.0,0.1599999999999975,0.2942987176309941
160.5,0.1604999999999998,0.296798717631006
161.0,0.1610000000000022,0.2993223275471735
161.5,0.1614999999999975,0.3018223275471499
162.0,0.16199999999999992,0.3043223275471618
162.5,0.1625000000000023,0.3068731725931073
163.0,0.1629999999999976,0.3093731725930837
163.5,0.1635,0.3118731725930956
164.0,0.1640000000000023,0.3144468129222488
164.5,0.1644999999999976,0.3169468129222252
165.0,0.165,0.3194468129222372
165.5,0.16550000000000242,0.3220548707954762
166.0,0.1659999999999977,0.3245548707954526
166.5,0.1665000000000001,0.3270548707954646
167.0,0.1670000000000025,0.3297003729535674
167.5,0.1674999999999977,0.3322003729535439
168.0,0.1680000000000001,0.3347003729535558
168.5,0.1685000000000025,0.3373750770292361
169.0,0.16899999999999782,0.3398750770292125
169.5,0.1695000000000002,0.3423750770292244
170.0,0.1700000000000026,0.3450638581279008
170.5,0.1704999999999979,0.3475638581278772
171.0,0.1710000000000002,0.3500638581278892
171.5,0.1715000000000026,0.3527666502442983
172.0,0.1719999999999979,0.3552666502442747
172.5,0.17250000000000032,0.3577666502442866
173.0,0.1730000000000027,0.3604687754989655
173.5,0.173499999999998,0.3629687754989419
174.0,0.1740000000000004,0.3654687754989538
174.5,0.1745000000000027,0.3681525231327853
175.0,0.174999999999998,0.3706525231327617
175.5,0.1755000000000004,0.3731525231327737
176.0,0.17600000000000282,0.3758405873747605
176.5,0.1764999999999981,0.3783405873747369
177.0,0.1770000000000005,0.3808405873747489
177.5,0.1775000000000029,0.3835102872557527
178.0,0.1779999999999981,0.3860102872557291
178.5,0.1785000000000005,0.3885102872557411
179.0,0.1790000000000029,0.3911652025102796
179.5,0.17949999999999822,0.393665202510256
180.0,0.1800000000000006,0.396165202510268
180.5,0.180500000000003,0.3988006715247749
181.0,0.1809999999999983,0.4013006715247513
181.5,0.1815000000000006,0.4038006715247633
182.0,0.182000000000003,0.4064401234554182
182.5,0.1824999999999983,0.4089401234553946
183.0,0.18300000000000072,0.4114401234554066
183.5,0.1835000000000031,0.4140972141696153
184.0,0.1839999999999984,0.4165972141695917
184.5,0.1845000000000008,0.4190972141696036
185.0,0.1850000000000031,0.4217670202007895
185.5,0.1854999999999984,0.4242670202007659
186.0,0.1860000000000008,0.4267670202007778
186.5,0.18650000000000322,0.4294504392679243
187.0,0.1869999999999985,0.4319504392679008
187.5,0.1875000000000009,0.4344504392679127
188.0,0.1880000000000033,0.4371578320957781
188.5,0.1884999999999985,0.4396578320957545
189.0,0.1890000000000009,0.4421578320957664
189.5,0.1895000000000033,0.4448829660906739
190.0,0.18999999999999861,0.4473829660906503
190.5,0.190500000000001,0.4498829660906622
191.0,0.1910000000000034,0.4526278837942854
191.5,0.19149999999999862,0.4551278837942618
192.0,0.192000000000001,0.4576278837942737
192.5,0.1925000000000034,0.4604024387155903
193.0,0.1929999999999987,0.4629024387155667
193.5,0.19350000000000112,0.4654024387155786
194.0,0.1940000000000035,0.4682025391707256
194.5,0.1944999999999988,0.470702539170702
195.0,0.1950000000000012,0.473202539170714
195.5,0.1954999999999964,0.4760315989710051
196.0,0.1959999999999988,0.478531598971017
196.5,0.1965000000000012,0.481031598971029
197.0,0.1969999999999965,0.4838829191324123
197.5,0.1974999999999989,0.4863829191324242
198.0,0.19800000000000129,0.4888829191324362
198.5,0.1984999999999965,0.4917507952606215
199.0,0.1989999999999989,0.4942507952606334
199.5,0.1995000000000013,0.4967507952606453
200.0,0.19999999999999662,0.4996187628025339
200.5,0.200499999999999,0.5021187628025459
201.0,0.2010000000000014,0.5046187628025578
201.5,0.2014999999999967,0.50748512490987
202.0,0.201999999999999,0.5099851249098819
202.5,0.2025000000000014,0.5124851249098938
203.0,0.2029999999999967,0.5153419484553723
203.5,0.20349999999999913,0.5178419484553842
204.0,0.2040000000000015,0.5203419484553962
204.5,0.2044999999999968,0.5231733380446002
205.0,0.2049999999999992,0.5256733380446121
205.5,0.20550000000000151,0.5281733380446241
206.0,0.2059999999999968,0.5309746515544589
206.5,0.2064999999999992,0.5334746515544708
207.0,0.20700000000000163,0.5359746515544828
207.5,0.2074999999999969,0.5387326884917698
208.0,0.2079999999999993,0.5412326884917817
208.5,0.2085000000000017,0.5437326884917937
209.0,0.2089999999999969,0.5464260584028935
209.5,0.2094999999999993,0.5489260584029054
210.0,0.2100000000000017,0.5514260584029174
210.5,0.21049999999999702,0.5540653403611628
211.0,0.2109999999999994,0.5565653403611748
211.5,0.2115000000000018,0.5590653403611867
212.0,0.2119999999999971,0.5616673152619711
212.5,0.2124999999999994,0.564167315261983
213.0,0.2130000000000018,0.566667315261995
213.5,0.2134999999999971,0.5692379088267074
214.0,0.21399999999999952,0.5717379088267194
214.5,0.2145000000000019,0.5742379088267313
215.0,0.2149999999999972,0.576792792256775
215.5,0.2154999999999996,0.579292792256787
216.0,0.2160000000000019,0.5817927922567989
216.5,0.2164999999999972,0.5843278198690882
217.0,0.2169999999999996,0.5868278198691002
217.5,0.21750000000000203,0.5893278198691121
218.0,0.2179999999999973,0.5918557429414406
218.5,0.2184999999999997,0.5943557429414525
219.0,0.2190000000000021,0.5968557429414645
219.5,0.2194999999999973,0.5993773449920425
220.0,0.2199999999999997,0.6018773449920545
220.5,0.2205000000000021,0.6043773449920664
221.0,0.22099999999999742,0.606889928127643
221.5,0.2214999999999998,0.6093899281276549
222.0,0.2220000000000022,0.6118899281276668
222.5,0.2224999999999975,0.6143611051222209
223.0,0.2229999999999998,0.6168611051222328
223.5,0.2235000000000022,0.6193611051222447
224.0,0.2239999999999975,0.6217894325894235
224.5,0.22449999999999992,0.6242894325894355
225.0,0.2250000000000023,0.6267894325894474
225.5,0.2254999999999976,0.6291666225319048
226.0,0.226,0.6316666225319167
226.5,0.2265000000000024,0.6341666225319287
227.0,0.2269999999999976,0.6366666225319051
227.5,0.2275,0.6389774371616497
228.0,0.2280000000000024,0.6414774371616616
228.5,0.2284999999999977,0.643977437161638
229.0,0.22900000000000012,0.6462144596906327
229.5,0.2295000000000025,0.6487144596906447
230.0,0.2299999999999977,0.6512144596906211
230.5,0.2305000000000001,0.653370535734723
231.0,0.2310000000000025,0.655870535734735
231.5,0.23149999999999782,0.6583705357347114
232.0,0.2320000000000002,0.6604835298540124
232.5,0.2325000000000026,0.6629835298540243
233.0,0.2329999999999979,0.6654835298540007
233.5,0.2335000000000002,0.6675691858695032
234.0,0.2340000000000026,0.6700691858695151
234.5,0.2344999999999979,0.6725691858694915
235.0,0.23500000000000032,0.6746544982606295
235.5,0.2355000000000027,0.6771544982606414
236.0,0.23599999999999802,0.6796544982606179
236.5,0.2365000000000004,0.6817729150891338
237.0,0.2370000000000027,0.6842729150891458
237.5,0.23749999999999802,0.6867729150891222
238.0,0.2380000000000004,0.6889340444212166
238.5,0.2385000000000028,0.6914340444212286
239.0,0.2389999999999981,0.693934044421205
239.5,0.23950000000000052,0.6961589717718297
240.0,0.2400000000000029,0.6986589717718417
240.5,0.2404999999999981,0.7011589717718181
241.0,0.24100000000000052,0.7034624341906337
241.5,0.2415000000000029,0.7059624341906456
242.0,0.24199999999999822,0.708462434190622
242.5,0.2425000000000006,0.7108505512999841
243.0,0.24300000000000302,0.713350551299996
243.5,0.2434999999999983,0.7158505512999724
244.0,0.2440000000000006,0.7183462185993505
244.5,0.244500000000003,0.7208462185993625
245.0,0.2449999999999983,0.7233462185993389
245.5,0.24550000000000072,0.7259538952391154
246.0,0.2460000000000031,0.7284538952391273
246.5,0.24649999999999841,0.7309538952391037
247.0,0.2470000000000008,0.7336851031474012
247.5,0.2475000000000031,0.7361851031474131
248.0,0.24799999999999842,0.7386851031473896
248.5,0.2485000000000008,0.7415363684384957
249.0,0.24900000000000322,0.7440363684385076
249.5,0.2494999999999985,0.746536368438484
250.0,0.2500000000000009,0.7495016345361805
250.5,0.2505000000000033,0.7520016345361924
251.0,0.2509999999999985,0.7545016345361688
251.5,0.25150000000000095,0.7575585240094895
252.0,0.25200000000000333,0.7600585240095015
252.5,0.2524999999999986,0.7625585240094779
253.0,0.253000000000001,0.7656974447098364
253.5,0.2535000000000034,0.7681974447098483
254.0,0.25399999999999867,0.7706974447098247
254.5,0.254500000000001,0.7738838006977034
255.0,0.25500000000000345,0.7763838006977153
255.5,0.25549999999999873,0.7788838006976917
256.0,0.2560000000000011,0.7821058767528655
256.5,0.2565000000000035,0.7846058767528774
257.0,0.2569999999999988,0.7871058767528538
257.5,0.2575000000000012,0.7903467970437461
258.0,0.2579999999999964,0.7928467970437225
258.5,0.25849999999999884,0.7953467970437345
259.0,0.25900000000000123,0.7985672002480015
259.5,0.2594999999999965,0.801067200247978
260.0,0.2599999999999989,0.8035672002479899
260.5,0.2605000000000013,0.8067606361188595
261.0,0.26099999999999657,0.8092606361188359
261.5,0.2614999999999989,0.8117606361188479
262.0,0.26200000000000134,0.8149535770851557
262.5,0.2624999999999966,0.8174535770851321
263.0,0.262999999999999,0.819953577085144
263.5,0.2635000000000014,0.82317331730696
264.0,0.2639999999999967,0.8256733173069364
264.5,0.26449999999999907,0.8281733173069483
265.0,0.2650000000000014,0.8314545699816733
265.5,0.26549999999999674,0.8339545699816497
266.0,0.2659999999999991,0.8364545699816617
266.5,0.2665000000000015,0.8398061866262196
267.0,0.2669999999999968,0.842306186626196
267.5,0.2674999999999992,0.844806186626208
268.0,0.26800000000000157,0.8482216253383612
268.5,0.2684999999999968,0.8507216253383376
269.0,0.26899999999999924,0.8532216253383496
269.5,0.2695000000000016,0.8566990551408793
270.0,0.2699999999999969,0.8591990551408557
270.5,0.2704999999999993,0.8616990551408676
271.0,0.2710000000000017,0.8652285708324214
271.5,0.27149999999999697,0.8677285708323978
272.0,0.2719999999999993,0.8702285708324098
272.5,0.27250000000000174,0.8738058056160725
273.0,0.272999999999997,0.8763058056160489
273.5,0.2734999999999994,0.8788058056160608
274.0,0.2740000000000018,0.8824025202246588
274.5,0.2744999999999971,0.8849025202246352
275.0,0.27499999999999947,0.8874025202246472
275.5,0.2755000000000018,0.8909948286579095
276.0,0.27599999999999714,0.8934948286578859
276.5,0.2764999999999995,0.8959948286578978
277.0,0.2770000000000019,0.8995598430336216
277.5,0.2774999999999972,0.902059843033598
278.0,0.2779999999999996,0.90455984303361
278.5,0.27850000000000197,0.908087122711656
279.0,0.2789999999999972,0.9105871227116324
279.5,0.27949999999999964,0.9130871227116444
280.0,0.280000000000002,0.9165495887794606
280.5,0.2804999999999973,0.919049588779437
281.0,0.2809999999999997,0.9215495887794488
281.5,0.2815000000000021,0.924933566317918
282.0,0.2819999999999973,0.9274335663178944
282.5,0.2824999999999997,0.9299335663179064
283.0,0.28300000000000214,0.9332253674038072
283.5,0.2834999999999974,0.9357253674037836
284.0,0.2839999999999998,0.9382253674037956
284.5,0.2845000000000022,0.9413975995964208
285.0,0.2849999999999975,0.9438975995963972
285.5,0.28549999999999986,0.9463975995964092
286.0,0.2860000000000022,0.9494442221515342
286.5,0.28649999999999753,0.9519442221515106
287.0,0.2869999999999999,0.9544442221515226
287.5,0.2875000000000023,0.9573684960020756
288.0,0.2879999999999976,0.959868496002052
288.5,0.2885,0.962368496002064
289.0,0.28900000000000237,0.9651566493166897
289.5,0.2894999999999976,0.967656649316666
290.0,0.29000000000000004,0.970156649316678
290.5,0.2905000000000024,0.9728022034754602
291.0,0.2909999999999977,0.9753022034754366
291.5,0.2915000000000001,0.9778022034754486
292.0,0.2920000000000025,0.9803239360575232
292.5,0.2924999999999977,0.9828239360574996
293.0,0.2930000000000001,0.9853239360575116
293.5,0.29350000000000254,0.987717495326308
294.0,0.2939999999999978,0.9902174953262844
294.5,0.2945000000000002,0.9927174953262964
295.0,0.2950000000000026,0.9949940747518582
295.5,0.2954999999999979,0.9974940747518346
296.0,0.2960000000000002,0.9999940747518464
296.5,0.2965000000000026,1.002137114419206
297.0,0.29699999999999793,1.0046371144191824
297.5,0.2975000000000003,1.0071371144191943
298.0,0.2980000000000027,1.009152817348209
298.5,0.298499999999998,1.0116528173481854
299.0,0.2990000000000004,1.0141528173481973
299.5,0.2995000000000027,1.016062387801142
300.0,0.29999999999999805,1.0185623878011183
300.5,0.30050000000000043,1.0210623878011305
301.0,0.3010000000000028,1.0228877906104472
301.5,0.3014999999999981,1.0253877906104236
302.0,0.3020000000000005,1.0278877906104356
302.5,0.3025000000000029,1.0303877906104475
303.0,0.3029999999999981,1.0321323451661613
303.5,0.30350000000000055,1.0346323451661732
304.0,0.30400000000000293,1.0371323451661851
304.5,0.3044999999999982,1.0388018813243605
305.0,0.3050000000000006,1.0413018813243724
305.5,0.305500000000003,1.0438018813243843
306.0,0.3059999999999983,1.0454286945834212
306.5,0.3065000000000006,1.0479286945834332
307.0,0.307000000000003,1.0504286945834451
307.5,0.30749999999999833,1.0520310718346335
308.0,0.3080000000000007,1.0545310718346457
308.5,0.3085000000000031,1.0570310718346576
309.0,0.3089999999999984,1.0586190888523817
309.5,0.3095000000000008,1.0611190888523936
310.0,0.3100000000000031,1.0636190888524055
310.5,0.31049999999999844,1.0652363180819435
311.0,0.31100000000000083,1.0677363180819557
311.5,0.3115000000000032,1.0702363180819674
312.0,0.3119999999999985,1.0719171498775282
312.5,0.3125000000000009,1.07441714987754
313.0,0.3130000000000033,1.076917149877552
313.5,0.3134999999999985,1.078683974767074
314.0,0.31400000000000095,1.081183974767086
314.5,0.31450000000000333,1.083683974767098
315.0,0.3149999999999986,1.085566475110582
315.5,0.315500000000001,1.088066475110594
316.0,0.3160000000000034,1.090566475110606
316.5,0.31649999999999867,1.0925585763192558
317.0,0.317000000000001,1.0950585763192675
317.5,0.31750000000000345,1.0975585763192797
318.0,0.31799999999999873,1.0996604950988242
318.5,0.3185000000000011,1.1021604950988362
319.0,0.3190000000000035,1.104660495098848
319.5,0.3194999999999988,1.1068834662317784
320.0,0.3200000000000012,1.1093834662317903
320.5,0.3204999999999964,1.1118834662317667
321.0,0.32099999999999884,1.1142237756364537
321.5,0.32150000000000123,1.1167237756364656
322.0,0.3219999999999965,1.119223775636442
322.5,0.3224999999999989,1.1216670753676183
323.0,0.3230000000000013,1.1241670753676305
323.5,0.32349999999999657,1.126667075367607
324.0,0.3239999999999989,1.1291974882414024
324.5,0.32450000000000134,1.1316974882414144
325.0,0.3249999999999966,1.1341974882413908
325.5,0.325499999999999,1.136792604732797
326.0,0.3260000000000014,1.139292604732809
326.5,0.3264999999999967,1.141792604732785
327.0,0.32699999999999907,1.144438153263998
327.5,0.3275000000000014,1.14693815326401
328.0,0.32799999999999674,1.1494381532639864
328.5,0.3284999999999991,1.152137948555314
329.0,0.3290000000000015,1.154637948555326
329.5,0.3294999999999968,1.1571379485553024
330.0,0.3299999999999992,1.1598660590305343
330.5,0.33050000000000157,1.1623660590305462
331.0,0.3309999999999968,1.1648660590305226
331.5,0.33149999999999924,1.1676126656089636
332.0,0.3320000000000016,1.1701126656089755
332.5,0.3324999999999969,1.172612665608952
333.0,0.3329999999999993,1.175394035186592
333.5,0.3335000000000017,1.177894035186604
334.0,0.33399999999999697,1.1803940351865805
334.5,0.3344999999999993,1.1832136911467472
335.0,0.33500000000000174,1.1857136911467592
335.5,0.335499999999997,1.1882136911467356
336.0,0.3359999999999994,1.191083371840378
336.5,0.3365000000000018,1.19358337184039
337.0,0.3369999999999971,1.1960833718403665
337.5,0.33749999999999947,1.1990163120644937
338.0,0.3380000000000018,1.2015163120645056
338.5,0.33849999999999714,1.204016312064482
339.0,0.3389999999999995,1.2070162885551738
339.5,0.3395000000000019,1.2095162885551858
340.0,0.3399999999999972,1.2120162885551622
340.5,0.3404999999999996,1.215091041965124
341.0,0.34100000000000197,1.217591041965136
341.5,0.3414999999999972,1.2200910419651123
342.0,0.34199999999999964,1.2232583749574744
342.5,0.342500000000002,1.2257583749574863
343.0,0.3429999999999973,1.2282583749574627
343.5,0.3434999999999997,1.2315318389249086
344.0,0.3440000000000021,1.2340318389249203
344.5,0.3444999999999973,1.236531838924897
345.0,0.3449999999999997,1.2399039057012473
345.5,0.34550000000000214,1.2424039057012592
346.0,0.3459999999999974,1.2449039057012357
346.5,0.3464999999999998,1.24836902995888
347.0,0.3470000000000022,1.250869029958892
347.5,0.3474999999999975,1.2533690299588685
348.0,0.34799999999999986,1.2569049669459886
348.5,0.3485000000000022,1.2594049669460006
349.0,0.34899999999999753,1.261904966945977
349.5,0.3494999999999999,1.2654884508987152
350.0,0.3500000000000023,1.2679884508987271
350.5,0.3504999999999976,1.2704884508987035
351.0,0.351,1.2741100386580584
351.5,0.35150000000000237,1.2766100386580703
352.0,0.35199999999999765,1.2791100386580467
352.5,0.35250000000000004,1.2827439503587
353.0,0.3530000000000024,1.285243950358712
353.5,0.3534999999999977,1.2877439503586885
354.0,0.3540000000000001,1.2913577579632118
354.5,0.3545000000000025,1.2938577579632238
355.0,0.35499999999999776,1.2963577579632002
355.5,0.35550000000000015,1.2999287971627638
356.0,0.35600000000000254,1.3024287971627757
356.5,0.3564999999999978,1.304928797162752
357.0,0.3570000000000002,1.3084531655421117
357.5,0.3575000000000026,1.3109531655421236
358.0,0.3579999999999979,1.3134531655421
358.5,0.35850000000000026,1.3169319375503008
359.0,0.35900000000000265,1.3194319375503127
359.5,0.35949999999999793,1.3219319375502891
360.0,0.3600000000000003,1.3253517795538272
360.5,0.3605000000000027,1.3278517795538392
361.0,0.360999999999998,1.3303517795538156
361.5,0.3615000000000004,1.3336941413882997
362.0,0.36200000000000276,1.3361941413883116
362.5,0.36249999999999805,1.338694141388288
363.0,0.36300000000000043,1.3419535262798732
363.5,0.3635000000000028,1.3444535262798851
364.0,0.3639999999999981,1.3469535262798615
364.5,0.3645000000000005,1.3501326575273964
365.0,0.3650000000000029,1.3526326575274084
365.5,0.36549999999999816,1.3551326575273848
366.0,0.36600000000000055,1.3582045598846548
366.5,0.36650000000000293,1.3607045598846668
367.0,0.3669999999999982,1.3632045598846432
367.5,0.3675000000000006,1.366138356550124
368.0,0.368000000000003,1.368638356550136
368.5,0.3684999999999983,1.3711383565501123
369.0,0.36900000000000066,1.373926808163759
369.5,0.36950000000000305,1.376426808163771
370.0,0.36999999999999833,1.3789268081637474
370.5,0.3705000000000007,1.381569121583901
371.0,0.3710000000000031,1.384069121583913
371.5,0.3714999999999984,1.3865691215838891
372.0,0.3720000000000008,1.3890717122629326
372.5,0.37250000000000316,1.3915717122629443
373.0,0.37299999999999844,1.394071712262921
373.5,0.37350000000000083,1.3964550175433743
374.0,0.3740000000000032,1.3989550175433862
374.5,0.3744999999999985,1.4014550175433629
375.0,0.3750000000000009,1.403716855851762
375.5,0.3755000000000033,1.406216855851774
376.0,0.37599999999999856,1.4087168558517504
376.5,0.37650000000000095,1.410870620893867
377.0,0.37700000000000333,1.413370620893879
377.5,0.3774999999999986,1.4158706208938554
378.0,0.378000000000001,1.4183706208938671
378.5,0.3785000000000034,1.4204379386713128
379.0,0.37899999999999867,1.4229379386712893
379.5,0.37950000000000106,1.4254379386713012
380.0,0.38000000000000345,1.42742915971656
380.5,0.38049999999999873,1.4299291597165364
381.0,0.3810000000000011,1.4324291597165484
381.5,0.3815000000000035,1.4343463605776918
382.0,0.3819999999999988,1.4368463605776682
382.5,0.3825000000000012,1.4393463605776802
383.0,0.38299999999999645,1.4412172329982198
383.5,0.38349999999999884,1.4437172329982315
384.0,0.38400000000000123,1.4462172329982437
384.5,0.3844999999999965,1.448038113426513
385.0,0.3849999999999989,1.450538113426525
385.5,0.3855000000000013,1.4530381134265369
386.0,0.38599999999999657,1.454828712470153
386.5,0.38649999999999896,1.457328712470165
387.0,0.38700000000000134,1.459828712470177
387.5,0.3874999999999966,1.4616099702148233
388.0,0.387999999999999,1.4641099702148352
388.5,0.3885000000000014,1.4666099702148472
389.0,0.3889999999999967,1.468413904324244
389.5,0.38949999999999907,1.4709139043242558
390.0,0.39000000000000146,1.4734139043242678
390.5,0.39049999999999674,1.4752693395266192
391.0,0.3909999999999991,1.4777693395266311
391.5,0.3915000000000015,1.480269339526643
392.0,0.3919999999999968,1.4822008067697467
392.5,0.3924999999999992,1.484700806769759
393.0,0.39300000000000157,1.4872008067697706
393.5,0.39349999999999685,1.48921045788299
394.0,0.39399999999999924,1.491710457883002
394.5,0.3945000000000016,1.494210457883014
395.0,0.3949999999999969,1.496323764000671
395.5,0.3954999999999993,1.498823764000683
396.0,0.3960000000000017,1.501323764000695
396.5,0.39649999999999697,1.5035436731421823
397.0,0.39699999999999935,1.5060436731421945
397.5,0.39750000000000174,1.5085436731422064
398.0,0.397999999999997,1.5108618278179264
398.5,0.3984999999999994,1.5133618278179384
399.0,0.3990000000000018,1.5158618278179503
399.5,0.3994999999999971,1.5182718540395612
400.0,0.39999999999999947,1.5207718540395732
400.5,0.40050000000000185,1.523271854039585
401.0,0.40099999999999714,1.5257589108107794
401.5,0.4014999999999995,1.5282589108107911
402.0,0.4020000000000019,1.5307589108108033
402.5,0.4024999999999972,1.5333032039849923
403.0,0.4029999999999996,1.5358032039850045
403.5,0.40350000000000197,1.5383032039850164
404.0,0.40399999999999725,1.540882444509677
404.5,0.40449999999999964,1.5433824445096889
405.0,0.405000000000002,1.5458824445097008
405.5,0.4054999999999973,1.548484553920062
406.0,0.4059999999999997,1.550984553920074
406.5,0.4065000000000021,1.553484553920086
407.0,0.40699999999999736,1.556098303771627
407.5,0.40749999999999975,1.5585983037716389
408.0,0.40800000000000214,1.5610983037716508
408.5,0.4084999999999974,1.563715257377254
409.0,0.4089999999999998,1.566215257377266
409.5,0.4095000000000022,1.5687152573772778
410.0,0.4099999999999975,1.571351588052785
410.5,0.41049999999999986,1.573851588052797
411.0,0.41100000000000225,1.576351588052809
411.5,0.41149999999999753,1.5790371608893494
412.0,0.4119999999999999,1.5815371608893614
412.5,0.4125000000000023,1.5840371608893733
413.0,0.4129999999999976,1.586786826907094
413.5,0.4135,1.589286826907106
414.0,0.41400000000000237,1.5917868269071178
414.5,0.41449999999999765,1.594609313139301
415.0,0.41500000000000004,1.5971093131393133
415.5,0.4155000000000024,1.5996093131393252
416.0,0.4159999999999977,1.6025384405666188
416.5,0.4165000000000001,1.6050384405666307
417.0,0.4170000000000025,1.6075384405666426
417.5,0.41749999999999776,1.6105889677115923
418.0,0.41800000000000015,1.6130889677116045
418.5,0.41850000000000254,1.6155889677116164
419.0,0.4189999999999978,1.61875390787948
419.5,0.4195000000000002,1.621253907879492
420.0,0.4200000000000026,1.6237539078795038
420.5,0.4204999999999979,1.6270175792906016
421.0,0.42100000000000026,1.6295175792906136
421.5,0.42150000000000265,1.6320175792906255
422.0,0.42199999999999793,1.635384130731694
422.5,0.4225000000000003,1.637884130731706
423.0,0.4230000000000027,1.640384130731718
423.5,0.423499999999998,1.6438626649578223
424.0,0.4240000000000004,1.6463626649578345
424.5,0.42450000000000276,1.6488626649578464
425.0,0.42499999999999805,1.6524304828296366
425.5,0.42550000000000043,1.6549304828296485
426.0,0.4260000000000028,1.6574304828296604
426.5,0.4264999999999981,1.6610808067043337
427.0,0.4270000000000005,1.6635808067043456
427.5,0.4275000000000029,1.6660808067043575
428.0,0.42799999999999816,1.6698151834132702
428.5,0.42850000000000055,1.672315183413282
429.0,0.42900000000000293,1.674815183413294
429.5,0.4294999999999982,1.6785964118511387
430.0,0.4300000000000006,1.6810964118511509
430.5,0.430500000000003,1.6835964118511626
431.0,0.4309999999999983,1.6873971471108362
431.5,0.43150000000000066,1.6898971471108482
432.0,0.43200000000000305,1.69239714711086
432.5,0.43249999999999833,1.6961790105530383
433.0,0.4330000000000007,1.6986790105530505
433.5,0.4335000000000031,1.7011790105530622
434.0,0.4339999999999984,1.704896937197944
434.5,0.4345000000000008,1.7073969371979558
435.0,0.43500000000000316,1.7098969371979678
435.5,0.43549999999999844,1.7134907919268016
436.0,0.43600000000000083,1.7159907919268136
436.5,0.4365000000000032,1.7184907919268255
437.0,0.4369999999999985,1.7219303259690475
437.5,0.4375000000000009,1.7244303259690597
438.0,0.4380000000000033,1.7269303259690716
438.5,0.43849999999999856,1.7302041454459172
439.0,0.43900000000000095,1.732704145445929
439.5,0.43950000000000333,1.735204145445941
440.0,0.4399999999999986,1.7383078398371763
440.5,0.440500000000001,1.7408078398371885
441.0,0.4410000000000034,1.7433078398372004
441.5,0.44149999999999867,1.7462491210719122
442.0,0.44200000000000106,1.7487491210719242
442.5,0.44250000000000345,1.751249121071936
443.0,0.44299999999999873,1.7540555875693895
443.5,0.4435000000000011,1.7565555875694017
444.0,0.4440000000000035,1.7590555875694136
444.5,0.4444999999999988,1.7617471006925811
445.0,0.4450000000000012,1.764247100692593
445.5,0.44549999999999645,1.7667471006925697
446.0,0.44599999999999884,1.7693617143758544
446.5,0.44650000000000123,1.7718617143758664
447.0,0.4469999999999965,1.7743617143758428
447.5,0.4474999999999989,1.7768916675051472
448.0,0.4480000000000013,1.779391667505159
448.5,0.44849999999999657,1.7818916675051355
449.0,0.44899999999999896,1.7843532489565206
449.5,0.44950000000000134,1.7868532489565323
450.0,0.4499999999999966,1.789353248956509
450.5,0.450499999999999,1.7917486095095114
451.0,0.4510000000000014,1.7942486095095234
451.5,0.4514999999999967,1.7967486095094998
452.0,0.45199999999999907,1.7990723859468716
452.5,0.45250000000000146,1.8015723859468835
453.0,0.45299999999999674,1.80407238594686
453.5,0.4534999999999991,1.806572385946872
454.0,0.4540000000000015,1.8088259757112368
454.5,0.4544999999999968,1.8113259757112128
455.0,0.4549999999999992,1.8138259757112247
455.5,0.45550000000000157,1.8159800794400385
456.0,0.45599999999999685,1.8184800794400149
456.5,0.45649999999999924,1.8209800794400264
457.0,0.4570000000000016,1.823020304801624
457.5,0.4574999999999969,1.8255203048016
458.0,0.4579999999999993,1.828020304801612
458.5,0.4585000000000017,1.8299428431360096
459.0,0.45899999999999697,1.8324428431359865
459.5,0.45949999999999935,1.8349428431359984
460.0,0.46000000000000174,1.8367556287767783
460.5,0.460499999999997,1.8392556287767547
461.0,0.4609999999999994,1.841755628776767
461.5,0.4615000000000018,1.8434607765843936
462.0,0.4619999999999971,1.84596077658437
462.5,0.46249999999999947,1.848460776584382
463.0,0.46300000000000185,1.8500561015515515
463.5,0.46349999999999714,1.852556101551528
464.0,0.4639999999999995,1.85505610155154
464.5,0.4645000000000019,1.856544409635461
465.0,0.4649999999999972,1.8590444096354373
465.5,0.4654999999999996,1.8615444096354492
466.0,0.46600000000000197,1.862931299484352
466.5,0.46649999999999725,1.865431299484328
467.0,0.46699999999999964,1.86793129948434
467.5,0.467500000000002,1.8692413803441
468.0,0.4679999999999973,1.8717413803440763
468.5,0.4684999999999997,1.8742413803440885
469.0,0.4690000000000021,1.8754636435317096
469.5,0.46949999999999736,1.877963643531686
470.0,0.46999999999999975,1.880463643531698
470.5,0.47050000000000214,1.8815941705394932
471.0,0.4709999999999974,1.8840941705394696
471.5,0.4714999999999998,1.8865941705394815
472.0,0.4720000000000022,1.887628572263793
472.5,0.4724999999999975,1.8901285722637693
473.0,0.47299999999999986,1.8926285722637812
473.5,0.47350000000000225,1.8935654116132028
474.0,0.47399999999999753,1.8960654116131792
474.5,0.4744999999999999,1.8985654116131911
475.0,0.4750000000000023,1.8994190577375392
475.5,0.4754999999999976,1.901919057737516
476.0,0.476,1.9044190577375275
476.5,0.47650000000000237,1.905216478257472
477.0,0.47699999999999765,1.9077164782574485
477.5,0.47750000000000004,1.9102164782574604
478.0,0.4780000000000024,1.9109984638434696
478.5,0.4784999999999977,1.913498463843446
479.0,0.4790000000000001,1.915998463843458
479.5,0.4795000000000025,1.916789659455844
480.0,0.47999999999999776,1.9192896594558209
480.5,0.48050000000000015,1.9217896594558328
481.0,0.48100000000000254,1.922629090260024
481.5,0.4814999999999978,1.9251290902600005
482.0,0.4820000000000002,1.9276290902600124
482.5,0.4825000000000026,1.9285271429540172
483.0,0.4829999999999979,1.9310271429539936
483.5,0.48350000000000026,1.9335271429540055
484.0,0.48400000000000265,1.934515757127784
484.5,0.48449999999999793,1.93701575712776
485.0,0.4850000000000003,1.939515757127772
485.5,0.4855000000000027,1.9406226026683624
486.0,0.485999999999998,1.943122602668339
486.5,0.4865000000000004,1.945622602668351
487.0,0.48700000000000276,1.9468412119831413
487.5,0.48749999999999805,1.9493412119831175
488.0,0.48800000000000043,1.9518412119831297
488.5,0.4885000000000028,1.953177520683873
489.0,0.4889999999999981,1.9556775206838493
489.5,0.4895000000000005,1.9581775206838612
490.0,0.4900000000000029,1.959621668203937
490.5,0.49049999999999816,1.962121668203913
491.0,0.49100000000000055,1.9646216682039253
491.5,0.49150000000000293,1.9661751873649536
492.0,0.4919999999999982,1.96867518736493
492.5,0.4925000000000006,1.971175187364942
493.0,0.493000000000003,1.9728535862904195
493.5,0.4934999999999983,1.975353586290396
494.0,0.49400000000000066,1.977853586290408
494.5,0.49450000000000305,1.9796853987636
495.0,0.49499999999999833,1.982185398763576
495.5,0.4955000000000007,1.984685398763588
496.0,0.4960000000000031,1.9866857404157656
496.5,0.4964999999999984,1.989185740415742
497.0,0.4970000000000008,1.991685740415754
497.5,0.49750000000000316,1.993851791279937
498.0,0.49799999999999844,1.9963517912799131
498.5,0.49850000000000083,1.9988517912799253
499.0,0.4990000000000032,2.0011879774661168
499.5,0.4994999999999985,2.003687977466093
500.0,0.5000000000000009,2.006187977466105
500.5,0.5005000000000033,2.008680230021369
501.0,0.5009999999999986,2.011180230021345
501.5,0.501500000000001,2.013680230021357
502.0,0.5020000000000033,2.016302449792029
502.5,0.5024999999999986,2.0188024497920054
503.0,0.503000000000001,2.0213024497920173
503.5,0.5035000000000034,2.024017573725132
504.0,0.5039999999999987,2.0265175737251084
504.5,0.5045000000000011,2.0290175737251204
505.0,0.5050000000000034,2.03179181465714
505.5,0.5054999999999987,2.0342918146571165
506.0,0.5060000000000011,2.0367918146571284
506.5,0.5065000000000035,2.0396188809695204
507.0,0.5069999999999988,2.042118880969497
507.5,0.5075000000000012,2.0446188809695087
508.0,0.5079999999999965,2.04749730157733
508.5,0.5084999999999988,2.049997301577342
509.0,0.5090000000000012,2.052497301577354
509.5,0.5094999999999965,2.055417065955325
510.0,0.5099999999999989,2.057917065955337
510.5,0.5105000000000013,2.060417065955349
511.0,0.5109999999999966,2.063371991439737
511.5,0.511499999999999,2.065871991439749
512.0,0.5120000000000013,2.0683719914397614
512.5,0.5124999999999966,2.071366008422366
513.0,0.512999999999999,2.073866008422378
513.5,0.5135000000000014,2.07636600842239
514.0,0.5139999999999967,2.0794108672074074
514.5,0.5144999999999991,2.08191086720742
515.0,0.5150000000000015,2.0844108672074317
515.5,0.5154999999999967,2.0875121770164284
516.0,0.5159999999999991,2.0900121770164404
516.5,0.5165000000000015,2.0925121770164523
517.0,0.5169999999999968,2.095648577389966
517.5,0.5174999999999992,2.0981485773899777
518.0,0.5180000000000016,2.1006485773899897
518.5,0.5184999999999969,2.1038243330053064
519.0,0.5189999999999992,2.1063243330053183
519.5,0.5195000000000016,2.1088243330053302
520.0,0.5199999999999969,2.112049138216925
520.5,0.5204999999999993,2.114549138216937
521.0,0.5210000000000017,2.1170491382169487
521.5,0.521499999999997,2.1203254794929194
522.0,0.5219999999999994,2.1228254794929318
522.5,0.5225000000000017,2.1253254794929437
523.0,0.522999999999997,2.128651613229273
523.5,0.5234999999999994,2.131151613229285
524.0,0.5240000000000018,2.133651613229297
524.5,0.5244999999999971,2.137044360671148
525.0,0.5249999999999995,2.1395443606711595
525.5,0.5255000000000019,2.1420443606711714
526.0,0.5259999999999971,2.14548142393415
526.5,0.5264999999999995,2.147981423934162
527.0,0.5270000000000019,2.150481423934174
527.5,0.5274999999999972,2.15393675842364
528.0,0.5279999999999996,2.156436758423652
528.5,0.528500000000002,2.158936758423664
529.0,0.5289999999999973,2.1614367584236405
529.5,0.5294999999999996,2.164906560857496
530.0,0.530000000000002,2.167406560857508
530.5,0.5304999999999973,2.169906560857484
531.0,0.5309999999999997,2.173375756495481
531.5,0.5315000000000021,2.1758757564954934
532.0,0.5319999999999974,2.1783757564954698
532.5,0.5324999999999998,2.1818036251275075
533.0,0.5330000000000021,2.1843036251275194
533.5,0.5334999999999974,2.186803625127496
534.0,0.5339999999999998,2.19015924472469
534.5,0.5345000000000022,2.1926592447247018
535.0,0.5349999999999975,2.195159244724678
535.5,0.5354999999999999,2.1984217934174666
536.0,0.5360000000000023,2.2009217934174785
536.5,0.5364999999999975,2.203421793417455
537.0,0.5369999999999999,2.2065529412650875
537.5,0.5375000000000023,2.2090529412650994
538.0,0.5379999999999976,2.211552941265076
538.5,0.5385,2.2145232132552906
539.0,0.5390000000000024,2.2170232132553025
539.5,0.5394999999999976,2.219523213255279
540.0,0.54,2.2223154609951834
540.5,0.5405000000000024,2.224815460995196
541.0,0.5409999999999977,2.227315460995172
541.5,0.5415000000000001,2.229900074346673
542.0,0.5420000000000025,2.2324000743466854
542.5,0.5424999999999978,2.234900074346662
543.0,0.5430000000000001,2.2372491859743704
543.5,0.5435000000000025,2.2397491859743823
544.0,0.5439999999999978,2.2422491859743587
544.5,0.5445000000000002,2.244373737744496
545.0,0.5450000000000026,2.246873737744508
545.5,0.5454999999999979,2.2493737377444845
546.0,0.5460000000000003,2.2512652067594985
546.5,0.5465000000000027,2.2537652067595104
547.0,0.5469999999999979,2.256265206759487
547.5,0.5475000000000003,2.257940633204996
548.0,0.5480000000000027,2.2604406332050075
548.5,0.548499999999998,2.262940633204984
549.0,0.5490000000000004,2.264441827194119
549.5,0.5495000000000028,2.266941827194131
550.0,0.549999999999998,2.2694418271941075
550.5,0.5505000000000004,2.2707832197692213
551.0,0.5510000000000028,2.273283219769233
551.5,0.5514999999999981,2.2757832197692096
552.0,0.5520000000000005,2.276981519932768
552.5,0.5525000000000029,2.27948151993278
553.0,0.5529999999999982,2.2819815199327564
553.5,0.5535000000000005,2.283067448038487
554.0,0.5540000000000029,2.285567448038499
554.5,0.5544999999999982,2.2880674480384755
555.0,0.5550000000000006,2.2890658145698595
555.5,0.555500000000003,2.2915658145698714
556.0,0.5559999999999983,2.294065814569848
556.5,0.5565000000000007,2.295006587209798
557.0,0.557000000000003,2.29750658720981
557.5,0.5574999999999983,2.3000065872097863
558.0,0.5580000000000007,2.300912269855395
558.5,0.5585000000000031,2.303412269855407
559.0,0.5589999999999984,2.305912269855384
559.5,0.5595000000000008,2.306797934783269
560.0,0.5600000000000032,2.309297934783281
560.5,0.5604999999999984,2.3117979347832573
561.0,0.5610000000000008,2.312673488504018
561.5,0.5615000000000032,2.31517348850403
562.0,0.5619999999999985,2.3176734885040062
562.5,0.5625000000000009,2.318550857291477
563.0,0.5630000000000033,2.321050857291489
563.5,0.5634999999999986,2.3235508572914654
564.0,0.564000000000001,2.324440352758721
564.5,0.5645000000000033,2.326940352758733
565.0,0.5649999999999986,2.3294403527587093
565.5,0.565500000000001,2.3303768241031264
566.0,0.5660000000000034,2.3328768241031383
566.5,0.5664999999999987,2.3353768241031148
567.0,0.5670000000000011,2.336360415380696
567.5,0.5675000000000034,2.338860415380708
568.0,0.5679999999999987,2.3413604153806844
568.5,0.5685000000000011,2.342394838761308
569.0,0.5690000000000035,2.34489483876132
569.5,0.5694999999999988,2.3473948387612964
570.0,0.5700000000000012,2.348468150563398
570.5,0.5704999999999965,2.350968150563375
571.0,0.5709999999999988,2.353468150563387
571.5,0.5715000000000012,2.354574112599934
572.0,0.5719999999999965,2.3570741125999106
572.5,0.5724999999999989,2.3595741125999226
573.0,0.5730000000000013,2.3607085917095105
573.5,0.5734999999999966,2.363208591709487
574.0,0.573999999999999,2.365708591709499
574.5,0.5745000000000013,2.3668846752912387
575.0,0.5749999999999966,2.369384675291215
575.5,0.575499999999999,2.371884675291227
576.0,0.5760000000000014,2.3731187149394373
576.5,0.5764999999999967,2.3756187149394137
577.0,0.5769999999999991,2.3781187149394256
577.5,0.5775000000000015,2.379401160686214
578.0,0.5779999999999967,2.3819011606861906
578.5,0.5784999999999991,2.3844011606862026
579.0,0.5790000000000015,2.385745257876799
579.5,0.5794999999999968,2.3882452578767754
580.0,0.5799999999999992,2.390745257876788
580.5,0.5805000000000016,2.3921482731336496
581.0,0.5809999999999969,2.394648273133626
581.5,0.5814999999999992,2.397148273133638
582.0,0.5820000000000016,2.398628585140763
582.5,0.5824999999999969,2.40112858514074
583.0,0.5829999999999993,2.4036285851407517
583.5,0.5835000000000017,2.4052074544108137
584.0,0.583999999999997,2.40770745441079
584.5,0.5844999999999994,2.410207454410802
585.0,0.5850000000000017,2.4118869138893477
585.5,0.585499999999997,2.414386913889324
586.0,0.5859999999999994,2.416886913889336
586.5,0.5865000000000018,2.418670367444591
587.0,0.5869999999999971,2.4211703674445677
587.5,0.5874999999999995,2.423670367444579
588.0,0.5880000000000019,2.425593095405602
588.5,0.5884999999999971,2.428093095405579
589.0,0.5889999999999995,2.430593095405591
589.5,0.5895000000000019,2.432684411127326
590.0,0.5899999999999972,2.4351844111273024
590.5,0.5904999999999996,2.4376844111273144
591.0,0.591000000000002,2.4399534818881463
591.5,0.5914999999999973,2.4424534818881227
592.0,0.5919999999999996,2.4449534818881347
592.5,0.592500000000002,2.447395907376908
593.0,0.5929999999999973,2.4498959073768845
593.5,0.5934999999999997,2.4523959073768964
594.0,0.5940000000000021,2.4549826784831907
594.5,0.5944999999999974,2.457482678483167
595.0,0.5949999999999998,2.459982678483179
595.5,0.5955000000000021,2.462664854898371
596.0,0.5959999999999974,2.465164854898348
596.5,0.5964999999999998,2.4676648548983597
597.0,0.5970000000000022,2.470407779541226
597.5,0.5974999999999975,2.4729077795412024
598.0,0.5979999999999999,2.4754077795412144
598.5,0.5985000000000023,2.4781856933959645
599.0,0.5989999999999975,2.480685693395941
599.5,0.5994999999999999,2.483185693395953
600.0,0.6000000000000023,2.485974953523531
600.5,0.6004999999999976,2.488474953523508
601.0,0.601,2.4909749535235197
601.5,0.6015000000000024,2.493778393080852
602.0,0.6019999999999976,2.496278393080829
602.5,0.6025,2.4987783930808405
603.0,0.6030000000000024,2.5016281801488915
603.5,0.6034999999999977,2.504128180148868
604.0,0.6040000000000001,2.50662818014888
604.5,0.6045000000000025,2.509128180148892
605.0,0.6049999999999978,2.512029543375789
605.5,0.6055000000000001,2.514529543375801
606.0,0.6060000000000025,2.5170295433758128
606.5,0.6064999999999978,2.519959934913807
607.0,0.6070000000000002,2.522459934913819
607.5,0.6075000000000026,2.5249599349138308
608.0,0.6079999999999979,2.527895409000571
608.5,0.6085000000000003,2.530395409000583
609.0,0.6090000000000027,2.532895409000595
609.5,0.6094999999999979,2.5358057285069435
610.0,0.6100000000000003,2.5383057285069555
610.5,0.6105000000000027,2.5408057285069674
611.0,0.610999999999998,2.543667156732141
611.5,0.6115000000000004,2.546167156732153
612.0,0.6120000000000028,2.548667156732165
612.5,0.612499999999998,2.551454881184476
613.0,0.6130000000000004,2.553954881184488
613.5,0.6135000000000028,2.5564548811845
614.0,0.6139999999999981,2.559163247945904
614.5,0.6145000000000005,2.561663247945916
615.0,0.6150000000000029,2.5641632479459275
615.5,0.6154999999999982,2.566792924544288
616.0,0.6160000000000005,2.5692929245443
616.5,0.6165000000000029,2.571792924544312
617.0,0.6169999999999982,2.574323858260499
617.5,0.6175000000000006,2.5768238582605107
618.0,0.618000000000003,2.5793238582605227
618.5,0.6184999999999983,2.581753639674212
619.0,0.6190000000000007,2.5842536396742237
619.5,0.619500000000003,2.586753639674235
620.0,0.6199999999999983,2.5890882488063127
620.5,0.6205000000000007,2.5915882488063247
621.0,0.6210000000000031,2.5940882488063366
621.5,0.6214999999999984,2.596356075756674
622.0,0.6220000000000008,2.598856075756686
622.5,0.6225000000000032,2.601356075756698
623.0,0.6229999999999984,2.603552398443547
623.5,0.6235000000000008,2.606052398443559
624.0,0.6240000000000032,2.608552398443571
624.5,0.6244999999999985,2.6106898886402874
625.0,0.6250000000000009,2.6131898886402998
625.5,0.6255000000000033,2.6156898886403117
626.0,0.6259999999999986,2.617787702740664
626.5,0.626500000000001,2.620287702740676
627.0,0.6270000000000033,2.622787702740688
627.5,0.6274999999999986,2.6248574046214657
628.0,0.628000000000001,2.6273574046214776
628.5,0.6285000000000034,2.629857404621489
629.0,0.6289999999999987,2.631905151904377
629.5,0.6295000000000011,2.6344051519043887
630.0,0.6300000000000034,2.6369051519044007
630.5,0.6304999999999987,2.638938397705779
631.0,0.6310000000000011,2.641438397705791
631.5,0.6315000000000035,2.643938397705803
632.0,0.6319999999999988,2.6459524643357213
632.5,0.6325000000000012,2.648452464335733
633.0,0.6329999999999965,2.6509524643357096
633.5,0.6334999999999988,2.6529365105738023
634.0,0.6340000000000012,2.6554365105738142
634.5,0.6344999999999965,2.6579365105737907
635.0,0.6349999999999989,2.6598559024309054
635.5,0.6355000000000013,2.6623559024309174
636.0,0.6359999999999966,2.6648559024308938
636.5,0.636499999999999,2.6667049432749934
637.0,0.6370000000000013,2.6692049432750053
637.5,0.6374999999999966,2.6717049432749818
638.0,0.637999999999999,2.6734922069472944
638.5,0.6385000000000014,2.6759922069473063
639.0,0.6389999999999967,2.6784922069472827
639.5,0.6394999999999991,2.680224281142678
640.0,0.6400000000000015,2.68272428114269
640.5,0.6404999999999967,2.6852242811426663
641.0,0.6409999999999991,2.686894156964428
641.5,0.6415000000000015,2.68939415696444
642.0,0.6419999999999968,2.691894156964416
642.5,0.6424999999999992,2.693473409387721
643.0,0.6430000000000016,2.695973409387733
643.5,0.6434999999999969,2.6984734093877094
644.0,0.6439999999999992,2.699960088151272
644.5,0.6445000000000016,2.702460088151284
645.0,0.6449999999999969,2.7049600881512603
645.5,0.6454999999999993,2.7063481044067927
646.0,0.6460000000000017,2.7088481044068047
646.5,0.646499999999997,2.711348104406781
647.0,0.6469999999999994,2.712625260934232
647.5,0.6475000000000017,2.715125260934244
648.0,0.647999999999997,2.71762526093422
648.5,0.6484999999999994,2.7187601978365805
649.0,0.6490000000000018,2.7212601978365925
649.5,0.6494999999999971,2.723760197836569
650.0,0.6499999999999995,2.724761023526412
650.5,0.6505000000000019,2.727261023526424
651.0,0.6509999999999971,2.7297610235264003
651.5,0.6514999999999995,2.73064999493478
652.0,0.6520000000000019,2.7331499949347915
652.5,0.6524999999999972,2.735649994934768
653.0,0.6529999999999996,2.7364503458398914
653.5,0.653500000000002,2.738950345839904
654.0,0.6539999999999973,2.74145034583988
654.5,0.6544999999999996,2.742190486657101
655.0,0.655000000000002,2.744690486657113
655.5,0.6554999999999973,2.747190486657089
656.0,0.6559999999999997,2.747927325018225
656.5,0.6565000000000021,2.7504273250182365
657.0,0.6569999999999974,2.752927325018213
657.5,0.6574999999999998,2.7537029815966108
658.0,0.6580000000000021,2.7562029815966227
658.5,0.6584999999999974,2.758702981596599
659.0,0.6589999999999998,2.7595474989574957
659.5,0.6595000000000022,2.7620474989575072
660.0,0.6599999999999975,2.764547498957484
660.5,0.6604999999999999,2.765509720769863
661.0,0.6610000000000023,2.768009720769875
661.5,0.6614999999999975,2.7705097207698515
662.0,0.6619999999999999,2.771607288435014
662.5,0.6625000000000023,2.774107288435026
663.0,0.6629999999999976,2.7766072884350024
663.5,0.6635,2.777859731327297
664.0,0.6640000000000024,2.7803597313273087
664.5,0.6644999999999976,2.782859731327285
665.0,0.665,2.7842558414147334
665.5,0.6655000000000024,2.7867558414147453
666.0,0.6659999999999977,2.7892558414147217
666.5,0.6665000000000001,2.7907954961517234
667.0,0.6670000000000025,2.793295496151736
667.5,0.6674999999999978,2.795795496151712
668.0,0.6680000000000001,2.797470817936798
668.5,0.6685000000000025,2.79997081793681
669.0,0.6689999999999978,2.8024708179367863
669.5,0.6695000000000002,2.804274675049072
670.0,0.6700000000000026,2.806774675049084
670.5,0.6704999999999979,2.8092746750490605
671.0,0.6710000000000003,2.8111764478013512
671.5,0.6715000000000027,2.813676447801363
672.0,0.6719999999999979,2.81617644780134
672.5,0.6725000000000003,2.818135896099463
673.0,0.6730000000000027,2.820635896099475
673.5,0.673499999999998,2.8231358960994517
674.0,0.6740000000000004,2.8251216997799133
674.5,0.6745000000000028,2.8276216997799253
675.0,0.674999999999998,2.8301216997799017
675.5,0.6755000000000004,2.832095977642801
676.0,0.6760000000000028,2.834595977642813
676.5,0.6764999999999981,2.837095977642789
677.0,0.6770000000000005,2.839020683731448
677.5,0.6775000000000029,2.84152068373146
678.0,0.6779999999999982,2.8440206837314363
678.5,0.6785000000000005,2.845882205966958
679.0,0.6790000000000029,2.8483822059669706
679.5,0.6794999999999982,2.850882205966947
680.0,0.6800000000000006,2.853382205966959
680.5,0.680500000000003,2.8551565789767253
681.0,0.6809999999999983,2.8576565789767017
681.5,0.6815000000000007,2.8601565789767136
682.0,0.682000000000003,2.861846689151868
682.5,0.6824999999999983,2.8643466891518443
683.0,0.6830000000000007,2.8668466891518563
683.5,0.6835000000000031,2.86848496181193
684.0,0.6839999999999984,2.8709849618119065
684.5,0.6845000000000008,2.8734849618119185
685.0,0.6850000000000032,2.87510188815098
685.5,0.6854999999999984,2.877601888150956
686.0,0.6860000000000008,2.880101888150968
686.5,0.6865000000000032,2.8817302974071524
687.0,0.6869999999999985,2.8842302974071288
687.5,0.6875000000000009,2.8867302974071407
688.0,0.6880000000000033,2.888399229999692
688.5,0.6884999999999986,2.8908992299996683
689.0,0.689000000000001,2.89339922999968
689.5,0.6895000000000033,2.8951506034834296
690.0,0.6899999999999986,2.897650603483406
690.5,0.690500000000001,2.900150603483418
691.0,0.6910000000000034,2.9020122409977134
691.5,0.6914999999999987,2.90451224099769
692.0,0.6920000000000011,2.9070122409977017
692.5,0.6925000000000034,2.908986500724602
693.0,0.6929999999999987,2.9114865007245783
693.5,0.6935000000000011,2.91398650072459
694.0,0.6940000000000035,2.916081800672856
694.5,0.6944999999999988,2.918581800672833
695.0,0.6950000000000012,2.9210818006728445
695.5,0.6954999999999965,2.9232974341643114
696.0,0.6959999999999988,2.925797434164324
696.5,0.6965000000000012,2.9282974341643357
697.0,0.6969999999999965,2.9306337929732607
697.5,0.6974999999999989,2.9331337929732726
698.0,0.6980000000000013,2.9356337929732845
698.5,0.6984999999999966,2.9380765926654107
699.0,0.698999999999999,2.9405765926654226
699.5,0.6995000000000013,2.9430765926654345
700.0,0.6999999999999966,2.9455929015568216
700.5,0.700499999999999,2.9480929015568336
701.0,0.7010000000000014,2.950592901556845
701.5,0.7014999999999967,2.9531230795652874
702.0,0.7019999999999991,2.9556230795653
702.5,0.7025000000000015,2.9581230795653117
703.0,0.7029999999999967,2.960635789294699
703.5,0.7034999999999991,2.9631357892947108
704.0,0.7040000000000015,2.9656357892947227
704.5,0.7044999999999968,2.968091624833562
705.0,0.7049999999999992,2.970591624833574
705.5,0.7055000000000016,2.973091624833586
706.0,0.7059999999999969,2.9754468665446865
706.5,0.7064999999999992,2.9779468665446984
707.0,0.7070000000000016,2.9804468665447104
707.5,0.7074999999999969,2.9826907441457
708.0,0.7079999999999993,2.9851907441457115
708.5,0.7085000000000017,2.9876907441457234
709.0,0.708999999999997,2.989804779342471
709.5,0.7094999999999994,2.992304779342483
710.0,0.7100000000000017,2.994804779342495
710.5,0.710499999999997,2.996755994741669
711.0,0.7109999999999994,2.999255994741681
711.5,0.7115000000000018,3.0017559947416927
712.0,0.7119999999999971,3.0035260201436387
712.5,0.7124999999999995,3.0060260201436506
713.0,0.7130000000000019,3.0085260201436625
713.5,0.7134999999999971,3.0101023459457465
714.0,0.7139999999999995,3.0126023459457585
714.5,0.7145000000000019,3.0151023459457704
715.0,0.7149999999999972,3.016476171223843
715.5,0.7154999999999996,3.018976171223855
716.0,0.716000000000002,3.021476171223867
716.5,0.7164999999999973,3.022660883823818
717.0,0.7169999999999996,3.0251608838238297
717.5,0.717500000000002,3.0276608838238417
718.0,0.7179999999999973,3.028671690053777
718.5,0.7184999999999997,3.031171690053789
719.0,0.7190000000000021,3.0336716900538008
719.5,0.7194999999999974,3.034558167674888
720.0,0.7199999999999998,3.0370581676749
720.5,0.7205000000000021,3.039558167674912
721.0,0.7209999999999974,3.040370973934472
721.5,0.7214999999999998,3.042870973934484
722.0,0.7220000000000022,3.045370973934496
722.5,0.7224999999999975,3.04614358663418
723.0,0.7229999999999999,3.048643586634192
723.5,0.7235000000000023,3.051143586634204
724.0,0.7239999999999975,3.0519027864367843
724.5,0.7244999999999999,3.054402786436796
725.0,0.7250000000000023,3.056902786436808
725.5,0.7254999999999976,3.0576858572541
726.0,0.726,3.060185857254112
726.5,0.7265000000000024,3.062685857254124
727.0,0.7269999999999976,3.063528979908874
727.5,0.7275,3.066028979908886
728.0,0.7280000000000024,3.0685289799088977
728.5,0.7284999999999977,3.0694344116357186
729.0,0.7290000000000001,3.0719344116357306
729.5,0.7295000000000025,3.0744344116357425
730.0,0.7299999999999978,3.075380729173851
730.5,0.7305000000000001,3.077880729173863
731.0,0.7310000000000025,3.080380729173875
731.5,0.7314999999999978,3.0813604235281744
732.0,0.7320000000000002,3.0838604235281863
732.5,0.7325000000000026,3.0863604235281983
733.0,0.7329999999999979,3.0873741070574567
733.5,0.7335000000000003,3.0898741070574687
734.0,0.7340000000000027,3.0923741070574806
734.5,0.7344999999999979,3.0934494787274147
735.0,0.7350000000000003,3.0959494787274267
735.5,0.7355000000000027,3.0984494787274386
736.0,0.735999999999998,3.099587222504105
736.5,0.7365000000000004,3.1020872225041174
737.0,0.7370000000000028,3.1045872225041293
737.5,0.737499999999998,3.105778716645524
738.0,0.7380000000000004,3.108278716645536
738.5,0.7385000000000028,3.110778716645548
739.0,0.7389999999999981,3.112014291514491
739.5,0.7395000000000005,3.114514291514503
740.0,0.7400000000000029,3.117014291514515
740.5,0.7404999999999982,3.1182785241015765
741.0,0.7410000000000005,3.1207785241015884
741.5,0.7415000000000029,3.1232785241016003
742.0,0.7419999999999982,3.124555959417279
742.5,0.7425000000000006,3.127055959417291
743.0,0.743000000000003,3.129555959417303
743.5,0.7434999999999983,3.130834109931726
744.0,0.7440000000000007,3.133334109931738
744.5,0.744500000000003,3.13583410993175
745.0,0.7449999999999983,3.137100677339824
745.5,0.7455000000000007,3.1396006773398355
746.0,0.7460000000000031,3.1421006773398474
746.5,0.7464999999999984,3.1433319260181847
747.0,0.7470000000000008,3.1458319260181966
747.5,0.7475000000000032,3.1483319260182085
748.0,0.7479999999999984,3.1495260029198846
748.5,0.7485000000000008,3.1520260029198965
749.0,0.7490000000000032,3.1545260029199085
749.5,0.7494999999999985,3.1557107926419903
750.0,0.7500000000000009,3.158210792642002
750.5,0.7505000000000033,3.160710792642014
751.0,0.7509999999999986,3.161927699342648
751.5,0.751500000000001,3.16442769934266
752.0,0.7520000000000033,3.166927699342672
752.5,0.7524999999999986,3.1682247129031893
753.0,0.753000000000001,3.170724712903201
753.5,0.7535000000000034,3.173224712903213
754.0,0.7539999999999987,3.174630196588204
754.5,0.7545000000000011,3.177130196588216
755.0,0.7550000000000034,3.179630196588228
755.5,0.7554999999999987,3.1821301965882043
756.0,0.7560000000000011,3.183685245072674
756.5,0.7565000000000035,3.1861852450726857
757.0,0.7569999999999988,3.188685245072662
757.5,0.7575000000000012,3.190395002301756
758.0,0.7579999999999965,3.192895002301732
758.5,0.7584999999999988,3.195395002301744
759.0,0.7590000000000012,3.19726587684702
759.5,0.7594999999999965,3.199765876846996
760.0,0.7599999999999989,3.202265876847008
760.5,0.7605000000000013,3.2043028318760136
761.0,0.7609999999999966,3.20680283187599
761.5,0.761499999999999,3.209302831876002
762.0,0.7620000000000013,3.211500881143685
762.5,0.7624999999999966,3.2140008811436616
763.0,0.762999999999999,3.216500881143673
763.5,0.7635000000000014,3.2188391165702868
764.0,0.7639999999999967,3.221339116570263
764.5,0.7644999999999991,3.223839116570275
765.0,0.7650000000000015,3.226317358150048
765.5,0.7654999999999967,3.228817358150025
766.0,0.7659999999999991,3.2313173581500365
766.5,0.7665000000000015,3.2339146672343237
767.0,0.7669999999999968,3.2364146672343
767.5,0.7674999999999992,3.238914667234312
768.0,0.7680000000000016,3.2416052224438374
768.5,0.7684999999999969,3.244105222443814
769.0,0.7689999999999992,3.2466052224438258
769.5,0.7695000000000016,3.2493620342976115
770.0,0.7699999999999969,3.251862034297588
770.5,0.7704999999999993,3.2543620342976
771.0,0.7710000000000017,3.2571349316830123
771.5,0.771499999999997,3.2596349316829887
772.0,0.7719999999999994,3.2621349316830006
772.5,0.7725000000000017,3.2648680545758424
773.0,0.772999999999997,3.267368054575819
773.5,0.7734999999999994,3.2698680545758307
774.0,0.7740000000000018,3.2725064464751696
774.5,0.7744999999999971,3.275006446475146
775.0,0.7749999999999995,3.277506446475158
775.5,0.7755000000000019,3.2799977904257105
776.0,0.7759999999999971,3.282497790425687
776.5,0.7764999999999995,3.284997790425699
777.0,0.7770000000000019,3.2873135997981606
777.5,0.7774999999999972,3.289813599798137
778.0,0.7779999999999996,3.292313599798149
778.5,0.778500000000002,3.2944290622982564
779.0,0.7789999999999973,3.296929062298233
779.5,0.7794999999999996,3.2994290622982447
780.0,0.780000000000002,3.3013432807342014
780.5,0.7804999999999973,3.3038432807341778
781.0,0.7809999999999997,3.3063432807341897
781.5,0.7815000000000021,3.308068649312545
782.0,0.7819999999999974,3.310568649312522
782.5,0.7824999999999998,3.313068649312534
783.0,0.7830000000000021,3.3146105045894103
783.5,0.7834999999999974,3.3171105045893867
784.0,0.7839999999999998,3.3196105045893987
784.5,0.7845000000000022,3.321007431929104
785.0,0.7849999999999975,3.3235074319290803
785.5,0.7854999999999999,3.326007431929092
786.0,0.7860000000000023,3.3272971367561865
786.5,0.7864999999999975,3.329797136756163
787.0,0.7869999999999999,3.332297136756175
787.5,0.7875000000000023,3.3335324358067453
788.0,0.7879999999999976,3.3360324358067217
788.5,0.7885,3.3385324358067336
789.0,0.7890000000000024,3.339763824399107
789.5,0.7894999999999976,3.342263824399083
790.0,0.79,3.344763824399095
790.5,0.7905000000000024,3.346038553922241
791.0,0.7909999999999977,3.348538553922218
791.5,0.7915000000000001,3.35103855392223
792.0,0.7920000000000025,3.3524059715784205
792.5,0.7924999999999978,3.354905971578397
793.0,0.7930000000000001,3.357405971578409
793.5,0.7935000000000025,3.358888488651246
794.0,0.7939999999999978,3.3613884886512224
794.5,0.7945000000000002,3.3638884886512344
795.0,0.7950000000000026,3.365505909109494
795.5,0.7954999999999979,3.3680059091094705
796.0,0.7960000000000003,3.3705059091094824
796.5,0.7965000000000027,3.372265276223416
797.0,0.7969999999999979,3.3747652762233926
797.5,0.7975000000000003,3.377265276223405
798.0,0.7980000000000027,3.379140098606861
798.5,0.798499999999998,3.3816400986068373
799.0,0.7990000000000004,3.3841400986068493
799.5,0.7995000000000028,3.386104133997172
800.0,0.799999999999998,3.3886041339971484
800.5,0.8005000000000004,3.3911041339971604
801.0,0.8010000000000028,3.393118773079493
801.5,0.8014999999999981,3.3956187730794696
802.0,0.8020000000000005,3.398118773079481
802.5,0.8025000000000029,3.400154660322805
803.0,0.8029999999999982,3.4026546603227814
803.5,0.8035000000000005,3.4051546603227933
804.0,0.8040000000000029,3.4071774367050622
804.5,0.8044999999999982,3.409677436705038
805.0,0.8050000000000006,3.4121774367050506
805.5,0.805500000000003,3.414157564247269
806.0,0.8059999999999983,3.416657564247245
806.5,0.8065000000000007,3.419157564247257
807.0,0.807000000000003,3.421027516330639
807.5,0.8074999999999983,3.423527516330616
808.0,0.8080000000000007,3.4260275163306275
808.5,0.8085000000000031,3.427751066145497
809.0,0.8089999999999984,3.4302510661454733
809.5,0.8095000000000008,3.432751066145485
810.0,0.8100000000000032,3.4342788893253484
810.5,0.8104999999999984,3.436778889325325
811.0,0.8110000000000008,3.4392788893253368
811.5,0.8115000000000032,3.4405705358488348
812.0,0.8119999999999985,3.443070535848811
812.5,0.8125000000000009,3.445570535848823
813.0,0.8130000000000033,3.44661022075595
813.5,0.8134999999999986,3.4491102207559265
814.0,0.814000000000001,3.4516102207559385
814.5,0.8145000000000033,3.4524027495167786
815.0,0.8149999999999986,3.454902749516755
815.5,0.815500000000001,3.457402749516767
816.0,0.8160000000000034,3.4579829695472952
816.5,0.8164999999999987,3.460482969547272
817.0,0.8170000000000011,3.462982969547284
817.5,0.8175000000000034,3.4634124374652586
818.0,0.8179999999999987,3.465912437465235
818.5,0.8185000000000011,3.468412437465247
819.0,0.8190000000000035,3.46876920967194
819.5,0.8194999999999988,3.4712692096719167
820.0,0.8200000000000012,3.4737692096719286
820.5,0.8204999999999965,3.4741429178452066
821.0,0.8209999999999988,3.4766429178452185
821.5,0.8215000000000012,3.4791429178452304
822.0,0.8219999999999965,3.479592452971012
822.5,0.8224999999999989,3.482092452971024
823.0,0.8230000000000013,3.484592452971036
823.5,0.8234999999999966,3.485178925826524
824.0,0.823999999999999,3.487678925826536
824.5,0.8245000000000013,3.490178925826548
825.0,0.8249999999999966,3.4909451203096964
825.5,0.825499999999999,3.4934451203097083
826.0,0.8260000000000014,3.4959451203097203
826.5,0.8264999999999967,3.4969361494815843
827.0,0.8269999999999991,3.499436149481596
827.5,0.8275000000000015,3.501936149481608
828.0,0.8279999999999967,3.503193344314113
828.5,0.8284999999999991,3.5056933443141247
829.0,0.8290000000000015,3.5081933443141367
829.5,0.8294999999999968,3.509728694270784
830.0,0.8299999999999992,3.512228694270796
830.5,0.8305000000000016,3.514728694270808
831.0,0.8309999999999969,3.517228694270784
831.5,0.8314999999999992,3.519039615384578
832.0,0.8320000000000016,3.52153961538459
832.5,0.8324999999999969,3.5240396153845666
833.0,0.8329999999999993,3.526118943763628
833.5,0.8335000000000017,3.5286189437636395
834.0,0.833999999999997,3.531118943763616
834.5,0.8344999999999994,3.5334490821706765
835.0,0.8350000000000017,3.5359490821706885
835.5,0.835499999999997,3.538449082170665
836.0,0.8359999999999994,3.540971688542278
836.5,0.8365000000000018,3.54347168854229
837.0,0.8369999999999971,3.5459716885422665
837.5,0.8374999999999995,3.548611191814928
838.0,0.8380000000000019,3.55111119181494
838.5,0.8384999999999971,3.553611191814916
839.0,0.8389999999999995,3.556306062536194
839.5,0.8395000000000019,3.558806062536206
840.0,0.8399999999999972,3.5613060625361825
840.5,0.8404999999999996,3.564006176941632
841.0,0.841000000000002,3.566506176941644
841.5,0.8414999999999973,3.5690061769416204
842.0,0.8419999999999996,3.5716743101992066
842.5,0.842500000000002,3.5741743101992185
843.0,0.8429999999999973,3.576674310199195
843.5,0.8434999999999997,3.579291458520757
844.0,0.8440000000000021,3.581791458520769
844.5,0.8444999999999974,3.5842914585207453
845.0,0.8449999999999998,3.586839332533387
845.5,0.8455000000000021,3.589339332533399
846.0,0.8459999999999974,3.5918393325333757
846.5,0.8464999999999998,3.5943054550488185
847.0,0.8470000000000022,3.5968054550488304
847.5,0.8474999999999975,3.599305455048807
848.0,0.8479999999999999,3.601674815552336
848.5,0.8485000000000023,3.604174815552348
849.0,0.8489999999999975,3.606674815552324
849.5,0.8494999999999999,3.6089470515740274
850.0,0.8500000000000023,3.6114470515740393
850.5,0.8504999999999976,3.613947051574016
851.0,0.851,3.6161426530085095
851.5,0.8515000000000024,3.6186426530085214
852.0,0.8519999999999976,3.621142653008498
852.5,0.8525,3.623282101686023
853.0,0.8530000000000024,3.6257821016860343
853.5,0.8534999999999977,3.628282101686011
854.0,0.8540000000000001,3.630391527444772
854.5,0.8545000000000025,3.632891527444784
855.0,0.8549999999999978,3.63539152744476
855.5,0.8555000000000001,3.63752761568481
856.0,0.8560000000000025,3.640027615684822
856.5,0.8564999999999978,3.642527615684799
857.0,0.8570000000000002,3.644734591588872
857.5,0.8575000000000026,3.647234591588884
858.0,0.8579999999999979,3.64973459158886
858.5,0.8585000000000003,3.652020832450802
859.0,0.8590000000000027,3.654520832450814
859.5,0.8594999999999979,3.6570208324507902
860.0,0.8600000000000003,3.659416242920521
860.5,0.8605000000000027,3.661916242920533
861.0,0.860999999999998,3.6644162429205096
861.5,0.8615000000000004,3.666927285634181
862.0,0.8620000000000028,3.669427285634193
862.5,0.862499999999998,3.671927285634169
863.0,0.8630000000000004,3.674545628783008
863.5,0.8635000000000028,3.67704562878302
864.0,0.8639999999999981,3.679545628782997
864.5,0.8645000000000005,3.682259114512263
865.0,0.8650000000000029,3.684759114512275
865.5,0.8654999999999982,3.6872591145122513
866.0,0.8660000000000005,3.690068702243536
866.5,0.8665000000000029,3.692568702243548
867.0,0.8669999999999982,3.6950687022435247
867.5,0.8675000000000006,3.697987884729805
868.0,0.868000000000003,3.700487884729817
868.5,0.8684999999999983,3.7029878847297937
869.0,0.8690000000000007,3.7059880959919056
869.5,0.869500000000003,3.7084880959919175
870.0,0.8699999999999983,3.710988095991894
870.5,0.8705000000000007,3.7140387348017967
871.0,0.8710000000000031,3.7165387348018086
871.5,0.8714999999999984,3.719038734801785
872.0,0.8720000000000008,3.7221126130106086
872.5,0.8725000000000032,3.724612613010621
873.0,0.8729999999999984,3.727112613010597
873.5,0.8735000000000008,3.730169179722793
874.0,0.8740000000000032,3.732669179722805
874.5,0.8744999999999985,3.7351691797227815
875.0,0.8750000000000009,3.738151301296533
875.5,0.8755000000000033,3.7406513012965448
876.0,0.8759999999999986,3.743151301296521
876.5,0.876500000000001,3.7460051838447583
877.0,0.8770000000000033,3.7485051838447694
877.5,0.8774999999999986,3.7510051838447462
878.0,0.878000000000001,3.753694734524622
878.5,0.8785000000000034,3.756194734524634
879.0,0.8789999999999987,3.75869473452461
879.5,0.8795000000000011,3.7612011568545967
880.0,0.8800000000000034,3.7637011568546086
880.5,0.8804999999999987,3.766201156854585
881.0,0.8810000000000011,3.768504423153409
881.5,0.8815000000000035,3.771004423153421
882.0,0.8819999999999988,3.7735044231533976
882.5,0.8825000000000012,3.775609840299055
883.0,0.8829999999999965,3.778109840299031
883.5,0.8834999999999988,3.780609840299043
884.0,0.8840000000000012,3.782538035323917
884.5,0.8844999999999965,3.785038035323893
885.0,0.8849999999999989,3.787538035323905
885.5,0.8855000000000013,3.789312569992589
886.0,0.8859999999999966,3.791812569992565
886.5,0.886499999999999,3.794312569992577
887.0,0.8870000000000013,3.795958812886511
887.5,0.8874999999999966,3.798458812886487
888.0,0.887999999999999,3.800958812886499
888.5,0.8885000000000014,3.802523337480857
889.0,0.8889999999999967,3.805023337480833
889.5,0.8894999999999991,3.807523337480845
890.0,0.8900000000000015,3.8090314112511336
890.5,0.8904999999999967,3.81153141125111
891.0,0.8909999999999991,3.814031411251122
891.5,0.8915000000000015,3.815527340078688
892.0,0.8919999999999968,3.8180273400786646
892.5,0.8924999999999992,3.820527340078677
893.0,0.8930000000000016,3.822049358533839
893.5,0.8934999999999969,3.8245493585338153
894.0,0.8939999999999992,3.827049358533827
894.5,0.8945000000000016,3.828621727468224
895.0,0.8949999999999969,3.831121727468201
895.5,0.8954999999999993,3.8336217274682127
896.0,0.8960000000000017,3.835277282322558
896.5,0.896499999999997,3.8377772823225342
897.0,0.8969999999999994,3.840277282322546
897.5,0.8975000000000017,3.842043793075796
898.0,0.897999999999997,3.844543793075772
898.5,0.8984999999999994,3.847043793075784
899.0,0.8990000000000018,3.848929006816668
899.5,0.8994999999999971,3.851429006816645
900.0,0.8999999999999995,3.853929006816657
900.5,0.9005000000000019,3.855929634071451
901.0,0.9009999999999971,3.858429634071428
901.5,0.9014999999999995,3.86092963407144
902.0,0.9020000000000019,3.863034411617648
902.5,0.9024999999999972,3.865534411617624
903.0,0.9029999999999996,3.868034411617636
903.5,0.903500000000002,3.870224799538633
904.0,0.9039999999999973,3.87272479953861
904.5,0.9044999999999996,3.875224799538621
905.0,0.905000000000002,3.8774797862761545
905.5,0.9054999999999973,3.879979786276131
906.0,0.9059999999999997,3.882479786276143
906.5,0.9065000000000021,3.884979786276155
907.0,0.9069999999999974,3.887245838595312
907.5,0.9074999999999998,3.889745838595324
908.0,0.9080000000000021,3.892245838595336
908.5,0.9084999999999974,3.89448010027607
909.0,0.9089999999999998,3.8969801002760818
909.5,0.9095000000000022,3.8994801002760937
910.0,0.9099999999999975,3.901640395738859
910.5,0.9104999999999999,3.904140395738871
911.0,0.9110000000000023,3.906640395738883
911.5,0.9114999999999975,3.908688594820262
912.0,0.9119999999999999,3.911188594820274
912.5,0.9125000000000023,3.913688594820286
913.0,0.9129999999999976,3.915574698545754
913.5,0.9135,3.918074698545766
914.0,0.9140000000000024,3.920574698545778
914.5,0.9144999999999976,3.9222830128492343
915.0,0.915,3.924783012849247
915.5,0.9155000000000024,3.927283012849258
916.0,0.9159999999999977,3.9288121241594354
916.5,0.9165000000000001,3.9313121241594473
917.0,0.9170000000000025,3.9338121241594592
917.5,0.9174999999999978,3.9351913820020457
918.0,0.9180000000000001,3.9376913820020576
918.5,0.9185000000000025,3.9401913820020695
919.0,0.9189999999999978,3.9414563205679087
919.5,0.9195000000000002,3.9439563205679207
920.0,0.9200000000000026,3.9464563205679326
920.5,0.9204999999999979,3.947641371868436
921.0,0.9210000000000003,3.950141371868448
921.5,0.9215000000000027,3.952641371868459
922.0,0.9219999999999979,3.953805576394913
922.5,0.9225000000000003,3.956305576394925
923.0,0.9230000000000027,3.958805576394937
923.5,0.923499999999998,3.9599869568456114
924.0,0.9240000000000004,3.962486956845624
924.5,0.9245000000000028,3.9649869568456353
925.0,0.924999999999998,3.966248262746994
925.5,0.9255000000000004,3.968748262747006
926.0,0.9260000000000028,3.971248262747018
926.5,0.9264999999999981,3.972623124860881
927.0,0.9270000000000005,3.975123124860893
927.5,0.9275000000000029,3.977623124860905
928.0,0.9279999999999982,3.979114455705393
928.5,0.9285000000000005,3.981614455705405
929.0,0.9290000000000029,3.984114455705416
929.5,0.9294999999999982,3.98570872628234
930.0,0.9300000000000006,3.988208726282352
930.5,0.930500000000003,3.990708726282364
931.0,0.9309999999999983,3.992425111152791
931.5,0.9315000000000007,3.994925111152803
932.0,0.932000000000003,3.997425111152815
932.5,0.9324999999999983,3.999238975055377
933.0,0.9330000000000007,4.001738975055389
933.5,0.9335000000000031,4.004238975055401
934.0,0.9339999999999984,4.006132806849756
934.5,0.9345000000000008,4.008632806849768
935.0,0.9350000000000032,4.01113280684978
935.5,0.9354999999999984,4.013095426824478
936.0,0.9360000000000008,4.01559542682449
936.5,0.9365000000000032,4.018095426824502
937.0,0.9369999999999985,4.020101610924058
937.5,0.9375000000000009,4.02260161092407
938.0,0.9380000000000033,4.025101610924082
938.5,0.9384999999999986,4.027121787471444
939.0,0.939000000000001,4.029621787471456
939.5,0.9395000000000033,4.032121787471468
940.0,0.9399999999999986,4.034106477439856
940.5,0.940500000000001,4.036606477439868
941.0,0.9410000000000034,4.03910647743988
941.5,0.9414999999999987,4.041002736635058
942.0,0.9420000000000011,4.0435027366350695
942.5,0.9425000000000034,4.0460027366350815
943.0,0.9429999999999987,4.047773059554025
943.5,0.9435000000000011,4.050273059554037
944.0,0.9440000000000035,4.052773059554049
944.5,0.9444999999999988,4.054370958778826
945.0,0.9450000000000012,4.056870958778838
945.5,0.9454999999999965,4.059370958778814
946.0,0.9459999999999988,4.060789369963089
946.5,0.9465000000000012,4.063289369963101
947.0,0.9469999999999965,4.065789369963078
947.5,0.9474999999999989,4.0670368046962935
948.0,0.9480000000000013,4.069536804696305
948.5,0.9484999999999966,4.072036804696282
949.0,0.948999999999999,4.0731489078474326
949.5,0.9495000000000013,4.0756489078474445
950.0,0.9499999999999966,4.078148907847421
950.5,0.950499999999999,4.079176187404165
951.0,0.9510000000000014,4.081676187404177
951.5,0.9514999999999967,4.084176187404154
952.0,0.9519999999999991,4.085159011524233
952.5,0.9525000000000015,4.087659011524245
953.0,0.9529999999999967,4.0901590115242215
953.5,0.9534999999999991,4.0911326672995685
954.0,0.9540000000000015,4.09363266729958
954.5,0.9544999999999968,4.096132667299557
955.0,0.9549999999999992,4.097144720579848
955.5,0.9555000000000016,4.09964472057986
956.0,0.9559999999999969,4.102144720579837
956.5,0.9564999999999992,4.103201803697196
957.0,0.9570000000000016,4.105701803697208
957.5,0.9574999999999969,4.108201803697185
958.0,0.9579999999999993,4.109354778448981
958.5,0.9585000000000017,4.111854778448993
959.0,0.958999999999997,4.11435477844897
959.5,0.9594999999999994,4.115598082945482
960.0,0.9600000000000017,4.118098082945494
960.5,0.960499999999997,4.12059808294547
961.0,0.9609999999999994,4.121910027580604
961.5,0.9615000000000018,4.124410027580616
962.0,0.9619999999999971,4.1269100275805926
962.5,0.9624999999999995,4.128293655337281
963.0,0.9630000000000019,4.130793655337293
963.5,0.9634999999999971,4.133293655337269
964.0,0.9639999999999995,4.134733131749613
964.5,0.9645000000000019,4.137233131749625
965.0,0.9649999999999972,4.139733131749601
965.5,0.9654999999999996,4.141219272659704
966.0,0.966000000000002,4.143719272659716
966.5,0.9664999999999973,4.1462192726596925
967.0,0.9669999999999996,4.147736604196872
967.5,0.967500000000002,4.150236604196884
968.0,0.9679999999999973,4.1527366041968605
968.5,0.9684999999999997,4.154273573182756
969.0,0.9690000000000021,4.156773573182768
969.5,0.9694999999999974,4.159273573182745
970.0,0.9699999999999998,4.160803297816749
970.5,0.9705000000000021,4.163303297816761
971.0,0.9709999999999974,4.165803297816737
971.5,0.9714999999999998,4.167309358748561
972.0,0.9720000000000022,4.169809358748573
972.5,0.9724999999999975,4.172309358748549
973.0,0.9729999999999999,4.173775844137211
973.5,0.9735000000000023,4.176275844137223
974.0,0.9739999999999975,4.178775844137199
974.5,0.9744999999999999,4.180190397912398
975.0,0.9750000000000023,4.18269039791241
975.5,0.9754999999999976,4.185190397912386
976.0,0.976,4.186555581611913
976.5,0.9765000000000024,4.189055581611925
977.0,0.9769999999999976,4.191555581611901
977.5,0.9775,4.192880085337656
978.0,0.9780000000000024,4.195380085337668
978.5,0.9784999999999977,4.197880085337644
979.0,0.9790000000000001,4.199184157632558
979.5,0.9795000000000025,4.20168415763257
980.0,0.9799999999999978,4.204184157632547
980.5,0.9805000000000001,4.205478687191047
981.0,0.9810000000000025,4.2079786871910585
981.5,0.9814999999999978,4.210478687191035
982.0,0.9820000000000002,4.212978687191047
982.5,0.9825000000000026,4.214294950808366
983.0,0.9829999999999979,4.216794950808342
983.5,0.9835000000000003,4.219294950808354
984.0,0.9840000000000027,4.220659599427634
984.5,0.9844999999999979,4.2231595994276105
985.0,0.9850000000000003,4.225659599427623
985.5,0.9855000000000027,4.227098764207753
986.0,0.985999999999998,4.229598764207729
986.5,0.9865000000000004,4.232098764207741
987.0,0.9870000000000028,4.233660314626668
987.5,0.987499999999998,4.236160314626645
988.0,0.9880000000000004,4.238660314626657
988.5,0.9885000000000028,4.24037780907959
989.0,0.9889999999999981,4.242877809079566
989.5,0.9895000000000005,4.245377809079578
990.0,0.9900000000000029,4.247265234811941
990.5,0.9904999999999982,4.2497652348119175
991.0,0.9910000000000005,4.252265234811929
991.5,0.9915000000000029,4.254307035817462
992.0,0.9919999999999982,4.256807035817438
992.5,0.9925000000000006,4.25930703581745
993.0,0.993000000000003,4.261503878067963
993.5,0.9934999999999983,4.264003878067939
994.0,0.9940000000000007,4.266503878067951
994.5,0.994500000000003,4.268831973396026
995.0,0.9949999999999983,4.271331973396002
995.5,0.9955000000000007,4.273831973396014
996.0,0.9960000000000031,4.276249279020874
996.5,0.9964999999999984,4.27874927902085
997.0,0.9970000000000008,4.281249279020862
997.5,0.9975000000000032,4.283713397686846
998.0,0.9979999999999984,4.286213397686822
998.5,0.9985000000000008,4.288713397686834
999.0,0.9990000000000032,4.291192069674743
999.5,0.9994999999999985,4.293692069674719
1000.0,1.0000000000000009,4.296192069674731
1000.5,1.0005000000000033,4.298653977882623
1001.0,1.0009999999999986,4.301153977882599
1001.5,1.001500000000001,4.303653977882611
1002.0,1.0020000000000033,4.306076142066608
1002.5,1.0024999999999986,4.308576142066585
1003.0,1.003000000000001,4.311076142066597
1003.5,1.0035000000000034,4.313448522601355
1004.0,1.003999999999999,4.315948522601332
1004.5,1.0045000000000013,4.318448522601344
1005.0,1.0050000000000037,4.320736437972137
1005.5,1.0054999999999987,4.323236437972113
1006.0,1.0060000000000013,4.325736437972125
1006.5,1.0065000000000037,4.327932647095842
1007.0,1.0069999999999988,4.330432647095819
1007.5,1.0075000000000012,4.332932647095831
1008.0,1.0079999999999965,4.335023453908455
1008.5,1.0084999999999988,4.337523453908467
1009.0,1.0090000000000012,4.340023453908479
1009.5,1.0094999999999965,4.341998385507537
1010.0,1.009999999999999,4.344498385507549
1010.5,1.0105000000000013,4.346998385507561
1011.0,1.0109999999999966,4.348861765239107
1011.5,1.011499999999999,4.351361765239119
1012.0,1.0120000000000013,4.353861765239131
1012.5,1.0124999999999966,4.355616898020749
1013.0,1.012999999999999,4.358116898020761
1013.5,1.0135000000000014,4.360616898020773
1014.0,1.013999999999997,4.362284061362267
1014.5,1.0144999999999993,4.364784061362279
1015.0,1.0150000000000017,4.367284061362291
1015.5,1.0154999999999967,4.368864115654425
1016.0,1.0159999999999991,4.371364115654437
1016.5,1.0165000000000017,4.373864115654449
1017.0,1.0169999999999968,4.375393574513495
1017.5,1.0174999999999992,4.377893574513507
1018.0,1.0180000000000016,4.380393574513519
1018.5,1.0184999999999969,4.3819133673281385
1019.0,1.0189999999999992,4.384413367328151
1019.5,1.0195000000000016,4.386913367328162
1020.0,1.019999999999997,4.38844860781785
1020.5,1.0204999999999993,4.390948607817862
1021.0,1.0210000000000017,4.393448607817874
1021.5,1.021499999999997,4.395009863671326
1022.0,1.0219999999999994,4.397509863671338
1022.5,1.0225000000000017,4.40000986367135
1023.0,1.022999999999997,4.401600413256013
1023.5,1.0234999999999994,4.404100413256025
1024.0,1.0240000000000018,4.406600413256037
1024.5,1.0244999999999973,4.408233812124607
1025.0,1.0249999999999997,4.410733812124619
1025.5,1.025500000000002,4.413233812124631
1026.0,1.0259999999999971,4.414896463392815
1026.5,1.0264999999999995,4.417396463392826
1027.0,1.0270000000000021,4.419896463392838
1027.5,1.0274999999999972,4.421590119045682
1028.0,1.0279999999999996,4.424090119045694
1028.5,1.028500000000002,4.426590119045706
1029.0,1.0289999999999973,4.428328760508222
1029.5,1.0294999999999996,4.430828760508234
1030.0,1.030000000000002,4.433328760508246
1030.5,1.0304999999999973,4.4351150627682046
1031.0,1.0309999999999997,4.4376150627682165
1031.5,1.031500000000002,4.440115062768228
1032.0,1.0319999999999974,4.441965903407095
1032.5,1.0324999999999998,4.444465903407107
1033.0,1.0330000000000021,4.446965903407119
1033.5,1.0334999999999974,4.448883403810058
1034.0,1.0339999999999998,4.45138340381007
1034.5,1.0345000000000022,4.453883403810082
1035.0,1.0349999999999977,4.455867047082549
1035.5,1.0355,4.458367047082561
1036.0,1.0360000000000025,4.460867047082573
1036.5,1.0364999999999975,4.4628997949815385
1037.0,1.0370000000000001,4.465399794981551
1037.5,1.0375000000000025,4.467899794981562
1038.0,1.0379999999999976,4.46997553658143
1038.5,1.0385,4.472475536581442
1039.0,1.0390000000000024,4.474975536581454
1039.5,1.0394999999999976,4.477078674422472
1040.0,1.04,4.479578674422484
1040.5,1.0405000000000024,4.482078674422496
1041.0,1.0409999999999977,4.48420255878176
1041.5,1.0415,4.486702558781772
1042.0,1.0420000000000025,4.489202558781784
1042.5,1.0424999999999978,4.491320190997072
1043.0,1.0430000000000001,4.493820190997084
1043.5,1.0435000000000025,4.496320190997096
1044.0,1.0439999999999978,4.498427631804454
1044.5,1.0445000000000002,4.5009276318044655
1045.0,1.0450000000000026,4.5034276318044775
1045.5,1.045499999999998,4.505495857328015
1046.0,1.0460000000000005,4.5079958573280265
1046.5,1.0465000000000029,4.510495857328039
1047.0,1.046999999999998,4.512513379755845
1047.5,1.0475000000000005,4.515013379755857
1048.0,1.048000000000003,4.517513379755869
1048.5,1.048499999999998,4.5194844718004745
1049.0,1.0490000000000004,4.521984471800487
1049.5,1.0495000000000028,4.524484471800498
1050.0,1.049999999999998,4.526404341213244
1050.5,1.0505000000000004,4.528904341213256
1051.0,1.0510000000000028,4.531404341213268
1051.5,1.051499999999998,4.533257085791966
1052.0,1.0520000000000005,4.535757085791978
1052.5,1.0525000000000029,4.53825708579199
1053.0,1.0529999999999982,4.5400142204577065
1053.5,1.0535000000000005,4.542514220457719
1054.0,1.054000000000003,4.54501422045773
1054.5,1.0544999999999982,4.546692485251356
1055.0,1.0550000000000006,4.549192485251368
1055.5,1.055500000000003,4.55169248525138
1056.0,1.0559999999999985,4.553305842461484
1056.5,1.0565000000000009,4.555805842461496
1057.0,1.0570000000000033,4.558305842461508
1057.5,1.0574999999999983,4.560805842461484
1058.0,1.058000000000001,4.562381058155367
1058.5,1.0585000000000033,4.564881058155379
1059.0,1.0589999999999984,4.567381058155355
1059.5,1.0595000000000008,4.568917864570814
1060.0,1.0600000000000032,4.571417864570826
1060.5,1.0604999999999984,4.573917864570802
1061.0,1.0610000000000008,4.575411957415625
1061.5,1.0615000000000032,4.577911957415637
1062.0,1.0619999999999985,4.580411957415613
1062.5,1.0625000000000009,4.581856190678906
1063.0,1.0630000000000033,4.584356190678918
1063.5,1.0634999999999986,4.586856190678894
1064.0,1.064000000000001,4.588248334449361
1064.5,1.0645000000000033,4.590748334449373
1065.0,1.0649999999999986,4.593248334449349
1065.5,1.065500000000001,4.594582485093781
1066.0,1.0660000000000034,4.597082485093793
1066.5,1.066499999999999,4.599582485093769
1067.0,1.0670000000000013,4.6008590567969065
1067.5,1.0675000000000037,4.603359056796919
1068.0,1.0679999999999987,4.605859056796895
1068.5,1.0685000000000013,4.607082052698175
1069.0,1.0690000000000037,4.609582052698187
1069.5,1.0694999999999988,4.612082052698163
1070.0,1.0700000000000012,4.613251054429135
1070.5,1.0704999999999965,4.615751054429111
1071.0,1.0709999999999988,4.618251054429123
1071.5,1.0715000000000012,4.619360802002177
1072.0,1.0719999999999965,4.621860802002153
1072.5,1.072499999999999,4.624360802002165
1073.0,1.0730000000000013,4.625437886458492
1073.5,1.0734999999999966,4.627937886458469
1074.0,1.073999999999999,4.6304378864584805
1074.5,1.0745000000000013,4.631493209143862
1075.0,1.0749999999999966,4.633993209143839
1075.5,1.075499999999999,4.63649320914385
1076.0,1.0760000000000014,4.637532908932869
1076.5,1.076499999999997,4.640032908932845
1077.0,1.0769999999999993,4.642532908932857
1077.5,1.0775000000000017,4.64356713965131
1078.0,1.0779999999999967,4.646067139651287
1078.5,1.0784999999999991,4.648567139651298
1079.0,1.0790000000000017,4.64959423122945
1079.5,1.0794999999999968,4.652094231229427
1080.0,1.0799999999999992,4.654594231229439
1080.5,1.0805000000000016,4.655608077186173
1081.0,1.0809999999999969,4.658108077186149
1081.5,1.0814999999999992,4.660608077186161
1082.0,1.0820000000000016,4.661611806763588
1082.5,1.082499999999997,4.6641118067635645
1083.0,1.0829999999999993,4.6666118067635765
1083.5,1.0835000000000017,4.66760892752788
1084.0,1.083999999999997,4.670108927527856
1084.5,1.0844999999999994,4.672608927527868
1085.0,1.0850000000000017,4.673601911917373
1085.5,1.085499999999997,4.67610191191735
1086.0,1.0859999999999994,4.678601911917362
1086.5,1.0865000000000018,4.679570485907654
1087.0,1.0869999999999973,4.68207048590763
1087.5,1.0874999999999997,4.684570485907642
1088.0,1.088000000000002,4.685502902538303
1088.5,1.0884999999999971,4.68800290253828
1089.0,1.0889999999999995,4.690502902538292
1089.5,1.0895000000000021,4.691428749497533
1090.0,1.0899999999999972,4.693928749497509
1090.5,1.0904999999999996,4.696428749497521
1091.0,1.091000000000002,4.697368475508839
1091.5,1.0914999999999973,4.699868475508815
1092.0,1.0919999999999996,4.702368475508827
1092.5,1.092500000000002,4.703363770628286
1093.0,1.0929999999999973,4.705863770628262
1093.5,1.0934999999999997,4.708363770628274
1094.0,1.094000000000002,4.709440919617229
1094.5,1.0944999999999974,4.711940919617206
1095.0,1.0949999999999998,4.714440919617218
1095.5,1.0955000000000021,4.7155995621128
1096.0,1.0959999999999974,4.718099562112776
1096.5,1.0964999999999998,4.720599562112788
1097.0,1.0970000000000022,4.721858258075642
1097.5,1.0974999999999977,4.724358258075618
1098.0,1.098,4.72685825807563
1098.5,1.0985000000000025,4.728224617654142
1099.0,1.0989999999999975,4.7307246176541184
1099.5,1.0995000000000001,4.73322461765413
1100.0,1.1000000000000025,4.734694412836191
1100.5,1.1004999999999976,4.737194412836168
1101.0,1.101,4.73969441283618
1101.5,1.1015000000000024,4.741253836960659
1102.0,1.1019999999999976,4.743753836960636
1102.5,1.1025,4.746253836960648
1103.0,1.1030000000000024,4.747881973125949
1103.5,1.1034999999999975,4.750381973125926
1104.0,1.1039999999999999,4.7528819731259375
1104.5,1.1045000000000025,4.754565223600764
1105.0,1.1049999999999978,4.7570652236007405
1105.5,1.1055000000000001,4.759565223600752
1106.0,1.1060000000000025,4.761315515649436
1106.5,1.1064999999999978,4.763815515649412
1107.0,1.1070000000000002,4.766315515649424
1107.5,1.1075000000000026,4.7681321856366665
1108.0,1.1079999999999979,4.770632185636643
1108.5,1.1085000000000005,4.773132185636655
1109.0,1.1090000000000029,4.7750359701568
1109.5,1.109499999999998,4.777535970156777
1110.0,1.1100000000000003,4.7800359701567885
1110.5,1.1105000000000027,4.782036457051788
1111.0,1.110999999999998,4.784536457051765
1111.5,1.1115000000000004,4.7870364570517765
1112.0,1.1120000000000028,4.789110289888647
1112.5,1.112499999999998,4.791610289888624
1113.0,1.1130000000000004,4.794110289888636
1113.5,1.1135000000000028,4.796234064120988
1114.0,1.1139999999999979,4.798734064120964
1114.5,1.1145000000000003,4.801234064120976
1115.0,1.1150000000000029,4.803395126332113
1115.5,1.1154999999999982,4.805895126332089
1116.0,1.1160000000000005,4.808395126332101
1116.5,1.116500000000003,4.81055509475695
1117.0,1.1169999999999982,4.813055094756926
1117.5,1.1175000000000006,4.815555094756938
1118.0,1.118000000000003,4.817669192927632
1118.5,1.1184999999999983,4.820169192927608
1119.0,1.1190000000000009,4.82266919292762
1119.5,1.119500000000003,4.824722463880242
1120.0,1.1199999999999983,4.827222463880219
1120.5,1.1205000000000007,4.829722463880231
1121.0,1.121000000000003,4.83170173059456
1121.5,1.1214999999999984,4.834201730594536
1122.0,1.1220000000000008,4.836701730594548
1122.5,1.1225000000000032,4.838608703144409
1123.0,1.1229999999999984,4.841108703144386
1123.5,1.1235000000000008,4.8436087031443975
1124.0,1.1240000000000032,4.845470198134088
1124.5,1.1244999999999983,4.847970198134064
1125.0,1.1250000000000009,4.850470198134076
1125.5,1.1255000000000033,4.852304147980426
1126.0,1.1259999999999986,4.854804147980403
1126.5,1.126500000000001,4.857304147980415
1127.0,1.1270000000000033,4.859135875696623
1127.5,1.1274999999999986,4.861635875696599
1128.0,1.128000000000001,4.864135875696611
1128.5,1.1285000000000034,4.865963161444036
1129.0,1.1289999999999987,4.868463161444012
1129.5,1.129500000000001,4.870963161444024
1130.0,1.1299999999999963,4.87278552502044
1130.5,1.1304999999999987,4.875285525020452
1131.0,1.1310000000000011,4.877785525020464
1131.5,1.1315000000000035,4.879601955681636
1132.0,1.1319999999999988,4.8821019556816125
1132.5,1.1325000000000012,4.8846019556816245
1133.0,1.1329999999999965,4.887101955681601
1133.5,1.1334999999999988,4.888899249938135
1134.0,1.1340000000000012,4.8913992499381465
1134.5,1.1345000000000036,4.893899249938158
1135.0,1.134999999999999,4.895656200479017
1135.5,1.1355000000000013,4.898156200479029
1136.0,1.1359999999999966,4.9006562004790055
1136.5,1.136499999999999,4.902360891415221
1137.0,1.1370000000000013,4.9048608914152325
1137.5,1.1374999999999966,4.907360891415209
1138.0,1.137999999999999,4.909016063135283
1138.5,1.1385000000000014,4.911516063135295
1139.0,1.1389999999999967,4.914016063135271
1139.5,1.139499999999999,4.915610205919805
1140.0,1.1400000000000017,4.918110205919817
1140.5,1.1404999999999967,4.920610205919793
1141.0,1.1409999999999991,4.922114555223089
1141.5,1.1415000000000015,4.924614555223101
1142.0,1.1419999999999968,4.927114555223078
1142.5,1.1424999999999992,4.928519605177186
1143.0,1.1430000000000016,4.931019605177198
1143.5,1.1434999999999969,4.933519605177175
1144.0,1.1439999999999992,4.934815690523422
1144.5,1.1445000000000016,4.937315690523434
1145.0,1.144999999999997,4.93981569052341
1145.5,1.145499999999999,4.940993874182453
1146.0,1.1460000000000017,4.943493874182465
1146.5,1.146499999999997,4.945993874182442
1147.0,1.1469999999999994,4.94704473025994
1147.5,1.1475000000000017,4.949544730259952
1148.0,1.147999999999997,4.952044730259928
1148.5,1.1484999999999994,4.952968580398185
1149.0,1.1490000000000018,4.955468580398197
1149.5,1.149499999999997,4.957968580398173
1150.0,1.1499999999999997,4.958784140830552
1150.5,1.150500000000002,4.961284140830564
1151.0,1.1509999999999971,4.9637841408305405
1151.5,1.1514999999999995,4.964482915359021
1152.0,1.152000000000002,4.966982915359033
1152.5,1.1524999999999972,4.969482915359009
1153.0,1.1529999999999996,4.970058938078594
1153.5,1.153500000000002,4.972558938078606
1154.0,1.1539999999999973,4.975058938078583
1154.5,1.1544999999999996,4.97552073143865
1155.0,1.155000000000002,4.9780207314386615
1155.5,1.155499999999997,4.980520731438638
1156.0,1.1559999999999995,4.980858129695029
1156.5,1.156500000000002,4.983358129695041
1157.0,1.1569999999999974,4.985858129695018
1157.5,1.1574999999999998,4.986091039060874
1158.0,1.1580000000000021,4.988591039060886
1158.5,1.1584999999999974,4.991091039060862
1159.0,1.1589999999999998,4.991233624043261
1159.5,1.1595000000000022,4.993733624043273
1160.0,1.1599999999999975,4.996233624043249
1160.5,1.1605,4.9962948883881
1161.0,1.1610000000000025,4.998794888388112
1161.5,1.1614999999999975,5.001294888388088
1162.0,1.162,5.001308266851474
1162.5,1.1625000000000023,5.003808266851486
1163.0,1.1629999999999976,5.006308266851463
1163.5,1.1635,5.006304716783063
1164.0,1.1640000000000024,5.008804716783075
1164.5,1.1644999999999976,5.011304716783052
1165.0,1.165,5.011310261117927
1165.5,1.1655000000000024,5.013810261117939
1166.0,1.1659999999999975,5.016310261117916
1166.5,1.1664999999999999,5.016362862164421
1167.0,1.1670000000000025,5.018862862164433
1167.5,1.1674999999999978,5.021362862164409
1168.0,1.1680000000000001,5.021453050396865
1168.5,1.1685000000000025,5.023953050396877
1169.0,1.1689999999999978,5.026453050396853
1169.5,1.1695000000000002,5.02656924214417
1170.0,1.1700000000000026,5.029069242144182
1170.5,1.1704999999999979,5.031569242144158
1171.0,1.1710000000000005,5.031680214665073
1171.5,1.1715000000000029,5.034180214665085
1172.0,1.171999999999998,5.036680214665061
1172.5,1.1725000000000003,5.036788263791472
1173.0,1.1730000000000027,5.039288263791484
1173.5,1.173499999999998,5.04178826379146
1174.0,1.1740000000000004,5.041883402238305
1174.5,1.1745000000000028,5.044383402238317
1175.0,1.174999999999998,5.046883402238294
1175.5,1.1755000000000004,5.046970387284375
1176.0,1.1760000000000028,5.049470387284387
1176.5,1.1764999999999979,5.051970387284364
1177.0,1.1770000000000003,5.052075410534833
1177.5,1.1775000000000029,5.054575410534845
1178.0,1.1779999999999982,5.0570754105348215
1178.5,1.1785000000000005,5.057231365483759
1179.0,1.179000000000003,5.059731365483771
1179.5,1.1794999999999982,5.062231365483747
1180.0,1.1800000000000006,5.062459349728492
1180.5,1.180500000000003,5.064959349728504
1181.0,1.1809999999999983,5.06745934972848
1181.5,1.1815000000000009,5.067790883526087
1182.0,1.182000000000003,5.0702908835260985
1182.5,1.1824999999999983,5.072790883526075
1183.0,1.1830000000000007,5.073233023156973
1183.5,1.183500000000003,5.075733023156985
1184.0,1.1839999999999984,5.078233023156962
1184.5,1.1845000000000008,5.078765899261413
1185.0,1.1850000000000032,5.081265899261425
1185.5,1.1854999999999984,5.083765899261401
1186.0,1.1860000000000008,5.084360606149012
1186.5,1.1865000000000032,5.086860606149024
1187.0,1.1869999999999983,5.089360606149
1187.5,1.1875000000000009,5.089992653361577
1188.0,1.1880000000000033,5.092492653361589
1188.5,1.1884999999999986,5.094992653361565
1189.0,1.189000000000001,5.095673851152469
1189.5,1.1895000000000033,5.098173851152481
1190.0,1.1899999999999986,5.100673851152457
1190.5,1.190500000000001,5.1014032489259975
1191.0,1.1910000000000034,5.103903248926009
1191.5,1.1914999999999987,5.106403248925986
1192.0,1.192000000000001,5.107178572127502
1192.5,1.1924999999999963,5.1096785721274784
1193.0,1.1929999999999987,5.11217857212749
1193.5,1.1935000000000011,5.112998483485107
1194.0,1.1940000000000035,5.115498483485119
1194.5,1.1944999999999988,5.117998483485096
1195.0,1.1950000000000012,5.11886880782491
1195.5,1.1954999999999965,5.121368807824887
1196.0,1.1959999999999988,5.123868807824898
1196.5,1.1965000000000012,5.124782542979709
1197.0,1.1970000000000036,5.127282542979721
1197.5,1.197499999999999,5.129782542979697
1198.0,1.1980000000000013,5.130716543314406
1198.5,1.1984999999999966,5.133216543314383
1199.0,1.198999999999999,5.135716543314395
1199.5,1.1995000000000013,5.136651325632968
1200.0,1.1999999999999966,5.139151325632945
1200.5,1.200499999999999,5.141651325632957
1201.0,1.2010000000000014,5.1425842540048805
1201.5,1.2014999999999967,5.145084254004857
1202.0,1.201999999999999,5.147584254004869
1202.5,1.2025000000000017,5.14851191416458
1203.0,1.2029999999999967,5.151011914164556
1203.5,1.2034999999999991,5.153511914164568
1204.0,1.2040000000000015,5.15442991207518
1204.5,1.2044999999999968,5.156929912075157
1205.0,1.2049999999999992,5.1594299120751685
1205.5,1.2055000000000016,5.160344137410675
1206.0,1.2059999999999969,5.162844137410652
1206.5,1.2064999999999992,5.165344137410664
1207.0,1.2070000000000016,5.1662683636059015
1207.5,1.207499999999997,5.168768363605878
1208.0,1.207999999999999,5.17126836360589
1208.5,1.2085000000000017,5.173768363605902
1209.0,1.208999999999997,5.174714810453693
1209.5,1.2094999999999994,5.177214810453705
1210.0,1.2100000000000017,5.179714810453717
1210.5,1.210499999999997,5.180685705195991
1211.0,1.2109999999999994,5.183185705196003
1211.5,1.2115000000000018,5.185685705196015
1212.0,1.211999999999997,5.186691337495937
1212.5,1.2124999999999997,5.189191337495949
1213.0,1.213000000000002,5.191691337495961
1213.5,1.2134999999999971,5.192750654455089
1214.0,1.2139999999999995,5.195250654455101
1214.5,1.214500000000002,5.197750654455113
1215.0,1.2149999999999972,5.198895965084596
1215.5,1.2154999999999996,5.201395965084608
1216.0,1.216000000000002,5.20389596508462
1216.5,1.2164999999999973,5.205152910402937
1217.0,1.2169999999999996,5.207652910402949
1217.5,1.217500000000002,5.210152910402961
1218.0,1.217999999999997,5.211530312392654
1218.5,1.2184999999999995,5.214030312392666
1219.0,1.219000000000002,5.216530312392678
1219.5,1.2194999999999974,5.218044351565787
1220.0,1.2199999999999998,5.220544351565799
1220.5,1.2205000000000021,5.223044351565811
1221.0,1.2209999999999974,5.224708272615679
1221.5,1.2214999999999998,5.227208272615691
1222.0,1.2220000000000022,5.229708272615703
1222.5,1.2224999999999975,5.231506847287335
1223.0,1.223,5.234006847287347
1223.5,1.2235000000000025,5.236506847287359
1224.0,1.2239999999999975,5.238409535985333
1224.5,1.2245,5.240909535985345
1225.0,1.2250000000000023,5.243409535985357
1225.5,1.2254999999999976,5.2453744281896775
1226.0,1.226,5.247874428189689
1226.5,1.2265000000000024,5.250374428189701
1227.0,1.2269999999999976,5.252352104914948
1227.5,1.2275,5.25485210491496
1228.0,1.2280000000000024,5.257352104914972
1228.5,1.2284999999999975,5.259302372932382
1229.0,1.2289999999999999,5.261802372932394
1229.5,1.2295000000000025,5.264302372932406
1230.0,1.2299999999999978,5.266177340612472
1230.5,1.2305000000000001,5.268677340612484
1231.0,1.2310000000000025,5.271177340612496
1231.5,1.2314999999999978,5.2729382245658485
1232.0,1.2320000000000002,5.27543822456586
1232.5,1.2325000000000026,5.277938224565872
1233.0,1.2329999999999979,5.279557396908956
1233.5,1.2335000000000005,5.282057396908968
1234.0,1.2340000000000029,5.28455739690898
1234.5,1.234499999999998,5.285989614243682
1235.0,1.2350000000000003,5.288489614243694
1235.5,1.2355000000000027,5.290989614243706
1236.0,1.235999999999998,5.292208168311774
1236.5,1.2365000000000004,5.294708168311786
1237.0,1.2370000000000028,5.297208168311798
1237.5,1.237499999999998,5.298207854993855
1238.0,1.2380000000000004,5.300707854993867
1238.5,1.2385000000000028,5.303207854993879
1239.0,1.2389999999999979,5.303981545230947
1239.5,1.2395000000000003,5.306481545230959
1240.0,1.2400000000000029,5.308981545230971
1240.5,1.2404999999999982,5.309557625380563
1241.0,1.2410000000000005,5.312057625380575
1241.5,1.241500000000003,5.314557625380587
1242.0,1.2419999999999982,5.314963614412704
1242.5,1.2425000000000006,5.317463614412716
1243.0,1.243000000000003,5.319963614412728
1243.5,1.2434999999999983,5.320217500426452
1244.0,1.2440000000000009,5.322717500426464
1244.5,1.244500000000003,5.325217500426476
1245.0,1.2449999999999983,5.325371540589714
1245.5,1.2455000000000007,5.327871540589726
1246.0,1.246000000000003,5.330371540589738
1246.5,1.2464999999999984,5.330481826545537
1247.0,1.2470000000000008,5.332981826545549
1247.5,1.2475000000000032,5.335481826545561
1248.0,1.2479999999999984,5.335605050427645
1248.5,1.2485000000000008,5.338105050427657
1249.0,1.2490000000000032,5.340605050427669
1249.5,1.2494999999999983,5.340770211537631
1250.0,1.2500000000000009,5.343270211537643
1250.5,1.2505000000000033,5.345770211537655
1251.0,1.2509999999999986,5.345986106949354
1251.5,1.251500000000001,5.348486106949366
1252.0,1.2520000000000033,5.350986106949378
1252.5,1.2524999999999986,5.351256855906854
1253.0,1.253000000000001,5.353756855906866
1253.5,1.2535000000000034,5.356256855906878
1254.0,1.2539999999999987,5.356578821392546
1254.5,1.254500000000001,5.359078821392558
1255.0,1.2549999999999963,5.361578821392534
1255.5,1.2554999999999987,5.361956881035503
1256.0,1.2560000000000011,5.364456881035515
1256.5,1.2565000000000035,5.366956881035527
1257.0,1.2569999999999988,5.367381131257538
1257.5,1.2575000000000012,5.36988113125755
1258.0,1.2579999999999965,5.372381131257527
1258.5,1.2584999999999988,5.372830076222712
1259.0,1.2590000000000012,5.375330076222724
1259.5,1.2595000000000036,5.377830076222736
1260.0,1.259999999999999,5.37828577796013
1260.5,1.2605000000000013,5.380785777960142
1261.0,1.2609999999999966,5.383285777960118
1261.5,1.261499999999999,5.383744309156384
1262.0,1.2620000000000013,5.386244309156396
1262.5,1.2624999999999966,5.3887443091563725
1263.0,1.262999999999999,5.389198390533352
1263.5,1.2635000000000014,5.391698390533364
1264.0,1.2639999999999967,5.39419839053334
1264.5,1.264499999999999,5.39462673815617
1265.0,1.2650000000000017,5.397126738156182
1265.5,1.2654999999999967,5.399626738156158
1266.0,1.2659999999999991,5.400007024560729
1266.5,1.2665000000000015,5.402507024560741
1267.0,1.2669999999999968,5.405007024560717
1267.5,1.2674999999999992,5.405332838352734
1268.0,1.2680000000000016,5.407832838352746
1268.5,1.2684999999999969,5.410332838352723
1269.0,1.2689999999999992,5.410580342703142
1269.5,1.2695000000000016,5.413080342703154
1270.0,1.269999999999997,5.41558034270313
1270.5,1.270499999999999,5.415749898826192
1271.0,1.2710000000000017,5.418249898826204
1271.5,1.271499999999997,5.42074989882618
1272.0,1.2719999999999994,5.420868546724407
1272.5,1.2725000000000017,5.423368546724419
1273.0,1.272999999999997,5.425868546724395
1273.5,1.2734999999999994,5.425972208474974
1274.0,1.2740000000000018,5.428472208474986
1274.5,1.274499999999997,5.430972208474962
1275.0,1.2749999999999997,5.431101631340169
1275.5,1.275500000000002,5.433601631340181
1276.0,1.2759999999999971,5.436101631340158
1276.5,1.2764999999999995,5.4362860078109065
1277.0,1.277000000000002,5.438786007810919
1277.5,1.2774999999999972,5.441286007810895
1278.0,1.2779999999999996,5.441545095439437
1278.5,1.278500000000002,5.444045095439449
1279.0,1.2789999999999973,5.446545095439426
1279.5,1.2794999999999996,5.446881950367128
1280.0,1.280000000000002,5.44938195036714
1280.5,1.280499999999997,5.451881950367117
1281.0,1.2809999999999995,5.452285375760226
1281.5,1.281500000000002,5.454785375760238
1282.0,1.2819999999999974,5.457285375760215
1282.5,1.2824999999999998,5.457756607213291
1283.0,1.2830000000000021,5.460256607213303
1283.5,1.2834999999999974,5.462756607213279
1284.0,1.2839999999999998,5.465256607213291
1284.5,1.2845000000000022,5.465791819234767
1285.0,1.2849999999999975,5.468291819234743
1285.5,1.2855,5.470791819234755
1286.0,1.2860000000000025,5.471353411920248
1286.5,1.2864999999999975,5.473853411920224
1287.0,1.287,5.476353411920236
1287.5,1.2875000000000023,5.476933015007681
1288.0,1.2879999999999976,5.479433015007658
1288.5,1.2885,5.4819330150076695
1289.0,1.2890000000000024,5.482537760229285
1289.5,1.2894999999999976,5.485037760229261
1290.0,1.29,5.487537760229273
1290.5,1.2905000000000024,5.488159162546999
1291.0,1.2909999999999975,5.490659162546976
1291.5,1.2914999999999999,5.493159162546988
1292.0,1.2920000000000025,5.493796272408318
1292.5,1.2924999999999978,5.496296272408294
1293.0,1.2930000000000001,5.498796272408306
1293.5,1.2935000000000025,5.499457776394507
1294.0,1.2939999999999978,5.501957776394484
1294.5,1.2945000000000002,5.504457776394496
1295.0,1.2950000000000026,5.505146812293198
1295.5,1.2954999999999979,5.507646812293174
1296.0,1.2960000000000005,5.510146812293186
1296.5,1.2965000000000029,5.510871995948108
1297.0,1.296999999999998,5.513371995948084
1297.5,1.2975000000000003,5.515871995948096
1298.0,1.2980000000000027,5.516623538262806
1298.5,1.298499999999998,5.519123538262782
1299.0,1.2990000000000004,5.521623538262794
1299.5,1.2995000000000028,5.522392344699227
1300.0,1.299999999999998,5.524892344699204
1300.5,1.3005000000000004,5.527392344699216
1301.0,1.3010000000000028,5.528178332915132
1301.5,1.3014999999999979,5.530678332915109
1302.0,1.3020000000000003,5.533178332915121
1302.5,1.3025000000000029,5.53400693433364
1303.0,1.3029999999999982,5.536506934333616
1303.5,1.3035000000000005,5.539006934333628
1304.0,1.304000000000003,5.539870344617377
1304.5,1.3044999999999982,5.542370344617353
1305.0,1.3050000000000006,5.544870344617365
1305.5,1.305500000000003,5.545733211776529
1306.0,1.3059999999999983,5.548233211776505
1306.5,1.3065000000000009,5.550733211776517
1307.0,1.307000000000003,5.5515713573858605
1307.5,1.3074999999999983,5.554071357385837
1308.0,1.3080000000000007,5.556571357385849
1308.5,1.308500000000003,5.557371332848611
1309.0,1.3089999999999984,5.559871332848587
1309.5,1.3095000000000008,5.562371332848599
1310.0,1.3100000000000032,5.563118631499116
1310.5,1.3104999999999984,5.565618631499092
1311.0,1.3110000000000008,5.568118631499104
1311.5,1.3115000000000032,5.568813845922342
1312.0,1.3119999999999983,5.571313845922319
1312.5,1.3125000000000009,5.573813845922331
1313.0,1.3130000000000033,5.574447410308849
1313.5,1.3134999999999986,5.576947410308826
1314.0,1.314000000000001,5.579447410308838
1314.5,1.3145000000000033,5.580035599043995
1315.0,1.3149999999999986,5.582535599043972
1315.5,1.315500000000001,5.585035599043984
1316.0,1.3160000000000034,5.585583085010839
1316.5,1.3164999999999987,5.588083085010815
1317.0,1.317000000000001,5.590583085010827
1317.5,1.3174999999999963,5.59110121547203
1318.0,1.3179999999999987,5.593601215472042
1318.5,1.3185000000000011,5.5961012154720535
1319.0,1.3190000000000035,5.596615932305582
1319.5,1.3194999999999988,5.599115932305558
1320.0,1.3200000000000012,5.60161593230557
1320.5,1.3204999999999965,5.602138412999729
1321.0,1.3209999999999988,5.604638412999741
1321.5,1.3215000000000012,5.607138412999753
1322.0,1.3220000000000036,5.607683814978266
1322.5,1.322499999999999,5.610183814978242
1323.0,1.3230000000000013,5.612683814978254
1323.5,1.3234999999999966,5.613283677384224
1324.0,1.323999999999999,5.615783677384236
1324.5,1.3245000000000013,5.618283677384248
1325.0,1.3249999999999966,5.61895179583189
1325.5,1.325499999999999,5.621451795831902
1326.0,1.3260000000000014,5.623951795831914
1326.5,1.3264999999999967,5.624691880793833
1327.0,1.326999999999999,5.627191880793845
1327.5,1.3275000000000017,5.629691880793857
1328.0,1.3279999999999967,5.630482714592091
1328.5,1.3284999999999991,5.632982714592103
1329.0,1.3290000000000015,5.635482714592115
1329.5,1.3294999999999968,5.636319378192951
1330.0,1.3299999999999992,5.638819378192963
1330.5,1.3305000000000016,5.641319378192975
1331.0,1.3309999999999969,5.642193144947605
1331.5,1.3314999999999992,5.644693144947617
1332.0,1.3320000000000016,5.647193144947629
1332.5,1.332499999999997,5.648069563183142
1333.0,1.332999999999999,5.650569563183154
1333.5,1.3335000000000017,5.653069563183166
1334.0,1.333999999999997,5.653909926225111
1334.5,1.3344999999999994,5.656409926225123
1335.0,1.3350000000000017,5.658909926225135
1335.5,1.335499999999997,5.65969194877308
1336.0,1.3359999999999994,5.662191948773092
1336.5,1.3365000000000018,5.664691948773104
1337.0,1.336999999999997,5.6653907365292255
1337.5,1.3374999999999997,5.6678907365292375
1338.0,1.338000000000002,5.670390736529249
1338.5,1.3384999999999971,5.671013208592193
1339.0,1.3389999999999995,5.673513208592205
1339.5,1.339500000000002,5.676013208592217
1340.0,1.3399999999999972,5.676541683752348
1340.5,1.3404999999999996,5.679041683752359
1341.0,1.341000000000002,5.681541683752371
1341.5,1.3414999999999973,5.681971441129363
1342.0,1.3419999999999996,5.684471441129375
1342.5,1.342500000000002,5.686971441129387
1343.0,1.342999999999997,5.687302353817358
1343.5,1.3434999999999995,5.68980235381737
1344.0,1.344000000000002,5.692302353817382
1344.5,1.3444999999999974,5.692561765757134
1345.0,1.3449999999999998,5.695061765757146
1345.5,1.3455000000000021,5.697561765757158
1346.0,1.3459999999999974,5.697769036574165
1346.5,1.3464999999999998,5.700269036574177
1347.0,1.3470000000000022,5.702769036574189
1347.5,1.3474999999999975,5.702937554692795
1348.0,1.348,5.705437554692807
1348.5,1.3485000000000025,5.707937554692819
1349.0,1.3489999999999975,5.70809431964129
1349.5,1.3495,5.710594319641302
1350.0,1.3500000000000023,5.713094319641314
1350.5,1.3504999999999976,5.713269359872726
1351.0,1.351,5.715769359872738
1351.5,1.3515000000000024,5.71826935987275
1352.0,1.3519999999999976,5.718500596686376
1352.5,1.3525,5.721000596686388
1353.0,1.3530000000000024,5.723500596686399
1353.5,1.3534999999999975,5.72379936899825
1354.0,1.3539999999999999,5.726299368998262
1354.5,1.3545000000000025,5.728799368998274
1355.0,1.3549999999999978,5.729196803173444
1355.5,1.3555000000000001,5.731696803173456
1356.0,1.3560000000000025,5.734196803173468
1356.5,1.3564999999999978,5.734708385204534
1357.0,1.3570000000000002,5.737208385204546
1357.5,1.3575000000000026,5.739708385204558
1358.0,1.3579999999999979,5.740331864355923
1358.5,1.3585000000000005,5.742831864355935
1359.0,1.3590000000000029,5.745331864355947
1359.5,1.359499999999998,5.747831864355923
1360.0,1.3600000000000003,5.748562346249351
1360.5,1.3605000000000027,5.751062346249363
1361.0,1.360999999999998,5.753562346249339
1361.5,1.3615000000000004,5.754387061560955
1362.0,1.3620000000000028,5.756887061560967
1362.5,1.362499999999998,5.759387061560943
1363.0,1.3630000000000004,5.760304396135076
1363.5,1.3635000000000028,5.762804396135088
1364.0,1.3639999999999979,5.765304396135065
1364.5,1.3645000000000003,5.7662972653404765
1365.0,1.3650000000000029,5.768797265340488
1365.5,1.3654999999999982,5.771297265340465
1366.0,1.3660000000000005,5.772368677326192
1366.5,1.366500000000003,5.774868677326204
1367.0,1.3669999999999982,5.77736867732618
1367.5,1.3675000000000006,5.778520766830368
1368.0,1.368000000000003,5.78102076683038
1368.5,1.3684999999999983,5.783520766830357
1369.0,1.3690000000000009,5.784714759351672
1369.5,1.369500000000003,5.787214759351684
1370.0,1.3699999999999983,5.789714759351661
1370.5,1.3705000000000007,5.790939649429987
1371.0,1.371000000000003,5.793439649429999
1371.5,1.3714999999999984,5.795939649429975
1372.0,1.3720000000000008,5.797177744775013
1372.5,1.3725000000000032,5.799677744775025
1373.0,1.3729999999999984,5.802177744775001
1373.5,1.3735000000000008,5.803413716933044
1374.0,1.3740000000000032,5.805913716933056
1374.5,1.3744999999999983,5.808413716933032
1375.0,1.3750000000000009,5.809645654382614
1375.5,1.3755000000000033,5.8121456543826255
1376.0,1.3759999999999986,5.814645654382602
1376.5,1.376500000000001,5.815869639458704
1377.0,1.3770000000000033,5.818369639458716
1377.5,1.3774999999999986,5.820869639458692
1378.0,1.378000000000001,5.822068508673333
1378.5,1.3785000000000034,5.8245685086733445
1379.0,1.3789999999999987,5.827068508673321
1379.5,1.379500000000001,5.828225223528918
1380.0,1.3800000000000037,5.83072522352893
1380.5,1.3804999999999987,5.833225223528906
1381.0,1.3810000000000011,5.834347737436545
1381.5,1.3815000000000035,5.836847737436557
1382.0,1.3819999999999988,5.839347737436533
1382.5,1.3825000000000012,5.840446646649546
1383.0,1.3829999999999965,5.842946646649523
1383.5,1.3834999999999988,5.845446646649535
1384.0,1.3840000000000012,5.846508865072408
1384.5,1.3845000000000036,5.84900886507242
1385.0,1.384999999999999,5.851508865072397
1385.5,1.3855000000000013,5.852512555688207
1386.0,1.3859999999999966,5.855012555688184
1386.5,1.386499999999999,5.857512555688196
1387.0,1.3870000000000013,5.858459584957778
1387.5,1.3874999999999966,5.8609595849577545
1388.0,1.387999999999999,5.863459584957766
1388.5,1.3885000000000014,5.864350683786945
1389.0,1.3889999999999967,5.866850683786922
1389.5,1.389499999999999,5.869350683786934
1390.0,1.3900000000000017,5.870229517913472
1390.5,1.3904999999999967,5.872729517913449
1391.0,1.3909999999999991,5.875229517913461
1391.5,1.3915000000000015,5.876120709503283
1392.0,1.3919999999999968,5.878620709503259
1392.5,1.3924999999999992,5.881120709503271
1393.0,1.3930000000000016,5.882054707645672
1393.5,1.3934999999999969,5.884554707645648
1394.0,1.3939999999999992,5.88705470764566
1394.5,1.3945000000000016,5.888089491970767
1395.0,1.394999999999997,5.890589491970744
1395.5,1.395499999999999,5.893089491970756
1396.0,1.3960000000000017,5.894243496834761
1396.5,1.396499999999997,5.896743496834738
1397.0,1.3969999999999994,5.89924349683475
1397.5,1.3975000000000017,5.9005310259111
1398.0,1.397999999999997,5.903031025911076
1398.5,1.3984999999999994,5.905531025911088
1399.0,1.3990000000000018,5.9069282590443
1399.5,1.399499999999997,5.909428259044276
1400.0,1.3999999999999997,5.911928259044288
1400.5,1.400500000000002,5.913405628555175
1401.0,1.4009999999999971,5.915905628555152
1401.5,1.4014999999999995,5.918405628555163
1402.0,1.402000000000002,5.919930441982899
1402.5,1.4024999999999972,5.922430441982876
1403.0,1.4029999999999996,5.924930441982887
1403.5,1.403500000000002,5.92646567914862
1404.0,1.4039999999999973,5.928965679148597
1404.5,1.4044999999999996,5.931465679148609
1405.0,1.405000000000002,5.9329766879267964
1405.5,1.405499999999997,5.935476687926773
1406.0,1.4059999999999995,5.937976687926785
1406.5,1.406500000000002,5.939427185860069
1407.0,1.4069999999999974,5.941927185860045
1407.5,1.4074999999999998,5.944427185860057
1408.0,1.4080000000000021,5.945771756531748
1408.5,1.4084999999999974,5.9482717565317245
1409.0,1.4089999999999998,5.950771756531736
1409.5,1.4095000000000022,5.95196509061001
1410.0,1.4099999999999975,5.954465090609986
1410.5,1.4105,5.956965090609998
1411.0,1.4110000000000025,5.957949318858304
1411.5,1.4114999999999975,5.960449318858281
1412.0,1.412,5.962949318858293
1412.5,1.4125000000000023,5.963689515055783
1413.0,1.4129999999999976,5.96618951505576
1413.5,1.4135,5.968689515055772
1414.0,1.4140000000000024,5.969180108547576
1414.5,1.4144999999999976,5.971680108547552
1415.0,1.415,5.974180108547564
1415.5,1.4155000000000024,5.974401568090819
1416.0,1.4159999999999975,5.976901568090796
1416.5,1.4164999999999999,5.979401568090808
1417.0,1.4170000000000025,5.979388796819229
1417.5,1.4174999999999978,5.981888796819206
1418.0,1.4180000000000001,5.984388796819218
1418.5,1.4185000000000025,5.984177064867176
1419.0,1.4189999999999978,5.986677064867152
1419.5,1.4195000000000002,5.989177064867164
1420.0,1.4200000000000026,5.988817465784244
1420.5,1.4204999999999979,5.9913174657842205
1421.0,1.4210000000000005,5.9938174657842325
1421.5,1.4215000000000029,5.993384614927741
1422.0,1.421999999999998,5.995884614927718
1422.5,1.4225000000000003,5.99838461492773
1423.0,1.4230000000000027,5.997940852620367
1423.5,1.423499999999998,6.000440852620343
1424.0,1.4240000000000004,6.002940852620355
1424.5,1.4245000000000028,6.002543839426586
1425.0,1.424999999999998,6.005043839426563
1425.5,1.4255000000000004,6.007543839426575
1426.0,1.4260000000000028,6.00726333336187
1426.5,1.4264999999999979,6.009763333361846
1427.0,1.4270000000000003,6.012263333361858
1427.5,1.4275000000000029,6.0121403503685045
1428.0,1.4279999999999982,6.014640350368481
1428.5,1.4285000000000005,6.017140350368493
1429.0,1.429000000000003,6.017198685424177
1429.5,1.4294999999999982,6.019698685424153
1430.0,1.4300000000000006,6.022198685424165
1430.5,1.430500000000003,6.022451615849853
1431.0,1.4309999999999983,6.0249516158498295
1431.5,1.4315000000000009,6.0274516158498415
1432.0,1.432000000000003,6.027887867156814
1432.5,1.4324999999999983,6.03038786715679
1433.0,1.4330000000000007,6.032887867156802
1433.5,1.433500000000003,6.0334933210053165
1434.0,1.4339999999999984,6.035993321005293
1434.5,1.4345000000000008,6.038493321005305
1435.0,1.4350000000000032,6.040993321005317
1435.5,1.4354999999999984,6.041744381241827
1436.0,1.4360000000000008,6.044244381241839
1436.5,1.4365000000000032,6.046744381241851
1437.0,1.4369999999999983,6.047612177638904
1437.5,1.4375000000000009,6.050112177638916
1438.0,1.4380000000000033,6.052612177638928
1438.5,1.4384999999999986,6.053531907565812
1439.0,1.439000000000001,6.056031907565824
1439.5,1.4395000000000033,6.058531907565836
1440.0,1.4399999999999986,6.059413370001003
1440.5,1.440500000000001,6.061913370001015
1441.0,1.4410000000000034,6.064413370001027
1441.5,1.4414999999999987,6.065174838004808
1442.0,1.442000000000001,6.06767483800482
1442.5,1.4425000000000037,6.070174838004832
1443.0,1.4429999999999987,6.070757686650588
1443.5,1.4435000000000011,6.073257686650599
1444.0,1.4440000000000035,6.075757686650611
1444.5,1.4444999999999988,6.076146235327187
1445.0,1.4450000000000012,6.078646235327199
1445.5,1.4454999999999965,6.081146235327175
1446.0,1.4459999999999988,6.081328404025292
1446.5,1.4465000000000012,6.083828404025304
1447.0,1.4470000000000036,6.086328404025316
1447.5,1.447499999999999,6.086333515062599
1448.0,1.4480000000000013,6.0888335150626105
1448.5,1.4484999999999966,6.091333515062587
1449.0,1.448999999999999,6.091179479267161
1449.5,1.4495000000000013,6.093679479267173
1450.0,1.4499999999999966,6.09617947926715
1450.5,1.450499999999999,6.095917713482173
1451.0,1.4510000000000014,6.098417713482185
1451.5,1.4514999999999967,6.100917713482161
1452.0,1.451999999999999,6.100597076583547
1452.5,1.4525000000000017,6.103097076583559
1453.0,1.4529999999999967,6.105597076583536
1453.5,1.4534999999999991,6.105282048973884
1454.0,1.4540000000000015,6.107782048973895
1454.5,1.4544999999999968,6.110282048973872
1455.0,1.4549999999999992,6.110030400635296
1455.5,1.4555000000000016,6.112530400635308
1456.0,1.4559999999999969,6.115030400635284
1456.5,1.4564999999999992,6.114865102360589
1457.0,1.4570000000000016,6.117365102360601
1457.5,1.457499999999997,6.119865102360578
1458.0,1.457999999999999,6.119827790661745
1458.5,1.4585000000000017,6.122327790661757
1459.0,1.458999999999997,6.124827790661733
1459.5,1.4594999999999994,6.124933081136312
1460.0,1.4600000000000017,6.127433081136324
1460.5,1.460499999999997,6.129933081136301
1461.0,1.4609999999999994,6.130215123766796
1461.5,1.4615000000000018,6.132715123766808
1462.0,1.461999999999997,6.135215123766784
1462.5,1.4624999999999997,6.135674320941504
1463.0,1.463000000000002,6.138174320941516
1463.5,1.4634999999999971,6.140674320941493
1464.0,1.4639999999999995,6.141289216621892
1464.5,1.464500000000002,6.143789216621904
1465.0,1.4649999999999972,6.146289216621881
1465.5,1.4654999999999996,6.147047602064859
1466.0,1.466000000000002,6.149547602064871
1466.5,1.4664999999999973,6.152047602064847
1467.0,1.4669999999999996,6.152892558220238
1467.5,1.467500000000002,6.1553925582202496
1468.0,1.467999999999997,6.157892558220226
1468.5,1.4684999999999995,6.158753042138336
1469.0,1.469000000000002,6.161253042138348
1469.5,1.4694999999999974,6.163753042138325
1470.0,1.4699999999999998,6.164579163425117
1470.5,1.4705000000000021,6.167079163425129
1471.0,1.4709999999999974,6.169579163425105
1471.5,1.4714999999999998,6.170334391793517
1472.0,1.4720000000000022,6.172834391793529
1472.5,1.4724999999999975,6.1753343917935055
1473.0,1.473,6.176001452112168
1473.5,1.4735000000000025,6.17850145211218
1474.0,1.4739999999999975,6.181001452112156
1474.5,1.4745,6.181557073818809
1475.0,1.4750000000000023,6.1840570738188205
1475.5,1.4754999999999976,6.186557073818797
1476.0,1.476,6.1869919430119324
1476.5,1.4765000000000024,6.189491943011944
1477.0,1.4769999999999976,6.191991943011921
1477.5,1.4775,6.192301583107529
1478.0,1.4780000000000024,6.194801583107541
1478.5,1.4784999999999975,6.197301583107517
1479.0,1.4789999999999999,6.197478496258526
1479.5,1.4795000000000025,6.199978496258538
1480.0,1.4799999999999978,6.202478496258514
1480.5,1.4805000000000001,6.202544413760052
1481.0,1.4810000000000025,6.205044413760064
1481.5,1.4814999999999978,6.20754441376004
1482.0,1.4820000000000002,6.207541562870205
1482.5,1.4825000000000026,6.210041562870217
1483.0,1.4829999999999979,6.212541562870193
1483.5,1.4835000000000005,6.212484307230355
1484.0,1.4840000000000029,6.214984307230367
1484.5,1.484499999999998,6.217484307230343
1485.0,1.4850000000000003,6.217414242012183
1485.5,1.4855000000000027,6.219914242012194
1486.0,1.485999999999998,6.222414242012171
1486.5,1.4865000000000004,6.222372861664347
1487.0,1.4870000000000028,6.224872861664359
1487.5,1.487499999999998,6.227372861664335
1488.0,1.4880000000000004,6.227392822372693
1488.5,1.4885000000000028,6.229892822372705
1489.0,1.4889999999999979,6.232392822372681
1489.5,1.4895000000000003,6.232498511765456
1490.0,1.4900000000000029,6.234998511765468
1490.5,1.4904999999999982,6.237498511765445
1491.0,1.4910000000000005,6.237696112761242
1491.5,1.491500000000003,6.240196112761254
1492.0,1.4919999999999982,6.24269611276123
1492.5,1.4925000000000006,6.242990725643409
1493.0,1.493000000000003,6.245490725643421
1493.5,1.4934999999999983,6.2479907256433975
1494.0,1.4940000000000009,6.248373532289193
1494.5,1.494500000000003,6.250873532289205
1495.0,1.4949999999999983,6.2533735322891815
1495.5,1.4955000000000007,6.253816193786577
1496.0,1.496000000000003,6.2563161937865885
1496.5,1.4964999999999984,6.258816193786565
1497.0,1.4970000000000008,6.259273621160837
1497.5,1.4975000000000032,6.261773621160849
1498.0,1.4979999999999984,6.264273621160825
1498.5,1.4985000000000008,6.264733847259159
1499.0,1.4990000000000032,6.26723384725917
1499.5,1.4994999999999983,6.269733847259147
1500.0,1.5000000000000009,6.270159978267103
1500.5,1.5005000000000033,6.272659978267114
1501.0,1.5009999999999986,6.275159978267091
1501.5,1.501500000000001,6.27554459323715
1502.0,1.5020000000000033,6.278044593237162
1502.5,1.5024999999999986,6.280544593237138
1503.0,1.503000000000001,6.280875987385173
1503.5,1.5035000000000034,6.283375987385185
1504.0,1.5039999999999987,6.285875987385161
1504.5,1.504500000000001,6.286154282650003
1505.0,1.5050000000000037,6.288654282650015
1505.5,1.5054999999999987,6.291154282649991
1506.0,1.5060000000000011,6.291393426625795
1506.5,1.5065000000000035,6.293893426625807
1507.0,1.5069999999999988,6.296393426625784
1507.5,1.5075000000000012,6.2965764421676695
1508.0,1.5079999999999965,6.299076442167646
1508.5,1.5084999999999988,6.301576442167658
1509.0,1.5090000000000012,6.301694796553292
1509.5,1.5095000000000036,6.304194796553304
1510.0,1.509999999999999,6.3066947965532805
1510.5,1.5105000000000013,6.309194796553292
1511.0,1.5109999999999966,6.309221179578088
1511.5,1.511499999999999,6.3117211795781
1512.0,1.5120000000000013,6.314221179578112
1512.5,1.5124999999999966,6.314161712790991
1513.0,1.512999999999999,6.316661712791003
1513.5,1.5135000000000014,6.319161712791015
1514.0,1.5139999999999967,6.319014653677435
1514.5,1.514499999999999,6.321514653677447
1515.0,1.5150000000000017,6.324014653677459
1515.5,1.5154999999999967,6.323784839171047
1516.0,1.5159999999999991,6.326284839171059
1516.5,1.5165000000000015,6.328784839171071
1517.0,1.5169999999999968,6.328486372370961
1517.5,1.5174999999999992,6.3309863723709725
1518.0,1.5180000000000016,6.333486372370984
1518.5,1.5184999999999969,6.3331688035666645
1519.0,1.5189999999999992,6.335668803566676
1519.5,1.5195000000000016,6.338168803566688
1520.0,1.519999999999997,6.337850382018324
1520.5,1.520499999999999,6.340350382018336
1521.0,1.5210000000000017,6.342850382018348
1521.5,1.521499999999997,6.342557419091044
1522.0,1.5219999999999994,6.345057419091056
1522.5,1.5225000000000017,6.347557419091068
1523.0,1.522999999999997,6.347303215651365
1523.5,1.5234999999999994,6.349803215651377
1524.0,1.5240000000000018,6.352303215651389
1524.5,1.524499999999997,6.352070226688689
1525.0,1.5249999999999997,6.3545702266887005
1525.5,1.525500000000002,6.3570702266887125
1526.0,1.5259999999999971,6.356864837141458
1526.5,1.5264999999999995,6.35936483714147
1527.0,1.527000000000002,6.361864837141482
1527.5,1.5274999999999972,6.361676952357698
1528.0,1.5279999999999996,6.36417695235771
1528.5,1.528500000000002,6.366676952357722
1529.0,1.5289999999999973,6.366508712721242
1529.5,1.5294999999999996,6.369008712721254
1530.0,1.530000000000002,6.3715087127212655
1530.5,1.530499999999997,6.371358485370173
1531.0,1.5309999999999995,6.373858485370185
1531.5,1.531500000000002,6.376358485370197
1532.0,1.5319999999999974,6.376226894441821
1532.5,1.5324999999999998,6.378726894441833
1533.0,1.5330000000000021,6.381226894441845
1533.5,1.5334999999999974,6.381099620484427
1534.0,1.5339999999999998,6.383599620484439
1534.5,1.5345000000000022,6.386099620484451
1535.0,1.5349999999999975,6.385962483953342
1535.5,1.5355,6.388462483953354
1536.0,1.5360000000000025,6.390962483953366
1536.5,1.5364999999999975,6.390819045037013
1537.0,1.537,6.393319045037025
1537.5,1.5375000000000023,6.395819045037037
1538.0,1.5379999999999976,6.395655387193564
1538.5,1.5385,6.398155387193576
1539.0,1.5390000000000024,6.400655387193588
1539.5,1.5394999999999976,6.400448035203681
1540.0,1.54,6.402948035203693
1540.5,1.5405000000000024,6.405448035203705
1541.0,1.5409999999999975,6.405199814409741
1541.5,1.5414999999999999,6.407699814409753
1542.0,1.5420000000000025,6.410199814409765
1542.5,1.5424999999999978,6.409896019826071
1543.0,1.5430000000000001,6.412396019826083
1543.5,1.5435000000000025,6.414896019826095
1544.0,1.5439999999999978,6.4145001708840965
1544.5,1.5445000000000002,6.4170001708841085
1545.0,1.5450000000000026,6.41950017088412
1545.5,1.5454999999999979,6.418992153829741
1546.0,1.5460000000000005,6.421492153829753
1546.5,1.5465000000000029,6.423992153829765
1547.0,1.546999999999998,6.423365879836851
1547.5,1.5475000000000003,6.425865879836863
1548.0,1.5480000000000027,6.428365879836875
1548.5,1.548499999999998,6.42762617862978
1549.0,1.5490000000000004,6.430126178629791
1549.5,1.5495000000000028,6.432626178629803
1550.0,1.549999999999998,6.431800631145634
1550.5,1.5505000000000004,6.434300631145646
1551.0,1.5510000000000028,6.436800631145658
1551.5,1.5514999999999979,6.435912752099782
1552.0,1.5520000000000003,6.438412752099794
1552.5,1.5525000000000029,6.4409127520998055
1553.0,1.5529999999999982,6.439981213977362
1553.5,1.5535000000000005,6.4424812139773735
1554.0,1.554000000000003,6.444981213977385
1554.5,1.5544999999999982,6.444007427728664
1555.0,1.5550000000000006,6.446507427728676
1555.5,1.555500000000003,6.449007427728688
1556.0,1.5559999999999983,6.448004911492227
1556.5,1.5565000000000009,6.450504911492239
1557.0,1.557000000000003,6.4530049114922505
1557.5,1.5574999999999983,6.451995052701207
1558.0,1.5580000000000007,6.454495052701219
1558.5,1.558500000000003,6.456995052701231
1559.0,1.5589999999999984,6.455985698112663
1559.5,1.5595000000000008,6.458485698112675
1560.0,1.5600000000000032,6.460985698112687
1560.5,1.5604999999999984,6.4599744234706336
1561.0,1.5610000000000008,6.4624744234706455
1561.5,1.5615000000000032,6.464974423470657
1562.0,1.5619999999999983,6.46396008510969
1562.5,1.5625000000000009,6.466460085109702
1563.0,1.5630000000000033,6.468960085109714
1563.5,1.5634999999999986,6.467933637424324
1564.0,1.564000000000001,6.470433637424335
1564.5,1.5645000000000033,6.472933637424347
1565.0,1.5649999999999986,6.471910743487541
1565.5,1.565500000000001,6.474410743487553
1566.0,1.5660000000000034,6.476910743487565
1566.5,1.5664999999999987,6.475903210824541
1567.0,1.567000000000001,6.478403210824553
1567.5,1.5675000000000037,6.4809032108245646
1568.0,1.5679999999999987,6.479920828308323
1568.5,1.5685000000000011,6.482420828308335
1569.0,1.5690000000000035,6.484920828308347
1569.5,1.5694999999999988,6.483990969322875
1570.0,1.5700000000000012,6.486490969322887
1570.5,1.5704999999999965,6.488990969322863
1571.0,1.5709999999999988,6.488145300705384
1571.5,1.5715000000000012,6.490645300705396
1572.0,1.5720000000000036,6.493145300705407
1572.5,1.572499999999999,6.492424462849478
1573.0,1.5730000000000013,6.4949244628494895
1573.5,1.5734999999999966,6.497424462849466
1574.0,1.573999999999999,6.4968411359909695
1574.5,1.5745000000000013,6.499341135990981
1575.0,1.5749999999999966,6.501841135990958
1575.5,1.575499999999999,6.501421996033194
1576.0,1.5760000000000014,6.503921996033206
1576.5,1.5764999999999967,6.506421996033183
1577.0,1.576999999999999,6.506168217642596
1577.5,1.5775000000000017,6.508668217642608
1578.0,1.5779999999999967,6.5111682176425845
1578.5,1.5784999999999991,6.511087955419832
1579.0,1.5790000000000015,6.513587955419844
1579.5,1.5794999999999968,6.51608795541982
1580.0,1.5799999999999992,6.516144280872851
1580.5,1.5805000000000016,6.518644280872863
1581.0,1.5809999999999969,6.521144280872839
1581.5,1.5814999999999992,6.521297008023943
1582.0,1.5820000000000016,6.523797008023955
1582.5,1.582499999999997,6.526297008023931
1583.0,1.582999999999999,6.526522974272986
1583.5,1.5835000000000017,6.529022974272998
1584.0,1.583999999999997,6.531522974272974
1584.5,1.5844999999999994,6.53180763765171
1585.0,1.5850000000000017,6.534307637651722
1585.5,1.585499999999997,6.536807637651698
1586.0,1.5859999999999994,6.53930763765171
1586.5,1.5865000000000018,6.539609499435599
1587.0,1.586999999999997,6.542109499435576
1587.5,1.5874999999999997,6.544609499435588
1588.0,1.588000000000002,6.544889418211142
1588.5,1.5884999999999971,6.547389418211118
1589.0,1.5889999999999995,6.54988941821113
1589.5,1.589500000000002,6.550132145570409
1590.0,1.5899999999999972,6.552632145570385
1590.5,1.5904999999999996,6.555132145570397
1591.0,1.591000000000002,6.555325328750747
1591.5,1.5914999999999973,6.557825328750724
1592.0,1.5919999999999996,6.560325328750736
1592.5,1.592500000000002,6.560473384279106
1593.0,1.592999999999997,6.562973384279083
1593.5,1.5934999999999995,6.565473384279095
1594.0,1.594000000000002,6.565589657431055
1594.5,1.5944999999999974,6.568089657431031
1595.0,1.5949999999999998,6.570589657431043
1595.5,1.5955000000000021,6.570668585851394
1596.0,1.5959999999999974,6.57316858585137
1596.5,1.5964999999999998,6.575668585851382
1597.0,1.5970000000000022,6.575710184233081
1597.5,1.5974999999999975,6.578210184233058
1598.0,1.598,6.5807101842330695
1598.5,1.5985000000000025,6.580723264308155
1599.0,1.5989999999999975,6.583223264308131
1599.5,1.5995,6.585723264308143
1600.0,1.6000000000000023,6.585716215527171
1600.5,1.6004999999999976,6.588216215527147
1601.0,1.601,6.590716215527159
1601.5,1.6015000000000024,6.590715135194145
1602.0,1.6019999999999976,6.5932151351941215
1602.5,1.6025,6.595715135194133
1603.0,1.6030000000000024,6.595754363434452
1603.5,1.6034999999999975,6.598254363434428
1604.0,1.6039999999999999,6.60075436343444
1604.5,1.6045000000000025,6.600874512893675
1605.0,1.6049999999999978,6.603374512893652
1605.5,1.6055000000000001,6.605874512893664
1606.0,1.6060000000000025,6.606105838943321
1606.5,1.6064999999999978,6.608605838943298
1607.0,1.6070000000000002,6.61110583894331
1607.5,1.6075000000000026,6.611467760588354
1608.0,1.6079999999999979,6.613967760588331
1608.5,1.6085000000000005,6.616467760588343
1609.0,1.6090000000000029,6.616960090661053
1609.5,1.609499999999998,6.619460090661029
1610.0,1.6100000000000003,6.621960090661041
1610.5,1.6105000000000027,6.62254309620085
1611.0,1.610999999999998,6.625043096200827
1611.5,1.6115000000000004,6.627543096200839
1612.0,1.6120000000000028,6.62817216171625
1612.5,1.612499999999998,6.630672161716227
1613.0,1.6130000000000004,6.633172161716239
1613.5,1.6135000000000028,6.633805381347138
1614.0,1.6139999999999979,6.636305381347114
1614.5,1.6145000000000003,6.638805381347126
1615.0,1.6150000000000029,6.639399636236192
1615.5,1.6154999999999982,6.641899636236168
1616.0,1.6160000000000005,6.64439963623618
1616.5,1.616500000000003,6.644922642549496
1617.0,1.6169999999999982,6.647422642549472
1617.5,1.6175000000000006,6.649922642549484
1618.0,1.618000000000003,6.650334992912015
1618.5,1.6184999999999983,6.652834992911991
1619.0,1.6190000000000009,6.655334992912003
1619.5,1.619500000000003,6.655617706447785
1620.0,1.6199999999999983,6.6581177064477615
1620.5,1.6205000000000007,6.660617706447773
1621.0,1.621000000000003,6.660755140086856
1621.5,1.6214999999999984,6.663255140086832
1622.0,1.6220000000000008,6.665755140086844
1622.5,1.6225000000000032,6.665755041094208
1623.0,1.6229999999999984,6.668255041094184
1623.5,1.6235000000000008,6.670755041094196
1624.0,1.6240000000000032,6.670606818803151
1624.5,1.6244999999999983,6.673106818803127
1625.0,1.6250000000000009,6.675606818803139
1625.5,1.6255000000000033,6.6753069643846175
1626.0,1.6259999999999986,6.677806964384594
1626.5,1.626500000000001,6.680306964384606
1627.0,1.6270000000000033,6.679865372682521
1627.5,1.6274999999999986,6.682365372682497
1628.0,1.628000000000001,6.684865372682509
1628.5,1.6285000000000034,6.684295768511497
1629.0,1.6289999999999987,6.686795768511473
1629.5,1.629500000000001,6.689295768511485
1630.0,1.6300000000000037,6.688633172166476
1630.5,1.6304999999999987,6.691133172166452
1631.0,1.6310000000000011,6.693633172166464
1631.5,1.6315000000000035,6.692892779971942
1632.0,1.6319999999999988,6.695392779971918
1632.5,1.6325000000000012,6.69789277997193
1633.0,1.6329999999999965,6.697099644718207
1633.5,1.6334999999999988,6.699599644718219
1634.0,1.6340000000000012,6.702099644718231
1634.5,1.6345000000000036,6.701278825031096
1635.0,1.634999999999999,6.703778825031073
1635.5,1.6355000000000013,6.7062788250310845
1636.0,1.6359999999999966,6.705437990448537
1636.5,1.636499999999999,6.707937990448549
1637.0,1.6370000000000013,6.710437990448561
1637.5,1.6374999999999966,6.70957668613319
1638.0,1.637999999999999,6.7120766861332015
1638.5,1.6385000000000014,6.7145766861332135
1639.0,1.6389999999999967,6.713705490000947
1639.5,1.639499999999999,6.716205490000959
1640.0,1.6400000000000017,6.718705490000971
1640.5,1.6404999999999967,6.717819251902739
1641.0,1.6409999999999991,6.720319251902751
1641.5,1.6415000000000015,6.722819251902763
1642.0,1.6419999999999968,6.721933026285072
1642.5,1.6424999999999992,6.724433026285084
1643.0,1.6430000000000016,6.726933026285096
1643.5,1.6434999999999969,6.726037199848776
1644.0,1.6439999999999992,6.728537199848788
1644.5,1.6445000000000016,6.7310371998488
1645.0,1.644999999999997,6.730125457485059
1645.5,1.645499999999999,6.732625457485071
1646.0,1.6460000000000017,6.735125457485083
1646.5,1.646499999999997,6.734198914854304
1647.0,1.6469999999999994,6.736698914854316
1647.5,1.6475000000000017,6.739198914854327
1648.0,1.647999999999997,6.738244646759313
1648.5,1.6484999999999994,6.740744646759325
1649.0,1.6490000000000018,6.7432446467593365
1649.5,1.649499999999997,6.742226165015772
1650.0,1.6499999999999997,6.744726165015784
1650.5,1.650500000000002,6.747226165015796
1651.0,1.6509999999999971,6.746144943744348
1651.5,1.6514999999999995,6.74864494374436
1652.0,1.652000000000002,6.751144943744372
1652.5,1.6524999999999972,6.750002154760431
1653.0,1.6529999999999996,6.7525021547604425
1653.5,1.653500000000002,6.755002154760454
1654.0,1.6539999999999973,6.753813824718264
1654.5,1.6544999999999996,6.756313824718276
1655.0,1.655000000000002,6.758813824718288
1655.5,1.655499999999997,6.757600900567908
1656.0,1.6559999999999995,6.76010090056792
1656.5,1.656500000000002,6.762600900567932
1657.0,1.6569999999999974,6.761401478048725
1657.5,1.6574999999999998,6.763901478048737
1658.0,1.6580000000000021,6.766401478048749
1658.5,1.6584999999999974,6.765233099123762
1659.0,1.6589999999999998,6.767733099123774
1659.5,1.6595000000000022,6.770233099123786
1660.0,1.6599999999999975,6.76911788892351
1660.5,1.6605,6.771617888923522
1661.0,1.6610000000000025,6.774117888923534
1661.5,1.6614999999999975,6.776617888923511
1662.0,1.662,6.775569759269828
1662.5,1.6625000000000023,6.77806975926984
1663.0,1.6629999999999976,6.780569759269817
1663.5,1.6635,6.77962000080683
1664.0,1.6640000000000024,6.782120000806842
1664.5,1.6644999999999976,6.784620000806818
1665.0,1.665,6.783750467683447
1665.5,1.6655000000000024,6.786250467683459
1666.0,1.6659999999999975,6.788750467683435
1666.5,1.6664999999999999,6.787954151873663
1667.0,1.6670000000000025,6.790454151873675
1667.5,1.6674999999999978,6.792954151873651
1668.0,1.6680000000000001,6.792216768166774
1668.5,1.6685000000000025,6.794716768166786
1669.0,1.6689999999999978,6.797216768166763
1669.5,1.6695000000000002,6.796524755653515
1670.0,1.6700000000000026,6.799024755653527
1670.5,1.6704999999999979,6.801524755653503
1671.0,1.6710000000000005,6.8008803883054725
1671.5,1.6715000000000029,6.803380388305484
1672.0,1.671999999999998,6.805880388305461
1672.5,1.6725000000000003,6.805302942828106
1673.0,1.6730000000000027,6.807802942828118
1673.5,1.673499999999998,6.810302942828095
1674.0,1.6740000000000004,6.8097850836737095
1674.5,1.6745000000000028,6.812285083673721
1675.0,1.674999999999998,6.814785083673698
1675.5,1.6755000000000004,6.814360792532597
1676.0,1.6760000000000028,6.816860792532609
1676.5,1.6764999999999979,6.819360792532585
1677.0,1.6770000000000003,6.8190371941767935
1677.5,1.6775000000000029,6.8215371941768055
1678.0,1.6779999999999982,6.824037194176782
1678.5,1.6785000000000005,6.823800621808722
1679.0,1.679000000000003,6.826300621808734
1679.5,1.6794999999999982,6.828800621808711
1680.0,1.6800000000000006,6.8286680220921525
1680.5,1.680500000000003,6.8311680220921644
1681.0,1.6809999999999983,6.833668022092141
1681.5,1.6815000000000009,6.83362688874567
1682.0,1.682000000000003,6.836126888745682
1682.5,1.6824999999999983,6.838626888745658
1683.0,1.6830000000000007,6.838683377012487
1683.5,1.683500000000003,6.841183377012499
1684.0,1.6839999999999984,6.843683377012475
1684.5,1.6845000000000008,6.843836645389203
1685.0,1.6850000000000032,6.846336645389215
1685.5,1.6854999999999984,6.848836645389191
1686.0,1.6860000000000008,6.849095375037777
1686.5,1.6865000000000032,6.851595375037789
1687.0,1.6869999999999983,6.854095375037765
1687.5,1.6875000000000009,6.854468132427769
1688.0,1.6880000000000033,6.856968132427781
1688.5,1.6884999999999986,6.859468132427757
1689.0,1.689000000000001,6.859957927134133
1689.5,1.6895000000000033,6.862457927134145
1690.0,1.6899999999999986,6.864957927134121
1690.5,1.690500000000001,6.8655757270824935
1691.0,1.6910000000000034,6.8680757270825055
1691.5,1.6914999999999987,6.870575727082482
1692.0,1.692000000000001,6.871303782139151
1692.5,1.6925000000000037,6.873803782139163
1693.0,1.6929999999999987,6.876303782139139
1693.5,1.6935000000000011,6.877092937639944
1694.0,1.6940000000000035,6.879592937639956
1694.5,1.6944999999999988,6.882092937639932
1695.0,1.6950000000000012,6.882926444130284
1695.5,1.6954999999999965,6.88542644413026
1696.0,1.6959999999999988,6.887926444130272
1696.5,1.6965000000000012,6.888781758523557
1697.0,1.6970000000000036,6.891281758523569
1697.5,1.697499999999999,6.893781758523545
1698.0,1.6980000000000013,6.8946277421757785
1698.5,1.6984999999999966,6.897127742175755
1699.0,1.698999999999999,6.899627742175767
1699.5,1.6995000000000013,6.900441006211402
1700.0,1.6999999999999966,6.902941006211378
1700.5,1.700499999999999,6.90544100621139
1701.0,1.7010000000000014,6.906212212438163
1701.5,1.7014999999999967,6.90871221243814
1702.0,1.701999999999999,6.911212212438151
1702.5,1.7025000000000017,6.911932035575035
1703.0,1.7029999999999967,6.914432035575011
1703.5,1.7034999999999991,6.916932035575023
1704.0,1.7040000000000015,6.917573662158709
1704.5,1.7044999999999968,6.920073662158686
1705.0,1.7049999999999992,6.9225736621586975
1705.5,1.7055000000000016,6.923112378370924
1706.0,1.7059999999999969,6.9256123783709
1706.5,1.7064999999999992,6.928112378370912
1707.0,1.7070000000000016,6.928546629221941
1707.5,1.707499999999997,6.9310466292219175
1708.0,1.707999999999999,6.933546629221929
1708.5,1.7085000000000017,6.933885926420658
1709.0,1.708999999999997,6.936385926420634
1709.5,1.7094999999999994,6.938885926420646
1710.0,1.7100000000000017,6.939156967133897
1710.5,1.710499999999997,6.9416569671338735
1711.0,1.7109999999999994,6.944156967133885
1711.5,1.7115000000000018,6.944388262327621
1712.0,1.711999999999997,6.946888262327597
1712.5,1.7124999999999997,6.949388262327609
1713.0,1.713000000000002,6.949611719950752
1713.5,1.7134999999999971,6.952111719950729
1714.0,1.7139999999999995,6.954611719950741
1714.5,1.714500000000002,6.954847603566421
1715.0,1.7149999999999972,6.957347603566397
1715.5,1.7154999999999996,6.959847603566409
1716.0,1.716000000000002,6.960104353557384
1716.5,1.7164999999999973,6.96260435355736
1717.0,1.7169999999999996,6.965104353557372
1717.5,1.717500000000002,6.965360552964874
1718.0,1.717999999999997,6.967860552964851
1718.5,1.7184999999999995,6.970360552964863
1719.0,1.719000000000002,6.97057547703011
1719.5,1.7194999999999974,6.973075477030086
1720.0,1.7199999999999998,6.975575477030098
1720.5,1.7205000000000021,6.975714489075955
1721.0,1.7209999999999974,6.978214489075931
1721.5,1.7214999999999998,6.980714489075943
1722.0,1.7220000000000022,6.980775316034098
1722.5,1.7224999999999975,6.983275316034074
1723.0,1.723,6.985775316034086
1723.5,1.7235000000000025,6.985736197376262
1724.0,1.7239999999999975,6.988236197376239
1724.5,1.7245,6.9907361973762505
1725.0,1.7250000000000023,6.990593185326794
1725.5,1.7254999999999976,6.993093185326771
1726.0,1.726,6.995593185326783
1726.5,1.7265000000000024,6.995319371791666
1727.0,1.7269999999999976,6.997819371791643
1727.5,1.7275,7.000319371791655
1728.0,1.7280000000000024,6.999928519176066
1728.5,1.7284999999999975,7.002428519176043
1729.0,1.7289999999999999,7.004928519176055
1729.5,1.7295000000000025,7.004395558111973
1730.0,1.7299999999999978,7.00689555811195
1730.5,1.7305000000000001,7.009395558111962
1731.0,1.7310000000000025,7.008703114058434
1731.5,1.7314999999999978,7.011203114058411
1732.0,1.7320000000000002,7.013703114058423
1732.5,1.7325000000000026,7.012836527407202
1733.0,1.7329999999999979,7.015336527407179
1733.5,1.7335000000000005,7.017836527407191
1734.0,1.7340000000000029,7.016806053649773
1734.5,1.734499999999998,7.01930605364975
1735.0,1.7350000000000003,7.021806053649762
1735.5,1.7355000000000027,7.020627321978097
1736.0,1.735999999999998,7.023127321978073
1736.5,1.7365000000000004,7.025627321978085
1737.0,1.7370000000000028,7.028127321978097
1737.5,1.737499999999998,7.026820327240486
1738.0,1.7380000000000004,7.029320327240498
1738.5,1.7385000000000028,7.03182032724051
1739.0,1.7389999999999979,7.030413893394503
1739.5,1.7395000000000003,7.032913893394515
1740.0,1.7400000000000029,7.035413893394527
1740.5,1.7404999999999982,7.033953507075488
1741.0,1.7410000000000005,7.0364535070755
1741.5,1.741500000000003,7.038953507075512
1742.0,1.7419999999999982,7.037478558141395
1742.5,1.7425000000000006,7.039978558141407
1743.0,1.743000000000003,7.042478558141418
1743.5,1.7434999999999983,7.04104617178249
1744.0,1.7440000000000009,7.043546171782502
1744.5,1.744500000000003,7.046046171782514
1745.0,1.7449999999999983,7.044662745983601
1745.5,1.7455000000000007,7.047162745983613
1746.0,1.746000000000003,7.049662745983625
1746.5,1.7464999999999984,7.0483422786177385
1747.0,1.7470000000000008,7.050842278617751
1747.5,1.7475000000000032,7.053342278617762
1748.0,1.7479999999999984,7.052080163037324
1748.5,1.7485000000000008,7.054580163037336
1749.0,1.7490000000000032,7.057080163037348
1749.5,1.7494999999999983,7.055874100060287
1750.0,1.7500000000000009,7.058374100060298
1750.5,1.7505000000000033,7.06087410006031
1751.0,1.7509999999999986,7.059736131740344
1751.5,1.751500000000001,7.062236131740356
1752.0,1.7520000000000033,7.064736131740368
1752.5,1.7524999999999986,7.063644000711484
1753.0,1.753000000000001,7.066144000711496
1753.5,1.7535000000000034,7.068644000711508
1754.0,1.7539999999999987,7.067574445896554
1754.5,1.754500000000001,7.070074445896566
1755.0,1.7550000000000037,7.072574445896578
1755.5,1.7554999999999987,7.071491036866533
1756.0,1.7560000000000011,7.073991036866545
1756.5,1.7565000000000035,7.076491036866557
1757.0,1.7569999999999988,7.075381796643718
1757.5,1.7575000000000012,7.07788179664373
1758.0,1.7579999999999965,7.080381796643707
1758.5,1.7584999999999988,7.079238191900643
1759.0,1.7590000000000012,7.081738191900655
1759.5,1.7595000000000036,7.084238191900667
1760.0,1.759999999999999,7.08306497333723
1760.5,1.7605000000000013,7.085564973337242
1761.0,1.7609999999999966,7.088064973337218
1761.5,1.761499999999999,7.086887641661086
1762.0,1.7620000000000013,7.089387641661098
1762.5,1.7624999999999966,7.091887641661074
1763.0,1.762999999999999,7.0907409582433445
1763.5,1.7635000000000014,7.093240958243356
1764.0,1.7639999999999967,7.095740958243333
1764.5,1.764499999999999,7.094657458903555
1765.0,1.7650000000000017,7.097157458903567
1765.5,1.7654999999999967,7.099657458903543
1766.0,1.7659999999999991,7.098667909160987
1766.5,1.7665000000000015,7.101167909160999
1767.0,1.7669999999999968,7.103667909160976
1767.5,1.7674999999999992,7.102811775442284
1768.0,1.7680000000000016,7.105311775442296
1768.5,1.7684999999999969,7.107811775442272
1769.0,1.7689999999999992,7.107093269765024
1769.5,1.7695000000000016,7.109593269765036
1770.0,1.769999999999997,7.112093269765012
1770.5,1.770499999999999,7.111495474366869
1771.0,1.7710000000000017,7.113995474366881
1771.5,1.771499999999997,7.116495474366857
1772.0,1.7719999999999994,7.116010976270779
1772.5,1.7725000000000017,7.118510976270791
1773.0,1.772999999999997,7.121010976270767
1773.5,1.7734999999999994,7.120620704638334
1774.0,1.7740000000000018,7.123120704638346
1774.5,1.774499999999997,7.125620704638322
1775.0,1.7749999999999997,7.125286706994416
1775.5,1.775500000000002,7.127786706994428
1776.0,1.7759999999999971,7.130286706994404
1776.5,1.7764999999999995,7.129990830573156
1777.0,1.777000000000002,7.132490830573168
1777.5,1.7774999999999972,7.134990830573145
1778.0,1.7779999999999996,7.134728575501477
1778.5,1.778500000000002,7.137228575501489
1779.0,1.7789999999999973,7.139728575501465
1779.5,1.7794999999999996,7.139507941518808
1780.0,1.780000000000002,7.14200794151882
1780.5,1.780499999999997,7.144507941518796
1781.0,1.7809999999999995,7.1443371591386295
1781.5,1.781500000000002,7.1468371591386415
1782.0,1.7819999999999974,7.149337159138618
1782.5,1.7824999999999998,7.149227222300745
1783.0,1.7830000000000021,7.151727222300757
1783.5,1.7834999999999974,7.154227222300733
1784.0,1.7839999999999998,7.15415754422871
1784.5,1.7845000000000022,7.156657544228722
1785.0,1.7849999999999975,7.159157544228698
1785.5,1.7855,7.159100690524554
1786.0,1.7860000000000025,7.1616006905245655
1786.5,1.7864999999999975,7.164100690524542
1787.0,1.787,7.164038636344046
1787.5,1.7875000000000023,7.1665386363440575
1788.0,1.7879999999999976,7.169038636344034
1788.5,1.7885,7.168955997625162
1789.0,1.7890000000000024,7.1714559976251735
1789.5,1.7894999999999976,7.17395599762515
1790.0,1.79,7.173815792446554
1790.5,1.7905000000000024,7.176315792446566
1791.0,1.7909999999999975,7.178815792446542
1791.5,1.7914999999999999,7.178591891119623
1792.0,1.7920000000000025,7.181091891119635
1792.5,1.7924999999999978,7.183591891119612
1793.0,1.7930000000000001,7.183286941545468
1793.5,1.7935000000000025,7.18578694154548
1794.0,1.7939999999999978,7.188286941545456
1794.5,1.7945000000000002,7.187896060876682
1795.0,1.7950000000000026,7.190396060876694
1795.5,1.7954999999999979,7.19289606087667
1796.0,1.7960000000000005,7.192436665004287
1796.5,1.7965000000000029,7.194936665004299
1797.0,1.796999999999998,7.197436665004275
1797.5,1.7975000000000003,7.196938060612581
1798.0,1.7980000000000027,7.199438060612593
1798.5,1.798499999999998,7.201938060612569
1799.0,1.7990000000000004,7.201425225767792
1799.5,1.7995000000000028,7.203925225767804
1800.0,1.799999999999998,7.206425225767781
1800.5,1.8005000000000004,7.205909685748075
1801.0,1.8010000000000028,7.208409685748087
1801.5,1.8014999999999979,7.210909685748064
1802.0,1.8020000000000003,7.210402607484454
1802.5,1.8025000000000029,7.212902607484466
1803.0,1.8029999999999982,7.215402607484442
1803.5,1.8035000000000005,7.21491714482859
1804.0,1.804000000000003,7.217417144828602
1804.5,1.8044999999999982,7.219917144828578
1805.0,1.8050000000000006,7.219435930784463
1805.5,1.805500000000003,7.2219359307844755
1806.0,1.8059999999999983,7.224435930784452
1806.5,1.8065000000000009,7.223933194811281
1807.0,1.807000000000003,7.2264331948112925
1807.5,1.8074999999999983,7.228933194811269
1808.0,1.8080000000000007,7.228405349655169
1808.5,1.808500000000003,7.230905349655181
1809.0,1.8089999999999984,7.233405349655158
1809.5,1.8095000000000008,7.232822915682995
1810.0,1.8100000000000032,7.235322915683007
1810.5,1.8104999999999984,7.237822915682983
1811.0,1.8110000000000008,7.237168154474425
1811.5,1.8115000000000032,7.239668154474437
1812.0,1.8119999999999983,7.242168154474413
1812.5,1.8125000000000009,7.244668154474425
1813.0,1.8130000000000033,7.243926652360422
1813.5,1.8134999999999986,7.246426652360398
1814.0,1.814000000000001,7.24892665236041
1814.5,1.8145000000000033,7.248091895504949
1815.0,1.8149999999999986,7.250591895504925
1815.5,1.815500000000001,7.253091895504937
1816.0,1.8160000000000034,7.252155091830446
1816.5,1.8164999999999987,7.254655091830422
1817.0,1.817000000000001,7.257155091830434
1817.5,1.8175000000000037,7.25612301829635
1818.0,1.8179999999999987,7.258623018296326
1818.5,1.8185000000000011,7.261123018296338
1819.0,1.8190000000000035,7.25998363761903
1819.5,1.8194999999999988,7.262483637619006
1820.0,1.8200000000000012,7.264983637619018
1820.5,1.8204999999999965,7.263743110010594
1821.0,1.8209999999999988,7.266243110010606
1821.5,1.8215000000000012,7.268743110010618
1822.0,1.8220000000000036,7.267399259650915
1822.5,1.822499999999999,7.269899259650892
1823.0,1.8230000000000013,7.272399259650903
1823.5,1.8234999999999966,7.270929707650744
1824.0,1.823999999999999,7.273429707650756
1824.5,1.8245000000000013,7.275929707650768
1825.0,1.8249999999999966,7.2743236175082515
1825.5,1.825499999999999,7.276823617508263
1826.0,1.8260000000000014,7.279323617508275
1826.5,1.8264999999999967,7.277605514852397
1827.0,1.826999999999999,7.280105514852408
1827.5,1.8275000000000017,7.28260551485242
1828.0,1.8279999999999967,7.280790153547301
1828.5,1.8284999999999991,7.283290153547313
1829.0,1.8290000000000015,7.285790153547325
1829.5,1.8294999999999968,7.283910416525856
1830.0,1.8299999999999992,7.286410416525868
1830.5,1.8305000000000016,7.28891041652588
1831.0,1.8309999999999969,7.287017138397367
1831.5,1.8314999999999992,7.289517138397379
1832.0,1.8320000000000016,7.292017138397391
1832.5,1.832499999999997,7.2901571221924755
1833.0,1.832999999999999,7.292657122192487
1833.5,1.8335000000000017,7.295157122192499
1834.0,1.833999999999997,7.293382968481765
1834.5,1.8344999999999994,7.295882968481777
1835.0,1.8350000000000017,7.298382968481789
1835.5,1.835499999999997,7.296743940800177
1836.0,1.8359999999999994,7.299243940800189
1836.5,1.8365000000000018,7.3017439408002
1837.0,1.836999999999997,7.300275734322632
1837.5,1.8374999999999997,7.302775734322644
1838.0,1.838000000000002,7.305275734322656
1838.5,1.8384999999999971,7.303991640356493
1839.0,1.8389999999999995,7.306491640356505
1839.5,1.839500000000002,7.308991640356517
1840.0,1.8399999999999972,7.30790373589997
1840.5,1.8404999999999996,7.310403735899982
1841.0,1.841000000000002,7.312903735899994
1841.5,1.8414999999999973,7.312000677484498
1842.0,1.8419999999999996,7.31450067748451
1842.5,1.842500000000002,7.317000677484522
1843.0,1.842999999999997,7.31627079012032
1843.5,1.8434999999999995,7.3187707901203325
1844.0,1.844000000000002,7.321270790120344
1844.5,1.8444999999999974,7.320681872529064
1845.0,1.8449999999999998,7.323181872529076
1845.5,1.8455000000000021,7.325681872529088
1846.0,1.8459999999999974,7.325181696400094
1846.5,1.8464999999999998,7.327681696400106
1847.0,1.8470000000000022,7.330181696400118
1847.5,1.8474999999999975,7.3297185224037875
1848.0,1.848,7.332218522403799
1848.5,1.8485000000000025,7.334718522403811
1849.0,1.8489999999999975,7.334243364897794
1849.5,1.8495,7.336743364897806
1850.0,1.8500000000000023,7.339243364897818
1850.5,1.8504999999999976,7.338709972008104
1851.0,1.851,7.341209972008116
1851.5,1.8515000000000024,7.343709972008128
1852.0,1.8519999999999976,7.343070991661129
1852.5,1.8525,7.345570991661141
1853.0,1.8530000000000024,7.348070991661153
1853.5,1.8534999999999975,7.347284566059002
1854.0,1.8539999999999999,7.349784566059014
1854.5,1.8545000000000025,7.352284566059026
1855.0,1.8549999999999978,7.35131656167578
1855.5,1.8555000000000001,7.353816561675792
1856.0,1.8560000000000025,7.356316561675804
1856.5,1.8564999999999978,7.355145498623301
1857.0,1.8570000000000002,7.357645498623313
1857.5,1.8575000000000026,7.360145498623325
1858.0,1.8579999999999979,7.358764242729414
1858.5,1.8585000000000005,7.361264242729426
1859.0,1.8590000000000029,7.363764242729438
1859.5,1.859499999999998,7.36218815958189
1860.0,1.8600000000000003,7.3646881595819025
1860.5,1.8605000000000027,7.367188159581914
1861.0,1.860999999999998,7.36544944481345
1861.5,1.8615000000000004,7.367949444813462
1862.0,1.8620000000000028,7.370449444813474
1862.5,1.862499999999998,7.368607754140655
1863.0,1.8630000000000004,7.371107754140667
1863.5,1.8635000000000028,7.373607754140679
1864.0,1.8639999999999979,7.371715017526448
1864.5,1.8645000000000003,7.37421501752646
1865.0,1.8650000000000029,7.376715017526472
1865.5,1.8654999999999982,7.374833803183058
1866.0,1.8660000000000005,7.37733380318307
1866.5,1.866500000000003,7.379833803183082
1867.0,1.8669999999999982,7.378044713561493
1867.5,1.8675000000000006,7.380544713561505
1868.0,1.868000000000003,7.383044713561517
1868.5,1.8684999999999983,7.381432001408648
1869.0,1.8690000000000009,7.38393200140866
1869.5,1.869500000000003,7.386432001408671
1870.0,1.8699999999999983,7.385036805504832
1870.5,1.8705000000000007,7.387536805504844
1871.0,1.871000000000003,7.390036805504856
1871.5,1.8714999999999984,7.388889100893401
1872.0,1.8720000000000008,7.391389100893413
1872.5,1.8725000000000032,7.393889100893425
1873.0,1.8729999999999984,7.393007122023647
1873.5,1.8735000000000008,7.395507122023659
1874.0,1.8740000000000032,7.398007122023671
1874.5,1.8744999999999983,7.397380688749493
1875.0,1.8750000000000009,7.399880688749505
1875.5,1.8755000000000033,7.402380688749517
1876.0,1.8759999999999986,7.40195259238412
1876.5,1.876500000000001,7.404452592384132
1877.0,1.8770000000000033,7.406952592384144
1877.5,1.8774999999999986,7.406662880219912
1878.0,1.878000000000001,7.409162880219924
1878.5,1.8785000000000034,7.411662880219936
1879.0,1.8789999999999987,7.411456309701236
1879.5,1.879500000000001,7.413956309701248
1880.0,1.8800000000000037,7.41645630970126
1880.5,1.8804999999999987,7.416280345007458
1881.0,1.8810000000000011,7.41878034500747
1881.5,1.8815000000000035,7.421280345007482
1882.0,1.8819999999999988,7.421082722579904
1882.5,1.8825000000000012,7.423582722579916
1883.0,1.8829999999999965,7.426082722579892
1883.5,1.8834999999999988,7.425806792690111
1884.0,1.8840000000000012,7.428306792690122
1884.5,1.8845000000000036,7.430806792690134
1885.0,1.884999999999999,7.430428986654043
1885.5,1.8855000000000013,7.432928986654055
1886.0,1.8859999999999966,7.435428986654031
1886.5,1.886499999999999,7.434912897677037
1887.0,1.8870000000000013,7.437412897677049
1887.5,1.8874999999999966,7.439912897677026
1888.0,1.887999999999999,7.442412897677038
1888.5,1.8885000000000014,7.441752670548709
1889.0,1.8889999999999967,7.444252670548686
1889.5,1.889499999999999,7.4467526705486975
1890.0,1.8900000000000017,7.44593386358261
1890.5,1.8904999999999967,7.448433863582586
1891.0,1.8909999999999991,7.450933863582598
1891.5,1.8915000000000015,7.449965708373654
1892.0,1.8919999999999968,7.45246570837363
1892.5,1.8924999999999992,7.454965708373642
1893.0,1.8930000000000016,7.453860301447683
1893.5,1.8934999999999969,7.45636030144766
1894.0,1.8939999999999992,7.458860301447672
1894.5,1.8945000000000016,7.457632763707416
1895.0,1.894999999999997,7.460132763707392
1895.5,1.895499999999999,7.462632763707404
1896.0,1.8960000000000017,7.461315065347165
1896.5,1.896499999999997,7.463815065347141
1897.0,1.8969999999999994,7.466315065347153
1897.5,1.8975000000000017,7.464921141697722
1898.0,1.897999999999997,7.467421141697699
1898.5,1.8984999999999994,7.469921141697711
1899.0,1.8990000000000018,7.468467887211112
1899.5,1.899499999999997,7.470967887211088
1900.0,1.8999999999999997,7.4734678872111004
1900.5,1.900500000000002,7.471971294854605
1901.0,1.9009999999999971,7.474471294854581
1901.5,1.9014999999999995,7.476971294854593
1902.0,1.902000000000002,7.475427828008421
1902.5,1.9024999999999967,7.477927828008397
1903.0,1.903,7.480427828008409
1903.5,1.903500000000002,7.478840965438458
1904.0,1.9039999999999973,7.481340965438434
1904.5,1.9045,7.483840965438446
1905.0,1.905000000000002,7.482217420965682
1905.5,1.905499999999997,7.484717420965659
1906.0,1.906,7.4872174209656706
1906.5,1.906500000000002,7.485555796347754
1907.0,1.9069999999999971,7.48805579634773
1907.5,1.9075,7.490555796347742
1908.0,1.9080000000000024,7.488850398994344
1908.5,1.9084999999999972,7.491350398994321
1909.0,1.909,7.493850398994333
1909.5,1.9095000000000024,7.492071739927297
1910.0,1.9099999999999973,7.494571739927274
1910.5,1.9105,7.497071739927286
1911.0,1.9110000000000025,7.49520699045334
1911.5,1.9114999999999975,7.497706990453317
1912.0,1.912,7.500206990453329
1912.5,1.9125000000000023,7.498249635104379
1913.0,1.9129999999999976,7.500749635104356
1913.5,1.9135,7.503249635104368
1914.0,1.9140000000000024,7.50120999632081
1914.5,1.9144999999999976,7.503709996320786
1915.0,1.915,7.506209996320798
1915.5,1.9155000000000024,7.504070322728253
1916.0,1.9159999999999975,7.50657032272823
1916.5,1.9164999999999999,7.509070322728242
1917.0,1.9170000000000025,7.506830519740575
1917.5,1.9174999999999975,7.509330519740551
1918.0,1.918,7.511830519740563
1918.5,1.9185000000000023,7.509513234390148
1919.0,1.9189999999999976,7.512013234390125
1919.5,1.9195,7.514513234390137
1920.0,1.9200000000000024,7.512137969611032
1920.5,1.9204999999999979,7.514637969611009
1921.0,1.9210000000000005,7.517137969611021
1921.5,1.9215000000000029,7.514719333070658
1922.0,1.921999999999998,7.517219333070635
1922.5,1.9225000000000003,7.519719333070647
1923.0,1.9230000000000027,7.517288985867054
1923.5,1.923499999999998,7.519788985867031
1924.0,1.9240000000000004,7.522288985867043
1924.5,1.9245000000000028,7.519874212931725
1925.0,1.924999999999998,7.522374212931702
1925.5,1.9255000000000004,7.524874212931714
1926.0,1.9260000000000028,7.522485040058768
1926.5,1.9264999999999979,7.524985040058745
1927.0,1.9270000000000003,7.527485040058757
1927.5,1.9275000000000029,7.525159084128035
1928.0,1.9279999999999984,7.527659084128011
1928.5,1.9285000000000008,7.530159084128023
1929.0,1.929000000000003,7.527916528264029
1929.5,1.9294999999999984,7.530416528264006
1930.0,1.9300000000000008,7.532916528264018
1930.5,1.930500000000003,7.530775810174717
1931.0,1.9309999999999983,7.533275810174693
1931.5,1.9315000000000009,7.535775810174705
1932.0,1.932000000000003,7.533734561151313
1932.5,1.9324999999999983,7.536234561151289
1933.0,1.9330000000000007,7.538734561151301
1933.5,1.933500000000003,7.536792672178514
1934.0,1.9339999999999984,7.53929267217849
1934.5,1.9345000000000008,7.541792672178502
1935.0,1.9350000000000032,7.539930819656355
1935.5,1.9354999999999984,7.542430819656332
1936.0,1.9360000000000008,7.544930819656344
1936.5,1.9365000000000032,7.54315712036
1937.0,1.9369999999999983,7.545657120359976
1937.5,1.9375000000000009,7.548157120359988
1938.0,1.9380000000000035,7.546445711799841
1938.5,1.9384999999999983,7.548945711799817
1939.0,1.939000000000001,7.551445711799829
1939.5,1.9395000000000036,7.54978759914728
1940.0,1.9399999999999984,7.552287599147256
1940.5,1.940500000000001,7.554787599147268
1941.0,1.9410000000000036,7.5531851958539775
1941.5,1.9414999999999987,7.555685195853954
1942.0,1.942000000000001,7.558185195853966
1942.5,1.9425000000000037,7.556632492925424
1943.0,1.9429999999999987,7.5591324929254
1943.5,1.9435000000000007,7.561632492925412
1944.0,1.9440000000000035,7.560139703422912
1944.5,1.9444999999999988,7.562639703422889
1945.0,1.9450000000000007,7.565139703422901
1945.5,1.9454999999999965,7.563709851187745
1946.0,1.9459999999999988,7.566209851187757
1946.5,1.9465000000000012,7.568709851187769
1947.0,1.947000000000004,7.567332447160915
1947.5,1.947499999999999,7.569832447160891
1948.0,1.9480000000000013,7.572332447160903
1948.5,1.9484999999999968,7.570986100778683
1949.0,1.948999999999999,7.573486100778695
1949.5,1.9495000000000011,7.575986100778707
1950.0,1.9499999999999968,7.574659650132496
1950.5,1.950499999999999,7.577159650132508
1951.0,1.9510000000000012,7.57965965013252
1951.5,1.9514999999999967,7.578353146327679
1952.0,1.951999999999999,7.580853146327691
1952.5,1.9525000000000012,7.583353146327703
1953.0,1.9529999999999967,7.582058627315149
1953.5,1.9534999999999991,7.584558627315161
1954.0,1.954000000000001,7.587058627315173
1954.5,1.9544999999999968,7.585771727343165
1955.0,1.9549999999999992,7.588271727343177
1955.5,1.9555000000000016,7.590771727343188
1956.0,1.9559999999999969,7.5894641423913
1956.5,1.9564999999999997,7.591964142391312
1957.0,1.9570000000000016,7.594464142391324
1957.5,1.957499999999997,7.593111049495143
1958.0,1.9579999999999995,7.595611049495154
1958.5,1.9585000000000017,7.5981110494951665
1959.0,1.958999999999997,7.596690635163945
1959.5,1.9594999999999996,7.599190635163957
1960.0,1.9600000000000015,7.601690635163969
1960.5,1.960499999999997,7.600206920929189
1961.0,1.9609999999999996,7.602706920929201
1961.5,1.9615000000000016,7.605206920929213
1962.0,1.961999999999997,7.603671320488878
1962.5,1.9624999999999997,7.60617132048889
1963.0,1.9630000000000016,7.608671320488902
1963.5,1.9634999999999967,7.611171320488879
1964.0,1.9639999999999995,7.609592631571402
1964.5,1.964500000000002,7.612092631571414
1965.0,1.9649999999999967,7.614592631571391
1965.5,1.9655,7.613016084327171
1966.0,1.966000000000002,7.615516084327183
1966.5,1.9664999999999973,7.618016084327159
1967.0,1.967,7.616485609519792
1967.5,1.967500000000002,7.618985609519804
1968.0,1.967999999999997,7.62148560951978
1968.5,1.9685,7.620015871267256
1969.0,1.969000000000002,7.622515871267268
1969.5,1.9694999999999971,7.6250158712672444
1970.0,1.97,7.623643855995894
1970.5,1.9705000000000024,7.626143855995906
1971.0,1.9709999999999972,7.628643855995882
1971.5,1.9715,7.627390601859183
1972.0,1.9720000000000024,7.629890601859195
1972.5,1.9724999999999973,7.632390601859171
1973.0,1.973,7.631275501946568
1973.5,1.9735000000000025,7.63377550194658
1974.0,1.9739999999999975,7.636275501946557
1974.5,1.9745,7.635313804653485
1975.0,1.9750000000000023,7.637813804653497
1975.5,1.9754999999999976,7.6403138046534735
1976.0,1.976,7.63950963230986
1976.5,1.9765000000000024,7.642009632309872
1977.0,1.9769999999999976,7.644509632309848
1977.5,1.9775,7.643851819464089
1978.0,1.9780000000000024,7.646351819464101
1978.5,1.9784999999999975,7.648851819464077
1979.0,1.9789999999999999,7.648316957775876
1979.5,1.9795000000000025,7.650816957775888
1980.0,1.9799999999999975,7.653316957775864
1980.5,1.9805,7.652874255143267
1981.0,1.9810000000000023,7.655374255143279
1981.5,1.9814999999999976,7.657874255143255
1982.0,1.982,7.6574765612148
1982.5,1.9825000000000024,7.659976561214812
1983.0,1.9829999999999979,7.662476561214788
1983.5,1.9835000000000005,7.6620635779774915
1984.0,1.9840000000000029,7.664563577977503
1984.5,1.984499999999998,7.66706357797748
1985.0,1.9850000000000003,7.666581139240201
1985.5,1.9855000000000027,7.669081139240212
1986.0,1.985999999999998,7.671581139240189
1986.5,1.9865000000000004,7.671007724885435
1987.0,1.9870000000000028,7.673507724885447
1987.5,1.987499999999998,7.676007724885423
1988.0,1.9880000000000004,7.675307164753065
1988.5,1.9885000000000028,7.677807164753077
1989.0,1.9889999999999979,7.680307164753053
1989.5,1.9895000000000003,7.679465459862129
1990.0,1.9900000000000029,7.681965459862141
1990.5,1.9904999999999984,7.684465459862118
1991.0,1.9910000000000008,7.683468369116824
1991.5,1.991500000000003,7.685968369116836
1992.0,1.9919999999999984,7.688468369116812
1992.5,1.9925000000000008,7.687314647629861
1993.0,1.993000000000003,7.689814647629873
1993.5,1.9934999999999983,7.69231464762985
1994.0,1.9940000000000009,7.69103527849385
1994.5,1.994500000000003,7.693535278493861
1995.0,1.9949999999999983,7.696035278493838
1995.5,1.9955000000000007,7.694675954129906
1996.0,1.996000000000003,7.697175954129918
1996.5,1.9964999999999984,7.699675954129894
1997.0,1.9970000000000008,7.698251725959437
1997.5,1.9975000000000032,7.700751725959449
1998.0,1.9979999999999984,7.703251725959426
1998.5,1.9985000000000008,7.701821228553811
1999.0,1.9990000000000032,7.704321228553823
1999.5,1.9994999999999983,7.7068212285538
2000.0,2.000000000000001,7.705433705612421
2000.5,2.0005000000000037,7.707933705612433
2001.0,2.0009999999999986,7.7104337056124095
2001.5,2.001500000000001,7.709111684935195
2002.0,2.0020000000000038,7.711611684935207
2002.5,2.0024999999999986,7.714111684935183
2003.0,2.003000000000001,7.712878771379152
2003.5,2.003500000000004,7.715378771379164
2004.0,2.0039999999999987,7.717878771379141
2004.5,2.004500000000001,7.716731153355951
2005.0,2.005000000000004,7.719231153355963
2005.5,2.0054999999999987,7.72173115335594
2006.0,2.0060000000000007,7.720677950124362
2006.5,2.0065000000000035,7.723177950124374
2007.0,2.006999999999999,7.72567795012435
2007.5,2.0075000000000007,7.724715133744553
2008.0,2.0079999999999965,7.727215133744529
2008.5,2.008499999999999,7.729715133744541
2009.0,2.0090000000000012,7.728810831933472
2009.5,2.009500000000004,7.7313108319334845
2010.0,2.009999999999999,7.733810831933461
2010.5,2.0105000000000013,7.732940814775837
2011.0,2.010999999999997,7.735440814775814
2011.5,2.011499999999999,7.7379408147758255
2012.0,2.0120000000000013,7.737066445101242
2012.5,2.012499999999997,7.739566445101218
2013.0,2.012999999999999,7.74206644510123
2013.5,2.0135000000000014,7.741135966901105
2014.0,2.0139999999999967,7.743635966901081
2014.5,2.014499999999999,7.746135966901093
2015.0,2.0150000000000015,7.745073591014275
2015.5,2.0154999999999967,7.747573591014252
2016.0,2.015999999999999,7.750073591014264
2016.5,2.016500000000001,7.748846578668775
2017.0,2.016999999999997,7.751346578668752
2017.5,2.017499999999999,7.753846578668764
2018.0,2.0180000000000016,7.752436591168781
2018.5,2.018499999999997,7.754936591168757
2019.0,2.0189999999999997,7.757436591168769
2019.5,2.0195000000000016,7.755830312664536
2020.0,2.019999999999997,7.758330312664512
2020.5,2.0204999999999997,7.760830312664524
2021.0,2.0210000000000017,7.759053459245173
2021.5,2.021499999999997,7.76155345924515
2022.0,2.022,7.7640534592451615
2022.5,2.0225000000000017,7.762142889273882
2023.0,2.022999999999997,7.764642889273858
2023.5,2.0235,7.76714288927387
2024.0,2.024000000000002,7.76513063860655
2024.5,2.024499999999997,7.767630638606526
2025.0,2.025,7.770130638606538
2025.5,2.025500000000002,7.76805002391157
2026.0,2.0259999999999967,7.770550023911547
2026.5,2.0264999999999995,7.7730500239115585
2027.0,2.027000000000002,7.770937837390583
2027.5,2.0274999999999967,7.77343783739056
2028.0,2.028,7.775937837390572
2028.5,2.028500000000002,7.773830359082012
2029.0,2.0289999999999973,7.776330359081989
2029.5,2.0295,7.778830359082001
2030.0,2.030000000000002,7.776766385117142
2030.5,2.0304999999999973,7.779266385117118
2031.0,2.031,7.78176638511713
2031.5,2.031500000000002,7.779750142383008
2032.0,2.0319999999999974,7.782250142382985
2032.5,2.0325,7.784750142382997
2033.0,2.0330000000000026,7.782795654673862
2033.5,2.0334999999999974,7.785295654673838
2034.0,2.0340000000000003,7.78779565467385
2034.5,2.0345000000000026,7.785911873501554
2035.0,2.0349999999999975,7.788411873501531
2035.5,2.0355000000000003,7.790911873501543
2036.0,2.0360000000000027,7.789085191399856
2036.5,2.0364999999999975,7.791585191399832
2037.0,2.037,7.794085191399844
2037.5,2.0375000000000023,7.7923151021888515
2038.0,2.0379999999999976,7.794815102188828
2038.5,2.0385,7.79731510218884
2039.0,2.0390000000000024,7.799815102188852
2039.5,2.0394999999999976,7.798097353256601
2040.0,2.04,7.800597353256613
2040.5,2.0405000000000024,7.803097353256625
2041.0,2.0409999999999977,7.801398966058279
2041.5,2.0415,7.803898966058291
2042.0,2.0420000000000025,7.806398966058303
2042.5,2.0424999999999978,7.804716769385855
2043.0,2.043,7.807216769385867
2043.5,2.0435000000000025,7.809716769385879
2044.0,2.043999999999998,7.808048714622267
2044.5,2.0445,7.8105487146222785
2045.0,2.0450000000000026,7.81304871462229
2045.5,2.045499999999998,7.811364479134895
2046.0,2.0460000000000007,7.813864479134907
2046.5,2.046500000000003,7.8163644791349185
2047.0,2.046999999999998,7.814646818994895
2047.5,2.0475000000000003,7.817146818994907
2048.0,2.0480000000000027,7.819646818994919
2048.5,2.048499999999998,7.817842190116941
2049.0,2.0490000000000004,7.820342190116953
2049.5,2.0495000000000028,7.822842190116965
2050.0,2.049999999999998,7.820909629415631
2050.5,2.0505000000000004,7.823409629415643
2051.0,2.051000000000003,7.825909629415655
2051.5,2.051499999999998,7.823803968963645
2052.0,2.0520000000000005,7.826303968963657
2052.5,2.052500000000003,7.828803968963669
2053.0,2.0529999999999986,7.826495083184355
2053.5,2.053500000000001,7.828995083184367
2054.0,2.054000000000003,7.831495083184379
2054.5,2.0544999999999987,7.828978971361273
2055.0,2.055000000000001,7.831478971361285
2055.5,2.055500000000003,7.833978971361297
2056.0,2.0559999999999983,7.831274601941374
2056.5,2.056500000000001,7.833774601941386
2057.0,2.057000000000003,7.836274601941398
2057.5,2.0574999999999983,7.833419303527087
2058.0,2.0580000000000007,7.835919303527099
2058.5,2.058500000000003,7.838419303527111
2059.0,2.0589999999999984,7.835467984137345
2059.5,2.0595000000000008,7.837967984137357
2060.0,2.060000000000003,7.840467984137369
2060.5,2.0604999999999984,7.837481437274825
2061.0,2.061000000000001,7.839981437274837
2061.5,2.061500000000003,7.842481437274849
2062.0,2.0619999999999985,7.839522454144294
2062.5,2.062500000000001,7.842022454144306
2063.0,2.0630000000000037,7.844522454144318
2063.5,2.0634999999999986,7.841631936924287
2064.0,2.064000000000001,7.844131936924299
2064.5,2.0645000000000038,7.846631936924311
2065.0,2.0649999999999986,7.843846232571536
2065.5,2.065500000000001,7.846346232571548
2066.0,2.066000000000004,7.84884623257156
2066.5,2.0664999999999987,7.846201558730677
2067.0,2.067000000000001,7.848701558730688
2067.5,2.067500000000004,7.8512015587307005
2068.0,2.0679999999999987,7.848700803576634
2068.5,2.0685000000000007,7.851200803576646
2069.0,2.0690000000000035,7.853700803576658
2069.5,2.069499999999999,7.851360632587188
2070.0,2.0700000000000007,7.8538606325872
2070.5,2.0704999999999965,7.856360632587176
2071.0,2.070999999999999,7.854185386549375
2071.5,2.0715000000000012,7.856685386549387
2072.0,2.072000000000004,7.859185386549399
2072.5,2.072499999999999,7.857183483955872
2073.0,2.0730000000000013,7.859683483955884
2073.5,2.073499999999997,7.86218348395586
2074.0,2.073999999999999,7.860393384557867
2074.5,2.0745000000000013,7.862893384557879
2075.0,2.074999999999997,7.865393384557855
2075.5,2.075499999999999,7.863838601755653
2076.0,2.0760000000000014,7.866338601755665
2076.5,2.0764999999999967,7.868838601755641
2077.0,2.076999999999999,7.86752905451106
2077.5,2.0775000000000015,7.870029054511072
2078.0,2.0779999999999967,7.872529054511048
2078.5,2.078499999999999,7.871419370043782
2079.0,2.079000000000001,7.873919370043794
2079.5,2.079499999999997,7.87641937004377
2080.0,2.079999999999999,7.875454522695797
2080.5,2.0805000000000016,7.877954522695809
2081.0,2.080999999999997,7.880454522695786
2081.5,2.0814999999999997,7.879554497995684
2082.0,2.0820000000000016,7.882054497995696
2082.5,2.082499999999997,7.884554497995673
2083.0,2.0829999999999997,7.883623814027807
2083.5,2.0835000000000017,7.886123814027819
2084.0,2.083999999999997,7.888623814027795
2084.5,2.0845,7.887583679731982
2085.0,2.0850000000000017,7.890083679731994
2085.5,2.085499999999997,7.89258367973197
2086.0,2.086,7.891362546771141
2086.5,2.086500000000002,7.893862546771153
2087.0,2.086999999999997,7.89636254677113
2087.5,2.0875,7.894931718996752
2088.0,2.088000000000002,7.8974317189967635
2088.5,2.0884999999999967,7.89993171899674
2089.0,2.0889999999999995,7.898294070423866
2089.5,2.089500000000002,7.900794070423878
2090.0,2.0899999999999967,7.903294070423854
2090.5,2.0905,7.901479984660291
2091.0,2.091000000000002,7.903979984660303
2091.5,2.0914999999999973,7.90647998466028
2092.0,2.092,7.904514933472804
2092.5,2.092500000000002,7.907014933472816
2093.0,2.0929999999999973,7.909514933472792
2093.5,2.0935,7.907440593248616
2094.0,2.094000000000002,7.909940593248628
2094.5,2.0944999999999974,7.912440593248604
2095.0,2.095,7.910287323037117
2095.5,2.0955000000000026,7.912787323037129
2096.0,2.0959999999999974,7.915287323037106
2096.5,2.0965000000000003,7.913093651013554
2097.0,2.0970000000000026,7.915593651013566
2097.5,2.0974999999999975,7.9180936510135425
2098.0,2.0980000000000003,7.915885324480669
2098.5,2.0985000000000027,7.918385324480681
2099.0,2.0989999999999975,7.920885324480658
2099.5,2.0995,7.918687230308308
2100.0,2.1000000000000023,7.92118723030832
2100.5,2.1004999999999976,7.923687230308296
2101.0,2.101,7.921533628164639
2101.5,2.1015000000000024,7.924033628164651
2102.0,2.1019999999999976,7.926533628164627
2102.5,2.1025,7.924463134670709
2103.0,2.1030000000000024,7.9269631346707214
2103.5,2.1034999999999977,7.929463134670698
2104.0,2.104,7.927503510773626
2104.5,2.1045000000000025,7.930003510773638
2105.0,2.1049999999999978,7.932503510773614
2105.5,2.1055,7.930655532144684
2106.0,2.1060000000000025,7.933155532144696
2106.5,2.106499999999998,7.935655532144672
2107.0,2.1069999999999998,7.9338928238614415
2107.5,2.1075000000000026,7.936392823861453
2108.0,2.107999999999998,7.93889282386143
2108.5,2.1085000000000003,7.937170046460729
2109.0,2.1090000000000027,7.939670046460741
2109.5,2.109499999999998,7.942170046460717
2110.0,2.1100000000000003,7.940471392548929
2110.5,2.1105000000000027,7.942971392548941
2111.0,2.110999999999998,7.945471392548917
2111.5,2.1115000000000004,7.943777016614746
2112.0,2.1120000000000028,7.946277016614758
2112.5,2.112499999999998,7.948777016614734
2113.0,2.1130000000000004,7.947050193714915
2113.5,2.113500000000003,7.949550193714927
2114.0,2.113999999999998,7.952050193714903
2114.5,2.1145000000000005,7.9545501937149155
2115.0,2.115000000000003,7.95276988122918
2115.5,2.115499999999998,7.955269881229157
2116.0,2.116000000000001,7.957769881229169
2116.5,2.116500000000003,7.955927662627076
2117.0,2.116999999999998,7.958427662627052
2117.5,2.1175000000000006,7.960927662627064
2118.0,2.118000000000003,7.958994648289028
2118.5,2.1184999999999983,7.961494648289005
2119.0,2.1190000000000007,7.963994648289017
2119.5,2.119500000000003,7.961930532669434
2120.0,2.1199999999999983,7.964430532669411
2120.5,2.1205000000000007,7.966930532669423
2121.0,2.121000000000003,7.964713903324707
2121.5,2.1214999999999984,7.967213903324684
2122.0,2.1220000000000008,7.969713903324695
2122.5,2.122500000000003,7.967333316732379
2123.0,2.1229999999999984,7.969833316732355
2123.5,2.123500000000001,7.972333316732367
2124.0,2.124000000000003,7.969811290745987
2124.5,2.1244999999999985,7.972311290745964
2125.0,2.125000000000001,7.974811290745976
2125.5,2.1255000000000037,7.972184443431693
2126.0,2.1259999999999986,7.97468444343167
2126.5,2.126500000000001,7.977184443431682
2127.0,2.1270000000000038,7.974499278120533
2127.5,2.127499999999998,7.976999278120509
2128.0,2.128000000000001,7.979499278120521
2128.5,2.1285000000000034,7.976800416935532
2129.0,2.1289999999999987,7.979300416935509
2129.5,2.129500000000001,7.981800416935521
2130.0,2.1299999999999963,7.979134588403944
2130.5,2.1304999999999987,7.981634588403956
2131.0,2.131000000000001,7.984134588403968
2131.5,2.1315000000000035,7.981550110425779
2132.0,2.131999999999999,7.9840501104257555
2132.5,2.132500000000001,7.986550110425767
2133.0,2.1329999999999965,7.984073130316283
2133.5,2.133499999999999,7.986573130316295
2134.0,2.1340000000000012,7.989073130316306
2134.5,2.134500000000004,7.986688510203344
2135.0,2.134999999999999,7.98918851020332
2135.5,2.1355000000000013,7.991688510203332
2136.0,2.1359999999999966,7.989371423370706
2136.5,2.136499999999999,7.991871423370718
2137.0,2.1370000000000013,7.99437142337073
2137.5,2.137500000000004,7.992102966813235
2138.0,2.137999999999999,7.994602966813211
2138.5,2.1385000000000014,7.997102966813223
2139.0,2.1389999999999967,7.994867327485338
2139.5,2.139499999999999,7.99736732748535
2140.0,2.140000000000001,7.999867327485362
2140.5,2.1404999999999967,7.997660320643192
2141.0,2.140999999999999,8.000160320643204
2141.5,2.141500000000001,8.002660320643216
2142.0,2.141999999999997,8.000480521435165
2142.5,2.142499999999999,8.002980521435177
2143.0,2.1430000000000016,8.005480521435189
2143.5,2.143499999999997,8.00334054347207
2144.0,2.1439999999999997,8.005840543472083
2144.5,2.1445000000000016,8.008340543472094
2145.0,2.144999999999997,8.006233895440182
2145.5,2.1454999999999997,8.008733895440194
2146.0,2.1460000000000017,8.011233895440206
2146.5,2.146499999999997,8.009172214791569
2147.0,2.147,8.01167221479158
2147.5,2.1475000000000017,8.014172214791593
2148.0,2.147999999999997,8.012164294262156
2148.5,2.1484999999999994,8.014664294262168
2149.0,2.149000000000002,8.01716429426218
2149.5,2.149499999999997,8.015189507360745
2150.0,2.1499999999999995,8.017689507360757
2150.5,2.150500000000002,8.020189507360769
2151.0,2.150999999999997,8.018223400879663
2151.5,2.1514999999999995,8.020723400879675
2152.0,2.152000000000002,8.023223400879687
2152.5,2.152499999999997,8.021224041736659
2153.0,2.153,8.02372404173667
2153.5,2.153500000000002,8.026224041736683
2154.0,2.1539999999999973,8.024169908187702
2154.5,2.1545,8.026669908187714
2155.0,2.155000000000002,8.029169908187725
2155.5,2.1554999999999973,8.027065011758623
2156.0,2.156,8.029565011758635
2156.5,2.156500000000002,8.032065011758647
2157.0,2.1569999999999974,8.029898378244127
2157.5,2.1575,8.032398378244139
2158.0,2.158000000000002,8.03489837824415
2158.5,2.158499999999997,8.032673999508866
2159.0,2.159,8.035173999508878
2159.5,2.159500000000002,8.03767399950889
2160.0,2.159999999999997,8.035393945433462
2160.5,2.1605,8.037893945433474
2161.0,2.1610000000000023,8.040393945433486
2161.5,2.1614999999999975,8.038070542199662
2162.0,2.162,8.040570542199674
2162.5,2.1625000000000023,8.043070542199686
2163.0,2.1629999999999976,8.04068875016096
2163.5,2.1635,8.043188750160972
2164.0,2.1640000000000024,8.045688750160984
2164.5,2.1644999999999976,8.043233349356811
2165.0,2.165,8.045733349356823
2165.5,2.1655000000000024,8.048233349356835
2166.0,2.1659999999999977,8.045720850526266
2166.5,2.1665,8.048220850526278
2167.0,2.1670000000000025,8.05072085052629
2167.5,2.1674999999999978,8.0481638262615
2168.0,2.168,8.050663826261513
2168.5,2.1685000000000025,8.053163826261525
2169.0,2.168999999999998,8.050567706813077
2169.5,2.1694999999999998,8.053067706813088
2170.0,2.1700000000000026,8.0555677068131
2170.5,2.170499999999998,8.052943957399137
2171.0,2.1710000000000003,8.055443957399149
2171.5,2.1715000000000027,8.05794395739916
2172.0,2.171999999999998,8.05532190339644
2172.5,2.1725000000000003,8.057821903396452
2173.0,2.1730000000000027,8.060321903396463
2173.5,2.173499999999998,8.057692640624197
2174.0,2.1740000000000004,8.060192640624209
2174.5,2.1745000000000028,8.06269264062422
2175.0,2.174999999999998,8.060042836814425
2175.5,2.1755000000000004,8.062542836814437
2176.0,2.176000000000003,8.065042836814449
2176.5,2.176499999999998,8.062383674435125
2177.0,2.1770000000000005,8.064883674435137
2177.5,2.177500000000003,8.067383674435149
2178.0,2.177999999999998,8.064735271185342
2178.5,2.178500000000001,8.067235271185353
2179.0,2.179000000000003,8.069735271185365
2179.5,2.179499999999998,8.067118757460534
2180.0,2.1800000000000006,8.069618757460546
2180.5,2.180500000000003,8.072118757460558
2181.0,2.1809999999999983,8.069560803947056
2181.5,2.1815000000000007,8.072060803947068
2182.0,2.182000000000003,8.07456080394708
2182.5,2.1824999999999983,8.072065693379535
2183.0,2.1830000000000007,8.074565693379547
2183.5,2.183500000000003,8.07706569337956
2184.0,2.1839999999999984,8.074626666125297
2184.5,2.1845000000000008,8.07712666612531
2185.0,2.185000000000003,8.079626666125321
2185.5,2.1854999999999984,8.077244092401195
2186.0,2.186000000000001,8.079744092401207
2186.5,2.186500000000003,8.082244092401218
2187.0,2.1869999999999985,8.079900173821457
2187.5,2.187500000000001,8.082400173821469
2188.0,2.1880000000000037,8.084900173821481
2188.5,2.1884999999999986,8.082551975991947
2189.0,2.189000000000001,8.08505197599196
2189.5,2.1895000000000038,8.087551975991971
2190.0,2.189999999999998,8.090051975991948
2190.5,2.190500000000001,8.08765481467681
2191.0,2.1910000000000034,8.090154814676822
2191.5,2.1914999999999987,8.092654814676798
2192.0,2.192000000000001,8.090171936864259
2192.5,2.1924999999999963,8.092671936864235
2193.0,2.1929999999999987,8.095171936864247
2193.5,2.193500000000001,8.0925743184142
2194.0,2.1940000000000035,8.095074318414213
2194.5,2.194499999999999,8.097574318414189
2195.0,2.195000000000001,8.094863805939063
2195.5,2.1954999999999965,8.09736380593904
2196.0,2.195999999999999,8.099863805939052
2196.5,2.1965000000000012,8.09706635139797
2197.0,2.197000000000004,8.099566351397982
2197.5,2.197499999999999,8.102066351397958
2198.0,2.1980000000000013,8.099210389899696
2198.5,2.1984999999999966,8.101710389899672
2199.0,2.198999999999999,8.104210389899684
2199.5,2.1995000000000013,8.101324267980878
2200.0,2.200000000000004,8.10382426798089
2200.5,2.200499999999999,8.106324267980867
2201.0,2.2010000000000014,8.103438263098752
2201.5,2.2014999999999967,8.105938263098729
2202.0,2.201999999999999,8.10843826309874
2202.5,2.202500000000001,8.105553439613331
2203.0,2.2029999999999967,8.108053439613307
2203.5,2.203499999999999,8.11055343961332
2204.0,2.204000000000001,8.107660482591683
2204.5,2.204499999999997,8.11016048259166
2205.0,2.204999999999999,8.112660482591671
2205.5,2.2055000000000016,8.109741930107752
2206.0,2.205999999999997,8.112241930107729
2206.5,2.2064999999999997,8.11474193010774
2207.0,2.2070000000000016,8.111802575567069
2207.5,2.207499999999997,8.114302575567045
2208.0,2.2079999999999997,8.116802575567057
2208.5,2.2085000000000017,8.113853468046663
2209.0,2.208999999999997,8.11635346804664
2209.5,2.2095,8.118853468046652
2210.0,2.2100000000000017,8.11591849736267
2210.5,2.210499999999997,8.118418497362647
2211.0,2.2109999999999994,8.12091849736266
2211.5,2.211500000000002,8.118043160246948
2212.0,2.211999999999997,8.120543160246925
2212.5,2.2124999999999995,8.123043160246937
2213.0,2.213000000000002,8.120248286450646
2213.5,2.213499999999997,8.122748286450623
2214.0,2.2139999999999995,8.125248286450635
2214.5,2.214500000000002,8.12257327378159
2215.0,2.214999999999997,8.125073273781567
2215.5,2.2155,8.127573273781579
2216.0,2.216000000000002,8.12505554618749
2216.5,2.2164999999999973,8.127555546187466
2217.0,2.217,8.130055546187478
2217.5,2.217500000000002,8.127689677007197
2218.0,2.2179999999999973,8.130189677007174
2218.5,2.2185,8.132689677007185
2219.0,2.219000000000002,8.130451640356924
2219.5,2.2194999999999974,8.1329516403569
2220.0,2.22,8.135451640356912
2220.5,2.220500000000002,8.13331697360642
2221.0,2.220999999999997,8.135816973606396
2221.5,2.2215,8.138316973606408
2222.0,2.222000000000002,8.136247151552531
2222.5,2.222499999999997,8.138747151552508
2223.0,2.223,8.14124715155252
2223.5,2.2235000000000023,8.139221767429845
2224.0,2.2239999999999975,8.141721767429821
2224.5,2.2245,8.144221767429833
2225.0,2.2250000000000023,8.142201839544967
2225.5,2.2254999999999976,8.144701839544943
2226.0,2.226,8.147201839544955
2226.5,2.2265000000000024,8.145171288098325
2227.0,2.2269999999999976,8.147671288098302
2227.5,2.2275,8.150171288098313
2228.0,2.2280000000000024,8.148107248093872
2228.5,2.2284999999999977,8.150607248093849
2229.0,2.229,8.15310724809386
2229.5,2.2295000000000025,8.150991219120591
2230.0,2.2299999999999978,8.153491219120568
2230.5,2.2305,8.15599121912058
2231.0,2.2310000000000025,8.15381535654776
2231.5,2.231499999999998,8.156315356547736
2232.0,2.2319999999999998,8.158815356547748
2232.5,2.2325000000000026,8.15659591352059
2233.0,2.232999999999998,8.159095913520567
2233.5,2.2335000000000003,8.161595913520578
2234.0,2.2340000000000027,8.159344999870122
2234.5,2.234499999999998,8.161844999870098
2235.0,2.2350000000000003,8.16434499987011
2235.5,2.2355000000000027,8.1620742906264
2236.0,2.235999999999998,8.164574290626376
2236.5,2.2365000000000004,8.167074290626388
2237.0,2.2370000000000028,8.164810061972396
2237.5,2.237499999999998,8.167310061972373
2238.0,2.2380000000000004,8.169810061972385
2238.5,2.238500000000003,8.167549156656797
2239.0,2.238999999999998,8.170049156656773
2239.5,2.2395000000000005,8.172549156656785
2240.0,2.240000000000003,8.170315255097265
2240.5,2.240499999999998,8.172815255097241
2241.0,2.241000000000001,8.175315255097253
2241.5,2.241500000000003,8.173125929107492
2242.0,2.241999999999998,8.175625929107468
2242.5,2.2425000000000006,8.17812592910748
2243.0,2.243000000000003,8.17599959172881
2243.5,2.2434999999999983,8.178499591728787
2244.0,2.2440000000000007,8.1809995917288
2244.5,2.244500000000003,8.17896176550466
2245.0,2.2449999999999983,8.181461765504636
2245.5,2.2455000000000007,8.183961765504648
2246.0,2.246000000000003,8.18198944535304
2246.5,2.2464999999999984,8.184489445353016
2247.0,2.2470000000000008,8.186989445353028
2247.5,2.247500000000003,8.185051780025674
2248.0,2.2479999999999984,8.18755178002565
2248.5,2.248500000000001,8.190051780025662
2249.0,2.249000000000003,8.188154005740103
2249.5,2.2494999999999985,8.190654005740079
2250.0,2.250000000000001,8.193154005740091
2250.5,2.2505000000000037,8.19130732890212
2251.0,2.2509999999999986,8.193807328902096
2251.5,2.251500000000001,8.196307328902108
2252.0,2.2520000000000038,8.194511193207497
2252.5,2.252499999999998,8.197011193207473
2253.0,2.253000000000001,8.199511193207485
2253.5,2.2535000000000034,8.197774223188539
2254.0,2.2539999999999987,8.200274223188515
2254.5,2.254500000000001,8.202774223188527
2255.0,2.2549999999999963,8.201080358412263
2255.5,2.2554999999999987,8.203580358412275
2256.0,2.256000000000001,8.206080358412287
2256.5,2.2565000000000035,8.204441252798631
2257.0,2.256999999999999,8.206941252798607
2257.5,2.257500000000001,8.20944125279862
2258.0,2.2579999999999965,8.207837041046169
2258.5,2.258499999999999,8.21033704104618
2259.0,2.2590000000000012,8.212837041046193
2259.5,2.259500000000004,8.21121776197188
2260.0,2.259999999999999,8.213717761971857
2260.5,2.2605000000000013,8.216217761971869
2261.0,2.2609999999999966,8.21454063118395
2261.5,2.261499999999999,8.217040631183963
2262.0,2.2620000000000013,8.219540631183975
2262.5,2.262500000000004,8.217772345053795
2263.0,2.262999999999999,8.220272345053772
2263.5,2.2635000000000014,8.222772345053784
2264.0,2.2639999999999967,8.220893371170277
2264.5,2.264499999999999,8.223393371170289
2265.0,2.265000000000001,8.2258933711703
2265.5,2.2654999999999967,8.228393371170277
2266.0,2.265999999999999,8.226393694209584
2266.5,2.266500000000001,8.228893694209596
2267.0,2.266999999999997,8.231393694209572
2267.5,2.267499999999999,8.22928372630681
2268.0,2.2680000000000016,8.231783726306823
2268.5,2.268499999999997,8.2342837263068
2269.0,2.2689999999999997,8.232089781438567
2269.5,2.2695000000000016,8.23458978143858
2270.0,2.269999999999997,8.237089781438556
2270.5,2.2704999999999997,8.234827144151708
2271.0,2.2710000000000017,8.23732714415172
2271.5,2.271499999999997,8.239827144151697
2272.0,2.272,8.23750491547571
2272.5,2.2725000000000017,8.240004915475723
2273.0,2.272999999999997,8.242504915475699
2273.5,2.2734999999999994,8.2401335650529
2274.0,2.274000000000002,8.242633565052913
2274.5,2.274499999999997,8.245133565052889
2275.0,2.2749999999999995,8.242697239522592
2275.5,2.275500000000002,8.245197239522604
2276.0,2.275999999999997,8.24769723952258
2276.5,2.2764999999999995,8.245171282700383
2277.0,2.277000000000002,8.247671282700395
2277.5,2.277499999999997,8.250171282700371
2278.0,2.278,8.247577246862257
2278.5,2.278500000000002,8.250077246862269
2279.0,2.2789999999999973,8.252577246862245
2279.5,2.2795,8.249894644765057
2280.0,2.280000000000002,8.252394644765069
2280.5,2.2804999999999973,8.254894644765045
2281.0,2.281,8.25212438528144
2281.5,2.281500000000002,8.254624385281453
2282.0,2.2819999999999974,8.25712438528143
2282.5,2.2825,8.254288630334692
2283.0,2.283000000000002,8.256788630334704
2283.5,2.283499999999997,8.25928863033468
2284.0,2.284,8.256391710319022
2284.5,2.284500000000002,8.258891710319034
2285.0,2.284999999999997,8.26139171031901
2285.5,2.2855,8.258453882096823
2286.0,2.2860000000000023,8.260953882096835
2286.5,2.2864999999999975,8.263453882096812
2287.0,2.287,8.260477974713467
2287.5,2.2875000000000023,8.262977974713479
2288.0,2.2879999999999976,8.265477974713455
2288.5,2.2885,8.2624540376111
2289.0,2.2890000000000024,8.264954037611112
2289.5,2.2894999999999976,8.267454037611088
2290.0,2.29,8.26437433792563
2290.5,2.2905000000000024,8.266874337925643
2291.0,2.2909999999999977,8.269374337925619
2291.5,2.2915,8.266227562527853
2292.0,2.2920000000000025,8.268727562527864
2292.5,2.2924999999999978,8.27122756252784
2293.0,2.293,8.268007862045827
2293.5,2.2935000000000025,8.27050786204584
2294.0,2.293999999999998,8.273007862045816
2294.5,2.2944999999999998,8.26971366578011
2295.0,2.2950000000000026,8.272213665780122
2295.5,2.295499999999998,8.274713665780098
2296.0,2.2960000000000003,8.271338810587565
2296.5,2.2965000000000027,8.273838810587577
2297.0,2.296999999999998,8.276338810587553
2297.5,2.2975000000000003,8.272872901832748
2298.0,2.2980000000000027,8.27537290183276
2298.5,2.298499999999998,8.277872901832737
2299.0,2.2990000000000004,8.27432498943974
2299.5,2.2995000000000028,8.276824989439753
2300.0,2.299999999999998,8.27932498943973
2300.5,2.3005000000000004,8.275709794357127
2301.0,2.301000000000003,8.278209794357139
2301.5,2.301499999999998,8.280709794357115
2302.0,2.3020000000000005,8.277029285421555
2302.5,2.302500000000003,8.279529285421567
2303.0,2.302999999999998,8.282029285421544
2303.5,2.303500000000001,8.278260089705967
2304.0,2.304000000000003,8.280760089705979
2304.5,2.304499999999998,8.283260089705955
2305.0,2.3050000000000006,8.279397479276724
2305.5,2.305500000000003,8.281897479276736
2306.0,2.3059999999999983,8.284397479276713
2306.5,2.3065000000000007,8.280458064080243
2307.0,2.307000000000003,8.282958064080255
2307.5,2.3074999999999983,8.285458064080231
2308.0,2.3080000000000007,8.28146273262444
2308.5,2.308500000000003,8.283962732624452
2309.0,2.3089999999999984,8.286462732624429
2309.5,2.3095000000000008,8.282436160076934
2310.0,2.310000000000003,8.284936160076946
2310.5,2.3104999999999984,8.287436160076922
2311.0,2.311000000000001,8.283387175105155
2311.5,2.311500000000003,8.285887175105167
2312.0,2.3119999999999985,8.288387175105143
2312.5,2.312500000000001,8.28434058249119
2313.0,2.3130000000000037,8.286840582491202
2313.5,2.3134999999999986,8.289340582491178
2314.0,2.314000000000001,8.285326512563671
2314.5,2.3145000000000038,8.287826512563683
2315.0,2.314999999999998,8.29032651256366
2315.5,2.315500000000001,8.286368267402402
2316.0,2.3160000000000034,8.288868267402414
2316.5,2.3164999999999987,8.29136826740239
2317.0,2.317000000000001,8.287507149850804
2317.5,2.3174999999999963,8.29000714985078
2318.0,2.3179999999999987,8.292507149850792
2318.5,2.318500000000001,8.288752196072195
2319.0,2.3190000000000035,8.291252196072207
2319.5,2.319499999999999,8.293752196072184
2320.0,2.320000000000001,8.290116303389006
2320.5,2.3204999999999965,8.292616303388982
2321.0,2.320999999999999,8.295116303388994
2321.5,2.3215000000000012,8.291601954067929
2322.0,2.322000000000004,8.29410195406794
2322.5,2.322499999999999,8.296601954067917
2323.0,2.3230000000000013,8.293215290845346
2323.5,2.3234999999999966,8.295715290845322
2324.0,2.323999999999999,8.298215290845334
2324.5,2.3245000000000013,8.29496149224024
2325.0,2.325000000000004,8.297461492240252
2325.5,2.325499999999999,8.299961492240229
2326.0,2.3260000000000014,8.29683813689698
2326.5,2.3264999999999967,8.299338136896957
2327.0,2.326999999999999,8.301838136896968
2327.5,2.327500000000001,8.298847845203312
2328.0,2.3279999999999967,8.301347845203289
2328.5,2.328499999999999,8.3038478452033
2329.0,2.329000000000001,8.30097611793537
2329.5,2.329499999999997,8.303476117935347
2330.0,2.329999999999999,8.305976117935359
2330.5,2.3305000000000016,8.303237111781847
2331.0,2.330999999999997,8.305737111781824
2331.5,2.3314999999999997,8.308237111781835
2332.0,2.3320000000000016,8.305625619361123
2332.5,2.332499999999997,8.3081256193611
2333.0,2.3329999999999997,8.310625619361112
2333.5,2.3335000000000017,8.308136167486708
2334.0,2.333999999999997,8.310636167486685
2334.5,2.3345,8.313136167486697
2335.0,2.3350000000000017,8.310753642072868
2335.5,2.335499999999997,8.313253642072844
2336.0,2.3359999999999994,8.315753642072856
2336.5,2.336500000000002,8.313445535606832
2337.0,2.336999999999997,8.315945535606808
2337.5,2.3374999999999995,8.31844553560682
2338.0,2.338000000000002,8.316183182776022
2338.5,2.338499999999997,8.318683182775999
2339.0,2.3389999999999995,8.32118318277601
2339.5,2.339500000000002,8.318952546946612
2340.0,2.339999999999997,8.321452546946588
2340.5,2.3405,8.3239525469466
2341.0,2.341000000000002,8.326452546946612
2341.5,2.3414999999999973,8.32422370833303
2342.0,2.342,8.326723708333041
2342.5,2.342500000000002,8.329223708333053
2343.0,2.3429999999999973,8.326974032461472
2343.5,2.3435,8.329474032461484
2344.0,2.344000000000002,8.331974032461495
2344.5,2.3444999999999974,8.32969198313073
2345.0,2.345,8.332191983130741
2345.5,2.345500000000002,8.334691983130753
2346.0,2.345999999999997,8.33237742670029
2346.5,2.3465,8.334877426700302
2347.0,2.347000000000002,8.337377426700314
2347.5,2.347499999999997,8.335049328514792
2348.0,2.348,8.337549328514804
2348.5,2.3485000000000023,8.340049328514816
2349.0,2.3489999999999975,8.337718382625106
2349.5,2.3495,8.340218382625117
2350.0,2.3500000000000023,8.34271838262513
2350.5,2.3504999999999976,8.340409950375935
2351.0,2.351,8.342909950375947
2351.5,2.3515000000000024,8.34540995037596
2352.0,2.3519999999999976,8.343143945917397
2352.5,2.3525,8.34564394591741
2353.0,2.3530000000000024,8.348143945917421
2353.5,2.3534999999999977,8.345949992594619
2354.0,2.354,8.348449992594631
2354.5,2.3545000000000025,8.350949992594643
2355.0,2.3549999999999978,8.348857360487223
2355.5,2.3555,8.351357360487235
2356.0,2.3560000000000025,8.353857360487247
2356.5,2.356499999999998,8.351857677937815
2357.0,2.3569999999999998,8.354357677937827
2357.5,2.3575000000000026,8.356857677937839
2358.0,2.357999999999998,8.354934838464274
2358.5,2.3585000000000003,8.357434838464286
2359.0,2.3590000000000027,8.359934838464298
2359.5,2.359499999999998,8.35805841209151
2360.0,2.3600000000000003,8.360558412091521
2360.5,2.3605000000000027,8.363058412091533
2361.0,2.360999999999998,8.361199656530722
2361.5,2.3615000000000004,8.363699656530734
2362.0,2.3620000000000028,8.366199656530746
2362.5,2.362499999999998,8.36434389595862
2363.0,2.3630000000000004,8.366843895958631
2363.5,2.363500000000003,8.369343895958643
2364.0,2.363999999999998,8.367483984149935
2364.5,2.3645000000000005,8.369983984149947
2365.0,2.365000000000003,8.372483984149959
2365.5,2.365499999999998,8.370632680037033
2366.0,2.366000000000001,8.373132680037045
2366.5,2.366500000000003,8.375632680037057
2367.0,2.366999999999998,8.373792881095135
2367.5,2.3675000000000006,8.376292881095146
2368.0,2.368000000000003,8.378792881095158
2368.5,2.3684999999999983,8.37696057803555
2369.0,2.3690000000000007,8.379460578035562
2369.5,2.369500000000003,8.381960578035574
2370.0,2.3699999999999983,8.38009645886089
2370.5,2.3705000000000007,8.382596458860903
2371.0,2.371000000000003,8.385096458860914
2371.5,2.3714999999999984,8.38318022554116
2372.0,2.3720000000000008,8.385680225541172
2372.5,2.372500000000003,8.388180225541184
2373.0,2.3729999999999984,8.386170639895383
2373.5,2.373500000000001,8.388670639895395
2374.0,2.374000000000003,8.391170639895407
2374.5,2.3744999999999985,8.389014082187565
2375.0,2.375000000000001,8.391514082187577
2375.5,2.3755000000000037,8.394014082187589
2376.0,2.3759999999999986,8.391677163702838
2376.5,2.376500000000001,8.39417716370285
2377.0,2.3770000000000038,8.396677163702861
2377.5,2.377499999999998,8.394158032940986
2378.0,2.378000000000001,8.396658032940998
2378.5,2.3785000000000034,8.39915803294101
2379.0,2.3789999999999987,8.396448367241867
2379.5,2.379500000000001,8.398948367241879
2380.0,2.3799999999999963,8.401448367241855
2380.5,2.3804999999999987,8.398541981765781
2381.0,2.381000000000001,8.401041981765793
2381.5,2.3815000000000035,8.403541981765805
2382.0,2.381999999999999,8.400464075863852
2382.5,2.382500000000001,8.402964075863864
2383.0,2.3829999999999965,8.40546407586384
2383.5,2.383499999999999,8.402237181986685
2384.0,2.3840000000000012,8.404737181986697
2384.5,2.384500000000004,8.407237181986709
2385.0,2.384999999999999,8.40389301757476
2385.5,2.3855000000000013,8.406393017574771
2386.0,2.3859999999999966,8.408893017574748
2386.5,2.386499999999999,8.405453417618212
2387.0,2.3870000000000013,8.407953417618224
2387.5,2.387500000000004,8.410453417618236
2388.0,2.387999999999999,8.406924423012079
2388.5,2.3885000000000014,8.40942442301209
2389.0,2.3889999999999967,8.411924423012067
2389.5,2.389499999999999,8.408308115502656
2390.0,2.390000000000001,8.410808115502668
2390.5,2.3904999999999967,8.413308115502645
2391.0,2.390999999999999,8.409608910527098
2391.5,2.391500000000001,8.41210891052711
2392.0,2.391999999999997,8.414608910527086
2392.5,2.392499999999999,8.410842988011495
2393.0,2.3930000000000016,8.413342988011507
2393.5,2.393499999999997,8.415842988011484
2394.0,2.3939999999999997,8.412006381539143
2394.5,2.3945000000000016,8.414506381539155
2395.0,2.394999999999997,8.417006381539132
2395.5,2.3954999999999997,8.413118214459985
2396.0,2.3960000000000017,8.415618214459997
2396.5,2.396499999999997,8.418118214459973
2397.0,2.397,8.414193828551468
2397.5,2.3975000000000017,8.41669382855148
2398.0,2.397999999999997,8.419193828551457
2398.5,2.3984999999999994,8.415234278701647
2399.0,2.399000000000002,8.417734278701658
2399.5,2.399499999999997,8.420234278701635
2400.0,2.3999999999999995,8.416260201272436
2400.5,2.400500000000002,8.418760201272448
2401.0,2.400999999999997,8.421260201272425
2401.5,2.4014999999999995,8.417272707705195
2402.0,2.402000000000002,8.419772707705206
2402.5,2.402499999999997,8.422272707705183
2403.0,2.403,8.418248086920848
2403.5,2.403500000000002,8.42074808692086
2404.0,2.4039999999999973,8.423248086920836
2404.5,2.4045,8.419203271438569
2405.0,2.405000000000002,8.42170327143858
2405.5,2.4054999999999973,8.424203271438557
2406.0,2.406,8.42012276478279
2406.5,2.406500000000002,8.422622764782801
2407.0,2.4069999999999974,8.425122764782778
2407.5,2.4075,8.420998868673273
2408.0,2.408000000000002,8.423498868673285
2408.5,2.408499999999997,8.425998868673261
2409.0,2.409,8.421821435220842
2409.5,2.409500000000002,8.424321435220854
2410.0,2.409999999999997,8.42682143522083
2410.5,2.4105,8.422575922094886
2411.0,2.4110000000000023,8.425075922094898
2411.5,2.4114999999999975,8.427575922094874
2412.0,2.412,8.423272524190253
2412.5,2.4125000000000023,8.425772524190265
2413.0,2.4129999999999976,8.428272524190241
2413.5,2.4135,8.423917438031694
2414.0,2.4140000000000024,8.426417438031706
2414.5,2.4144999999999976,8.428917438031682
2415.0,2.415,8.42452067183256
2415.5,2.4155000000000024,8.427020671832572
2416.0,2.4159999999999977,8.429520671832549
2416.5,2.4165,8.43202067183256
2417.0,2.4170000000000025,8.427586376629073
2417.5,2.4174999999999978,8.430086376629049
2418.0,2.418,8.432586376629061
2418.5,2.4185000000000025,8.428139829783703
2419.0,2.418999999999998,8.43063982978368
2419.5,2.4194999999999998,8.433139829783691
2420.0,2.4200000000000026,8.428714080274418
2420.5,2.420499999999998,8.431214080274394
2421.0,2.4210000000000003,8.433714080274406
2421.5,2.4215000000000027,8.429321773048386
2422.0,2.421999999999998,8.431821773048362
2422.5,2.4225000000000003,8.434321773048374
2423.0,2.4230000000000027,8.42996647222293
2423.5,2.423499999999998,8.432466472222906
2424.0,2.4240000000000004,8.434966472222918
2424.5,2.4245000000000028,8.430678402264
2425.0,2.424999999999998,8.433178402263977
2425.5,2.4255000000000004,8.435678402263989
2426.0,2.426000000000003,8.43146887817209
2426.5,2.426499999999998,8.433968878172067
2427.0,2.4270000000000005,8.436468878172079
2427.5,2.427500000000003,8.432354498058388
2428.0,2.427999999999998,8.434854498058364
2428.5,2.428500000000001,8.437354498058376
2429.0,2.429000000000003,8.433349135214563
2429.5,2.429499999999998,8.43584913521454
2430.0,2.4300000000000006,8.438349135214551
2430.5,2.430500000000003,8.4344454126526
2431.0,2.4309999999999983,8.436945412652577
2431.5,2.4315000000000007,8.439445412652589
2432.0,2.432000000000003,8.435646231500904
2432.5,2.4324999999999983,8.43814623150088
2433.0,2.4330000000000007,8.440646231500892
2433.5,2.433500000000003,8.436944911697637
2434.0,2.4339999999999984,8.439444911697613
2434.5,2.4345000000000008,8.441944911697625
2435.0,2.435000000000003,8.43834432210393
2435.5,2.4354999999999984,8.440844322103906
2436.0,2.436000000000001,8.443344322103918
2436.5,2.436500000000003,8.439861578160652
2437.0,2.4369999999999985,8.442361578160629
2437.5,2.437500000000001,8.44486157816064
2438.0,2.4380000000000037,8.441500962114858
2438.5,2.4384999999999986,8.444000962114835
2439.0,2.439000000000001,8.446500962114847
2439.5,2.4395000000000038,8.443276578518883
2440.0,2.439999999999998,8.44577657851886
2440.5,2.440500000000001,8.448276578518872
2441.0,2.4410000000000034,8.445210851347902
2441.5,2.4414999999999987,8.447710851347878
2442.0,2.442000000000001,8.45021085134789
2442.5,2.4424999999999963,8.447287193103428
2443.0,2.4429999999999987,8.44978719310344
2443.5,2.443500000000001,8.452287193103452
2444.0,2.4440000000000035,8.449496058900401
2444.5,2.444499999999999,8.451996058900377
2445.0,2.445000000000001,8.45449605890039
2445.5,2.4454999999999965,8.451790030227855
2446.0,2.445999999999999,8.454290030227867
2446.5,2.4465000000000012,8.456790030227879
2447.0,2.447000000000004,8.454143869757047
2447.5,2.447499999999999,8.456643869757023
2448.0,2.4480000000000013,8.459143869757035
2448.5,2.4484999999999966,8.45655117273676
2449.0,2.448999999999999,8.459051172736771
2449.5,2.4495000000000013,8.461551172736783
2450.0,2.450000000000004,8.458988797754436
2450.5,2.450499999999999,8.461488797754413
2451.0,2.4510000000000014,8.463988797754425
2451.5,2.4514999999999967,8.461427964018569
2452.0,2.451999999999999,8.46392796401858
2452.5,2.452500000000001,8.466427964018592
2453.0,2.4529999999999967,8.463860887373862
2453.5,2.453499999999999,8.466360887373874
2454.0,2.454000000000001,8.468860887373886
2454.5,2.454499999999997,8.466274231760913
2455.0,2.454999999999999,8.468774231760925
2455.5,2.4555000000000016,8.471274231760937
2456.0,2.455999999999997,8.468660392614353
2456.5,2.4564999999999997,8.471160392614365
2457.0,2.4570000000000016,8.473660392614377
2457.5,2.457499999999997,8.471013926753947
2458.0,2.4579999999999997,8.47351392675396
2458.5,2.4585000000000017,8.476013926753971
2459.0,2.458999999999997,8.473321715492332
2459.5,2.4595,8.475821715492344
2460.0,2.4600000000000017,8.478321715492356
2460.5,2.460499999999997,8.475579291593434
2461.0,2.4609999999999994,8.478079291593446
2461.5,2.461500000000002,8.480579291593457
2462.0,2.461999999999997,8.477777291740907
2462.5,2.4624999999999995,8.480277291740919
2463.0,2.463000000000002,8.48277729174093
2463.5,2.463499999999997,8.479921888717747
2464.0,2.4639999999999995,8.48242188871776
2464.5,2.464500000000002,8.484921888717771
2465.0,2.464999999999997,8.482051150031396
2465.5,2.4655,8.484551150031407
2466.0,2.466000000000002,8.48705115003142
2466.5,2.4664999999999973,8.484210281905433
2467.0,2.467,8.486710281905445
2467.5,2.467500000000002,8.489210281905457
2468.0,2.4679999999999973,8.486441603084884
2468.5,2.4685,8.488941603084896
2469.0,2.469000000000002,8.491441603084908
2469.5,2.4694999999999974,8.48876721513303
2470.0,2.47,8.491267215133043
2470.5,2.470500000000002,8.493767215133055
2471.0,2.470999999999997,8.491174564382327
2471.5,2.4715,8.493674564382339
2472.0,2.472000000000002,8.49617456438235
2472.5,2.472499999999997,8.493679798278677
2473.0,2.473,8.496179798278689
2473.5,2.4735000000000023,8.498679798278701
2474.0,2.4739999999999975,8.496291428107483
2474.5,2.4745,8.498791428107495
2475.0,2.4750000000000023,8.501291428107507
2475.5,2.4754999999999976,8.498980068935857
2476.0,2.476,8.50148006893587
2476.5,2.4765000000000024,8.503980068935881
2477.0,2.4769999999999976,8.501706358868937
2477.5,2.4775,8.504206358868949
2478.0,2.4780000000000024,8.50670635886896
2478.5,2.4784999999999977,8.504462163094217
2479.0,2.479,8.50696216309423
2479.5,2.4795000000000025,8.509462163094241
2480.0,2.4799999999999978,8.507235452377024
2480.5,2.4805,8.509735452377036
2481.0,2.4810000000000025,8.512235452377048
2481.5,2.481499999999998,8.50998779182671
2482.0,2.4819999999999998,8.512487791826722
2482.5,2.4825000000000026,8.514987791826734
2483.0,2.482999999999998,8.512704821504933
2483.5,2.4835000000000003,8.515204821504945
2484.0,2.4840000000000027,8.517704821504957
2484.5,2.484499999999998,8.515350608147969
2485.0,2.4850000000000003,8.517850608147981
2485.5,2.4855000000000027,8.520350608147993
2486.0,2.485999999999998,8.51789036505842
2486.5,2.4865000000000004,8.520390365058432
2487.0,2.4870000000000028,8.522890365058444
2487.5,2.487499999999998,8.520305770086694
2488.0,2.4880000000000004,8.522805770086705
2488.5,2.488500000000003,8.525305770086717
2489.0,2.488999999999998,8.522574531580922
2489.5,2.4895000000000005,8.525074531580934
2490.0,2.490000000000003,8.527574531580946
2490.5,2.490499999999998,8.524671424271979
2491.0,2.491000000000001,8.527171424271991
2491.5,2.491500000000003,8.529671424272003
2492.0,2.491999999999998,8.53217142427198
2492.5,2.4925000000000006,8.529103540364567
2493.0,2.493000000000003,8.531603540364578
2493.5,2.4934999999999983,8.534103540364555
2494.0,2.4940000000000007,8.530899426790377
2494.5,2.494500000000003,8.533399426790389
2495.0,2.4949999999999983,8.535899426790365
2495.5,2.4955000000000007,8.532581542175208
2496.0,2.496000000000003,8.53508154217522
2496.5,2.4964999999999984,8.537581542175197
2497.0,2.4970000000000008,8.534192903946156
2497.5,2.497500000000003,8.536692903946168
2498.0,2.4979999999999984,8.539192903946144
2498.5,2.498500000000001,8.535751946752868
2499.0,2.499000000000003,8.53825194675288
2499.5,2.4994999999999985,8.540751946752856
2500.0,2.500000000000001,8.537298623841458
2500.5,2.5005000000000037,8.53979862384147
2501.0,2.5009999999999986,8.542298623841447
2501.5,2.501500000000001,8.538862721161422
2502.0,2.5020000000000038,8.541362721161434
2502.5,2.502499999999998,8.54386272116141
2503.0,2.503000000000001,8.540465784395721
2503.5,2.5035000000000034,8.542965784395733
2504.0,2.5039999999999987,8.54546578439571
2504.5,2.504500000000001,8.542131766019097
2505.0,2.5049999999999963,8.544631766019073
2505.5,2.5054999999999987,8.547131766019085
2506.0,2.506000000000001,8.543863603063109
2506.5,2.5065000000000035,8.54636360306312
2507.0,2.506999999999999,8.548863603063097
2507.5,2.507500000000001,8.545647064114057
2508.0,2.5079999999999965,8.548147064114033
2508.5,2.508499999999999,8.550647064114045
2509.0,2.5090000000000012,8.547452181898478
2509.5,2.509500000000004,8.54995218189849
2510.0,2.509999999999999,8.552452181898467
2510.5,2.5105000000000013,8.549251321635545
2511.0,2.5109999999999966,8.551751321635521
2511.5,2.511499999999999,8.554251321635533
2512.0,2.5120000000000013,8.551028270695475
2512.5,2.512500000000004,8.553528270695487
2513.0,2.512999999999999,8.556028270695464
2513.5,2.5135000000000014,8.552764843898473
2514.0,2.5139999999999967,8.555264843898449
2514.5,2.514499999999999,8.557764843898461
2515.0,2.515000000000001,8.554447971930728
2515.5,2.5154999999999967,8.556947971930704
2516.0,2.515999999999999,8.559447971930716
2516.5,2.516500000000001,8.55605927544591
2517.0,2.516999999999997,8.558559275445887
2517.5,2.517499999999999,8.5610592754459
2518.0,2.5180000000000016,8.557624714138008
2518.5,2.518499999999997,8.560124714137984
2519.0,2.5189999999999997,8.562624714137996
2519.5,2.5195000000000016,8.559140622315873
2520.0,2.519999999999997,8.56164062231585
2520.5,2.5204999999999997,8.564140622315861
2521.0,2.5210000000000017,8.560580740984634
2521.5,2.521499999999997,8.56308074098461
2522.0,2.522,8.565580740984622
2522.5,2.5225000000000017,8.561928975016926
2523.0,2.522999999999997,8.564428975016902
2523.5,2.5234999999999994,8.566928975016914
2524.0,2.524000000000002,8.563180854122123
2524.5,2.524499999999997,8.5656808541221
2525.0,2.5249999999999995,8.568180854122112
2525.5,2.525500000000002,8.564336372739128
2526.0,2.525999999999997,8.566836372739104
2526.5,2.5264999999999995,8.569336372739116
2527.0,2.527000000000002,8.565405523200589
2527.5,2.527499999999997,8.567905523200565
2528.0,2.528,8.570405523200577
2528.5,2.528500000000002,8.56641507800358
2529.0,2.5289999999999973,8.568915078003556
2529.5,2.5295,8.571415078003568
2530.0,2.530000000000002,8.567410542825158
2530.5,2.5304999999999973,8.569910542825134
2531.0,2.531,8.572410542825146
2531.5,2.531500000000002,8.5684509312593
2532.0,2.5319999999999974,8.570950931259276
2532.5,2.5325,8.573450931259288
2533.0,2.533000000000002,8.569560413452564
2533.5,2.533499999999997,8.57206041345254
2534.0,2.534,8.574560413452552
2534.5,2.534500000000002,8.570770181095426
2535.0,2.534999999999997,8.573270181095403
2535.5,2.5355,8.575770181095415
2536.0,2.5360000000000023,8.572075698320951
2536.5,2.5364999999999975,8.574575698320928
2537.0,2.537,8.57707569832094
2537.5,2.5375000000000023,8.57347317932387
2538.0,2.5379999999999976,8.575973179323846
2538.5,2.5385,8.578473179323858
2539.0,2.5390000000000024,8.574972509144665
2539.5,2.5394999999999976,8.577472509144641
2540.0,2.54,8.579972509144653
2540.5,2.5405000000000024,8.576563137325195
2541.0,2.5409999999999977,8.579063137325171
2541.5,2.5415,8.581563137325183
2542.0,2.5420000000000025,8.578223567951575
2542.5,2.5424999999999978,8.580723567951551
2543.0,2.543,8.583223567951563
2543.5,2.5435000000000025,8.57990678160455
2544.0,2.543999999999998,8.582406781604526
2544.5,2.5444999999999998,8.584906781604538
2545.0,2.5450000000000026,8.581596076516966
2545.5,2.545499999999998,8.584096076516943
2546.0,2.5460000000000003,8.586596076516955
2546.5,2.5465000000000027,8.583275360801146
2547.0,2.546999999999998,8.585775360801122
2547.5,2.5475000000000003,8.588275360801134
2548.0,2.5480000000000027,8.584957129160529
2548.5,2.548499999999998,8.587457129160505
2549.0,2.5490000000000004,8.589957129160517
2549.5,2.5495000000000028,8.58664768293032
2550.0,2.549999999999998,8.589147682930296
2550.5,2.5505000000000004,8.591647682930308
2551.0,2.551000000000003,8.588350813516819
2551.5,2.551499999999998,8.590850813516795
2552.0,2.5520000000000005,8.593350813516807
2552.5,2.552500000000003,8.59006362485573
2553.0,2.552999999999998,8.592563624855707
2553.5,2.553500000000001,8.595063624855719
2554.0,2.554000000000003,8.591805445515526
2554.5,2.554499999999998,8.594305445515502
2555.0,2.5550000000000006,8.596805445515514
2555.5,2.555500000000003,8.593598672190836
2556.0,2.5559999999999983,8.596098672190813
2556.5,2.5565000000000007,8.598598672190825
2557.0,2.557000000000003,8.595449882896595
2557.5,2.5574999999999983,8.597949882896572
2558.0,2.5580000000000007,8.600449882896584
2558.5,2.558500000000003,8.597366589145317
2559.0,2.5589999999999984,8.599866589145293
2559.5,2.5595000000000008,8.602366589145305
2560.0,2.560000000000003,8.599335803326653
2560.5,2.5604999999999984,8.60183580332663
2561.0,2.561000000000001,8.604335803326641
2561.5,2.561500000000003,8.60133195049702
2562.0,2.5619999999999985,8.603831950496996
2562.5,2.562500000000001,8.606331950497008
2563.0,2.5630000000000037,8.60333810701185
2563.5,2.5634999999999986,8.605838107011827
2564.0,2.564000000000001,8.60833810701184
2564.5,2.5645000000000038,8.605339661009594
2565.0,2.564999999999998,8.60783966100957
2565.5,2.565500000000001,8.610339661009583
2566.0,2.5660000000000034,8.60732211322901
2566.5,2.5664999999999987,8.609822113228986
2567.0,2.567000000000001,8.612322113228998
2567.5,2.5674999999999963,8.614822113228975
2568.0,2.5679999999999987,8.611767954700511
2568.5,2.568500000000001,8.614267954700523
2569.0,2.5690000000000035,8.616767954700535
2569.5,2.569499999999999,8.613675640572964
2570.0,2.570000000000001,8.616175640572976
2570.5,2.5704999999999965,8.618675640572953
2571.0,2.570999999999999,8.61554239303782
2571.5,2.5715000000000012,8.618042393037832
2572.0,2.572000000000004,8.620542393037844
2572.5,2.572499999999999,8.617387267329377
2573.0,2.5730000000000013,8.61988726732939
2573.5,2.5734999999999966,8.622387267329366
2574.0,2.573999999999999,8.619209354065909
2574.5,2.5745000000000013,8.62170935406592
2575.0,2.575000000000004,8.624209354065933
2575.5,2.575499999999999,8.621012437345144
2576.0,2.5760000000000014,8.623512437345155
2576.5,2.5764999999999967,8.626012437345132
2577.0,2.576999999999999,8.622794119806265
2577.5,2.577500000000001,8.625294119806277
2578.0,2.5779999999999967,8.627794119806254
2578.5,2.578499999999999,8.624549507465673
2579.0,2.579000000000001,8.627049507465685
2579.5,2.579499999999997,8.629549507465661
2580.0,2.579999999999999,8.626256072354472
2580.5,2.5805000000000016,8.628756072354484
2581.0,2.580999999999997,8.63125607235446
2581.5,2.5814999999999997,8.627916305454164
2582.0,2.5820000000000016,8.630416305454176
2582.5,2.582499999999997,8.632916305454152
2583.0,2.5829999999999997,8.629537093727997
2583.5,2.5835000000000017,8.632037093728009
2584.0,2.583999999999997,8.634537093727985
2584.5,2.5845,8.631123072234459
2585.0,2.5850000000000017,8.633623072234471
2585.5,2.585499999999997,8.636123072234447
2586.0,2.5859999999999994,8.63269087285186
2586.5,2.586500000000002,8.635190872851872
2587.0,2.586999999999997,8.637690872851849
2587.5,2.5874999999999995,8.634267931689621
2588.0,2.588000000000002,8.636767931689633
2588.5,2.588499999999997,8.63926793168961
2589.0,2.5889999999999995,8.635875169708491
2589.5,2.589500000000002,8.638375169708503
2590.0,2.589999999999997,8.64087516970848
2590.5,2.5905,8.637514385899543
2591.0,2.591000000000002,8.640014385899555
2591.5,2.5914999999999973,8.642514385899531
2592.0,2.592,8.639199618704367
2592.5,2.592500000000002,8.64169961870438
2593.0,2.5929999999999973,8.644199618704356
2593.5,2.5935,8.6409283305154
2594.0,2.594000000000002,8.643428330515412
2594.5,2.5944999999999974,8.645928330515389
2595.0,2.595,8.642680134462672
2595.5,2.595500000000002,8.645180134462684
2596.0,2.595999999999997,8.64768013446266
2596.5,2.5965,8.644446244278079
2597.0,2.597000000000002,8.64694624427809
2597.5,2.597499999999997,8.649446244278067
2598.0,2.598,8.646207884869952
2598.5,2.5985000000000023,8.648707884869964
2599.0,2.5989999999999975,8.65120788486994
2599.5,2.5995,8.647972263668393
2600.0,2.6000000000000023,8.650472263668405
2600.5,2.6004999999999976,8.652972263668381
2601.0,2.601,8.649742030633654
2601.5,2.6015000000000024,8.652242030633666
2602.0,2.6019999999999976,8.654742030633642
2602.5,2.6025,8.651525170245513
2603.0,2.6030000000000024,8.654025170245525
2603.5,2.6034999999999977,8.656525170245501
2604.0,2.604,8.65331105061884
2604.5,2.6045000000000025,8.655811050618851
2605.0,2.6049999999999978,8.658311050618828
2605.5,2.6055,8.655079082296062
2606.0,2.6060000000000025,8.657579082296074
2606.5,2.606499999999998,8.66007908229605
2607.0,2.6069999999999998,8.65679877725821
2607.5,2.6075000000000026,8.659298777258222
2608.0,2.607999999999998,8.661798777258198
2608.5,2.6085000000000003,8.658444469719946
2609.0,2.6090000000000027,8.660944469719958
2609.5,2.609499999999998,8.663444469719934
2610.0,2.6100000000000003,8.659995070904252
2610.5,2.6105000000000027,8.662495070904264
2611.0,2.610999999999998,8.66499507090424
2611.5,2.6115000000000004,8.661399935025429
2612.0,2.6120000000000028,8.66389993502544
2612.5,2.612499999999998,8.666399935025417
2613.0,2.6130000000000004,8.662627035705306
2613.5,2.613500000000003,8.665127035705318
2614.0,2.613999999999998,8.667627035705294
2614.5,2.6145000000000005,8.663676568806942
2615.0,2.615000000000003,8.666176568806954
2615.5,2.615499999999998,8.66867656880693
2616.0,2.616000000000001,8.664547523019372
2616.5,2.616500000000003,8.667047523019384
2617.0,2.616999999999998,8.66954752301936
2617.5,2.6175000000000006,8.665220633292918
2618.0,2.618000000000003,8.66772063329293
2618.5,2.6184999999999983,8.670220633292907
2619.0,2.6190000000000007,8.665713130587989
2619.5,2.619500000000003,8.668213130588
2620.0,2.6199999999999983,8.670713130587977
2620.5,2.6205000000000007,8.66604895817865
2621.0,2.621000000000003,8.668548958178661
2621.5,2.6214999999999984,8.671048958178638
2622.0,2.6220000000000008,8.666277850930157
2622.5,2.622500000000003,8.66877785093017
2623.0,2.6229999999999984,8.671277850930146
2623.5,2.623500000000001,8.666492333803717
2624.0,2.624000000000003,8.668992333803729
2624.5,2.6244999999999985,8.671492333803705
2625.0,2.625000000000001,8.666792843818918
2625.5,2.6255000000000037,8.66929284381893
2626.0,2.6259999999999986,8.671792843818906
2626.5,2.626500000000001,8.667281160730802
2627.0,2.6270000000000038,8.669781160730814
2627.5,2.627499999999998,8.67228116073079
2628.0,2.628000000000001,8.668033438173843
2628.5,2.6285000000000034,8.670533438173855
2629.0,2.6289999999999987,8.673033438173832
2629.5,2.629500000000001,8.669119105692467
2630.0,2.6299999999999963,8.671619105692443
2630.5,2.6304999999999987,8.674119105692455
2631.0,2.631000000000001,8.670569595526487
2631.5,2.6315000000000035,8.6730695955265
2632.0,2.631999999999999,8.675569595526476
2632.5,2.632500000000001,8.672365740051227
2633.0,2.6329999999999965,8.674865740051203
2633.5,2.633499999999999,8.677365740051215
2634.0,2.6340000000000012,8.674455143979749
2634.5,2.634500000000004,8.676955143979761
2635.0,2.634999999999999,8.679455143979737
2635.5,2.6355000000000013,8.67677594025345
2636.0,2.6359999999999966,8.679275940253426
2636.5,2.636499999999999,8.681775940253438
2637.0,2.6370000000000013,8.67927919510226
2637.5,2.637500000000004,8.681779195102273
2638.0,2.637999999999999,8.684279195102249
2638.5,2.6385000000000014,8.681881835624239
2639.0,2.6389999999999967,8.684381835624215
2639.5,2.639499999999999,8.686881835624227
2640.0,2.640000000000001,8.68451197960244
2640.5,2.6404999999999967,8.687011979602417
2641.0,2.640999999999999,8.689511979602429
2641.5,2.641500000000001,8.68710109577819
2642.0,2.641999999999997,8.689601095778166
2642.5,2.642499999999999,8.692101095778177
2643.0,2.6430000000000016,8.69460109577819
2643.5,2.643499999999997,8.692099686830481
2644.0,2.6439999999999997,8.694599686830493
2644.5,2.6445000000000016,8.697099686830505
2645.0,2.644999999999997,8.694445359350844
2645.5,2.6454999999999997,8.696945359350856
2646.0,2.6460000000000017,8.699445359350868
2646.5,2.646499999999997,8.696583780332787
2647.0,2.647,8.6990837803328
2647.5,2.6475000000000017,8.701583780332811
2648.0,2.647999999999997,8.698468231168981
2648.5,2.6484999999999994,8.700968231168993
2649.0,2.649000000000002,8.703468231169005
2649.5,2.649499999999997,8.700087157550094
2650.0,2.6499999999999995,8.702587157550106
2650.5,2.650500000000002,8.705087157550118
2651.0,2.650999999999997,8.701453174006275
2651.5,2.6514999999999995,8.703953174006287
2652.0,2.652000000000002,8.706453174006299
2652.5,2.652499999999997,8.702591032838107
2653.0,2.653,8.70509103283812
2653.5,2.653500000000002,8.707591032838131
2654.0,2.6539999999999973,8.70356638163777
2654.5,2.6545,8.706066381637783
2655.0,2.655000000000002,8.708566381637795
2655.5,2.6554999999999973,8.704452757601473
2656.0,2.656,8.706952757601485
2656.5,2.656500000000002,8.709452757601497
2657.0,2.6569999999999974,8.70535275394932
2657.5,2.6575,8.707852753949332
2658.0,2.658000000000002,8.710352753949344
2658.5,2.658499999999997,8.706359452804548
2659.0,2.659,8.70885945280456
2659.5,2.659500000000002,8.711359452804572
2660.0,2.659999999999997,8.707560778736223
2660.5,2.6605,8.710060778736235
2661.0,2.6610000000000023,8.712560778736247
2661.5,2.6614999999999975,8.709025372359775
2662.0,2.662,8.711525372359787
2662.5,2.6625000000000023,8.7140253723598
2663.0,2.6629999999999976,8.710765815123729
2663.5,2.6635,8.71326581512374
2664.0,2.6640000000000024,8.715765815123753
2664.5,2.6644999999999976,8.712777143038934
2665.0,2.665,8.715277143038946
2665.5,2.6655000000000024,8.717777143038958
2666.0,2.6659999999999977,8.715010631944331
2666.5,2.6665,8.717510631944343
2667.0,2.6670000000000025,8.720010631944355
2667.5,2.6674999999999978,8.717400579562096
2668.0,2.668,8.719900579562108
2668.5,2.6685000000000025,8.72240057956212
2669.0,2.668999999999998,8.71988207955063
2669.5,2.6694999999999998,8.722382079550641
2670.0,2.6700000000000026,8.724882079550653
2670.5,2.670499999999998,8.72238585534781
2671.0,2.6710000000000003,8.724885855347821
2671.5,2.6715000000000027,8.727385855347833
2672.0,2.671999999999998,8.724829174155637
2672.5,2.6725000000000003,8.72732917415565
2673.0,2.6730000000000027,8.729829174155661
2673.5,2.673499999999998,8.727150628487657
2674.0,2.6740000000000004,8.729650628487668
2674.5,2.6745000000000028,8.73215062848768
2675.0,2.674999999999998,8.729294187857803
2675.5,2.6755000000000004,8.731794187857815
2676.0,2.676000000000003,8.734294187857827
2676.5,2.676499999999998,8.731206873684485
2677.0,2.6770000000000005,8.733706873684497
2677.5,2.677500000000003,8.736206873684509
2678.0,2.677999999999998,8.73286449873568
2678.5,2.678500000000001,8.735364498735692
2679.0,2.679000000000003,8.737864498735703
2679.5,2.679499999999998,8.73424508529169
2680.0,2.6800000000000006,8.736745085291702
2680.5,2.680500000000003,8.739245085291714
2681.0,2.6809999999999983,8.735336604810655
2681.5,2.6815000000000007,8.737836604810667
2682.0,2.682000000000003,8.740336604810679
2682.5,2.6824999999999983,8.736128680511897
2683.0,2.6830000000000007,8.738628680511908
2683.5,2.683500000000003,8.74112868051192
2684.0,2.6839999999999984,8.736644882293518
2684.5,2.6845000000000008,8.73914488229353
2685.0,2.685000000000003,8.741644882293542
2685.5,2.6854999999999984,8.736935917996078
2686.0,2.686000000000001,8.73943591799609
2686.5,2.686500000000003,8.741935917996102
2687.0,2.6869999999999985,8.737077115047143
2687.5,2.687500000000001,8.739577115047155
2688.0,2.6880000000000037,8.742077115047167
2688.5,2.6884999999999986,8.737134910796875
2689.0,2.689000000000001,8.739634910796887
2689.5,2.6895000000000038,8.7421349107969
2690.0,2.689999999999998,8.737182957398026
2690.5,2.690500000000001,8.739682957398038
2691.0,2.6910000000000034,8.74218295739805
2691.5,2.6914999999999987,8.737295066307134
2692.0,2.692000000000001,8.739795066307146
2692.5,2.6924999999999963,8.742295066307122
2693.0,2.6929999999999987,8.737532026200476
2693.5,2.693500000000001,8.740032026200488
2694.0,2.6940000000000035,8.7425320262005
2694.5,2.694499999999999,8.73791980457888
2695.0,2.695000000000001,8.740419804578892
2695.5,2.6954999999999965,8.742919804578868
2696.0,2.695999999999999,8.738473888260252
2696.5,2.6965000000000012,8.740973888260264
2697.0,2.697000000000004,8.743473888260276
2697.5,2.697499999999999,8.739172203982726
2698.0,2.6980000000000013,8.741672203982738
2698.5,2.6984999999999966,8.744172203982714
2699.0,2.698999999999999,8.739970876992977
2699.5,2.6995000000000013,8.74247087699299
2700.0,2.700000000000004,8.744970876993001
2700.5,2.700499999999999,8.740835391762474
2701.0,2.7010000000000014,8.743335391762486
2701.5,2.7014999999999967,8.745835391762462
2702.0,2.701999999999999,8.741728535042519
2702.5,2.702500000000001,8.74422853504253
2703.0,2.7029999999999967,8.746728535042507
2703.5,2.703499999999999,8.742621116264004
2704.0,2.704000000000001,8.745121116264016
2704.5,2.704499999999997,8.747621116263993
2705.0,2.704999999999999,8.743488599206373
2705.5,2.7055000000000016,8.745988599206385
2706.0,2.705999999999997,8.748488599206361
2706.5,2.7064999999999997,8.744308289953437
2707.0,2.7070000000000016,8.74680828995345
2707.5,2.707499999999997,8.749308289953426
2708.0,2.7079999999999997,8.745065784397
2708.5,2.7085000000000017,8.747565784397011
2709.0,2.708999999999997,8.750065784396988
2709.5,2.7095,8.745756230212542
2710.0,2.7100000000000017,8.748256230212554
2710.5,2.710499999999997,8.75075623021253
2711.0,2.7109999999999994,8.74635656921992
2711.5,2.711500000000002,8.748856569219932
2712.0,2.711999999999997,8.751356569219908
2712.5,2.7124999999999995,8.746868702084534
2713.0,2.713000000000002,8.749368702084546
2713.5,2.713499999999997,8.751868702084522
2714.0,2.7139999999999995,8.747302394920382
2714.5,2.714500000000002,8.749802394920394
2715.0,2.714999999999997,8.75230239492037
2715.5,2.7155,8.747686176278293
2716.0,2.716000000000002,8.750186176278305
2716.5,2.7164999999999973,8.752686176278281
2717.0,2.717,8.74806229463477
2717.5,2.717500000000002,8.750562294634783
2718.0,2.7179999999999973,8.75306229463476
2718.5,2.7185,8.755562294634771
2719.0,2.719000000000002,8.750962203739618
2719.5,2.7194999999999974,8.753462203739595
2720.0,2.72,8.755962203739607
2720.5,2.720500000000002,8.751407867687284
2721.0,2.720999999999997,8.75390786768726
2721.5,2.7215,8.756407867687273
2722.0,2.722000000000002,8.75193336943429
2722.5,2.722499999999997,8.754433369434267
2723.0,2.723,8.756933369434279
2723.5,2.7235000000000023,8.752572689750409
2724.0,2.7239999999999975,8.755072689750385
2724.5,2.7245,8.757572689750397
2725.0,2.7250000000000023,8.753346168153016
2725.5,2.7254999999999976,8.755846168152992
2726.0,2.726,8.758346168153004
2726.5,2.7265000000000024,8.75424824694285
2727.0,2.7269999999999976,8.756748246942827
2727.5,2.7275,8.759248246942839
2728.0,2.7280000000000024,8.75528226659462
2728.5,2.7284999999999977,8.757782266594596
2729.0,2.729,8.760282266594608
2729.5,2.7295000000000025,8.756451551447668
2730.0,2.7299999999999978,8.758951551447645
2730.5,2.7305,8.761451551447657
2731.0,2.7310000000000025,8.757762300117768
2731.5,2.731499999999998,8.760262300117745
2732.0,2.7319999999999998,8.762762300117757
2732.5,2.7325000000000026,8.759218798230926
2733.0,2.732999999999998,8.761718798230902
2733.5,2.7335000000000003,8.764218798230914
2734.0,2.7340000000000027,8.7608189172321
2734.5,2.734499999999998,8.763318917232077
2735.0,2.7350000000000003,8.765818917232089
2735.5,2.7355000000000027,8.762555617944798
2736.0,2.735999999999998,8.765055617944775
2736.5,2.7365000000000004,8.767555617944787
2737.0,2.7370000000000028,8.764404193806179
2737.5,2.737499999999998,8.766904193806155
2738.0,2.7380000000000004,8.769404193806167
2738.5,2.738500000000003,8.766343852107994
2739.0,2.738999999999998,8.76884385210797
2739.5,2.7395000000000005,8.771343852107982
2740.0,2.740000000000003,8.768340309840603
2740.5,2.740499999999998,8.77084030984058
2741.0,2.741000000000001,8.773340309840592
2741.5,2.741500000000003,8.770378880310368
2742.0,2.741999999999998,8.772878880310344
2742.5,2.7425000000000006,8.775378880310356
2743.0,2.743000000000003,8.772463580523215
2743.5,2.7434999999999983,8.774963580523192
2744.0,2.7440000000000007,8.777463580523204
2744.5,2.744500000000003,8.774587072082554
2745.0,2.7449999999999983,8.77708707208253
2745.5,2.7455000000000007,8.779587072082542
2746.0,2.746000000000003,8.776739706745609
2746.5,2.7464999999999984,8.779239706745585
2747.0,2.7470000000000008,8.781739706745597
2747.5,2.747500000000003,8.778893685218954
2748.0,2.7479999999999984,8.78139368521893
2748.5,2.748500000000001,8.783893685218942
2749.0,2.749000000000003,8.781003070763589
2749.5,2.7494999999999985,8.783503070763565
2750.0,2.750000000000001,8.786003070763577
2750.5,2.7505000000000037,8.783051044092076
2751.0,2.7509999999999986,8.785551044092053
2751.5,2.751500000000001,8.788051044092065
2752.0,2.7520000000000038,8.784993487958523
2752.5,2.752499999999998,8.7874934879585
2753.0,2.753000000000001,8.789993487958512
2753.5,2.7535000000000034,8.78683761126517
2754.0,2.7539999999999987,8.789337611265147
2754.5,2.754500000000001,8.791837611265159
2755.0,2.7549999999999963,8.788579645491836
2755.5,2.7554999999999987,8.791079645491848
2756.0,2.756000000000001,8.79357964549186
2756.5,2.7565000000000035,8.790193638684833
2757.0,2.756999999999999,8.79269363868481
2757.5,2.757500000000001,8.795193638684822
2758.0,2.7579999999999965,8.791655501808862
2758.5,2.758499999999999,8.794155501808874
2759.0,2.7590000000000012,8.796655501808885
2759.5,2.759500000000004,8.792948819131503
2760.0,2.759999999999999,8.79544881913148
2760.5,2.7605000000000013,8.797948819131491
2761.0,2.7609999999999966,8.794083097240524
2761.5,2.761499999999999,8.796583097240536
2762.0,2.7620000000000013,8.799083097240548
2762.5,2.762500000000004,8.79505658171059
2763.0,2.762999999999999,8.797556581710566
2763.5,2.7635000000000014,8.800056581710578
2764.0,2.7639999999999967,8.795894122065917
2764.5,2.764499999999999,8.798394122065929
2765.0,2.765000000000001,8.800894122065941
2765.5,2.7654999999999967,8.796609209411166
2766.0,2.765999999999999,8.799109209411178
2766.5,2.766500000000001,8.80160920941119
2767.0,2.766999999999997,8.797230823288231
2767.5,2.767499999999999,8.799730823288243
2768.0,2.7680000000000016,8.802230823288255
2768.5,2.768499999999997,8.797771218767814
2769.0,2.7689999999999997,8.800271218767826
2769.5,2.7695000000000016,8.802771218767838
2770.0,2.769999999999997,8.798234116897099
2770.5,2.7704999999999997,8.800734116897111
2771.0,2.7710000000000017,8.803234116897123
2771.5,2.771499999999997,8.798645367271511
2772.0,2.772,8.801145367271523
2772.5,2.7725000000000017,8.803645367271535
2773.0,2.772999999999997,8.79901075196937
2773.5,2.7734999999999994,8.801510751969381
2774.0,2.774000000000002,8.804010751969393
2774.5,2.774499999999997,8.799348342299318
2775.0,2.7749999999999995,8.80184834229933
2775.5,2.775500000000002,8.804348342299342
2776.0,2.775999999999997,8.799665749136949
2776.5,2.7764999999999995,8.802165749136961
2777.0,2.777000000000002,8.804665749136973
2777.5,2.777499999999997,8.799954477141085
2778.0,2.778,8.802454477141097
2778.5,2.778500000000002,8.80495447714111
2779.0,2.7789999999999973,8.800198264835899
2779.5,2.7795,8.802698264835911
2780.0,2.780000000000002,8.805198264835923
2780.5,2.7804999999999973,8.80037815064707
2781.0,2.781,8.802878150647082
2781.5,2.781500000000002,8.805378150647094
2782.0,2.7819999999999974,8.800474222332824
2782.5,2.7825,8.802974222332836
2783.0,2.783000000000002,8.805474222332847
2783.5,2.783499999999997,8.800505543138293
2784.0,2.784,8.803005543138305
2784.5,2.784500000000002,8.805505543138317
2785.0,2.784999999999997,8.800484400423088
2785.5,2.7855,8.8029844004231
2786.0,2.7860000000000023,8.805484400423111
2786.5,2.7864999999999975,8.800406148180286
2787.0,2.787,8.802906148180298
2787.5,2.7875000000000023,8.80540614818031
2788.0,2.7879999999999976,8.800277530798581
2788.5,2.7885,8.802777530798593
2789.0,2.7890000000000024,8.805277530798605
2789.5,2.7894999999999976,8.800096768525059
2790.0,2.79,8.80259676852507
2790.5,2.7905000000000024,8.805096768525082
2791.0,2.7909999999999977,8.799861943988496
2791.5,2.7915,8.802361943988508
2792.0,2.7920000000000025,8.80486194398852
2792.5,2.7924999999999978,8.799591189935292
2793.0,2.793,8.802091189935304
2793.5,2.7935000000000025,8.804591189935316
2794.0,2.793999999999998,8.807091189935292
2794.5,2.7944999999999998,8.801815587371635
2795.0,2.7950000000000026,8.804315587371647
2795.5,2.795499999999998,8.806815587371624
2796.0,2.7960000000000003,8.801553530594077
2796.5,2.7965000000000027,8.80405353059409
2797.0,2.796999999999998,8.806553530594066
2797.5,2.7975000000000003,8.801347056532087
2798.0,2.7980000000000027,8.8038470565321
2798.5,2.798499999999998,8.806347056532076
2799.0,2.7990000000000004,8.801247777224432
2799.5,2.7995000000000028,8.803747777224444
2800.0,2.799999999999998,8.80624777722442
2800.5,2.8005000000000004,8.801290467260223
2801.0,2.801000000000003,8.803790467260235
2801.5,2.801499999999998,8.806290467260212
2802.0,2.8020000000000005,8.801500185588367
2802.5,2.802500000000003,8.804000185588379
2803.0,2.802999999999998,8.806500185588355
2803.5,2.803500000000001,8.801896724612739
2804.0,2.804000000000003,8.80439672461275
2804.5,2.804499999999998,8.806896724612727
2805.0,2.8050000000000006,8.80247333904137
2805.5,2.805500000000003,8.804973339041382
2806.0,2.8059999999999983,8.807473339041358
2806.5,2.8065000000000007,8.803179409827777
2807.0,2.807000000000003,8.805679409827789
2807.5,2.8074999999999983,8.808179409827765
2808.0,2.8080000000000007,8.803972287181772
2808.5,2.808500000000003,8.806472287181784
2809.0,2.8089999999999984,8.80897228718176
2809.5,2.8095000000000008,8.804783952601056
2810.0,2.810000000000003,8.807283952601068
2810.5,2.8104999999999984,8.809783952601045
2811.0,2.811000000000001,8.805570358045465
2811.5,2.811500000000003,8.808070358045477
2812.0,2.8119999999999985,8.810570358045453
2812.5,2.812500000000001,8.80628423896514
2813.0,2.8130000000000037,8.808784238965153
2813.5,2.8134999999999986,8.81128423896513
2814.0,2.814000000000001,8.806886701845862
2814.5,2.8145000000000038,8.809386701845874
2815.0,2.814999999999998,8.81188670184585
2815.5,2.815500000000001,8.807379750255322
2816.0,2.8160000000000034,8.809879750255334
2816.5,2.8164999999999987,8.81237975025531
2817.0,2.817000000000001,8.807771543701719
2817.5,2.8174999999999963,8.810271543701695
2818.0,2.8179999999999987,8.812771543701707
2818.5,2.818500000000001,8.808075933338877
2819.0,2.8190000000000035,8.810575933338889
2819.5,2.819499999999999,8.813075933338865
2820.0,2.820000000000001,8.808301256334445
2820.5,2.8204999999999965,8.810801256334422
2821.0,2.820999999999999,8.813301256334434
2821.5,2.8215000000000012,8.808468911484617
2822.0,2.822000000000004,8.810968911484629
2822.5,2.822499999999999,8.813468911484605
2823.0,2.8230000000000013,8.80861945842586
2823.5,2.8234999999999966,8.811119458425836
2824.0,2.823999999999999,8.813619458425848
2824.5,2.8245000000000013,8.808814022699316
2825.0,2.825000000000004,8.811314022699328
2825.5,2.825499999999999,8.813814022699304
2826.0,2.8260000000000014,8.809105150446115
2826.5,2.8264999999999967,8.811605150446091
2827.0,2.826999999999999,8.814105150446103
2827.5,2.827500000000001,8.809530428427017
2828.0,2.8279999999999967,8.812030428426993
2828.5,2.828499999999999,8.814530428427005
2829.0,2.829000000000001,8.810128806991955
2829.5,2.829499999999997,8.812628806991931
2830.0,2.829999999999999,8.815128806991943
2830.5,2.8305000000000016,8.810920056945939
2831.0,2.830999999999997,8.813420056945915
2831.5,2.8314999999999997,8.815920056945927
2832.0,2.8320000000000016,8.81191615545248
2832.5,2.832499999999997,8.814416155452456
2833.0,2.8329999999999997,8.816916155452468
2833.5,2.8335000000000017,8.81308967909014
2834.0,2.833999999999997,8.815589679090117
2834.5,2.8345,8.818089679090129
2835.0,2.8350000000000017,8.81437932937132
2835.5,2.835499999999997,8.816879329371297
2836.0,2.8359999999999994,8.819379329371309
2836.5,2.836500000000002,8.81569946025266
2837.0,2.836999999999997,8.818199460252636
2837.5,2.8374999999999995,8.820699460252648
2838.0,2.838000000000002,8.816979594678962
2838.5,2.838499999999997,8.819479594678938
2839.0,2.8389999999999995,8.82197959467895
2839.5,2.839500000000002,8.81813966156436
2840.0,2.839999999999997,8.820639661564336
2840.5,2.8405,8.823139661564348
2841.0,2.841000000000002,8.8191304865936
2841.5,2.8414999999999973,8.821630486593577
2842.0,2.842,8.824130486593589
2842.5,2.842500000000002,8.819883440127256
2843.0,2.8429999999999973,8.822383440127233
2843.5,2.8435,8.824883440127245
2844.0,2.844000000000002,8.820385274811535
2844.5,2.8444999999999974,8.822885274811512
2845.0,2.845,8.825385274811524
2845.5,2.845500000000002,8.820618186791371
2846.0,2.845999999999997,8.823118186791348
2846.5,2.8465,8.82561818679136
2847.0,2.847000000000002,8.820587933780502
2847.5,2.847499999999997,8.823087933780478
2848.0,2.848,8.82558793378049
2848.5,2.8485000000000023,8.820329060344747
2849.0,2.8489999999999975,8.822829060344723
2849.5,2.8495,8.825329060344735
2850.0,2.8500000000000023,8.819870044257208
2850.5,2.8504999999999976,8.822370044257184
2851.0,2.851,8.824870044257196
2851.5,2.8515000000000024,8.819264777543587
2852.0,2.8519999999999976,8.821764777543564
2852.5,2.8525,8.824264777543576
2853.0,2.8530000000000024,8.818581441273317
2853.5,2.8534999999999977,8.821081441273293
2854.0,2.854,8.823581441273305
2854.5,2.8545000000000025,8.817897923592177
2855.0,2.8549999999999978,8.820397923592154
2855.5,2.8555,8.822897923592166
2856.0,2.8560000000000025,8.817284370738392
2856.5,2.856499999999998,8.819784370738368
2857.0,2.8569999999999998,8.82228437073838
2857.5,2.8575000000000026,8.816780939127433
2858.0,2.857999999999998,8.81928093912741
2858.5,2.8585000000000003,8.821780939127422
2859.0,2.8590000000000027,8.81642142941537
2859.5,2.859499999999998,8.818921429415347
2860.0,2.8600000000000003,8.82142142941536
2860.5,2.8605000000000027,8.816241177268438
2861.0,2.860999999999998,8.818741177268414
2861.5,2.8615000000000004,8.821241177268426
2862.0,2.8620000000000028,8.816228249068558
2862.5,2.862499999999998,8.818728249068535
2863.0,2.8630000000000004,8.821228249068547
2863.5,2.863500000000003,8.816364955624998
2864.0,2.863999999999998,8.818864955624974
2864.5,2.8645000000000005,8.821364955624986
2865.0,2.865000000000003,8.816660726887164
2865.5,2.865499999999998,8.81916072688714
2866.0,2.866000000000001,8.821660726887153
2866.5,2.866500000000003,8.817084077840924
2867.0,2.866999999999998,8.8195840778409
2867.5,2.8675000000000006,8.822084077840913
2868.0,2.868000000000003,8.817612173895313
2868.5,2.8684999999999983,8.82011217389529
2869.0,2.8690000000000007,8.822612173895301
2869.5,2.869500000000003,8.825112173895313
2870.0,2.8699999999999983,8.820692584228915
2870.5,2.8705000000000007,8.823192584228927
2871.0,2.871000000000003,8.825692584228939
2871.5,2.8714999999999984,8.82126363594633
2872.0,2.8720000000000008,8.823763635946342
2872.5,2.872500000000003,8.826263635946354
2873.0,2.8729999999999984,8.821764194878163
2873.5,2.873500000000001,8.824264194878175
2874.0,2.874000000000003,8.826764194878187
2874.5,2.8744999999999985,8.82215548729878
2875.0,2.875000000000001,8.824655487298791
2875.5,2.8755000000000037,8.827155487298803
2876.0,2.8759999999999986,8.822401104265722
2876.5,2.876500000000001,8.824901104265734
2877.0,2.8770000000000038,8.827401104265746
2877.5,2.877499999999998,8.822455651140544
2878.0,2.878000000000001,8.824955651140556
2878.5,2.8785000000000034,8.827455651140568
2879.0,2.8789999999999987,8.822332361630885
2879.5,2.879500000000001,8.824832361630897
2880.0,2.8799999999999963,8.827332361630873
2880.5,2.8804999999999987,8.822049121145739
2881.0,2.881000000000001,8.82454912114575
2881.5,2.8815000000000035,8.827049121145762
2882.0,2.881999999999999,8.821654916967567
2882.5,2.882500000000001,8.82415491696758
2883.0,2.8829999999999965,8.826654916967556
2883.5,2.883499999999999,8.82123537267173
2884.0,2.8840000000000012,8.823735372671742
2884.5,2.884500000000004,8.826235372671754
2885.0,2.884999999999999,8.820855833250505
2885.5,2.8855000000000013,8.823355833250517
2886.0,2.8859999999999966,8.825855833250493
2886.5,2.886499999999999,8.820561759584322
2887.0,2.8870000000000013,8.823061759584334
2887.5,2.887500000000004,8.825561759584346
2888.0,2.887999999999999,8.820385945462874
2888.5,2.8885000000000014,8.822885945462886
2889.0,2.8889999999999967,8.825385945462862
2889.5,2.889499999999999,8.820356591286789
2890.0,2.890000000000001,8.8228565912868
2890.5,2.8904999999999967,8.825356591286777
2891.0,2.890999999999999,8.820484385653842
2891.5,2.891500000000001,8.822984385653854
2892.0,2.891999999999997,8.82548438565383
2892.5,2.892499999999999,8.820742495455214
2893.0,2.8930000000000016,8.823242495455226
2893.5,2.893499999999997,8.825742495455202
2894.0,2.8939999999999997,8.821140782428536
2894.5,2.8945000000000016,8.823640782428548
2895.0,2.894999999999997,8.826140782428524
2895.5,2.8954999999999997,8.821683191520897
2896.0,2.8960000000000017,8.824183191520909
2896.5,2.896499999999997,8.826683191520885
2897.0,2.897,8.822362277638938
2897.5,2.8975000000000017,8.82486227763895
2898.0,2.897999999999997,8.827362277638926
2898.5,2.8984999999999994,8.823148700113101
2899.0,2.899000000000002,8.825648700113113
2899.5,2.899499999999997,8.82814870011309
2900.0,2.8999999999999995,8.82400475844193
2900.5,2.900500000000002,8.826504758441942
2901.0,2.900999999999997,8.829004758441918
2901.5,2.9014999999999995,8.824888654855663
2902.0,2.902000000000002,8.827388654855675
2902.5,2.902499999999997,8.829888654855651
2903.0,2.903,8.825738480233056
2903.5,2.903500000000002,8.828238480233068
2904.0,2.9039999999999973,8.830738480233045
2904.5,2.9045,8.826513972606342
2905.0,2.905000000000002,8.829013972606354
2905.5,2.9054999999999973,8.83151397260633
2906.0,2.906,8.827155122122434
2906.5,2.906500000000002,8.829655122122446
2907.0,2.9069999999999974,8.832155122122423
2907.5,2.9075,8.827605798887568
2908.0,2.908000000000002,8.83010579888758
2908.5,2.908499999999997,8.832605798887556
2909.0,2.909,8.827851629526364
2909.5,2.909500000000002,8.830351629526376
2910.0,2.909999999999997,8.832851629526353
2910.5,2.9105,8.827889598475771
2911.0,2.9110000000000023,8.830389598475783
2911.5,2.9114999999999975,8.83288959847576
2912.0,2.912,8.827758775218832
2912.5,2.9125000000000023,8.830258775218844
2913.0,2.9129999999999976,8.83275877521882
2913.5,2.9135,8.827512006571574
2914.0,2.9140000000000024,8.830012006571586
2914.5,2.9144999999999976,8.832512006571562
2915.0,2.915,8.827191172636049
2915.5,2.9155000000000024,8.82969117263606
2916.0,2.9159999999999977,8.832191172636037
2916.5,2.9165,8.826850209719126
2917.0,2.9170000000000025,8.829350209719138
2917.5,2.9174999999999978,8.831850209719114
2918.0,2.918,8.826520644997125
2918.5,2.9185000000000025,8.829020644997136
2919.0,2.918999999999998,8.831520644997113
2919.5,2.9194999999999998,8.826219294994964
2920.0,2.9200000000000026,8.828719294994976
2920.5,2.920499999999998,8.831219294994952
2921.0,2.9210000000000003,8.825977313960749
2921.5,2.9215000000000027,8.82847731396076
2922.0,2.921999999999998,8.830977313960737
2922.5,2.9225000000000003,8.82583339258126
2923.0,2.9230000000000027,8.828333392581271
2923.5,2.923499999999998,8.830833392581248
2924.0,2.9240000000000004,8.825848354403227
2924.5,2.9245000000000028,8.82834835440324
2925.0,2.924999999999998,8.830848354403216
2925.5,2.9255000000000004,8.826039257672349
2926.0,2.926000000000003,8.828539257672361
2926.5,2.926499999999998,8.831039257672337
2927.0,2.9270000000000005,8.826430571896076
2927.5,2.927500000000003,8.828930571896088
2928.0,2.927999999999998,8.831430571896064
2928.5,2.928500000000001,8.827019452573595
2929.0,2.929000000000003,8.829519452573606
2929.5,2.929499999999998,8.832019452573583
2930.0,2.9300000000000006,8.827782982817958
2930.5,2.930500000000003,8.83028298281797
2931.0,2.9309999999999983,8.832782982817946
2931.5,2.9315000000000007,8.828656259656569
2932.0,2.932000000000003,8.83115625965658
2932.5,2.9324999999999983,8.833656259656557
2933.0,2.9330000000000007,8.829597799353621
2933.5,2.933500000000003,8.832097799353633
2934.0,2.9339999999999984,8.83459779935361
2934.5,2.9345000000000008,8.830540836480232
2935.0,2.935000000000003,8.833040836480244
2935.5,2.9354999999999984,8.83554083648022
2936.0,2.936000000000001,8.831429875711585
2936.5,2.936500000000003,8.833929875711597
2937.0,2.9369999999999985,8.836429875711573
2937.5,2.937500000000001,8.832223813264193
2938.0,2.9380000000000037,8.834723813264205
2938.5,2.9384999999999986,8.837223813264181
2939.0,2.939000000000001,8.832882080680093
2939.5,2.9395000000000038,8.835382080680105
2940.0,2.939999999999998,8.837882080680082
2940.5,2.940500000000001,8.8333718428418
2941.0,2.9410000000000034,8.835871842841811
2941.5,2.9414999999999987,8.838371842841788
2942.0,2.942000000000001,8.83368409120056
2942.5,2.9424999999999963,8.836184091200536
2943.0,2.9429999999999987,8.838684091200548
2943.5,2.943500000000001,8.833806412828302
2944.0,2.9440000000000035,8.836306412828314
2944.5,2.944499999999999,8.83880641282829
2945.0,2.945000000000001,8.841306412828303
2945.5,2.9454999999999965,8.836249318551381
2946.0,2.945999999999999,8.838749318551393
2946.5,2.9465000000000012,8.841249318551405
2947.0,2.947000000000004,8.8360407972921
2947.5,2.947499999999999,8.838540797292076
2948.0,2.9480000000000013,8.841040797292088
2948.5,2.9484999999999966,8.8357158113741
2949.0,2.948999999999999,8.838215811374113
2949.5,2.9495000000000013,8.840715811374125
2950.0,2.950000000000004,8.835310128976204
2950.5,2.950499999999999,8.83781012897618
2951.0,2.9510000000000014,8.840310128976192
2951.5,2.9514999999999967,8.834872808364054
2952.0,2.951999999999999,8.837372808364066
2952.5,2.952500000000001,8.839872808364078
2953.0,2.9529999999999967,8.8344781701959
2953.5,2.953499999999999,8.836978170195913
2954.0,2.954000000000001,8.839478170195925
2954.5,2.954499999999997,8.834162119627678
2955.0,2.954999999999999,8.83666211962769
2955.5,2.9555000000000016,8.839162119627701
2956.0,2.955999999999997,8.833972734774918
2956.5,2.9564999999999997,8.83647273477493
2957.0,2.9570000000000016,8.838972734774941
2957.5,2.957499999999997,8.83398030845047
2958.0,2.9579999999999997,8.836480308450483
2958.5,2.9585000000000017,8.838980308450495
2959.0,2.958999999999997,8.83422134305583
2959.5,2.9595,8.836721343055842
2960.0,2.9600000000000017,8.839221343055854
2960.5,2.960499999999997,8.834735450013333
2961.0,2.9609999999999994,8.837235450013345
2961.5,2.961500000000002,8.839735450013357
2962.0,2.961999999999997,8.83552632310785
2962.5,2.9624999999999995,8.838026323107862
2963.0,2.963000000000002,8.840526323107873
2963.5,2.963499999999997,8.836590513426579
2964.0,2.9639999999999995,8.83909051342659
2964.5,2.964500000000002,8.841590513426603
2965.0,2.964999999999997,8.837894361527603
2965.5,2.9655,8.840394361527615
2966.0,2.966000000000002,8.842894361527627
2966.5,2.9664999999999973,8.839399268312143
2967.0,2.967,8.841899268312154
2967.5,2.967500000000002,8.844399268312166
2968.0,2.9679999999999973,8.841058471130552
2968.5,2.9685,8.843558471130564
2969.0,2.969000000000002,8.846058471130576
2969.5,2.9694999999999974,8.84280429335007
2970.0,2.97,8.845304293350083
2970.5,2.970500000000002,8.847804293350094
2971.0,2.970999999999997,8.844556152137564
2971.5,2.9715,8.847056152137576
2972.0,2.972000000000002,8.849556152137588
2972.5,2.972499999999997,8.846236020383742
2973.0,2.973,8.848736020383754
2973.5,2.9735000000000023,8.851236020383766
2974.0,2.9739999999999975,8.847767521534529
2974.5,2.9745,8.85026752153454
2975.0,2.9750000000000023,8.852767521534552
2975.5,2.9754999999999976,8.84909324970561
2976.0,2.976,8.851593249705623
2976.5,2.9765000000000024,8.854093249705635
2977.0,2.9769999999999976,8.85019753799785
2977.5,2.9775,8.852697537997862
2978.0,2.9780000000000024,8.855197537997874
2978.5,2.9784999999999977,8.851049667131718
2979.0,2.979,8.85354966713173
2979.5,2.9795000000000025,8.856049667131742
2980.0,2.9799999999999978,8.851637015411846
2980.5,2.9805,8.854137015411858
2981.0,2.9810000000000025,8.85663701541187
2981.5,2.981499999999998,8.851963995932799
2982.0,2.9819999999999998,8.85446399593281
2982.5,2.9825000000000026,8.856963995932823
2983.0,2.982999999999998,8.85206085081542
2983.5,2.9835000000000003,8.854560850815432
2984.0,2.9840000000000027,8.857060850815444
2984.5,2.984499999999998,8.8519635581806
2985.0,2.9850000000000003,8.854463558180612
2985.5,2.9855000000000027,8.856963558180624
2986.0,2.985999999999998,8.85171351821068
2986.5,2.9865000000000004,8.854213518210692
2987.0,2.9870000000000028,8.856713518210704
2987.5,2.987499999999998,8.851363507120631
2988.0,2.9880000000000004,8.853863507120643
2988.5,2.988500000000003,8.856363507120655
2989.0,2.988999999999998,8.850970516894101
2989.5,2.9895000000000005,8.853470516894113
2990.0,2.990000000000003,8.855970516894125
2990.5,2.990499999999998,8.850593657901662
2991.0,2.991000000000001,8.853093657901674
2991.5,2.991500000000003,8.855593657901686
2992.0,2.991999999999998,8.850284772752737
2992.5,2.9925000000000006,8.852784772752749
2993.0,2.993000000000003,8.85528477275276
2993.5,2.9934999999999983,8.850089764162377
2994.0,2.9940000000000007,8.852589764162389
2994.5,2.994500000000003,8.8550897641624
2995.0,2.9949999999999983,8.850049281902628
2995.5,2.9955000000000007,8.85254928190264
2996.0,2.996000000000003,8.855049281902652
2996.5,2.9964999999999984,8.850168016251878
2997.0,2.9970000000000008,8.85266801625189
2997.5,2.997500000000003,8.855168016251902
2998.0,2.9979999999999984,8.850470233277008
2998.5,2.998500000000001,8.85297023327702
2999.0,2.999000000000003,8.855470233277032
2999.5,2.9994999999999985,8.85090749974605
3000.0,3.000000000000001,8.853407499746062
3000.5,3.0005000000000037,8.855907499746074
3001.0,3.0009999999999986,8.851424489137436
3001.5,3.001500000000001,8.853924489137448
3002.0,3.0020000000000038,8.85642448913746
3002.5,3.002499999999998,8.851949440117757
3003.0,3.003000000000001,8.854449440117769
3003.5,3.0035000000000034,8.85694944011778
3004.0,3.0039999999999987,8.852421938945163
3004.5,3.004500000000001,8.854921938945175
3005.0,3.0049999999999963,8.857421938945151
3005.5,3.0054999999999987,8.852803690641267
3006.0,3.006000000000001,8.855303690641279
3006.5,3.0065000000000035,8.85780369064129
3007.0,3.006999999999999,8.85306472713193
3007.5,3.007500000000001,8.855564727131942
3008.0,3.0079999999999965,8.858064727131918
3008.5,3.008499999999999,8.853169850483233
3009.0,3.0090000000000012,8.855669850483245
3009.5,3.009500000000004,8.858169850483257
3010.0,3.009999999999999,8.853092898662247
3010.5,3.0105000000000013,8.855592898662259
3011.0,3.0109999999999966,8.858092898662235
3011.5,3.011499999999999,8.85279590138527
3012.0,3.0120000000000013,8.855295901385283
3012.5,3.012500000000004,8.857795901385295
3013.0,3.012999999999999,8.852271386113557
3013.5,3.0135000000000014,8.854771386113569
3014.0,3.0139999999999967,8.857271386113545
3014.5,3.014499999999999,8.851523691364456
3015.0,3.015000000000001,8.854023691364468
3015.5,3.0154999999999967,8.856523691364444
3016.0,3.015999999999999,8.850572256961193
3016.5,3.016500000000001,8.853072256961205
3017.0,3.016999999999997,8.855572256961182
3017.5,3.017499999999999,8.849459582012322
3018.0,3.0180000000000016,8.851959582012334
3018.5,3.018499999999997,8.85445958201231
3019.0,3.0189999999999997,8.848230625956965
3019.5,3.0195000000000016,8.850730625956977
3020.0,3.019999999999997,8.853230625956954
3020.5,3.0204999999999997,8.855730625956966
3021.0,3.0210000000000017,8.849444229766199
3021.5,3.021499999999997,8.851944229766175
3022.0,3.022,8.854444229766187
3022.5,3.0225000000000017,8.848164483061751
3023.0,3.022999999999997,8.850664483061728
3023.5,3.0234999999999994,8.85316448306174
3024.0,3.024000000000002,8.846976588391833
3024.5,3.024499999999997,8.84947658839181
3025.0,3.0249999999999995,8.851976588391821
3025.5,3.025500000000002,8.84596346359416
3026.0,3.025999999999997,8.848463463594136
3026.5,3.0264999999999995,8.850963463594148
3027.0,3.027000000000002,8.845172002121622
3027.5,3.027499999999997,8.847672002121598
3028.0,3.028,8.85017200212161
3028.5,3.028500000000002,8.844630160383069
3029.0,3.0289999999999973,8.847130160383045
3029.5,3.0295,8.849630160383057
3030.0,3.030000000000002,8.844341196192467
3030.5,3.0304999999999973,8.846841196192443
3031.0,3.031,8.849341196192455
3031.5,3.031500000000002,8.844276721497764
3032.0,3.0319999999999974,8.84677672149774
3032.5,3.0325,8.849276721497752
3033.0,3.033000000000002,8.844399631281021
3033.5,3.033499999999997,8.846899631280998
3034.0,3.034,8.84939963128101
3034.5,3.034500000000002,8.844677296304795
3035.0,3.034999999999997,8.847177296304771
3035.5,3.0355,8.849677296304783
3036.0,3.0360000000000023,8.845055465063751
3036.5,3.0364999999999975,8.847555465063728
3037.0,3.037,8.85005546506374
3037.5,3.0375000000000023,8.84547705960582
3038.0,3.0379999999999976,8.847977059605796
3038.5,3.0385,8.850477059605808
3039.0,3.0390000000000024,8.845889823068838
3039.5,3.0394999999999976,8.848389823068814
3040.0,3.04,8.850889823068826
3040.5,3.0405000000000024,8.846231358814798
3041.0,3.0409999999999977,8.848731358814774
3041.5,3.0415,8.851231358814786
3042.0,3.0420000000000025,8.846443909442279
3042.5,3.0424999999999978,8.848943909442255
3043.0,3.043,8.851443909442267
3043.5,3.0435000000000025,8.846482320501359
3044.0,3.043999999999998,8.848982320501335
3044.5,3.0444999999999998,8.851482320501347
3045.0,3.0450000000000026,8.846335535862053
3045.5,3.045499999999998,8.84883553586203
3046.0,3.0460000000000003,8.851335535862042
3046.5,3.0465000000000027,8.845995267540374
3047.0,3.046999999999998,8.84849526754035
3047.5,3.0475000000000003,8.850995267540362
3048.0,3.0480000000000027,8.845464286694487
3048.5,3.048499999999998,8.847964286694463
3049.0,3.0490000000000004,8.850464286694475
3049.5,3.0495000000000028,8.844757506061072
3050.0,3.049999999999998,8.847257506061048
3050.5,3.0505000000000004,8.84975750606106
3051.0,3.051000000000003,8.843924379457917
3051.5,3.051499999999998,8.846424379457893
3052.0,3.0520000000000005,8.848924379457905
3052.5,3.052500000000003,8.843045845789561
3053.0,3.052999999999998,8.845545845789538
3053.5,3.053500000000001,8.84804584578955
3054.0,3.054000000000003,8.84219317590123
3054.5,3.054499999999998,8.844693175901206
3055.0,3.0550000000000006,8.847193175901218
3055.5,3.055500000000003,8.84139364844195
3056.0,3.0559999999999983,8.843893648441927
3056.5,3.0565000000000007,8.84639364844194
3057.0,3.057000000000003,8.840672447973361
3057.5,3.0574999999999983,8.843172447973338
3058.0,3.0580000000000007,8.84567244797335
3058.5,3.058500000000003,8.840057956287843
3059.0,3.0589999999999984,8.84255795628782
3059.5,3.0595000000000008,8.845057956287832
3060.0,3.060000000000003,8.839561495957646
3060.5,3.0604999999999984,8.842061495957623
3061.0,3.061000000000001,8.844561495957635
3061.5,3.061500000000003,8.839194277121152
3062.0,3.0619999999999985,8.841694277121128
3062.5,3.062500000000001,8.84419427712114
3063.0,3.0630000000000037,8.83896419544179
3063.5,3.0634999999999986,8.841464195441766
3064.0,3.064000000000001,8.843964195441778
3064.5,3.0645000000000038,8.838875596947524
3065.0,3.064999999999998,8.8413755969475
3065.5,3.065500000000001,8.843875596947512
3066.0,3.0660000000000034,8.838928075777872
3066.5,3.0664999999999987,8.841428075777849
3067.0,3.067000000000001,8.84392807577786
3067.5,3.0674999999999963,8.83910051833908
3068.0,3.0679999999999987,8.841600518339092
3068.5,3.068500000000001,8.844100518339104
3069.0,3.0690000000000035,8.839378771668969
3069.5,3.069499999999999,8.841878771668945
3070.0,3.070000000000001,8.844378771668957
3070.5,3.0704999999999965,8.839747690694573
3071.0,3.070999999999999,8.842247690694585
3071.5,3.0715000000000012,8.844747690694597
3072.0,3.072000000000004,8.84016150232167
3072.5,3.072499999999999,8.842661502321647
3073.0,3.0730000000000013,8.845161502321659
3073.5,3.0734999999999966,8.840596689629194
3074.0,3.073999999999999,8.843096689629206
3074.5,3.0745000000000013,8.845596689629218
3075.0,3.075000000000004,8.841006849135198
3075.5,3.075499999999999,8.843506849135174
3076.0,3.0760000000000014,8.846006849135186
3076.5,3.0764999999999967,8.841347473084191
3077.0,3.076999999999999,8.843847473084203
3077.5,3.077500000000001,8.846347473084215
3078.0,3.0779999999999967,8.84158065719923
3078.5,3.078499999999999,8.844080657199243
3079.0,3.079000000000001,8.846580657199254
3079.5,3.079499999999997,8.841690041026027
3080.0,3.079999999999999,8.844190041026039
3080.5,3.0805000000000016,8.84669004102605
3081.0,3.080999999999997,8.841656738596129
3081.5,3.0814999999999997,8.84415673859614
3082.0,3.0820000000000016,8.846656738596153
3082.5,3.082499999999997,8.841477224211296
3083.0,3.0829999999999997,8.843977224211308
3083.5,3.0835000000000017,8.84647722421132
3084.0,3.083999999999997,8.841163474461418
3084.5,3.0845,8.84366347446143
3085.0,3.0850000000000017,8.846163474461441
3085.5,3.085499999999997,8.840706252839787
3086.0,3.0859999999999994,8.8432062528398
3086.5,3.086500000000002,8.845706252839811
3087.0,3.086999999999997,8.84011545051866
3087.5,3.0874999999999995,8.842615450518672
3088.0,3.088000000000002,8.845115450518684
3088.5,3.088499999999997,8.839395993020247
3089.0,3.0889999999999995,8.841895993020259
3089.5,3.089500000000002,8.844395993020271
3090.0,3.089999999999997,8.838561750573106
3090.5,3.0905,8.841061750573118
3091.0,3.091000000000002,8.84356175057313
3091.5,3.0914999999999973,8.837642601791416
3092.0,3.092,8.840142601791428
3092.5,3.092500000000002,8.84264260179144
3093.0,3.0929999999999973,8.836656742245168
3093.5,3.0935,8.83915674224518
3094.0,3.094000000000002,8.841656742245192
3094.5,3.0944999999999974,8.83560808644603
3095.0,3.095,8.838108086446042
3095.5,3.095500000000002,8.840608086446053
3096.0,3.095999999999997,8.84310808644603
3096.5,3.0965,8.837033021485752
3097.0,3.097000000000002,8.839533021485764
3097.5,3.097499999999997,8.84203302148574
3098.0,3.098,8.835952257085964
3098.5,3.0985000000000023,8.838452257085976
3099.0,3.0989999999999975,8.840952257085952
3099.5,3.0995,8.834902579445156
3100.0,3.1000000000000023,8.837402579445168
3100.5,3.1004999999999976,8.839902579445145
3101.0,3.101,8.83392035138474
3101.5,3.1015000000000024,8.836420351384753
3102.0,3.1019999999999976,8.83892035138473
3102.5,3.1025,8.833028780001264
3103.0,3.1030000000000024,8.835528780001276
3103.5,3.1034999999999977,8.838028780001252
3104.0,3.104,8.832240726207807
3104.5,3.1045000000000025,8.83474072620782
3105.0,3.1049999999999978,8.837240726207796
3105.5,3.1055,8.831543040976477
3106.0,3.1060000000000025,8.83404304097649
3106.5,3.106499999999998,8.836543040976466
3107.0,3.1069999999999998,8.830958866887038
3107.5,3.1075000000000026,8.83345886688705
3108.0,3.107999999999998,8.835958866887026
3108.5,3.1085000000000003,8.830466935071435
3109.0,3.1090000000000027,8.832966935071447
3109.5,3.109499999999998,8.835466935071423
3110.0,3.1100000000000003,8.830046571535703
3110.5,3.1105000000000027,8.832546571535715
3111.0,3.110999999999998,8.835046571535692
3111.5,3.1115000000000004,8.829664143201512
3112.0,3.1120000000000028,8.832164143201524
3112.5,3.112499999999998,8.8346641432015
3113.0,3.1130000000000004,8.829282866706585
3113.5,3.113500000000003,8.831782866706597
3114.0,3.113999999999998,8.834282866706573
3114.5,3.1145000000000005,8.828855848879265
3115.0,3.115000000000003,8.831355848879276
3115.5,3.115499999999998,8.833855848879253
3116.0,3.116000000000001,8.828344072603116
3116.5,3.116500000000003,8.830844072603128
3117.0,3.116999999999998,8.833344072603104
3117.5,3.1175000000000006,8.82771349826033
3118.0,3.118000000000003,8.830213498260342
3118.5,3.1184999999999983,8.832713498260318
3119.0,3.1190000000000007,8.826962030171401
3119.5,3.119500000000003,8.829462030171413
3120.0,3.1199999999999983,8.83196203017139
3120.5,3.1205000000000007,8.826084672792689
3121.0,3.121000000000003,8.8285846727927
3121.5,3.1214999999999984,8.831084672792677
3122.0,3.1220000000000008,8.825070278248326
3122.5,3.122500000000003,8.827570278248338
3123.0,3.1229999999999984,8.830070278248314
3123.5,3.123500000000001,8.82392555739358
3124.0,3.124000000000003,8.826425557393591
3124.5,3.1244999999999985,8.828925557393568
3125.0,3.125000000000001,8.822661064688155
3125.5,3.1255000000000037,8.825161064688167
3126.0,3.1259999999999986,8.827661064688144
3126.5,3.126500000000001,8.821309225488996
3127.0,3.1270000000000038,8.823809225489008
3127.5,3.127499999999998,8.826309225488984
3128.0,3.128000000000001,8.819893755614387
3128.5,3.1285000000000034,8.8223937556144
3129.0,3.1289999999999987,8.824893755614376
3129.5,3.129500000000001,8.818434010911353
3130.0,3.1299999999999963,8.82093401091133
3130.5,3.1304999999999987,8.823434010911342
3131.0,3.131000000000001,8.816951386747327
3131.5,3.1315000000000035,8.819451386747339
3132.0,3.131999999999999,8.821951386747315
3132.5,3.132500000000001,8.815460707012193
3133.0,3.1329999999999965,8.817960707012169
3133.5,3.133499999999999,8.820460707012181
3134.0,3.1340000000000012,8.813994550930282
3134.5,3.134500000000004,8.816494550930294
3135.0,3.134999999999999,8.81899455093027
3135.5,3.1355000000000013,8.812581624299405
3136.0,3.1359999999999966,8.815081624299381
3136.5,3.136499999999999,8.817581624299393
3137.0,3.1370000000000013,8.811260063488646
3137.5,3.137500000000004,8.813760063488658
3138.0,3.137999999999999,8.816260063488635
3138.5,3.1385000000000014,8.810073752267122
3139.0,3.1389999999999967,8.812573752267099
3139.5,3.139499999999999,8.81507375226711
3140.0,3.140000000000001,8.809016242686312
3140.5,3.1404999999999967,8.811516242686288
3141.0,3.140999999999999,8.8140162426863
3141.5,3.141500000000001,8.80807990883504
3142.0,3.141999999999997,8.810579908835017
3142.5,3.142499999999999,8.813079908835029
3143.0,3.1430000000000016,8.80725634938333
3143.5,3.143499999999997,8.809756349383306
3144.0,3.1439999999999997,8.812256349383318
3144.5,3.1445000000000016,8.806503116116993
3145.0,3.144999999999997,8.809003116116969
3145.5,3.1454999999999997,8.811503116116981
3146.0,3.1460000000000017,8.805790474485207
3146.5,3.146499999999997,8.808290474485183
3147.0,3.147,8.810790474485195
3147.5,3.1475000000000017,8.805080111013233
3148.0,3.147999999999997,8.807580111013209
3148.5,3.1484999999999994,8.810080111013221
3149.0,3.149000000000002,8.804344630689016
3149.5,3.149499999999997,8.806844630688992
3150.0,3.1499999999999995,8.809344630689004
3150.5,3.150500000000002,8.803578483513483
3151.0,3.150999999999997,8.80607848351346
3151.5,3.1514999999999995,8.808578483513472
3152.0,3.152000000000002,8.802779712514699
3152.5,3.152499999999997,8.805279712514675
3153.0,3.153,8.807779712514687
3153.5,3.153500000000002,8.801953217170038
3154.0,3.1539999999999973,8.804453217170014
3154.5,3.1545,8.806953217170026
3155.0,3.155000000000002,8.801120984215025
3155.5,3.1554999999999973,8.803620984215001
3156.0,3.156,8.806120984215013
3156.5,3.156500000000002,8.800288105279748
3157.0,3.1569999999999974,8.802788105279724
3157.5,3.1575,8.805288105279736
3158.0,3.158000000000002,8.799434806754114
3158.5,3.158499999999997,8.80193480675409
3159.0,3.159,8.804434806754102
3159.5,3.159500000000002,8.798538326610519
3160.0,3.159999999999997,8.801038326610495
3160.5,3.1605,8.803538326610507
3161.0,3.1610000000000023,8.79759863527731
3161.5,3.1614999999999975,8.800098635277287
3162.0,3.162,8.802598635277299
3162.5,3.1625000000000023,8.796611818560969
3163.0,3.1629999999999976,8.799111818560945
3163.5,3.1635,8.801611818560957
3164.0,3.1640000000000024,8.795583134743055
3164.5,3.1644999999999976,8.798083134743031
3165.0,3.165,8.800583134743043
3165.5,3.1655000000000024,8.794512984603493
3166.0,3.1659999999999977,8.79701298460347
3166.5,3.1665,8.799512984603481
3167.0,3.1670000000000025,8.793402160492292
3167.5,3.1674999999999978,8.795902160492268
3168.0,3.168,8.79840216049228
3168.5,3.1685000000000025,8.792252287073836
3169.0,3.168999999999998,8.794752287073813
3169.5,3.1694999999999998,8.797252287073825
3170.0,3.1700000000000026,8.791069324056764
3170.5,3.170499999999998,8.79356932405674
3171.0,3.1710000000000003,8.796069324056752
3171.5,3.1715000000000027,8.798569324056764
3172.0,3.171999999999998,8.792346126524393
3172.5,3.1725000000000003,8.794846126524405
3173.0,3.1730000000000027,8.797346126524417
3173.5,3.173499999999998,8.791091337106671
3174.0,3.1740000000000004,8.793591337106683
3174.5,3.1745000000000028,8.796091337106695
3175.0,3.174999999999998,8.789790048893131
3175.5,3.1755000000000004,8.792290048893143
3176.0,3.176000000000003,8.794790048893155
3176.5,3.176499999999998,8.788431341202525
3177.0,3.1770000000000005,8.790931341202537
3177.5,3.177500000000003,8.793431341202549
3178.0,3.177999999999998,8.78699519838431
3178.5,3.178500000000001,8.789495198384323
3179.0,3.179000000000003,8.791995198384335
3179.5,3.179499999999998,8.785484835366653
3180.0,3.1800000000000006,8.787984835366665
3180.5,3.180500000000003,8.790484835366676
3181.0,3.1809999999999983,8.783907942487126
3181.5,3.1815000000000007,8.786407942487138
3182.0,3.182000000000003,8.78890794248715
3182.5,3.1824999999999983,8.782293601595477
3183.0,3.1830000000000007,8.784793601595489
3183.5,3.183500000000003,8.7872936015955
3184.0,3.1839999999999984,8.780649773155176
3184.5,3.1845000000000008,8.783149773155188
3185.0,3.185000000000003,8.7856497731552
3185.5,3.1854999999999984,8.778951511085502
3186.0,3.186000000000001,8.781451511085514
3186.5,3.186500000000003,8.783951511085526
3187.0,3.1869999999999985,8.777201574009439
3187.5,3.187500000000001,8.77970157400945
3188.0,3.1880000000000037,8.782201574009463
3188.5,3.1884999999999986,8.775381853762205
3189.0,3.189000000000001,8.777881853762217
3189.5,3.1895000000000038,8.78038185376223
3190.0,3.189999999999998,8.773526167329422
3190.5,3.190500000000001,8.776026167329434
3191.0,3.1910000000000034,8.778526167329446
3191.5,3.1914999999999987,8.771659049503633
3192.0,3.192000000000001,8.774159049503645
3192.5,3.1924999999999963,8.776659049503621
3193.0,3.1929999999999987,8.769794158847724
3193.5,3.193500000000001,8.772294158847735
3194.0,3.1940000000000035,8.774794158847747
3194.5,3.194499999999999,8.767971789180287
3195.0,3.195000000000001,8.770471789180299
3195.5,3.1954999999999965,8.772971789180275
3196.0,3.195999999999999,8.766222011704592
3196.5,3.1965000000000012,8.768722011704604
3197.0,3.197000000000004,8.771222011704616
3197.5,3.197499999999999,8.764566168143126
3198.0,3.1980000000000013,8.767066168143138
3198.5,3.1984999999999966,8.769566168143115
3199.0,3.198999999999999,8.763017026020279
3199.5,3.1995000000000013,8.76551702602029
3200.0,3.200000000000004,8.768017026020303
3200.5,3.200499999999999,8.761562909439746
3201.0,3.2010000000000014,8.764062909439758
3201.5,3.2014999999999967,8.766562909439735
3202.0,3.201999999999999,8.76021715387715
3202.5,3.202500000000001,8.762717153877162
3203.0,3.2029999999999967,8.765217153877138
3203.5,3.203499999999999,8.758964749298741
3204.0,3.204000000000001,8.761464749298753
3204.5,3.204499999999997,8.76396474929873
3205.0,3.204999999999999,8.757806900136167
3205.5,3.2055000000000016,8.760306900136179
3206.0,3.205999999999997,8.762806900136155
3206.5,3.2064999999999997,8.756749843273823
3207.0,3.2070000000000016,8.759249843273835
3207.5,3.207499999999997,8.761749843273812
3208.0,3.2079999999999997,8.755800469106845
3208.5,3.2085000000000017,8.758300469106857
3209.0,3.208999999999997,8.760800469106833
3209.5,3.2095,8.754994748510647
3210.0,3.2100000000000017,8.75749474851066
3210.5,3.210499999999997,8.759994748510636
3211.0,3.2109999999999994,8.754339569864982
3211.5,3.211500000000002,8.756839569864994
3212.0,3.211999999999997,8.75933956986497
3212.5,3.2124999999999995,8.753836373227806
3213.0,3.213000000000002,8.756336373227818
3213.5,3.213499999999997,8.758836373227794
3214.0,3.2139999999999995,8.753458634246236
3214.5,3.214500000000002,8.755958634246248
3215.0,3.214999999999997,8.758458634246225
3215.5,3.2155,8.753182542193159
3216.0,3.216000000000002,8.75568254219317
3216.5,3.2164999999999973,8.758182542193147
3217.0,3.217,8.75297969531399
3217.5,3.217500000000002,8.755479695314001
3218.0,3.2179999999999973,8.757979695313978
3218.5,3.2185,8.752836364071683
3219.0,3.219000000000002,8.755336364071695
3219.5,3.2194999999999974,8.757836364071672
3220.0,3.22,8.752725805003365
3220.5,3.220500000000002,8.755225805003377
3221.0,3.220999999999997,8.757725805003354
3221.5,3.2215,8.75263928199793
3222.0,3.222000000000002,8.755139281997941
3222.5,3.222499999999997,8.757639281997918
3223.0,3.223,8.752547284622452
3223.5,3.2235000000000023,8.755047284622464
3224.0,3.2239999999999975,8.75754728462244
3224.5,3.2245,8.752417595164275
3225.0,3.2250000000000023,8.754917595164287
3225.5,3.2254999999999976,8.757417595164263
3226.0,3.226,8.75224442101402
3226.5,3.2265000000000024,8.754744421014031
3227.0,3.2269999999999976,8.757244421014008
3227.5,3.2275,8.752016198494843
3228.0,3.2280000000000024,8.754516198494855
3228.5,3.2284999999999977,8.757016198494831
3229.0,3.229,8.75174050850763
3229.5,3.2295000000000025,8.754240508507642
3230.0,3.2299999999999978,8.756740508507619
3230.5,3.2305,8.751394480065358
3231.0,3.2310000000000025,8.75389448006537
3231.5,3.231499999999998,8.756394480065346
3232.0,3.2319999999999998,8.750963177726767
3232.5,3.2325000000000026,8.753463177726779
3233.0,3.232999999999998,8.755963177726755
3233.5,3.2335000000000003,8.750446387906123
3234.0,3.2340000000000027,8.752946387906135
3234.5,3.234499999999998,8.755446387906112
3235.0,3.2350000000000003,8.749847636147337
3235.5,3.2355000000000027,8.752347636147348
3236.0,3.235999999999998,8.754847636147325
3236.5,3.2365000000000004,8.749150317201071
3237.0,3.2370000000000028,8.751650317201083
3237.5,3.237499999999998,8.75415031720106
3238.0,3.2380000000000004,8.748371526598397
3238.5,3.238500000000003,8.75087152659841
3239.0,3.238999999999998,8.753371526598386
3239.5,3.2395000000000005,8.747512343125123
3240.0,3.240000000000003,8.750012343125135
3240.5,3.240499999999998,8.752512343125112
3241.0,3.241000000000001,8.74658006251046
3241.5,3.241500000000003,8.749080062510473
3242.0,3.241999999999998,8.751580062510449
3242.5,3.2425000000000006,8.745581733624164
3243.0,3.243000000000003,8.748081733624176
3243.5,3.2434999999999983,8.750581733624152
3244.0,3.2440000000000007,8.744507156504682
3244.5,3.244500000000003,8.747007156504694
3245.0,3.2449999999999983,8.74950715650467
3245.5,3.2455000000000007,8.743366065502798
3246.0,3.246000000000003,8.74586606550281
3246.5,3.2464999999999984,8.748366065502786
3247.0,3.2470000000000008,8.750866065502798
3247.5,3.247500000000003,8.744658822072608
3248.0,3.2479999999999984,8.747158822072585
3248.5,3.248500000000001,8.749658822072597
3249.0,3.249000000000003,8.743393985633858
3249.5,3.2494999999999985,8.745893985633835
3250.0,3.250000000000001,8.748393985633847
3250.5,3.2505000000000037,8.742082627962873
3251.0,3.2509999999999986,8.74458262796285
3251.5,3.251500000000001,8.747082627962861
3252.0,3.2520000000000038,8.740724295236681
3252.5,3.252499999999998,8.743224295236658
3253.0,3.253000000000001,8.74572429523667
3253.5,3.2535000000000034,8.739312041404759
3254.0,3.2539999999999987,8.741812041404735
3254.5,3.254500000000001,8.744312041404747
3255.0,3.2549999999999963,8.737852219071343
3255.5,3.2554999999999987,8.740352219071355
3256.0,3.256000000000001,8.742852219071366
3256.5,3.2565000000000035,8.736330139378197
3257.0,3.256999999999999,8.738830139378173
3257.5,3.257500000000001,8.741330139378185
3258.0,3.2579999999999965,8.734722302338938
3258.5,3.258499999999999,8.73722230233895
3259.0,3.2590000000000012,8.739722302338961
3259.5,3.259500000000004,8.733029771261371
3260.0,3.259999999999999,8.735529771261348
3260.5,3.2605000000000013,8.73802977126136
3261.0,3.2609999999999966,8.731244046387587
3261.5,3.261499999999999,8.7337440463876
3262.0,3.2620000000000013,8.736244046387611
3262.5,3.262500000000004,8.729376027866387
3263.0,3.262999999999999,8.731876027866363
3263.5,3.2635000000000014,8.734376027866375
3264.0,3.2639999999999967,8.727428621578994
3264.5,3.264499999999999,8.729928621579006
3265.0,3.265000000000001,8.732428621579018
3265.5,3.2654999999999967,8.7254211634826
3266.0,3.265999999999999,8.727921163482613
3266.5,3.266500000000001,8.730421163482625
3267.0,3.266999999999997,8.723363468601164
3267.5,3.267499999999999,8.725863468601176
3268.0,3.2680000000000016,8.728363468601188
3268.5,3.268499999999997,8.721292790829125
3269.0,3.2689999999999997,8.723792790829137
3269.5,3.2695000000000016,8.726292790829149
3270.0,3.269999999999997,8.71923217065774
3270.5,3.2704999999999997,8.721732170657752
3271.0,3.2710000000000017,8.724232170657764
3271.5,3.271499999999997,8.717198019446002
3272.0,3.272,8.719698019446014
3272.5,3.2725000000000017,8.722198019446026
3273.0,3.272999999999997,8.715190823771763
3273.5,3.2734999999999994,8.717690823771775
3274.0,3.274000000000002,8.720190823771787
3274.5,3.274499999999997,8.713210952435055
3275.0,3.2749999999999995,8.715710952435067
3275.5,3.275500000000002,8.71821095243508
3276.0,3.275999999999997,8.71124538794355
3276.5,3.2764999999999995,8.713745387943561
3277.0,3.277000000000002,8.716245387943573
3277.5,3.277499999999997,8.709294371760485
3278.0,3.278,8.711794371760497
3278.5,3.278500000000002,8.71429437176051
3279.0,3.2789999999999973,8.707369583362876
3279.5,3.2795,8.709869583362888
3280.0,3.280000000000002,8.7123695833629
3280.5,3.2804999999999973,8.705470581702102
3281.0,3.281,8.707970581702114
3281.5,3.281500000000002,8.710470581702126
3282.0,3.2819999999999974,8.703594801315404
3282.5,3.2825,8.706094801315416
3283.0,3.283000000000002,8.708594801315428
3283.5,3.283499999999997,8.701742819190343
3284.0,3.284,8.704242819190355
3284.5,3.284500000000002,8.706742819190367
3285.0,3.284999999999997,8.699914668867628
3285.5,3.2855,8.70241466886764
3286.0,3.2860000000000023,8.704914668867652
3286.5,3.2864999999999975,8.698089295054707
3287.0,3.287,8.70058929505472
3287.5,3.2875000000000023,8.703089295054731
3288.0,3.2879999999999976,8.696253763560016
3288.5,3.2885,8.698753763560028
3289.0,3.2890000000000024,8.70125376356004
3289.5,3.2894999999999976,8.694385236660551
3290.0,3.29,8.696885236660563
3290.5,3.2905000000000024,8.699385236660575
3291.0,3.2909999999999977,8.692481751856356
3291.5,3.2915,8.694981751856368
3292.0,3.2920000000000025,8.69748175185638
3292.5,3.2924999999999978,8.690560441707476
3293.0,3.293,8.693060441707487
3293.5,3.2935000000000025,8.6955604417075
3294.0,3.293999999999998,8.688640013880189
3294.5,3.2944999999999998,8.6911400138802
3295.0,3.2950000000000026,8.693640013880213
3295.5,3.295499999999998,8.686724371881738
3296.0,3.2960000000000003,8.68922437188175
3296.5,3.2965000000000027,8.691724371881762
3297.0,3.296999999999998,8.684853967730852
3297.5,3.2975000000000003,8.687353967730864
3298.0,3.2980000000000027,8.689853967730876
3298.5,3.298499999999998,8.683043800195911
3299.0,3.2990000000000004,8.685543800195923
3299.5,3.2995000000000028,8.688043800195935
3300.0,3.299999999999998,8.681329546161152
3300.5,3.3005000000000004,8.683829546161164
3301.0,3.301000000000003,8.686329546161176
3301.5,3.301499999999998,8.679739290342532
3302.0,3.3020000000000005,8.682239290342544
3302.5,3.302500000000003,8.684739290342556
3303.0,3.302999999999998,8.678282845307521
3303.5,3.303500000000001,8.680782845307533
3304.0,3.304000000000003,8.683282845307545
3304.5,3.304499999999998,8.676936861103712
3305.0,3.3050000000000006,8.679436861103724
3305.5,3.305500000000003,8.681936861103736
3306.0,3.3059999999999983,8.675720540258354
3306.5,3.3065000000000007,8.678220540258366
3307.0,3.307000000000003,8.680720540258378
3307.5,3.3074999999999983,8.674637209761933
3308.0,3.3080000000000007,8.677137209761945
3308.5,3.308500000000003,8.679637209761957
3309.0,3.3089999999999984,8.673665322214283
3309.5,3.3095000000000008,8.676165322214295
3310.0,3.310000000000003,8.678665322214307
3310.5,3.3104999999999984,8.672824778206092
3311.0,3.311000000000001,8.675324778206104
3311.5,3.311500000000003,8.677824778206116
3312.0,3.3119999999999985,8.672120566622077
3312.5,3.312500000000001,8.674620566622089
3313.0,3.3130000000000037,8.6771205666221
3313.5,3.3134999999999986,8.671540174849603
3314.0,3.314000000000001,8.674040174849615
3314.5,3.3145000000000038,8.676540174849627
3315.0,3.314999999999998,8.67105893432079
3315.5,3.315500000000001,8.673558934320802
3316.0,3.3160000000000034,8.676058934320814
3316.5,3.3164999999999987,8.670646158495003
3317.0,3.317000000000001,8.673146158495015
3317.5,3.3174999999999963,8.675646158494992
3318.0,3.3179999999999987,8.670243376021496
3318.5,3.318500000000001,8.672743376021508
3319.0,3.3190000000000035,8.67524337602152
3319.5,3.319499999999999,8.669812426154238
3320.0,3.320000000000001,8.67231242615425
3320.5,3.3204999999999965,8.674812426154226
3321.0,3.320999999999999,8.669324254472137
3321.5,3.3215000000000012,8.671824254472149
3322.0,3.322000000000004,8.674324254472161
3322.5,3.322499999999999,8.676824254472137
3323.0,3.3230000000000013,8.671242087370672
3323.5,3.3234999999999966,8.673742087370648
3324.0,3.323999999999999,8.67624208737066
3324.5,3.3245000000000013,8.670553035634647
3325.0,3.325000000000004,8.67305303563466
3325.5,3.325499999999999,8.675553035634636
3326.0,3.3260000000000014,8.669771122111705
3326.5,3.3264999999999967,8.672271122111681
3327.0,3.326999999999999,8.674771122111693
3327.5,3.327500000000001,8.668906701407835
3328.0,3.3279999999999967,8.671406701407811
3328.5,3.328499999999999,8.673906701407823
3329.0,3.329000000000001,8.667973332424559
3329.5,3.329499999999997,8.670473332424535
3330.0,3.329999999999999,8.672973332424547
3330.5,3.3305000000000016,8.666988715197128
3331.0,3.330999999999997,8.669488715197105
3331.5,3.3314999999999997,8.671988715197116
3332.0,3.3320000000000016,8.665965928432158
3332.5,3.332499999999997,8.668465928432134
3333.0,3.3329999999999997,8.670965928432146
3333.5,3.3335000000000017,8.664905298806858
3334.0,3.333999999999997,8.667405298806834
3334.5,3.3345,8.669905298806846
3335.0,3.3350000000000017,8.663796502284065
3335.5,3.335499999999997,8.666296502284041
3336.0,3.3359999999999994,8.668796502284053
3336.5,3.336500000000002,8.662625372104102
3337.0,3.336999999999997,8.665125372104079
3337.5,3.3374999999999995,8.66762537210409
3338.0,3.338000000000002,8.661364659081237
3338.5,3.338499999999997,8.663864659081213
3339.0,3.3389999999999995,8.666364659081225
3339.5,3.339500000000002,8.660011168171806
3340.0,3.339999999999997,8.662511168171783
3340.5,3.3405,8.665011168171795
3341.0,3.341000000000002,8.658557521788879
3341.5,3.3414999999999973,8.661057521788855
3342.0,3.342,8.663557521788867
3342.5,3.342500000000002,8.657019551363092
3343.0,3.3429999999999973,8.659519551363069
3343.5,3.3435,8.66201955136308
3344.0,3.344000000000002,8.655408430583051
3344.5,3.3444999999999974,8.657908430583028
3345.0,3.345,8.66040843058304
3345.5,3.345500000000002,8.65373332095512
3346.0,3.345999999999997,8.656233320955096
3346.5,3.3465,8.658733320955108
3347.0,3.347000000000002,8.652027793004926
3347.5,3.347499999999997,8.654527793004902
3348.0,3.348,8.657027793004914
3348.5,3.3485000000000023,8.650303032688669
3349.0,3.3489999999999975,8.652803032688645
3349.5,3.3495,8.655303032688657
3350.0,3.3500000000000023,8.648540193208625
3350.5,3.3504999999999976,8.651040193208601
3351.0,3.351,8.653540193208613
3351.5,3.3515000000000024,8.646720748890218
3352.0,3.3519999999999976,8.649220748890194
3352.5,3.3525,8.651720748890206
3353.0,3.3530000000000024,8.644850760295917
3353.5,3.3534999999999977,8.647350760295893
3354.0,3.354,8.649850760295905
3354.5,3.3545000000000025,8.642919456052525
3355.0,3.3549999999999978,8.645419456052501
3355.5,3.3555,8.647919456052513
3356.0,3.3560000000000025,8.640922573569298
3356.5,3.356499999999998,8.643422573569275
3357.0,3.3569999999999998,8.645922573569287
3357.5,3.3575000000000026,8.638860818626135
3358.0,3.357999999999998,8.641360818626111
3358.5,3.3585000000000003,8.643860818626123
3359.0,3.3590000000000027,8.63675593355417
3359.5,3.359499999999998,8.639255933554146
3360.0,3.3600000000000003,8.641755933554158
3360.5,3.3605000000000027,8.634615952930957
3361.0,3.360999999999998,8.637115952930934
3361.5,3.3615000000000004,8.639615952930946
3362.0,3.3620000000000028,8.632471051912454
3362.5,3.362499999999998,8.63497105191243
3363.0,3.3630000000000004,8.637471051912442
3363.5,3.363500000000003,8.6303268347622
3364.0,3.363999999999998,8.632826834762177
3364.5,3.3645000000000005,8.63532683476219
3365.0,3.365000000000003,8.628200512688196
3365.5,3.365499999999998,8.630700512688172
3366.0,3.366000000000001,8.633200512688184
3366.5,3.366500000000003,8.626111865492945
3367.0,3.366999999999998,8.628611865492921
3367.5,3.3675000000000006,8.631111865492933
3368.0,3.368000000000003,8.624062990844408
3368.5,3.3684999999999983,8.626562990844384
3369.0,3.3690000000000007,8.629062990844396
3369.5,3.369500000000003,8.622043348843462
3370.0,3.3699999999999983,8.624543348843439
3370.5,3.3705000000000007,8.62704334884345
3371.0,3.371000000000003,8.620054856913306
3371.5,3.3714999999999984,8.622554856913283
3372.0,3.3720000000000008,8.625054856913295
3372.5,3.372500000000003,8.618096773274111
3373.0,3.3729999999999984,8.620596773274087
3373.5,3.373500000000001,8.6230967732741
3374.0,3.374000000000003,8.616164103492032
3374.5,3.3744999999999985,8.618664103492009
3375.0,3.375000000000001,8.62116410349202
3375.5,3.3755000000000037,8.614248172754628
3376.0,3.3759999999999986,8.616748172754605
3376.5,3.376500000000001,8.619248172754617
3377.0,3.3770000000000038,8.612346788949665
3377.5,3.377499999999998,8.614846788949642
3378.0,3.378000000000001,8.617346788949654
3378.5,3.3785000000000034,8.610438094844994
3379.0,3.3789999999999987,8.61293809484497
3379.5,3.379500000000001,8.615438094844983
3380.0,3.3799999999999963,8.608521265863374
3380.5,3.3804999999999987,8.611021265863386
3381.0,3.381000000000001,8.613521265863398
3381.5,3.3815000000000035,8.606607108767967
3382.0,3.381999999999999,8.609107108767944
3382.5,3.382500000000001,8.611607108767956
3383.0,3.3829999999999965,8.604712307419327
3383.5,3.383499999999999,8.607212307419339
3384.0,3.3840000000000012,8.60971230741935
3384.5,3.384500000000004,8.602848137905603
3385.0,3.384999999999999,8.60534813790558
3385.5,3.3855000000000013,8.607848137905592
3386.0,3.3859999999999966,8.601034590416177
3386.5,3.386499999999999,8.603534590416189
3387.0,3.3870000000000013,8.6060345904162
3387.5,3.387500000000004,8.599297421691006
3388.0,3.387999999999999,8.601797421690982
3388.5,3.3885000000000014,8.604297421690994
3389.0,3.3889999999999967,8.597649090865715
3389.5,3.389499999999999,8.600149090865727
3390.0,3.390000000000001,8.60264909086574
3390.5,3.3904999999999967,8.596066655207153
3391.0,3.390999999999999,8.598566655207165
3391.5,3.391500000000001,8.601066655207177
3392.0,3.391999999999997,8.594558412570414
3392.5,3.392499999999999,8.597058412570426
3393.0,3.3930000000000016,8.599558412570438
3393.5,3.393499999999997,8.593114579166716
3394.0,3.3939999999999997,8.595614579166728
3394.5,3.3945000000000016,8.59811457916674
3395.0,3.394999999999997,8.59173702729418
3395.5,3.3954999999999997,8.594237027294191
3396.0,3.3960000000000017,8.596737027294203
3396.5,3.396499999999997,8.590430190954166
3397.0,3.397,8.592930190954178
3397.5,3.3975000000000017,8.59543019095419
3398.0,3.397999999999997,8.597930190954166
3398.5,3.3984999999999994,8.591708469937949
3399.0,3.399000000000002,8.59420846993796
3399.5,3.399499999999997,8.596708469937937
3400.0,3.3999999999999995,8.59058722327962
3400.5,3.400500000000002,8.593087223279632
3401.0,3.400999999999997,8.595587223279608
3401.5,3.4014999999999995,8.589571267946496
3402.0,3.402000000000002,8.592071267946508
3402.5,3.402499999999997,8.594571267946485
3403.0,3.403,8.588660219430118
3403.5,3.403500000000002,8.59116021943013
3404.0,3.4039999999999973,8.593660219430106
3404.5,3.4045,8.587831911144583
3405.0,3.405000000000002,8.590331911144595
3405.5,3.4054999999999973,8.592831911144572
3406.0,3.406,8.587049589032674
3406.5,3.406500000000002,8.589549589032686
3407.0,3.4069999999999974,8.592049589032662
3407.5,3.4075,8.586283529872354
3408.0,3.408000000000002,8.588783529872366
3408.5,3.408499999999997,8.591283529872342
3409.0,3.409,8.585517351611465
3409.5,3.409500000000002,8.588017351611477
3410.0,3.409999999999997,8.590517351611453
3410.5,3.4105,8.584748844609535
3411.0,3.4110000000000023,8.587248844609547
3411.5,3.4114999999999975,8.589748844609524
3412.0,3.412,8.58396325719724
3412.5,3.4125000000000023,8.586463257197252
3413.0,3.4129999999999976,8.588963257197229
3413.5,3.4135,8.583168931787384
3414.0,3.4140000000000024,8.585668931787396
3414.5,3.4144999999999976,8.588168931787372
3415.0,3.415,8.582375946082266
3415.5,3.4155000000000024,8.584875946082278
3416.0,3.4159999999999977,8.587375946082254
3416.5,3.4165,8.581594382125992
3417.0,3.4170000000000025,8.584094382126004
3417.5,3.4174999999999978,8.58659438212598
3418.0,3.418,8.580813190026575
3418.5,3.4185000000000025,8.583313190026587
3419.0,3.418999999999998,8.585813190026563
3419.5,3.4194999999999998,8.579992658356943
3420.0,3.4200000000000026,8.582492658356955
3420.5,3.420499999999998,8.584992658356931
3421.0,3.4210000000000003,8.579097418960231
3421.5,3.4215000000000027,8.581597418960243
3422.0,3.421999999999998,8.58409741896022
3422.5,3.4225000000000003,8.578084219602502
3423.0,3.4230000000000027,8.580584219602514
3423.5,3.423499999999998,8.58308421960249
3424.0,3.4240000000000004,8.576958699717423
3424.5,3.4245000000000028,8.579458699717435
3425.0,3.424999999999998,8.581958699717411
3425.5,3.4255000000000004,8.57570896886422
3426.0,3.426000000000003,8.578208968864232
3426.5,3.426499999999998,8.580708968864208
3427.0,3.4270000000000005,8.57434646272047
3427.5,3.427500000000003,8.576846462720482
3428.0,3.427999999999998,8.579346462720459
3428.5,3.428500000000001,8.572888835913304
3429.0,3.429000000000003,8.575388835913316
3429.5,3.429499999999998,8.577888835913292
3430.0,3.4300000000000006,8.571325765513436
3430.5,3.430500000000003,8.573825765513448
3431.0,3.4309999999999983,8.576325765513424
3431.5,3.4315000000000007,8.56964947761675
3432.0,3.432000000000003,8.572149477616762
3432.5,3.4324999999999983,8.574649477616738
3433.0,3.4330000000000007,8.567857713055886
3433.5,3.433500000000003,8.570357713055898
3434.0,3.4339999999999984,8.572857713055875
3434.5,3.4345000000000008,8.565934631542689
3435.0,3.435000000000003,8.5684346315427
3435.5,3.4354999999999984,8.570934631542677
3436.0,3.436000000000001,8.563874640058309
3436.5,3.436500000000003,8.56637464005832
3437.0,3.4369999999999985,8.568874640058297
3437.5,3.437500000000001,8.561692916604109
3438.0,3.4380000000000037,8.56419291660412
3438.5,3.4384999999999986,8.566692916604097
3439.0,3.439000000000001,8.559404479693562
3439.5,3.4395000000000038,8.561904479693574
3440.0,3.439999999999998,8.56440447969355
3440.5,3.440500000000001,8.557039875424728
3441.0,3.4410000000000034,8.55953987542474
3441.5,3.4414999999999987,8.562039875424716
3442.0,3.442000000000001,8.554610175851423
3442.5,3.4424999999999963,8.557110175851399
3443.0,3.4429999999999987,8.559610175851411
3443.5,3.443500000000001,8.552154736155408
3444.0,3.4440000000000035,8.55465473615542
3444.5,3.444499999999999,8.557154736155397
3445.0,3.445000000000001,8.549717511873034
3445.5,3.4454999999999965,8.55221751187301
3446.0,3.445999999999999,8.554717511873022
3446.5,3.4465000000000012,8.547316871150308
3447.0,3.447000000000004,8.54981687115032
3447.5,3.447499999999999,8.552316871150296
3448.0,3.4480000000000013,8.544966373954033
3448.5,3.4484999999999966,8.547466373954009
3449.0,3.448999999999999,8.549966373954021
3449.5,3.4495000000000013,8.54266599639434
3450.0,3.450000000000004,8.545165996394353
3450.5,3.450499999999999,8.54766599639433
3451.0,3.4510000000000014,8.540408648850537
3451.5,3.4514999999999967,8.542908648850513
3452.0,3.451999999999999,8.545408648850525
3452.5,3.452500000000001,8.53820675772372
3453.0,3.4529999999999967,8.540706757723697
3453.5,3.453499999999999,8.54320675772371
3454.0,3.454000000000001,8.536056304212778
3454.5,3.454499999999997,8.538556304212754
3455.0,3.454999999999999,8.541056304212766
3455.5,3.4555000000000016,8.533971466973824
3456.0,3.455999999999997,8.5364714669738
3456.5,3.4564999999999997,8.538971466973813
3457.0,3.4570000000000016,8.531949914739378
3457.5,3.457499999999997,8.534449914739355
3458.0,3.4579999999999997,8.536949914739367
3458.5,3.4585000000000017,8.52999075240227
3459.0,3.458999999999997,8.532490752402246
3459.5,3.4595,8.534990752402258
3460.0,3.4600000000000017,8.528088103400187
3460.5,3.460499999999997,8.530588103400163
3461.0,3.4609999999999994,8.533088103400175
3461.5,3.461500000000002,8.526220261963111
3462.0,3.461999999999997,8.528720261963088
3462.5,3.4624999999999995,8.5312202619631
3463.0,3.463000000000002,8.52436305024618
3463.5,3.463499999999997,8.526863050246156
3464.0,3.4639999999999995,8.529363050246168
3464.5,3.464500000000002,8.522498814013275
3465.0,3.464999999999997,8.524998814013252
3465.5,3.4655,8.527498814013263
3466.0,3.466000000000002,8.520619718702669
3466.5,3.4664999999999973,8.523119718702645
3467.0,3.467,8.525619718702657
3467.5,3.467500000000002,8.5186989730202
3468.0,3.4679999999999973,8.521198973020176
3468.5,3.4685,8.523698973020188
3469.0,3.469000000000002,8.516743390702501
3469.5,3.4694999999999974,8.519243390702478
3470.0,3.47,8.52174339070249
3470.5,3.470500000000002,8.514766177826516
3471.0,3.470999999999997,8.517266177826492
3471.5,3.4715,8.519766177826504
3472.0,3.472000000000002,8.512770524320885
3472.5,3.472499999999997,8.515270524320862
3473.0,3.473,8.517770524320873
3473.5,3.4735000000000023,8.520270524320885
3474.0,3.4739999999999975,8.513260906871771
3474.5,3.4745,8.515760906871783
3475.0,3.4750000000000023,8.518260906871795
3475.5,3.4754999999999976,8.511224091574228
3476.0,3.476,8.51372409157424
3476.5,3.4765000000000024,8.516224091574252
3477.0,3.4769999999999976,8.5091837382042
3477.5,3.4775,8.511683738204212
3478.0,3.4780000000000024,8.514183738204224
3478.5,3.4784999999999977,8.507159400045552
3479.0,3.479,8.509659400045564
3479.5,3.4795000000000025,8.512159400045576
3480.0,3.4799999999999978,8.505187244469603
3480.5,3.4805,8.507687244469615
3481.0,3.4810000000000025,8.510187244469627
3481.5,3.481499999999998,8.503311028954101
3482.0,3.4819999999999998,8.505811028954113
3482.5,3.4825000000000026,8.508311028954125
3483.0,3.482999999999998,8.501564425103716
3483.5,3.4835000000000003,8.504064425103728
3484.0,3.4840000000000027,8.50656442510374
3484.5,3.484499999999998,8.499970208429879
3485.0,3.4850000000000003,8.50247020842989
3485.5,3.4855000000000027,8.504970208429903
3486.0,3.485999999999998,8.498544570220758
3486.5,3.4865000000000004,8.50104457022077
3487.0,3.4870000000000028,8.503544570220782
3487.5,3.487499999999998,8.49728075872168
3488.0,3.4880000000000004,8.499780758721691
3488.5,3.488500000000003,8.502280758721703
3489.0,3.488999999999998,8.496167854715146
3489.5,3.4895000000000005,8.498667854715158
3490.0,3.490000000000003,8.50116785471517
3490.5,3.490499999999998,8.495190862995905
3491.0,3.491000000000001,8.497690862995917
3491.5,3.491500000000003,8.500190862995929
3492.0,3.491999999999998,8.494343201375578
3492.5,3.4925000000000006,8.49684320137559
3493.0,3.493000000000003,8.499343201375602
3493.5,3.4934999999999983,8.49358053829203
3494.0,3.4940000000000007,8.496080538292041
3494.5,3.494500000000003,8.498580538292053
3495.0,3.4949999999999983,8.492865055462389
3495.5,3.4955000000000007,8.4953650554624
3496.0,3.496000000000003,8.497865055462412
3496.5,3.4964999999999984,8.49216949679569
3497.0,3.4970000000000008,8.494669496795701
3497.5,3.497500000000003,8.497169496795713
3498.0,3.4979999999999984,8.491447444905518
3498.5,3.498500000000001,8.49394744490553
3499.0,3.499000000000003,8.496447444905542
3499.5,3.4994999999999985,8.490651331147276
3500.0,3.500000000000001,8.493151331147288
3500.5,3.5005000000000037,8.4956513311473
3501.0,3.5009999999999986,8.489736601575828
3501.5,3.501500000000001,8.49223660157584
3502.0,3.5020000000000038,8.494736601575852
3502.5,3.502499999999998,8.488665336210595
3503.0,3.503000000000001,8.491165336210607
3503.5,3.5035000000000034,8.493665336210618
3504.0,3.5039999999999987,8.487383604481025
3504.5,3.504500000000001,8.489883604481037
3505.0,3.5049999999999963,8.492383604481013
3505.5,3.5054999999999987,8.485864818750066
3506.0,3.506000000000001,8.488364818750078
3506.5,3.5065000000000035,8.49086481875009
3507.0,3.506999999999999,8.484101321960402
3507.5,3.507500000000001,8.486601321960414
3508.0,3.5079999999999965,8.48910132196039
3508.5,3.508499999999999,8.482118098640754
3509.0,3.5090000000000012,8.484618098640766
3509.5,3.509500000000004,8.487118098640778
3510.0,3.509999999999999,8.479955923259794
3510.5,3.5105000000000013,8.482455923259806
3511.0,3.5109999999999966,8.484955923259783
3511.5,3.511499999999999,8.477668666794926
3512.0,3.5120000000000013,8.480168666794938
3512.5,3.512500000000004,8.48266866679495
3513.0,3.512999999999999,8.475315038726308
3513.5,3.5135000000000014,8.47781503872632
3514.0,3.5139999999999967,8.480315038726296
3514.5,3.514499999999999,8.472952207025237
3515.0,3.515000000000001,8.47545220702525
3515.5,3.5154999999999967,8.477952207025226
3516.0,3.515999999999999,8.470630252276479
3516.5,3.516500000000001,8.47313025227649
3517.0,3.516999999999997,8.475630252276467
3517.5,3.517499999999999,8.468383245078073
3518.0,3.5180000000000016,8.470883245078085
3518.5,3.518499999999997,8.473383245078061
3519.0,3.5189999999999997,8.466222757050232
3519.5,3.5195000000000016,8.468722757050244
3520.0,3.519999999999997,8.47122275705022
3520.5,3.5204999999999997,8.464150762090803
3521.0,3.5210000000000017,8.466650762090815
3521.5,3.521499999999997,8.469150762090791
3522.0,3.522,8.462174702419745
3522.5,3.5225000000000017,8.464674702419757
3523.0,3.522999999999997,8.467174702419733
3523.5,3.5234999999999994,8.460276127180215
3524.0,3.524000000000002,8.462776127180227
3524.5,3.524499999999997,8.465276127180204
3525.0,3.5249999999999995,8.45842860374809
3525.5,3.525500000000002,8.460928603748101
3526.0,3.525999999999997,8.463428603748078
3526.5,3.5264999999999995,8.456609166030837
3527.0,3.527000000000002,8.45910916603085
3527.5,3.527499999999997,8.461609166030826
3528.0,3.528,8.45476581863597
3528.5,3.528500000000002,8.457265818635982
3529.0,3.5289999999999973,8.459765818635958
3529.5,3.5295,8.452833009581191
3530.0,3.530000000000002,8.455333009581203
3530.5,3.5304999999999973,8.45783300958118
3531.0,3.531,8.450725996340154
3531.5,3.531500000000002,8.453225996340166
3532.0,3.5319999999999974,8.455725996340142
3532.5,3.5325,8.448392117108021
3533.0,3.533000000000002,8.450892117108033
3533.5,3.533499999999997,8.45339211710801
3534.0,3.534,8.445767188267439
3534.5,3.534500000000002,8.448267188267451
3535.0,3.534999999999997,8.450767188267427
3535.5,3.5355,8.442817702433238
3536.0,3.5360000000000023,8.44531770243325
3536.5,3.5364999999999975,8.447817702433227
3537.0,3.537,8.439544140282642
3537.5,3.5375000000000023,8.442044140282654
3538.0,3.5379999999999976,8.44454414028263
3538.5,3.5385,8.435948269455054
3539.0,3.5390000000000024,8.438448269455066
3539.5,3.5394999999999976,8.440948269455042
3540.0,3.54,8.432062735064605
3540.5,3.5405000000000024,8.434562735064617
3541.0,3.5409999999999977,8.437062735064593
3541.5,3.5415,8.427928137920588
3542.0,3.5420000000000025,8.4304281379206
3542.5,3.5424999999999978,8.432928137920577
3543.0,3.543,8.423612313051514
3543.5,3.5435000000000025,8.426112313051526
3544.0,3.543999999999998,8.428612313051502
3544.5,3.5444999999999998,8.419160854230228
3545.0,3.5450000000000026,8.42166085423024
3545.5,3.545499999999998,8.424160854230216
3546.0,3.5460000000000003,8.41465388407073
3546.5,3.5465000000000027,8.417153884070743
3547.0,3.546999999999998,8.41965388407072
3547.5,3.5475000000000003,8.41016923973985
3548.0,3.5480000000000027,8.412669239739863
3548.5,3.548499999999998,8.41516923973984
3549.0,3.5490000000000004,8.417669239739851
3549.5,3.5495000000000028,8.40827339089632
3550.0,3.549999999999998,8.410773390896296
3550.5,3.5505000000000004,8.413273390896308
3551.0,3.551000000000003,8.404017613686428
3551.5,3.551499999999998,8.406517613686404
3552.0,3.5520000000000005,8.409017613686416
3552.5,3.552500000000003,8.399979565167541
3553.0,3.552999999999998,8.402479565167518
3553.5,3.553500000000001,8.40497956516753
3554.0,3.554000000000003,8.396228462310944
3554.5,3.554499999999998,8.39872846231092
3555.0,3.5550000000000006,8.401228462310932
3555.5,3.555500000000003,8.392795285410912
3556.0,3.5559999999999983,8.395295285410889
3556.5,3.5565000000000007,8.3977952854109
3557.0,3.557000000000003,8.389707190171656
3557.5,3.5574999999999983,8.392207190171632
3558.0,3.5580000000000007,8.394707190171644
3558.5,3.558500000000003,8.386931081512117
3559.0,3.5589999999999984,8.389431081512093
3559.5,3.5595000000000008,8.391931081512105
3560.0,3.560000000000003,8.384426310179656
3560.5,3.5604999999999984,8.386926310179632
3561.0,3.561000000000001,8.389426310179644
3561.5,3.561500000000003,8.382101450493735
3562.0,3.5619999999999985,8.384601450493712
3562.5,3.562500000000001,8.387101450493724
3563.0,3.5630000000000037,8.379865346315825
3563.5,3.5634999999999986,8.382365346315801
3564.0,3.564000000000001,8.384865346315813
3564.5,3.5645000000000038,8.377622029194036
3565.0,3.564999999999998,8.380122029194013
3565.5,3.565500000000001,8.382622029194025
3566.0,3.5660000000000034,8.37530299784845
3566.5,3.5664999999999987,8.377802997848427
3567.0,3.567000000000001,8.380302997848439
3567.5,3.5674999999999963,8.372868210791928
3568.0,3.5679999999999987,8.37536821079194
3568.5,3.568500000000001,8.377868210791952
3569.0,3.5690000000000035,8.37029858465634
3569.5,3.569499999999999,8.372798584656316
3570.0,3.570000000000001,8.375298584656328
3570.5,3.5704999999999965,8.367563495443662
3571.0,3.570999999999999,8.370063495443674
3571.5,3.5715000000000012,8.372563495443686
3572.0,3.572000000000004,8.364669888707397
3572.5,3.572499999999999,8.367169888707373
3573.0,3.5730000000000013,8.369669888707385
3573.5,3.5734999999999966,8.361617702145239
3574.0,3.573999999999999,8.36411770214525
3574.5,3.5745000000000013,8.366617702145263
3575.0,3.575000000000004,8.358413115046659
3575.5,3.575499999999999,8.360913115046635
3576.0,3.5760000000000014,8.363413115046647
3576.5,3.5764999999999967,8.355081889326534
3577.0,3.576999999999999,8.357581889326546
3577.5,3.577500000000001,8.360081889326558
3578.0,3.5779999999999967,8.351653222099813
3578.5,3.578499999999999,8.354153222099825
3579.0,3.579000000000001,8.356653222099837
3579.5,3.579499999999997,8.348178298471858
3580.0,3.579999999999999,8.35067829847187
3580.5,3.5805000000000016,8.353178298471882
3581.0,3.580999999999997,8.344734118821115
3581.5,3.5814999999999997,8.347234118821127
3582.0,3.5820000000000016,8.34973411882114
3582.5,3.582499999999997,8.341433228193722
3583.0,3.5829999999999997,8.343933228193734
3583.5,3.5835000000000017,8.346433228193746
3584.0,3.583999999999997,8.338380223227055
3584.5,3.5845,8.340880223227067
3585.0,3.5850000000000017,8.34338022322708
3585.5,3.585499999999997,8.335657584283958
3586.0,3.5859999999999994,8.33815758428397
3586.5,3.586500000000002,8.340657584283981
3587.0,3.586999999999997,8.333341479794711
3587.5,3.5874999999999995,8.335841479794723
3588.0,3.588000000000002,8.338341479794735
3588.5,3.588499999999997,8.33144901248911
3589.0,3.5889999999999995,8.333949012489121
3589.5,3.589500000000002,8.336449012489133
3590.0,3.589999999999997,8.32997265324586
3590.5,3.5905,8.332472653245873
3591.0,3.591000000000002,8.334972653245885
3591.5,3.5914999999999973,8.328876709432649
3592.0,3.592,8.33137670943266
3592.5,3.592500000000002,8.333876709432673
3593.0,3.5929999999999973,8.32808366485935
3593.5,3.5935,8.330583664859361
3594.0,3.594000000000002,8.333083664859373
3594.5,3.5944999999999974,8.327498575094694
3595.0,3.595,8.329998575094706
3595.5,3.595500000000002,8.332498575094718
3596.0,3.595999999999997,8.327047836445836
3596.5,3.5965,8.329547836445848
3597.0,3.597000000000002,8.33204783644586
3597.5,3.597499999999997,8.326647139442223
3598.0,3.598,8.329147139442235
3598.5,3.5985000000000023,8.331647139442246
3599.0,3.5989999999999975,8.326205717222734
3599.5,3.5995,8.328705717222746
3600.0,3.6000000000000023,8.331205717222758
3600.5,3.6004999999999976,8.32565028094038
3601.0,3.601,8.328150280940392
3601.5,3.6015000000000024,8.330650280940404
3602.0,3.6019999999999976,8.3249073824501
3602.5,3.6025,8.327407382450112
3603.0,3.6030000000000024,8.329907382450124
3603.5,3.6034999999999977,8.323909347088403
3604.0,3.604,8.326409347088415
3604.5,3.6045000000000025,8.328909347088427
3605.0,3.6049999999999978,8.322636061529387
3605.5,3.6055,8.325136061529399
3606.0,3.6060000000000025,8.327636061529411
3606.5,3.606499999999998,8.32108706529727
3607.0,3.6069999999999998,8.323587065297282
3607.5,3.6075000000000026,8.326087065297294
3608.0,3.607999999999998,8.319286810785087
3608.5,3.6085000000000003,8.321786810785099
3609.0,3.6090000000000027,8.324286810785111
3609.5,3.609499999999998,8.317257456681695
3610.0,3.6100000000000003,8.319757456681707
3610.5,3.6105000000000027,8.322257456681719
3611.0,3.610999999999998,8.315051529477202
3611.5,3.6115000000000004,8.317551529477214
3612.0,3.6120000000000028,8.320051529477226
3612.5,3.612499999999998,8.312727273673879
3613.0,3.6130000000000004,8.31522727367389
3613.5,3.613500000000003,8.317727273673903
3614.0,3.613999999999998,8.310341439591049
3614.5,3.6145000000000005,8.312841439591061
3615.0,3.615000000000003,8.315341439591073
3615.5,3.615499999999998,8.3079580525947
3616.0,3.616000000000001,8.310458052594711
3616.5,3.616500000000003,8.312958052594723
3617.0,3.616999999999998,8.305634455326611
3617.5,3.6175000000000006,8.308134455326623
3618.0,3.618000000000003,8.310634455326635
3618.5,3.6184999999999983,8.303428686276604
3619.0,3.6190000000000007,8.305928686276616
3619.5,3.619500000000003,8.308428686276628
3620.0,3.6199999999999983,8.301378553363179
3620.5,3.6205000000000007,8.303878553363191
3621.0,3.621000000000003,8.306378553363203
3621.5,3.6214999999999984,8.299489659204689
3622.0,3.6220000000000008,8.3019896592047
3622.5,3.622500000000003,8.304489659204712
3623.0,3.6229999999999984,8.297744251772556
3623.5,3.623500000000001,8.300244251772568
3624.0,3.624000000000003,8.30274425177258
3624.5,3.6244999999999985,8.305244251772557
3625.0,3.625000000000001,8.29861788125637
3625.5,3.6255000000000037,8.301117881256381
3626.0,3.6259999999999986,8.303617881256358
3626.5,3.626500000000001,8.297073982799645
3627.0,3.6270000000000038,8.299573982799657
3627.5,3.627499999999998,8.302073982799634
3628.0,3.628000000000001,8.295548948793119
3628.5,3.6285000000000034,8.29804894879313
3629.0,3.6289999999999987,8.300548948793107
3629.5,3.629500000000001,8.293975242083427
3630.0,3.6299999999999963,8.296475242083403
3630.5,3.6304999999999987,8.298975242083415
3631.0,3.631000000000001,8.292302975998176
3631.5,3.6315000000000035,8.294802975998188
3632.0,3.631999999999999,8.297302975998164
3632.5,3.632500000000001,8.290481455645029
3633.0,3.6329999999999965,8.292981455645005
3633.5,3.633499999999999,8.295481455645017
3634.0,3.6340000000000012,8.288465946059347
3634.5,3.634500000000004,8.290965946059359
3635.0,3.634999999999999,8.293465946059335
3635.5,3.6355000000000013,8.2862346521053
3636.0,3.6359999999999966,8.288734652105276
3636.5,3.636499999999999,8.291234652105288
3637.0,3.6370000000000013,8.283775559205644
3637.5,3.637500000000004,8.286275559205656
3638.0,3.637999999999999,8.288775559205632
3638.5,3.6385000000000014,8.28109587660986
3639.0,3.6389999999999967,8.283595876609837
3639.5,3.639499999999999,8.28609587660985
3640.0,3.640000000000001,8.278219358514534
3640.5,3.6404999999999967,8.28071935851451
3641.0,3.640999999999999,8.283219358514522
3641.5,3.641500000000001,8.275197786825643
3642.0,3.641999999999997,8.27769778682562
3642.5,3.642499999999999,8.280197786825632
3643.0,3.6430000000000016,8.272057574135232
3643.5,3.643499999999997,8.274557574135208
3644.0,3.6439999999999997,8.27705757413522
3644.5,3.6445000000000016,8.268821312285617
3645.0,3.644999999999997,8.271321312285593
3645.5,3.6454999999999997,8.273821312285605
3646.0,3.6460000000000017,8.265492092995466
3646.5,3.646499999999997,8.267992092995442
3647.0,3.647,8.270492092995454
3647.5,3.6475000000000017,8.262095587688307
3648.0,3.647999999999997,8.264595587688284
3648.5,3.6484999999999994,8.267095587688296
3649.0,3.649000000000002,8.258660367846176
3649.5,3.649499999999997,8.261160367846152
3650.0,3.6499999999999995,8.263660367846164
3650.5,3.650500000000002,8.255215300860534
3651.0,3.650999999999997,8.25771530086051
3651.5,3.6514999999999995,8.260215300860523
3652.0,3.652000000000002,8.251787755668332
3652.5,3.652499999999997,8.254287755668308
3653.0,3.653,8.25678775566832
3653.5,3.653500000000002,8.248425405092341
3654.0,3.6539999999999973,8.250925405092318
3654.5,3.6545,8.25342540509233
3655.0,3.655000000000002,8.24511918015208
3655.5,3.6554999999999973,8.247619180152057
3656.0,3.656,8.250119180152069
3656.5,3.656500000000002,8.241872878321388
3657.0,3.6569999999999974,8.244372878321364
3657.5,3.6575,8.246872878321376
3658.0,3.658000000000002,8.23870272437226
3658.5,3.658499999999997,8.241202724372236
3659.0,3.659,8.243702724372248
3659.5,3.659500000000002,8.235594392017731
3660.0,3.659999999999997,8.238094392017707
3660.5,3.6605,8.24059439201772
3661.0,3.6610000000000023,8.232544962131314
3661.5,3.6614999999999975,8.23504496213129
3662.0,3.662,8.237544962131302
3662.5,3.6625000000000023,8.229536045399186
3663.0,3.6629999999999976,8.232036045399163
3663.5,3.6635,8.234536045399174
3664.0,3.6640000000000024,8.226573088434286
3664.5,3.6644999999999976,8.229073088434262
3665.0,3.665,8.231573088434274
3665.5,3.6655000000000024,8.223647656603461
3666.0,3.6659999999999977,8.226147656603437
3666.5,3.6665,8.22864765660345
3667.0,3.6670000000000025,8.22077565519109
3667.5,3.6674999999999978,8.223275655191067
3668.0,3.668,8.225775655191079
3668.5,3.6685000000000025,8.217992358331685
3669.0,3.668999999999998,8.220492358331661
3669.5,3.6694999999999998,8.222992358331673
3670.0,3.6700000000000026,8.215311658965128
3670.5,3.670499999999998,8.217811658965104
3671.0,3.6710000000000003,8.220311658965116
3671.5,3.6715000000000027,8.212771211552763
3672.0,3.671999999999998,8.21527121155274
3672.5,3.6725000000000003,8.217771211552751
3673.0,3.6730000000000027,8.210367027109662
3673.5,3.673499999999998,8.212867027109638
3674.0,3.6740000000000004,8.21536702710965
3674.5,3.6745000000000028,8.208086918803978
3675.0,3.674999999999998,8.210586918803955
3675.5,3.6755000000000004,8.213086918803967
3676.0,3.676000000000003,8.205889578338912
3676.5,3.676499999999998,8.208389578338888
3677.0,3.6770000000000005,8.2108895783389
3677.5,3.677500000000003,8.203735116806996
3678.0,3.677999999999998,8.206235116806972
3678.5,3.678500000000001,8.208735116806984
3679.0,3.679000000000003,8.201609627260176
3679.5,3.679499999999998,8.204109627260152
3680.0,3.6800000000000006,8.206609627260164
3680.5,3.680500000000003,8.19950917624162
3681.0,3.6809999999999983,8.202009176241596
3681.5,3.6815000000000007,8.204509176241608
3682.0,3.682000000000003,8.197438727750885
3682.5,3.6824999999999983,8.199938727750862
3683.0,3.6830000000000007,8.202438727750874
3683.5,3.683500000000003,8.195381846163734
3684.0,3.6839999999999984,8.19788184616371
3684.5,3.6845000000000008,8.200381846163722
3685.0,3.685000000000003,8.19332196204229
3685.5,3.6854999999999984,8.195821962042267
3686.0,3.686000000000001,8.198321962042279
3686.5,3.686500000000003,8.191264710993913
3687.0,3.6869999999999985,8.19376471099389
3687.5,3.687500000000001,8.196264710993901
3688.0,3.6880000000000037,8.189205180885821
3688.5,3.6884999999999986,8.191705180885798
3689.0,3.689000000000001,8.19420518088581
3689.5,3.6895000000000038,8.187152754622815
3690.0,3.689999999999998,8.189652754622792
3690.5,3.690500000000001,8.192152754622803
3691.0,3.6910000000000034,8.185100336021591
3691.5,3.6914999999999987,8.187600336021568
3692.0,3.692000000000001,8.19010033602158
3692.5,3.6924999999999963,8.183042967612018
3693.0,3.6929999999999987,8.18554296761203
3693.5,3.693500000000001,8.188042967612041
3694.0,3.6940000000000035,8.180970305687154
3694.5,3.694499999999999,8.18347030568713
3695.0,3.695000000000001,8.185970305687142
3695.5,3.6954999999999965,8.178904056406253
3696.0,3.695999999999999,8.181404056406265
3696.5,3.6965000000000012,8.183904056406277
3697.0,3.697000000000004,8.176869555415855
3697.5,3.697499999999999,8.179369555415832
3698.0,3.6980000000000013,8.181869555415844
3698.5,3.6984999999999966,8.17492722090794
3699.0,3.698999999999999,8.177427220907951
3699.5,3.6995000000000013,8.179927220907963
3700.0,3.700000000000004,8.182427220907975
3700.5,3.700499999999999,8.17558568108339
3701.0,3.7010000000000014,8.178085681083402
3701.5,3.7014999999999967,8.180585681083379
3702.0,3.701999999999999,8.173842418742154
3702.5,3.702500000000001,8.176342418742166
3703.0,3.7029999999999967,8.178842418742143
3703.5,3.703499999999999,8.17218075937781
3704.0,3.7040000000000015,8.174680759377821
3704.5,3.704499999999997,8.177180759377798
3705.0,3.704999999999999,8.170574705971987
3705.5,3.7055000000000016,8.173074705971999
3706.0,3.705999999999997,8.175574705971975
3706.5,3.7064999999999992,8.16899420200329
3707.0,3.7070000000000016,8.171494202003302
3707.5,3.707499999999997,8.173994202003279
3708.0,3.7079999999999993,8.167405269076866
3708.5,3.7085000000000017,8.169905269076878
3709.0,3.708999999999997,8.172405269076854
3709.5,3.7095,8.165792219570953
3710.0,3.7100000000000017,8.168292219570965
3710.5,3.710499999999997,8.170792219570941
3711.0,3.711,8.164149185071992
3711.5,3.711500000000002,8.166649185072004
3712.0,3.711999999999997,8.16914918507198
3712.5,3.7125,8.162424446057663
3713.0,3.713000000000002,8.164924446057675
3713.5,3.713499999999997,8.167424446057652
3714.0,3.714,8.160550586563033
3714.5,3.714500000000002,8.163050586563045
3715.0,3.714999999999997,8.165550586563022
3715.5,3.7155,8.158489692992994
3716.0,3.716000000000002,8.160989692993006
3716.5,3.716499999999997,8.163489692992982
3717.0,3.717,8.156203441173382
3717.5,3.717500000000002,8.158703441173394
3718.0,3.717999999999997,8.16120344117337
3718.5,3.7185,8.1536771705467
3719.0,3.719000000000002,8.156177170546712
3719.5,3.719499999999997,8.158677170546689
3720.0,3.72,8.150896069698774
3720.5,3.720500000000002,8.153396069698786
3721.0,3.720999999999997,8.155896069698763
3721.5,3.7215,8.147865963087888
3722.0,3.722000000000002,8.1503659630879
3722.5,3.7224999999999975,8.152865963087876
3723.0,3.723,8.144613406641419
3723.5,3.7235000000000014,8.14711340664143
3724.0,3.7239999999999975,8.149613406641407
3724.5,3.7245,8.141183930024916
3725.0,3.7250000000000014,8.143683930024928
3725.5,3.7254999999999976,8.146183930024904
3726.0,3.726,8.137653333509007
3726.5,3.7265000000000015,8.14015333350902
3727.0,3.7269999999999976,8.142653333508996
3727.5,3.7275,8.134074920480892
3728.0,3.7280000000000015,8.136574920480903
3728.5,3.7284999999999977,8.13907492048088
3729.0,3.729,8.130487037397813
3729.5,3.7295000000000025,8.132987037397825
3730.0,3.7299999999999978,8.135487037397802
3730.5,3.7305,8.126897927194037
3731.0,3.7310000000000025,8.129397927194049
3731.5,3.731499999999998,8.131897927194025
3732.0,3.7319999999999998,8.123315985978579
3732.5,3.7325000000000026,8.12581598597859
3733.0,3.732999999999998,8.128315985978567
3733.5,3.7335,8.119757894346513
3734.0,3.734000000000002,8.122257894346525
3734.5,3.734499999999998,8.124757894346502
3735.0,3.735,8.116232796778995
3735.5,3.7355000000000023,8.118732796779007
3736.0,3.735999999999998,8.121232796778983
3736.5,3.7365,8.1127701831117
3737.0,3.7370000000000028,8.115270183111711
3737.5,3.737499999999998,8.117770183111688
3738.0,3.738000000000001,8.109407061048977
3738.5,3.738500000000003,8.111907061048989
3739.0,3.738999999999998,8.114407061048965
3739.5,3.739500000000001,8.10618295112473
3740.0,3.740000000000003,8.108682951124742
3740.5,3.740499999999998,8.111182951124718
3741.0,3.741000000000001,8.103080958797797
3741.5,3.741500000000003,8.105580958797809
3742.0,3.741999999999998,8.108080958797785
3742.5,3.7425000000000006,8.100082976756902
3743.0,3.743000000000003,8.102582976756914
3743.5,3.7434999999999983,8.10508297675689
3744.0,3.7440000000000007,8.09716403327883
3744.5,3.744500000000003,8.099664033278842
3745.0,3.7449999999999983,8.102164033278818
3745.5,3.7455000000000007,8.094304163346813
3746.0,3.746000000000003,8.096804163346825
3746.5,3.7464999999999984,8.099304163346801
3747.0,3.7470000000000008,8.091479844708651
3747.5,3.747500000000003,8.093979844708663
3748.0,3.7479999999999993,8.09647984470864
3748.5,3.748500000000001,8.08866777630481
3749.0,3.749000000000003,8.091167776304822
3749.5,3.7494999999999994,8.093667776304798
3750.0,3.750000000000001,8.08587529602601
3750.5,3.7505000000000033,8.088375296026022
3751.0,3.750999999999999,8.090875296025999
3751.5,3.751500000000001,8.083097041164642
3752.0,3.7520000000000033,8.085597041164654
3752.5,3.752499999999999,8.08809704116463
3753.0,3.753000000000001,8.08034252555629
3753.5,3.7535000000000034,8.082842525556302
3754.0,3.753999999999999,8.085342525556278
3754.5,3.754500000000001,8.077613239471901
3755.0,3.754999999999997,8.080113239471878
3755.5,3.755499999999999,8.08261323947189
3756.0,3.756000000000001,8.074918783102305
3756.5,3.756500000000004,8.077418783102317
3757.0,3.756999999999999,8.079918783102293
3757.5,3.757500000000001,8.072240313174248
3758.0,3.757999999999997,8.074740313174225
3758.5,3.758499999999999,8.077240313174237
3759.0,3.759000000000001,8.069558174564833
3759.5,3.759500000000004,8.072058174564845
3760.0,3.759999999999999,8.074558174564821
3760.5,3.760500000000001,8.066858180723457
3761.0,3.7609999999999966,8.069358180723434
3761.5,3.761499999999999,8.071858180723446
3762.0,3.762000000000002,8.064149960343947
3762.5,3.762500000000004,8.066649960343959
3763.0,3.762999999999999,8.069149960343935
3763.5,3.7635000000000014,8.061441367514455
3764.0,3.7639999999999967,8.063941367514431
3764.5,3.764499999999999,8.066441367514443
3765.0,3.7650000000000015,8.058753705732578
3765.5,3.7654999999999967,8.061253705732554
3766.0,3.765999999999999,8.063753705732566
3766.5,3.7665000000000015,8.056122633131544
3767.0,3.766999999999997,8.05862263313152
3767.5,3.767499999999999,8.061122633131532
3768.0,3.7680000000000016,8.05355881057153
3768.5,3.768499999999997,8.056058810571507
3769.0,3.7689999999999992,8.058558810571519
3769.5,3.7695000000000016,8.05104130239748
3770.0,3.769999999999997,8.053541302397456
3770.5,3.7704999999999993,8.056041302397468
3771.0,3.7710000000000017,8.048583195013386
3771.5,3.771499999999997,8.051083195013362
3772.0,3.772,8.053583195013374
3772.5,3.7725000000000017,8.046182384466398
3773.0,3.772999999999997,8.048682384466375
3773.5,3.7735,8.051182384466387
3774.0,3.774000000000002,8.043854725599502
3774.5,3.774499999999997,8.046354725599478
3775.0,3.775,8.04885472559949
3775.5,3.775500000000002,8.051354725599502
3776.0,3.775999999999997,8.044121160264694
3776.5,3.7765,8.046621160264706
3777.0,3.777000000000002,8.049121160264718
3777.5,3.777499999999997,8.042006108318986
3778.0,3.778,8.044506108318998
3778.5,3.778500000000002,8.04700610831901
3779.0,3.778999999999997,8.040023910456462
3779.5,3.7795,8.042523910456474
3780.0,3.780000000000002,8.045023910456486
3780.5,3.780499999999997,8.03820207553855
3781.0,3.781,8.040702075538562
3781.5,3.781500000000002,8.043202075538574
3782.0,3.781999999999997,8.036534414124645
3782.5,3.7825,8.039034414124657
3783.0,3.783000000000002,8.04153441412467
3783.5,3.783499999999997,8.034996166823483
3784.0,3.784,8.037496166823495
3784.5,3.784500000000002,8.039996166823506
3785.0,3.7849999999999975,8.033556764307619
3785.5,3.7855,8.03605676430763
3786.0,3.7860000000000014,8.038556764307643
3786.5,3.7864999999999975,8.032181573182129
3787.0,3.787,8.03468157318214
3787.5,3.7875000000000014,8.037181573182153
3788.0,3.7879999999999976,8.030782415002093
3788.5,3.7885,8.033282415002105
3789.0,3.7890000000000015,8.035782415002117
3789.5,3.7894999999999976,8.029277959820575
3790.0,3.79,8.031777959820587
3790.5,3.7905000000000015,8.0342779598206
3791.0,3.7909999999999977,8.02761792409381
3791.5,3.7915,8.030117924093823
3792.0,3.7920000000000025,8.032617924093834
3792.5,3.7924999999999978,8.025766178861957
3793.0,3.793,8.02826617886197
3793.5,3.7935000000000025,8.030766178861981
3794.0,3.793999999999998,8.023679422503065
3794.5,3.7944999999999998,8.026179422503077
3795.0,3.7950000000000026,8.028679422503089
3795.5,3.795499999999998,8.021331913244296
3796.0,3.796,8.023831913244308
3796.5,3.796500000000002,8.02633191324432
3797.0,3.796999999999998,8.018715626921988
3797.5,3.7975,8.021215626922
3798.0,3.7980000000000023,8.023715626922012
3798.5,3.798499999999998,8.0158320602661
3799.0,3.799,8.018332060266111
3799.5,3.7995000000000028,8.020832060266123
3800.0,3.799999999999998,8.012683598702921
3800.5,3.800500000000001,8.015183598702933
3801.0,3.801000000000003,8.017683598702945
3801.5,3.801499999999998,8.00930810858592
3802.0,3.802000000000001,8.011808108585932
3802.5,3.802500000000003,8.014308108585944
3803.0,3.802999999999998,8.005754155596314
3803.5,3.803500000000001,8.008254155596326
3804.0,3.804000000000003,8.010754155596338
3804.5,3.804499999999998,8.002072149339696
3805.0,3.8050000000000006,8.004572149339708
3805.5,3.805500000000003,8.00707214933972
3806.0,3.8059999999999983,7.99832646692213
3806.5,3.8065000000000007,8.000826466922142
3807.0,3.807000000000003,8.003326466922154
3807.5,3.8074999999999983,7.994580397997026
3808.0,3.8080000000000007,7.997080397997038
3808.5,3.808500000000003,7.99958039799705
3809.0,3.8089999999999984,7.990910364413466
3809.5,3.8095000000000008,7.993410364413478
3810.0,3.810000000000003,7.99591036441349
3810.5,3.8104999999999993,7.987375387264777
3811.0,3.811000000000001,7.989875387264789
3811.5,3.811500000000003,7.992375387264801
3812.0,3.8119999999999994,7.984007018940318
3812.5,3.812500000000001,7.98650701894033
3813.0,3.8130000000000033,7.989007018940342
3813.5,3.813499999999999,7.980836883425688
3814.0,3.814000000000001,7.9833368834257
3814.5,3.8145000000000033,7.985836883425712
3815.0,3.814999999999999,7.97784615657914
3815.5,3.815500000000001,7.980346156579152
3816.0,3.8160000000000034,7.982846156579164
3816.5,3.816499999999999,7.975005103950075
3817.0,3.817000000000001,7.977505103950087
3817.5,3.817499999999997,7.980005103950063
3818.0,3.817999999999999,7.972262225940589
3818.5,3.818500000000001,7.9747622259406015
3819.0,3.819000000000004,7.977262225940613
3819.5,3.819499999999999,7.969564919808292
3820.0,3.820000000000001,7.972064919808304
3820.5,3.820499999999997,7.97456491980828
3821.0,3.820999999999999,7.966837262717057
3821.5,3.821500000000001,7.969337262717069
3822.0,3.822000000000004,7.971837262717081
3822.5,3.822499999999999,7.96402867880829
3823.0,3.823000000000001,7.966528678808302
3823.5,3.8234999999999966,7.969028678808279
3824.0,3.823999999999999,7.96109496630077
3824.5,3.824500000000002,7.963594966300782
3825.0,3.825000000000004,7.966094966300794
3825.5,3.825499999999999,7.957961660347479
3826.0,3.8260000000000014,7.960461660347491
3826.5,3.8264999999999967,7.962961660347467
3827.0,3.826999999999999,7.954584937236362
3827.5,3.8275000000000015,7.957084937236374
3828.0,3.8279999999999967,7.95958493723635
3828.5,3.828499999999999,7.950947218949942
3829.0,3.8290000000000015,7.953447218949954
3829.5,3.829499999999997,7.95594721894993
3830.0,3.829999999999999,7.947053403546711
3830.5,3.8305000000000016,7.949553403546723
3831.0,3.830999999999997,7.952053403546699
3831.5,3.8314999999999992,7.942934859367057
3832.0,3.8320000000000016,7.945434859367069
3832.5,3.832499999999997,7.947934859367045
3833.0,3.8329999999999993,7.938649464472895
3833.5,3.8335000000000017,7.9411494644729075
3834.0,3.833999999999997,7.943649464472884
3834.5,3.8345,7.93427365946652
3835.0,3.8350000000000017,7.936773659466532
3835.5,3.835499999999997,7.939273659466508
3836.0,3.836,7.929873814270607
3836.5,3.836500000000002,7.932373814270619
3837.0,3.836999999999997,7.9348738142705955
3837.5,3.8375,7.925518157764131
3838.0,3.838000000000002,7.928018157764143
3838.5,3.838499999999997,7.930518157764119
3839.0,3.839,7.921282271612817
3839.5,3.839500000000002,7.923782271612829
3840.0,3.839999999999997,7.926282271612806
3840.5,3.8405,7.91723228563292
3841.0,3.841000000000002,7.919732285632932
3841.5,3.841499999999997,7.922232285632909
3842.0,3.842,7.913402851548277
3842.5,3.842500000000002,7.915902851548289
3843.0,3.842999999999997,7.918402851548265
3843.5,3.8435,7.90981841684836
3844.0,3.844000000000002,7.912318416848372
3844.5,3.844499999999997,7.914818416848348
3845.0,3.845,7.906518462080605
3845.5,3.845500000000002,7.909018462080617
3846.0,3.845999999999997,7.911518462080593
3846.5,3.8465,7.903514177749997
3847.0,3.847000000000002,7.906014177750009
3847.5,3.8474999999999975,7.908514177749986
3848.0,3.848,7.900781367962395
3848.5,3.8485000000000014,7.903281367962407
3849.0,3.8489999999999975,7.905781367962383
3849.5,3.8495,7.898318323283533
3850.0,3.8500000000000014,7.900818323283545
3850.5,3.8504999999999976,7.903318323283521
3851.0,3.851,7.905818323283533
3851.5,3.8515000000000015,7.898572033720725
3852.0,3.8519999999999976,7.901072033720702
3852.5,3.8525,7.903572033720714
3853.0,3.8530000000000015,7.896475277767365
3853.5,3.8534999999999977,7.898975277767342
3854.0,3.854,7.901475277767354
3854.5,3.8545000000000025,7.89447127159967
3855.0,3.8549999999999978,7.8969712715996465
3855.5,3.8555,7.899471271599658
3856.0,3.8560000000000025,7.892499661938075
3856.5,3.856499999999998,7.894999661938051
3857.0,3.8569999999999998,7.897499661938063
3857.5,3.8575000000000026,7.890494192260498
3858.0,3.857999999999998,7.892994192260474
3858.5,3.8585,7.895494192260486
3859.0,3.859000000000002,7.8884236423392196
3859.5,3.859499999999998,7.890923642339196
3860.0,3.86,7.893423642339208
3860.5,3.8605000000000023,7.88627336039049
3861.0,3.860999999999998,7.888773360390466
3861.5,3.8615,7.891273360390478
3862.0,3.8620000000000028,7.884017062802364
3862.5,3.862499999999998,7.886517062802341
3863.0,3.863000000000001,7.889017062802353
3863.5,3.863500000000003,7.881647101296174
3864.0,3.863999999999998,7.884147101296151
3864.5,3.864500000000001,7.886647101296162
3865.0,3.865000000000003,7.879170717121973
3865.5,3.865499999999998,7.881670717121949
3866.0,3.866000000000001,7.884170717121961
3866.5,3.866500000000003,7.876610003396394
3867.0,3.866999999999998,7.87911000339637
3867.5,3.8675000000000006,7.881610003396382
3868.0,3.868000000000003,7.873994402810958
3868.5,3.8684999999999983,7.876494402810934
3869.0,3.8690000000000007,7.878994402810946
3869.5,3.869500000000003,7.871361940794479
3870.0,3.8699999999999983,7.873861940794455
3870.5,3.8705000000000007,7.876361940794467
3871.0,3.871000000000003,7.868739285333923
3871.5,3.8714999999999984,7.8712392853339
3872.0,3.8720000000000008,7.873739285333912
3872.5,3.872500000000003,7.866145418662676
3873.0,3.8729999999999993,7.868645418662652
3873.5,3.873500000000001,7.871145418662664
3874.0,3.874000000000003,7.863604833193811
3874.5,3.8744999999999994,7.866104833193788
3875.0,3.875000000000001,7.8686048331938
3875.5,3.8755000000000033,7.861149349628498
3876.0,3.875999999999999,7.863649349628474
3876.5,3.876500000000001,7.866149349628486
3877.0,3.8770000000000033,7.858809901914974
3877.5,3.877499999999999,7.86130990191495
3878.0,3.878000000000001,7.863809901914962
3878.5,3.8785000000000034,7.856614173928733
3879.0,3.878999999999999,7.85911417392871
3879.5,3.879500000000001,7.8616141739287215
3880.0,3.879999999999997,7.854560232156018
3880.5,3.880499999999999,7.85706023215603
3881.0,3.881000000000001,7.859560232156042
3881.5,3.881500000000004,7.852635337266065
3882.0,3.881999999999999,7.8551353372660415
3882.5,3.882500000000001,7.857635337266053
3883.0,3.882999999999997,7.85082410132965
3883.5,3.883499999999999,7.853324101329662
3884.0,3.884000000000001,7.855824101329674
3884.5,3.884500000000004,7.849086211837921
3885.0,3.884999999999999,7.851586211837898
3885.5,3.885500000000001,7.85408621183791
3886.0,3.8859999999999966,7.847372136713275
3886.5,3.886499999999999,7.849872136713287
3887.0,3.887000000000002,7.852372136713299
3887.5,3.887500000000004,7.845632434299219
3888.0,3.887999999999999,7.848132434299195
3888.5,3.8885000000000014,7.850632434299207
3889.0,3.8889999999999967,7.84382755139692
3889.5,3.889499999999999,7.846327551396932
3890.0,3.8900000000000015,7.848827551396944
3890.5,3.8904999999999967,7.841930099077388
3891.0,3.890999999999999,7.8444300990774
3891.5,3.8915000000000015,7.846930099077412
3892.0,3.891999999999997,7.8399097563022835
3892.5,3.892499999999999,7.842409756302295
3893.0,3.8930000000000016,7.844909756302307
3893.5,3.893499999999997,7.8377480527217
3894.0,3.8939999999999992,7.840248052721712
3894.5,3.8945000000000016,7.842748052721724
3895.0,3.894999999999997,7.835418358426054
3895.5,3.8954999999999993,7.837918358426066
3896.0,3.8960000000000017,7.840418358426078
3896.5,3.896499999999997,7.832912935544414
3897.0,3.897,7.835412935544426
3897.5,3.8975000000000017,7.837912935544438
3898.0,3.897999999999997,7.830252281510397
3898.5,3.8985,7.832752281510409
3899.0,3.899000000000002,7.835252281510421
3899.5,3.899499999999997,7.827465974721299
3900.0,3.9,7.829965974721311
3900.5,3.900500000000002,7.832465974721323
3901.0,3.900999999999997,7.824572506161651
3901.5,3.9015,7.827072506161663
3902.0,3.902000000000002,7.829572506161675
3902.5,3.902499999999997,7.821597780409029
3903.0,3.903,7.824097780409041
3903.5,3.903500000000002,7.8265977804090525
3904.0,3.903999999999997,7.818551907025295
3904.5,3.9045,7.821051907025307
3905.0,3.905000000000002,7.823551907025319
3905.5,3.905499999999997,7.815443756015057
3906.0,3.906,7.817943756015069
3906.5,3.906500000000002,7.820443756015081
3907.0,3.906999999999997,7.812328167214773
3907.5,3.9075,7.814828167214785
3908.0,3.908000000000002,7.8173281672147965
3908.5,3.908499999999997,7.809231587198866
3909.0,3.909,7.811731587198878
3909.5,3.909500000000002,7.81423158719889
3910.0,3.9099999999999975,7.806161901487627
3910.5,3.9105,7.808661901487639
3911.0,3.9110000000000014,7.811161901487651
3911.5,3.9114999999999975,7.803140604185721
3912.0,3.912,7.805640604185733
3912.5,3.9125000000000014,7.808140604185745
3913.0,3.9129999999999976,7.800178443580492
3913.5,3.9135,7.802678443580504
3914.0,3.9140000000000015,7.805178443580516
3914.5,3.9144999999999976,7.797287893968381
3915.0,3.915,7.799787893968393
3915.5,3.9155000000000015,7.802287893968405
3916.0,3.9159999999999977,7.79444885713918
3916.5,3.9165,7.796948857139192
3917.0,3.9170000000000025,7.799448857139204
3917.5,3.9174999999999978,7.791649428478706
3918.0,3.918,7.794149428478718
3918.5,3.9185000000000025,7.79664942847873
3919.0,3.918999999999998,7.788882759838493
3919.5,3.9194999999999998,7.7913827598385055
3920.0,3.9200000000000026,7.793882759838517
3920.5,3.920499999999998,7.78613009601699
3921.0,3.921,7.788630096017002
3921.5,3.921500000000002,7.791130096017014
3922.0,3.921999999999998,7.783356873718645
3922.5,3.9225,7.785856873718657
3923.0,3.9230000000000023,7.788356873718669
3923.5,3.923499999999998,7.78053416332142
3924.0,3.924,7.783034163321432
3924.5,3.9245000000000028,7.785534163321444
3925.0,3.924999999999998,7.777657708862655
3925.5,3.925500000000001,7.780157708862667
3926.0,3.926000000000003,7.782657708862679
3926.5,3.926499999999998,7.785157708862656
3927.0,3.927000000000001,7.777232802766001
3927.5,3.927500000000003,7.779732802766013
3928.0,3.927999999999998,7.782232802765989
3928.5,3.928500000000001,7.774246943572471
3929.0,3.929000000000003,7.776746943572483
3929.5,3.929499999999998,7.77924694357246
3930.0,3.9300000000000006,7.771170632525646
3930.5,3.930500000000003,7.773670632525658
3931.0,3.9309999999999983,7.776170632525634
3931.5,3.9315000000000007,7.76802046635833
3932.0,3.932000000000003,7.770520466358342
3932.5,3.9324999999999983,7.773020466358318
3933.0,3.9330000000000007,7.76479723641156
3933.5,3.933500000000003,7.767297236411572
3934.0,3.9339999999999984,7.769797236411549
3934.5,3.9345000000000008,7.761504631330212
3935.0,3.935000000000003,7.764004631330224
3935.5,3.9354999999999993,7.7665046313302
3936.0,3.936000000000001,7.75818283742808
3936.5,3.936500000000003,7.760682837428092
3937.0,3.9369999999999994,7.763182837428069
3937.5,3.937500000000001,7.754883446289256
3938.0,3.9380000000000033,7.757383446289268
3938.5,3.938499999999999,7.759883446289244
3939.0,3.939000000000001,7.751652151567256
3939.5,3.9395000000000033,7.754152151567268
3940.0,3.939999999999999,7.756652151567245
3940.5,3.940500000000001,7.748516194261086
3941.0,3.9410000000000034,7.751016194261098
3941.5,3.941499999999999,7.753516194261074
3942.0,3.942000000000001,7.745474974240096
3942.5,3.942499999999997,7.747974974240073
3943.0,3.942999999999999,7.750474974240085
3943.5,3.943500000000001,7.742535951949918
3944.0,3.944000000000004,7.74503595194993
3944.5,3.944499999999999,7.747535951949906
3945.0,3.945000000000001,7.739711164403644
3945.5,3.945499999999997,7.742211164403621
3946.0,3.945999999999999,7.744711164403633
3946.5,3.946500000000001,7.736983762885288
3947.0,3.947000000000004,7.7394837628853
3947.5,3.947499999999999,7.741983762885276
3948.0,3.948000000000001,7.734322916866638
3948.5,3.9484999999999966,7.736822916866615
3949.0,3.948999999999999,7.739322916866627
3949.5,3.949500000000002,7.731719168617417
3950.0,3.950000000000004,7.734219168617429
3950.5,3.950499999999999,7.736719168617405
3951.0,3.9510000000000014,7.729139859430845
3951.5,3.9514999999999967,7.731639859430821
3952.0,3.951999999999999,7.734139859430833
3952.5,3.9525000000000015,7.726567420577659
3953.0,3.9529999999999967,7.7290674205776355
3953.5,3.953499999999999,7.731567420577647
3954.0,3.9540000000000015,7.723986930184843
3954.5,3.954499999999997,7.726486930184819
3955.0,3.954999999999999,7.728986930184831
3955.5,3.9555000000000016,7.721395615263695
3956.0,3.955999999999997,7.723895615263672
3956.5,3.9564999999999992,7.726395615263684
3957.0,3.9570000000000016,7.718782633670784
3957.5,3.957499999999997,7.721282633670761
3958.0,3.9579999999999993,7.723782633670773
3958.5,3.9585000000000017,7.716158624008571
3959.0,3.958999999999997,7.7186586240085475
3959.5,3.9595,7.721158624008559
3960.0,3.9600000000000017,7.713521814335742
3960.5,3.960499999999997,7.716021814335718
3961.0,3.961,7.71852181433573
3961.5,3.961500000000002,7.710865869238539
3962.0,3.961999999999997,7.713365869238515
3962.5,3.9625,7.715865869238527
3963.0,3.963000000000002,7.7081639167537475
3963.5,3.963499999999997,7.710663916753724
3964.0,3.964,7.713163916753736
3964.5,3.964500000000002,7.705404107601481
3965.0,3.964999999999997,7.707904107601458
3965.5,3.9655,7.710404107601469
3966.0,3.966000000000002,7.702596683558447
3966.5,3.966499999999997,7.705096683558423
3967.0,3.967,7.707596683558435
3967.5,3.967500000000002,7.699757039195099
3968.0,3.967999999999997,7.702257039195075
3968.5,3.9685,7.704757039195087
3969.0,3.969000000000002,7.696877703451754
3969.5,3.969499999999997,7.699377703451731
3970.0,3.97,7.701877703451743
3970.5,3.970500000000002,7.693973759282073
3971.0,3.970999999999997,7.69647375928205
3971.5,3.9715,7.698973759282062
3972.0,3.972000000000002,7.691057164296708
3972.5,3.9724999999999975,7.693557164296685
3973.0,3.973,7.696057164296697
3973.5,3.9735000000000014,7.6881219919212995
3974.0,3.9739999999999975,7.690621991921276
3974.5,3.9745,7.693121991921288
3975.0,3.9750000000000014,7.685172345601394
3975.5,3.9754999999999976,7.687672345601371
3976.0,3.976,7.690172345601383
3976.5,3.9765000000000015,7.682223753154531
3977.0,3.9769999999999976,7.684723753154508
3977.5,3.9775,7.68722375315452
3978.0,3.9780000000000015,7.6792706743087535
3978.5,3.9784999999999977,7.68177067430873
3979.0,3.979,7.684270674308742
3979.5,3.9795000000000025,7.676331804242089
3980.0,3.9799999999999978,7.678831804242066
3980.5,3.9805,7.681331804242077
3981.0,3.9810000000000025,7.673410925226136
3981.5,3.981499999999998,7.675910925226113
3982.0,3.9819999999999998,7.678410925226125
3982.5,3.9825000000000026,7.67050939433215
3983.0,3.982999999999998,7.6730093943321265
3983.5,3.9835,7.675509394332138
3984.0,3.984000000000002,7.667623511922841
3984.5,3.984499999999998,7.670123511922817
3985.0,3.985,7.672623511922829
3985.5,3.9855000000000023,7.664773023629614
3986.0,3.985999999999998,7.6672730236295905
3986.5,3.9865,7.669773023629602
3987.0,3.9870000000000028,7.661953997368869
3987.5,3.987499999999998,7.664453997368845
3988.0,3.988000000000001,7.666953997368857
3988.5,3.988500000000003,7.659139156468449
3989.0,3.988999999999998,7.661639156468425
3989.5,3.989500000000001,7.664139156468437
3990.0,3.990000000000003,7.656279580099294
3990.5,3.990499999999998,7.658779580099271
3991.0,3.991000000000001,7.661279580099283
3991.5,3.991500000000003,7.653342368170932
3992.0,3.991999999999998,7.655842368170909
3992.5,3.9925000000000006,7.658342368170921
3993.0,3.993000000000003,7.650324699429625
3993.5,3.9934999999999983,7.652824699429601
3994.0,3.9940000000000007,7.655324699429613
3994.5,3.994500000000003,7.6472407567453615
3995.0,3.9949999999999983,7.649740756745338
3995.5,3.9955000000000007,7.65224075674535
3996.0,3.996000000000003,7.644121856489114
3996.5,3.9964999999999984,7.646621856489091
3997.0,3.9970000000000008,7.649121856489103
3997.5,3.997500000000003,7.640995954787826
3998.0,3.9979999999999993,7.643495954787802
3998.5,3.998500000000001,7.645995954787814
3999.0,3.999000000000003,7.6378743509160785
3999.5,3.9994999999999994,7.640374350916055
4000.0,4.000000000000001,7.642874350916067
4000.5,4.000500000000003,7.634767462378775
4001.0,4.0009999999999994,7.637267462378752
4001.5,4.001500000000001,7.639767462378764
4002.0,4.002000000000003,7.642267462378776
4002.5,4.0024999999999995,7.634175050531162
4003.0,4.003000000000001,7.636675050531174
4003.5,4.003500000000003,7.639175050531186
4004.0,4.004,7.63113155788524
4004.5,4.004500000000001,7.633631557885252
4005.0,4.004999999999997,7.6361315578852285
4005.5,4.0055,7.628155975753152
4006.0,4.006000000000001,7.6306559757531645
4006.5,4.006500000000004,7.633155975753176
4007.0,4.006999999999999,7.625267207491859
4007.5,4.007500000000001,7.627767207491871
4008.0,4.007999999999997,7.630267207491848
4008.5,4.008499999999999,7.622469893612127
4009.0,4.009000000000001,7.624969893612139
4009.5,4.0095000000000045,7.627469893612151
4010.0,4.009999999999999,7.619772996851175
4010.5,4.010500000000001,7.622272996851187
4011.0,4.010999999999997,7.6247729968511635
4011.5,4.011499999999999,7.617201535168334
4012.0,4.012000000000002,7.619701535168346
4012.5,4.012500000000005,7.622201535168358
4013.0,4.012999999999999,7.614757377673946
4013.5,4.013500000000001,7.617257377673958
4014.0,4.013999999999997,7.619757377673935
4014.5,4.014499999999999,7.612443080820022
4015.0,4.0150000000000015,7.614943080820034
4015.5,4.015499999999997,7.61744308082001
4016.0,4.015999999999999,7.610212538922063
4016.5,4.0165000000000015,7.612712538922075
4017.0,4.016999999999997,7.6152125389220515
4017.5,4.017499999999999,7.60802516492177
4018.0,4.018000000000002,7.610525164921782
4018.5,4.018499999999997,7.613025164921758
4019.0,4.018999999999999,7.605851498248519
4019.5,4.019500000000002,7.608351498248531
4020.0,4.019999999999997,7.610851498248508
4020.5,4.020499999999999,7.603677602576759
4021.0,4.021000000000002,7.606177602576771
4021.5,4.021499999999997,7.608677602576748
4022.0,4.022,7.601471022029287
4022.5,4.022500000000002,7.603971022029299
4023.0,4.022999999999997,7.606471022029275
4023.5,4.0235,7.599240168411327
4024.0,4.024000000000002,7.6017401684113395
4024.5,4.024499999999997,7.604240168411316
4025.0,4.025,7.596975642754558
4025.5,4.025500000000002,7.5994756427545695
4026.0,4.025999999999997,7.601975642754546
4026.5,4.0265,7.594682469740945
4027.0,4.027000000000002,7.597182469740957
4027.5,4.027499999999997,7.599682469740934
4028.0,4.0280000000000005,7.592359711385868
4028.5,4.028500000000002,7.59485971138588
4029.0,4.028999999999997,7.597359711385856
4029.5,4.0295000000000005,7.590013518534313
4030.0,4.030000000000002,7.592513518534325
4030.5,4.030499999999997,7.595013518534301
4031.0,4.031000000000001,7.587646452327448
4031.5,4.031500000000002,7.59014645232746
4032.0,4.031999999999997,7.592646452327436
4032.5,4.032500000000001,7.58525464228601
4033.0,4.033000000000002,7.587754642286022
4033.5,4.033499999999997,7.590254642285998
4034.0,4.034,7.582853817595208
4034.5,4.034500000000002,7.5853538175952195
4035.0,4.0349999999999975,7.587853817595196
4035.5,4.0355,7.580464970341261
4036.0,4.036000000000001,7.582964970341273
4036.5,4.0364999999999975,7.585464970341249
4037.0,4.037,7.578102961466087
4037.5,4.037500000000001,7.580602961466099
4038.0,4.037999999999998,7.583102961466075
4038.5,4.0385,7.575808417337377
4039.0,4.0390000000000015,7.578308417337389
4039.5,4.039499999999998,7.580808417337366
4040.0,4.04,7.573596724642931
4040.5,4.0405000000000015,7.576096724642944
4041.0,4.040999999999998,7.578596724642921
4041.5,4.0415,7.5714868602443985
4042.0,4.0420000000000025,7.57398686024441
4042.5,4.042499999999998,7.576486860244387
4043.0,4.043,7.569460824263139
4043.5,4.0435000000000025,7.571960824263151
4044.0,4.043999999999998,7.574460824263127
4044.5,4.0445,7.567495341421768
4045.0,4.045000000000003,7.56999534142178
4045.5,4.045499999999998,7.572495341421757
4046.0,4.046,7.5655391621040735
4046.5,4.046500000000003,7.568039162104085
4047.0,4.046999999999998,7.570539162104062
4047.5,4.0475,7.5635535686121
4048.0,4.048000000000003,7.566053568612112
4048.5,4.048499999999998,7.568553568612089
4049.0,4.049,7.561504242217474
4049.5,4.049500000000003,7.564004242217486
4050.0,4.049999999999998,7.566504242217462
4050.5,4.050500000000001,7.559350565278287
4051.0,4.051000000000003,7.561850565278299
4051.5,4.051499999999998,7.564350565278275
4052.0,4.052000000000001,7.557080790797279
4052.5,4.052500000000003,7.559580790797291
4053.0,4.052999999999998,7.562080790797268
4053.5,4.053500000000001,7.554702688806429
4054.0,4.054000000000003,7.557202688806441
4054.5,4.054499999999998,7.559702688806418
4055.0,4.055000000000001,7.552213725758783
4055.5,4.055500000000003,7.554713725758795
4056.0,4.055999999999998,7.557213725758771
4056.5,4.056500000000001,7.549582770621193
4057.0,4.057000000000003,7.552082770621205
4057.5,4.057499999999998,7.554582770621181
4058.0,4.058000000000001,7.5467774673679955
4058.5,4.058500000000003,7.549277467368007
4059.0,4.058999999999998,7.551777467367984
4059.5,4.059500000000001,7.543761873365433
4060.0,4.060000000000003,7.546261873365445
4060.5,4.060499999999999,7.548761873365422
4061.0,4.061000000000001,7.540527642930179
4061.5,4.061500000000003,7.543027642930191
4062.0,4.061999999999999,7.545527642930168
4062.5,4.062500000000001,7.53708074868193
4063.0,4.063000000000003,7.539580748681942
4063.5,4.0634999999999994,7.542080748681919
4064.0,4.064000000000001,7.533469897729077
4064.5,4.064500000000003,7.535969897729089
4065.0,4.0649999999999995,7.538469897729065
4065.5,4.065500000000001,7.529769174875227
4066.0,4.066000000000003,7.532269174875239
4066.5,4.0665,7.534769174875215
4067.0,4.067000000000001,7.526039255140269
4067.5,4.067499999999997,7.528539255140245
4068.0,4.068,7.531039255140257
4068.5,4.068500000000001,7.522350320599074
4069.0,4.069000000000004,7.524850320599086
4069.5,4.069499999999999,7.527350320599062
4070.0,4.070000000000001,7.518752152976802
4070.5,4.070499999999997,7.521252152976778
4071.0,4.070999999999999,7.52375215297679
4071.5,4.071500000000001,7.5152659648899345
4072.0,4.0720000000000045,7.517765964889946
4072.5,4.072499999999999,7.520265964889923
4073.0,4.073000000000001,7.51186910469837
4073.5,4.073499999999997,7.514369104698346
4074.0,4.073999999999999,7.516869104698358
4074.5,4.074500000000002,7.508536695747061
4075.0,4.075000000000005,7.511036695747073
4075.5,4.075499999999999,7.5135366957470495
4076.0,4.076000000000001,7.505258179907841
4076.5,4.076499999999997,7.5077581799078175
4077.0,4.076999999999999,7.510258179907829
4077.5,4.0775000000000015,7.512758179907841
4078.0,4.077999999999997,7.504531459837516
4078.5,4.078499999999999,7.507031459837528
4079.0,4.0790000000000015,7.50953145983754
4079.5,4.079499999999997,7.501337468387241
4080.0,4.079999999999999,7.503837468387253
4080.5,4.080500000000002,7.506337468387265
4081.0,4.080999999999997,7.498153215177865
4081.5,4.081499999999999,7.500653215177877
4082.0,4.082000000000002,7.503153215177889
4082.5,4.082499999999997,7.494972624333585
4083.0,4.082999999999999,7.4974726243335965
4083.5,4.083500000000002,7.499972624333608
4084.0,4.083999999999997,7.491767466945163
4084.5,4.0845,7.494267466945175
4085.0,4.085000000000002,7.496767466945187
4085.5,4.085499999999997,7.488510620742694
4086.0,4.086,7.491010620742706
4086.5,4.086500000000002,7.493510620742718
4087.0,4.086999999999997,7.485166039752151
4087.5,4.0875,7.487666039752163
4088.0,4.088000000000002,7.490166039752175
4088.5,4.088499999999997,7.481718720550496
4089.0,4.089,7.484218720550508
4089.5,4.089500000000002,7.48671872055052
4090.0,4.089999999999997,7.4781676483903325
4090.5,4.0905000000000005,7.480667648390344
4091.0,4.091000000000002,7.483167648390356
4091.5,4.091499999999997,7.474512176729888
4092.0,4.0920000000000005,7.4770121767299
4092.5,4.092500000000002,7.479512176729912
4093.0,4.092999999999997,7.470755758743728
4093.5,4.093500000000001,7.47325575874374
4094.0,4.094000000000002,7.475755758743752
4094.5,4.094499999999997,7.466907053119556
4095.0,4.095000000000001,7.469407053119568
4095.5,4.095500000000002,7.47190705311958
4096.0,4.095999999999997,7.462999665893406
4096.5,4.0965,7.465499665893418
4097.0,4.097000000000002,7.46799966589343
4097.5,4.0974999999999975,7.45905225550473
4098.0,4.098,7.461552255504742
4098.5,4.098500000000001,7.464052255504754
4099.0,4.0989999999999975,7.455066074129952
4099.5,4.0995,7.457566074129964
4100.0,4.100000000000001,7.460066074129976
4100.5,4.100499999999998,7.451040910714006
4101.0,4.101,7.453540910714018
4101.5,4.101500000000002,7.45604091071403
4102.0,4.101999999999998,7.446997816078671
4102.5,4.1025,7.449497816078683
4103.0,4.1030000000000015,7.451997816078695
4103.5,4.103499999999998,7.442970349245215
4104.0,4.104,7.445470349245227
4104.5,4.1045000000000025,7.447970349245239
4105.0,4.104999999999998,7.439003722176771
4105.5,4.1055,7.441503722176783
4106.0,4.1060000000000025,7.444003722176795
4106.5,4.106499999999998,7.43514546144354
4107.0,4.107,7.437645461443552
4107.5,4.107500000000003,7.440145461443564
4108.0,4.107999999999998,7.43142482320053
4108.5,4.1085,7.433924823200542
4109.0,4.109000000000003,7.436424823200554
4109.5,4.109499999999998,7.42788277531055
4110.0,4.11,7.430382775310562
4110.5,4.110500000000003,7.432882775310574
4111.0,4.110999999999998,7.42455657747243
4111.5,4.1115,7.427056577472442
4112.0,4.112000000000003,7.429556577472454
4112.5,4.112499999999998,7.421467195092646
4113.0,4.113,7.423967195092658
4113.5,4.113500000000003,7.42646719509267
4114.0,4.113999999999998,7.418596774811306
4114.5,4.1145000000000005,7.421096774811318
4115.0,4.115000000000003,7.42359677481133
4115.5,4.115499999999998,7.415901170506238
4116.0,4.1160000000000005,7.41840117050625
4116.5,4.116500000000003,7.420901170506262
4117.0,4.116999999999998,7.413310817214338
4117.5,4.117500000000001,7.41581081721435
4118.0,4.118000000000003,7.418310817214362
4118.5,4.118499999999998,7.410780612008487
4119.0,4.119000000000001,7.413280612008499
4119.5,4.119500000000003,7.415780612008511
4120.0,4.119999999999998,7.408271634177055
4120.5,4.120500000000001,7.410771634177067
4121.0,4.121000000000003,7.413271634177079
4121.5,4.121499999999998,7.405762810369403
4122.0,4.122000000000001,7.408262810369415
4122.5,4.122500000000003,7.410762810369427
4123.0,4.122999999999999,7.403258083445934
4123.5,4.123500000000001,7.405758083445946
4124.0,4.123999999999996,7.408258083445922
4124.5,4.124499999999999,7.400743369262557
4125.0,4.125000000000001,7.403243369262569
4125.5,4.125500000000003,7.405743369262581
4126.0,4.125999999999999,7.398208906001997
4126.5,4.126500000000001,7.400708906002009
4127.0,4.126999999999996,7.403208906001986
4127.5,4.127499999999999,7.395629385249158
4128.0,4.128000000000001,7.39812938524917
4128.5,4.128500000000003,7.400629385249182
4129.0,4.128999999999999,7.392946234150166
4129.5,4.129500000000001,7.395446234150178
4130.0,4.129999999999996,7.397946234150154
4130.5,4.130499999999999,7.390093913282847
4131.0,4.131000000000001,7.392593913282859
4131.5,4.131500000000004,7.395093913282871
4132.0,4.131999999999999,7.38705317881184
4132.5,4.132500000000001,7.389553178811852
4133.0,4.1329999999999965,7.392053178811828
4133.5,4.133499999999999,7.383844129928718
4134.0,4.134000000000001,7.38634412992873
4134.5,4.134500000000004,7.388844129928742
4135.0,4.134999999999999,7.3805099397009855
4135.5,4.135500000000001,7.383009939700997
4136.0,4.135999999999997,7.385509939700974
4136.5,4.136499999999999,7.377096221765349
4137.0,4.137000000000001,7.379596221765361
4137.5,4.137500000000004,7.382096221765373
4138.0,4.137999999999999,7.37367449149712
4138.5,4.138500000000001,7.376174491497132
4139.0,4.138999999999997,7.378674491497108
4139.5,4.139499999999999,7.370308298087522
4140.0,4.1400000000000015,7.372808298087534
4140.5,4.140500000000004,7.375308298087546
4141.0,4.140999999999999,7.3670597162358575
4141.5,4.1415000000000015,7.369559716235869
4142.0,4.141999999999997,7.372059716235846
4142.5,4.142499999999999,7.363986308714949
4143.0,4.143000000000002,7.366486308714961
4143.5,4.143500000000004,7.368986308714973
4144.0,4.143999999999999,7.361095726310864
4144.5,4.144500000000002,7.363595726310876
4145.0,4.144999999999997,7.366095726310853
4145.5,4.145499999999999,7.358400319097385
4146.0,4.146000000000002,7.360900319097396
4146.5,4.146499999999997,7.363400319097373
4147.0,4.146999999999999,7.355876706556721
4147.5,4.147500000000002,7.358376706556733
4148.0,4.147999999999997,7.360876706556709
4148.5,4.148499999999999,7.353487673362444
4149.0,4.149000000000002,7.355987673362456
4149.5,4.149499999999997,7.358487673362433
4150.0,4.15,7.351192937585544
4150.5,4.150500000000002,7.353692937585556
4151.0,4.150999999999997,7.356192937585533
4151.5,4.1515,7.348955343245365
4152.0,4.152000000000002,7.351455343245377
4152.5,4.152499999999997,7.353955343245353
4153.0,4.153,7.356455343245365
4153.5,4.153500000000002,7.34926919387572
4154.0,4.153999999999997,7.351769193875697
4154.5,4.1545,7.354269193875709
4155.0,4.155000000000002,7.347095891922102
4155.5,4.155499999999997,7.349595891922078
4156.0,4.156,7.35209589192209
4156.5,4.156500000000002,7.344867428125426
4157.0,4.156999999999997,7.347367428125402
4157.5,4.1575,7.349867428125414
4158.0,4.158000000000002,7.342546370638239
4158.5,4.158499999999997,7.345046370638215
4159.0,4.159,7.347546370638227
4159.5,4.159500000000002,7.340085208959657
4160.0,4.1599999999999975,7.342585208959633
4160.5,4.1605,7.345085208959645
4161.0,4.161000000000002,7.337436724091155
4161.5,4.1614999999999975,7.339936724091132
4162.0,4.162,7.342436724091144
4162.5,4.162500000000002,7.334553721740029
4163.0,4.162999999999998,7.337053721740006
4163.5,4.1635,7.3395537217400175
4164.0,4.164000000000002,7.33139651276506
4164.5,4.164499999999998,7.333896512765037
4165.0,4.165,7.336396512765049
4165.5,4.1655000000000015,7.327968423142543
4166.0,4.165999999999998,7.33046842314252
4166.5,4.1665,7.332968423142532
4167.0,4.1670000000000025,7.324267729392169
4167.5,4.167499999999998,7.326767729392145
4168.0,4.168,7.329267729392157
4168.5,4.1685000000000025,7.320337177484646
4169.0,4.168999999999998,7.322837177484622
4169.5,4.1695,7.325337177484634
4170.0,4.170000000000003,7.316219420188439
4170.5,4.170499999999998,7.318719420188415
4171.0,4.171,7.321219420188427
4171.5,4.171500000000003,7.311963318423693
4172.0,4.171999999999998,7.31446331842367
4172.5,4.1725,7.3169633184236815
4173.0,4.173000000000003,7.307616121689691
4173.5,4.173499999999998,7.310116121689667
4174.0,4.174,7.312616121689679
4174.5,4.174500000000003,7.303259371293684
4175.0,4.174999999999998,7.305759371293661
4175.5,4.1755,7.308259371293673
4176.0,4.176000000000003,7.298953158578989
4176.5,4.176499999999998,7.301453158578965
4177.0,4.1770000000000005,7.303953158578977
4177.5,4.177500000000003,7.294724143819273
4178.0,4.177999999999998,7.29722414381925
4178.5,4.1785000000000005,7.299724143819262
4179.0,4.179000000000003,7.2905980911652435
4179.5,4.179499999999998,7.29309809116522
4180.0,4.180000000000001,7.295598091165232
4180.5,4.180500000000003,7.286612471887217
4181.0,4.180999999999998,7.289112471887194
4181.5,4.181500000000001,7.291612471887205
4182.0,4.182000000000003,7.282788645976694
4182.5,4.182499999999998,7.285288645976671
4183.0,4.183000000000001,7.287788645976683
4183.5,4.183500000000003,7.279140345740984
4184.0,4.183999999999998,7.281640345740961
4184.5,4.184500000000001,7.284140345740973
4185.0,4.185000000000003,7.27567880994048
4185.5,4.185499999999999,7.278178809940456
4186.0,4.186000000000001,7.280678809940468
4186.5,4.186499999999996,7.272377919225263
4187.0,4.186999999999999,7.2748779192252755
4187.5,4.187500000000001,7.277377919225287
4188.0,4.188000000000003,7.269210531206127
4188.5,4.188499999999999,7.271710531206104
4189.0,4.189000000000001,7.274210531206116
4189.5,4.189499999999996,7.26612436517108
4190.0,4.189999999999999,7.268624365171092
4190.5,4.190500000000001,7.271124365171104
4191.0,4.191000000000003,7.263065129482449
4191.5,4.191499999999999,7.265565129482425
4192.0,4.192000000000001,7.268065129482437
4192.5,4.192499999999996,7.25998391110231
4193.0,4.192999999999999,7.262483911102322
4193.5,4.193500000000001,7.264983911102334
4194.0,4.194000000000004,7.256811434202923
4194.5,4.194499999999999,7.2593114342029
4195.0,4.195000000000001,7.261811434202912
4195.5,4.1954999999999965,7.253496681016784
4196.0,4.195999999999999,7.255996681016796
4196.5,4.196500000000001,7.258496681016808
4197.0,4.197000000000004,7.249998234534694
4197.5,4.197499999999999,7.25249823453467
4198.0,4.198000000000001,7.254998234534682
4198.5,4.198499999999997,7.24629097820177
4199.0,4.198999999999999,7.248790978201782
4199.5,4.199500000000001,7.251290978201794
4200.0,4.200000000000004,7.242337880734091
4200.5,4.200499999999999,7.244837880734067
4201.0,4.201000000000001,7.247337880734079
4201.5,4.201499999999997,7.238138495698969
4202.0,4.201999999999999,7.240638495698981
4202.5,4.2025000000000015,7.243138495698993
4203.0,4.203000000000004,7.233693746577394
4203.5,4.203499999999999,7.236193746577371
4204.0,4.2040000000000015,7.238693746577383
4204.5,4.204499999999997,7.229035186632693
4205.0,4.204999999999999,7.231535186632705
4205.5,4.205500000000002,7.234035186632717
4206.0,4.206000000000004,7.224229855344504
4206.5,4.206499999999999,7.22672985534448
4207.0,4.207000000000002,7.229229855344492
4207.5,4.207499999999997,7.219310542495911
4208.0,4.207999999999999,7.221810542495923
4208.5,4.208500000000002,7.224310542495935
4209.0,4.208999999999997,7.214349083870459
4209.5,4.209499999999999,7.216849083870471
4210.0,4.210000000000002,7.219349083870483
4210.5,4.210499999999997,7.20938798598624
4211.0,4.210999999999999,7.211887985986252
4211.5,4.211500000000002,7.214387985986264
4212.0,4.211999999999997,7.204480555371546
4212.5,4.2125,7.206980555371558
4213.0,4.213000000000002,7.20948055537157
4213.5,4.213499999999997,7.199695318504737
4214.0,4.214,7.202195318504749
4214.5,4.214500000000002,7.204695318504761
4215.0,4.214999999999997,7.195080633583295
4215.5,4.2155,7.197580633583307
4216.0,4.216000000000002,7.200080633583319
4216.5,4.216499999999997,7.190660452642312
4217.0,4.217,7.193160452642324
4217.5,4.217500000000002,7.195660452642336
4218.0,4.217999999999997,7.186430869708786
4218.5,4.2185,7.188930869708798
4219.0,4.219000000000002,7.19143086970881
4219.5,4.219499999999997,7.1823626704424015
4220.0,4.22,7.184862670442413
4220.5,4.220500000000002,7.187362670442425
4221.0,4.220999999999997,7.178424735274476
4221.5,4.2215,7.180924735274488
4222.0,4.222000000000002,7.1834247352745
4222.5,4.2224999999999975,7.174577140956231
4223.0,4.223,7.177077140956243
4223.5,4.223500000000002,7.179577140956255
4224.0,4.2239999999999975,7.170755482796842
4224.5,4.2245,7.173255482796854
4225.0,4.225000000000002,7.175755482796866
4225.5,4.225499999999998,7.166910153581121
4226.0,4.226,7.169410153581133
4226.5,4.226500000000002,7.171910153581145
4227.0,4.226999999999998,7.163016323659939
4227.5,4.2275,7.165516323659951
4228.0,4.2280000000000015,7.1680163236599626
4228.5,4.228499999999998,7.170516323659939
4229.0,4.229,7.161565319787293
4229.5,4.2295000000000025,7.164065319787305
4230.0,4.229999999999998,7.166565319787281
4230.5,4.2305,7.157530660885065
4231.0,4.2310000000000025,7.160030660885077
4231.5,4.231499999999998,7.162530660885054
4232.0,4.232,7.153399065076016
4232.5,4.232500000000003,7.155899065076028
4233.0,4.232999999999998,7.158399065076004
4233.5,4.2335,7.149167831211365
4234.0,4.234000000000003,7.151667831211377
4234.5,4.234499999999998,7.154167831211353
4235.0,4.235,7.1448419401658825
4235.5,4.235500000000003,7.147341940165894
4236.0,4.235999999999998,7.149841940165871
4236.5,4.2365,7.140408990331366
4237.0,4.237000000000003,7.142908990331378
4237.5,4.237499999999998,7.1454089903313545
4238.0,4.238,7.13585931642676
4238.5,4.238500000000003,7.138359316426772
4239.0,4.238999999999998,7.140859316426749
4239.5,4.2395000000000005,7.131212742152968
4240.0,4.240000000000003,7.13371274215298
4240.5,4.240499999999998,7.136212742152956
4241.0,4.2410000000000005,7.126507868746295
4241.5,4.241500000000003,7.1290078687463065
4242.0,4.241999999999998,7.131507868746283
4242.5,4.242500000000001,7.121791191013642
4243.0,4.243000000000003,7.124291191013654
4243.5,4.243499999999998,7.126791191013631
4244.0,4.244000000000001,7.117108456314689
4244.5,4.244500000000003,7.119608456314701
4245.0,4.244999999999998,7.1221084563146775
4245.5,4.245500000000001,7.112502495460795
4246.0,4.246000000000003,7.115002495460807
4246.5,4.246499999999998,7.117502495460784
4247.0,4.247000000000001,7.107988361335416
4247.5,4.247500000000003,7.110488361335428
4248.0,4.247999999999999,7.112988361335404
4248.5,4.248500000000001,7.103584482708953
4249.0,4.248999999999996,7.10608448270893
4249.5,4.249499999999999,7.108584482708942
4250.0,4.250000000000001,7.099301540066456
4250.5,4.250500000000003,7.101801540066468
4251.0,4.250999999999999,7.104301540066444
4251.5,4.251500000000001,7.095151155098876
4252.0,4.251999999999996,7.097651155098852
4252.5,4.252499999999999,7.100151155098864
4253.0,4.253000000000001,7.091141070288387
4253.5,4.253500000000003,7.093641070288399
4254.0,4.253999999999999,7.096141070288375
4254.5,4.254500000000001,7.0872717601693935
4255.0,4.254999999999996,7.08977176016937
4255.5,4.255499999999999,7.092271760169382
4256.0,4.256000000000001,7.08352234269956
4256.5,4.256500000000004,7.086022342699572
4257.0,4.256999999999999,7.088522342699548
4257.5,4.257500000000001,7.079877535289896
4258.0,4.2579999999999965,7.082377535289872
4258.5,4.258499999999999,7.084877535289884
4259.0,4.259000000000001,7.076303077694419
4259.5,4.259500000000004,7.078803077694431
4260.0,4.259999999999999,7.081303077694408
4260.5,4.260500000000001,7.072806082028791
4261.0,4.260999999999997,7.075306082028767
4261.5,4.261499999999999,7.077806082028779
4262.0,4.262000000000001,7.0693927321636
4262.5,4.262500000000004,7.071892732163612
4263.0,4.262999999999999,7.074392732163588
4263.5,4.263500000000001,7.066052572866326
4264.0,4.263999999999997,7.068552572866302
4264.5,4.264499999999999,7.071052572866314
4265.0,4.2650000000000015,7.062764521748228
4265.5,4.265500000000004,7.06526452174824
4266.0,4.265999999999999,7.067764521748217
4266.5,4.2665000000000015,7.059499947749437
4267.0,4.266999999999997,7.061999947749413
4267.5,4.267499999999999,7.064499947749425
4268.0,4.268000000000002,7.056232799027953
4268.5,4.268500000000004,7.058732799027965
4269.0,4.268999999999999,7.061232799027941
4269.5,4.269500000000002,7.052910662894369
4270.0,4.269999999999997,7.055410662894346
4270.5,4.270499999999999,7.057910662894358
4271.0,4.271000000000002,7.049515295720816
4271.5,4.271499999999997,7.052015295720793
4272.0,4.271999999999999,7.054515295720805
4272.5,4.272500000000002,7.04604133071058
4273.0,4.272999999999997,7.048541330710556
4273.5,4.273499999999999,7.051041330710568
4274.0,4.274000000000002,7.042489308615387
4274.5,4.274499999999997,7.044989308615364
4275.0,4.275,7.047489308615376
4275.5,4.275500000000002,7.038841343487512
4276.0,4.275999999999997,7.041341343487488
4276.5,4.2765,7.0438413434875
4277.0,4.277000000000002,7.035086773234944
4277.5,4.277499999999997,7.037586773234921
4278.0,4.278,7.040086773234933
4278.5,4.278500000000002,7.031218590495634
4279.0,4.278999999999997,7.03371859049561
4279.5,4.2795,7.036218590495622
4280.0,4.280000000000002,7.027235679235986
4280.5,4.280499999999997,7.029735679235962
4281.0,4.281,7.032235679235974
4281.5,4.281500000000002,7.023131542245302
4282.0,4.281999999999997,7.025631542245279
4282.5,4.2825,7.028131542245291
4283.0,4.283000000000002,7.0189306735562695
4283.5,4.283499999999997,7.021430673556246
4284.0,4.284,7.023930673556258
4284.5,4.284500000000002,7.014677336360897
4285.0,4.2849999999999975,7.017177336360874
4285.5,4.2855,7.0196773363608855
4286.0,4.286000000000002,7.010408418177683
4286.5,4.2864999999999975,7.012908418177659
4287.0,4.287,7.015408418177671
4287.5,4.287500000000002,7.0061396800565845
4288.0,4.287999999999998,7.008639680056561
4288.5,4.2885,7.011139680056573
4289.0,4.289000000000002,7.00188443158865
4289.5,4.289499999999998,7.004384431588626
4290.0,4.29,7.006884431588638
4290.5,4.2905000000000015,6.997674105776426
4291.0,4.290999999999998,7.000174105776402
4291.5,4.2915,7.002674105776414
4292.0,4.2920000000000025,6.993527452407484
4292.5,4.292499999999998,6.996027452407461
4293.0,4.293,6.9985274524074725
4293.5,4.2935000000000025,6.989440511906047
4294.0,4.293999999999998,6.991940511906023
4294.5,4.2945,6.994440511906035
4295.0,4.295000000000003,6.985395418274507
4295.5,4.295499999999998,6.987895418274484
4296.0,4.296,6.990395418274495
4296.5,4.296500000000003,6.981377438381493
4297.0,4.296999999999998,6.9838774383814695
4297.5,4.2975,6.986377438381481
4298.0,4.298000000000003,6.977397399856322
4298.5,4.298499999999998,6.9798973998562985
4299.0,4.299,6.982397399856311
4299.5,4.299500000000003,6.973450029848465
4300.0,4.299999999999998,6.975950029848441
4300.5,4.3005,6.978450029848453
4301.0,4.301000000000003,6.969528288614484
4301.5,4.301499999999998,6.97202828861446
4302.0,4.3020000000000005,6.974528288614472
4302.5,4.302500000000003,6.965599219666423
4303.0,4.302999999999998,6.968099219666399
4303.5,4.3035000000000005,6.970599219666411
4304.0,4.304000000000003,6.973099219666423
4304.5,4.304499999999998,6.964095073556713
4305.0,4.305000000000001,6.966595073556725
4305.5,4.305500000000003,6.969095073556737
4306.0,4.305999999999998,6.959942222441597
4306.5,4.306500000000001,6.962442222441609
4307.0,4.307000000000003,6.964942222441621
4307.5,4.307499999999998,6.955556531409357
4308.0,4.308000000000001,6.958056531409369
4308.5,4.308500000000003,6.960556531409381
4309.0,4.308999999999998,6.950897688539541
4309.5,4.309500000000001,6.953397688539553
4310.0,4.310000000000003,6.955897688539565
4310.5,4.310499999999999,6.945944334789544
4311.0,4.311000000000001,6.948444334789556
4311.5,4.311499999999996,6.950944334789533
4312.0,4.311999999999999,6.940717058689252
4312.5,4.312500000000001,6.943217058689264
4313.0,4.313000000000003,6.945717058689276
4313.5,4.313499999999999,6.935256010410775
4314.0,4.314000000000001,6.937756010410787
4314.5,4.314499999999996,6.940256010410764
4315.0,4.314999999999999,6.929616063732276
4315.5,4.315500000000001,6.932116063732288
4316.0,4.316000000000003,6.9346160637323
4316.5,4.316499999999999,6.92387687226649
4317.0,4.317000000000001,6.926376872266502
4317.5,4.317499999999996,6.928876872266478
4318.0,4.317999999999999,6.918103619957172
4318.5,4.318500000000001,6.920603619957184
4319.0,4.319000000000004,6.923103619957196
4319.5,4.319499999999999,6.912379940189659
4320.0,4.320000000000001,6.914879940189671
4320.5,4.3204999999999965,6.917379940189647
4321.0,4.320999999999999,6.906757670762005
4321.5,4.321500000000001,6.909257670762017
4322.0,4.322000000000004,6.911757670762029
4322.5,4.322499999999999,6.901270765201168
4323.0,4.323000000000001,6.90377076520118
4323.5,4.323499999999997,6.906270765201157
4324.0,4.323999999999999,6.895950510565712
4324.5,4.324500000000001,6.8984505105657234
4325.0,4.325000000000004,6.900950510565735
4325.5,4.325499999999999,6.890820778549731
4326.0,4.326000000000001,6.893320778549743
4326.5,4.326499999999997,6.895820778549719
4327.0,4.326999999999999,6.885923802799994
4327.5,4.3275000000000015,6.8884238028000055
4328.0,4.328000000000004,6.8909238028000175
4328.5,4.328499999999999,6.881282139135756
4329.0,4.3290000000000015,6.883782139135768
4329.5,4.329499999999997,6.886282139135744
4330.0,4.329999999999999,6.876912048913972
4330.5,4.330500000000002,6.879412048913984
4331.0,4.331000000000004,6.881912048913996
4331.5,4.331499999999999,6.8728006071591
4332.0,4.332000000000002,6.875300607159112
4332.5,4.332499999999997,6.877800607159088
4333.0,4.332999999999999,6.8688913986911615
4333.5,4.333500000000002,6.871391398691173
4334.0,4.333999999999997,6.87389139869115
4334.5,4.334499999999999,6.865129731309096
4335.0,4.335000000000002,6.867629731309108
4335.5,4.335499999999997,6.870129731309085
4336.0,4.335999999999999,6.861447652253645
4336.5,4.336500000000002,6.863947652253657
4337.0,4.336999999999997,6.866447652253633
4337.5,4.3375,6.857783608657861
4338.0,4.338000000000002,6.860283608657873
4338.5,4.338499999999997,6.86278360865785
4339.0,4.339,6.8540876802650885
4339.5,4.339500000000002,6.8565876802651005
4340.0,4.339999999999997,6.859087680265077
4340.5,4.3405,6.850316362172286
4341.0,4.341000000000002,6.852816362172298
4341.5,4.341499999999997,6.855316362172275
4342.0,4.342,6.846427405743398
4342.5,4.342500000000002,6.84892740574341
4343.0,4.342999999999997,6.851427405743387
4343.5,4.3435,6.842420735198189
4344.0,4.344000000000002,6.844920735198201
4344.5,4.344499999999997,6.8474207351981775
4345.0,4.345,6.838299303925943
4345.5,4.345500000000002,6.840799303925955
4346.0,4.345999999999997,6.843299303925932
4346.5,4.3465,6.834089274061554
4347.0,4.347000000000002,6.836589274061566
4347.5,4.3474999999999975,6.839089274061543
4348.0,4.348,6.829825537744583
4348.5,4.348500000000002,6.832325537744595
4349.0,4.3489999999999975,6.834825537744571
4349.5,4.3495,6.825533934153256
4350.0,4.350000000000002,6.828033934153268
4350.5,4.350499999999998,6.8305339341532445
4351.0,4.351,6.821230546256096
4351.5,4.351500000000002,6.823730546256108
4352.0,4.351999999999998,6.826230546256085
4352.5,4.3525,6.816956267588132
4353.0,4.3530000000000015,6.819456267588144
4353.5,4.353499999999998,6.821956267588121
4354.0,4.354,6.812750120318505
4354.5,4.3545000000000025,6.815250120318517
4355.0,4.354999999999998,6.817750120318493
4355.5,4.3555,6.808646579761337
4356.0,4.3560000000000025,6.811146579761349
4356.5,4.356499999999998,6.8136465797613255
4357.0,4.357,6.804647144502809
4357.5,4.357500000000003,6.807147144502821
4358.0,4.357999999999998,6.809647144502797
4358.5,4.3585,6.800762936203135
4359.0,4.359000000000003,6.803262936203147
4359.5,4.359499999999998,6.805762936203124
4360.0,4.36,6.7969954105987895
4360.5,4.360500000000003,6.7994954105988015
4361.0,4.360999999999998,6.801995410598778
4361.5,4.3615,6.793297188752518
4362.0,4.362000000000003,6.79579718875253
4362.5,4.362499999999998,6.798297188752507
4363.0,4.363,6.789623104057228
4363.5,4.363500000000003,6.792123104057239
4364.0,4.363999999999998,6.794623104057216
4364.5,4.3645000000000005,6.785940880034218
4365.0,4.365000000000003,6.78844088003423
4365.5,4.365499999999998,6.790940880034206
4366.0,4.3660000000000005,6.782229441885264
4366.5,4.366500000000003,6.784729441885276
4367.0,4.366999999999998,6.787229441885252
4367.5,4.367500000000001,6.778477918159247
4368.0,4.368000000000003,6.780977918159259
4368.5,4.368499999999998,6.783477918159235
4369.0,4.369000000000001,6.7746861896073085
4369.5,4.369500000000003,6.77718618960732
4370.0,4.369999999999998,6.779686189607297
4370.5,4.370500000000001,6.770857502915106
4371.0,4.371000000000003,6.773357502915118
4371.5,4.371499999999998,6.775857502915095
4372.0,4.372000000000001,6.767015985807916
4372.5,4.372500000000003,6.769515985807928
4373.0,4.372999999999999,6.772015985807904
4373.5,4.373500000000001,6.763159016206544
4374.0,4.373999999999996,6.76565901620652
4374.5,4.374499999999999,6.768159016206532
4375.0,4.375000000000001,6.759275981704889
4375.5,4.375500000000003,6.761775981704901
4376.0,4.375999999999999,6.764275981704877
4376.5,4.376500000000001,6.755342571841432
4377.0,4.376999999999996,6.757842571841408
4377.5,4.377499999999999,6.76034257184142
4378.0,4.378000000000001,6.751332741339127
4378.5,4.378500000000003,6.753832741339139
4379.0,4.378999999999999,6.756332741339115
4379.5,4.379500000000001,6.758832741339127
4380.0,4.379999999999996,6.749736279029008
4380.5,4.380499999999999,6.75223627902902
4381.0,4.381000000000001,6.754736279029032
4381.5,4.381500000000004,6.745558503552083
4382.0,4.381999999999999,6.748058503552059
4382.5,4.382500000000001,6.750558503552071
4383.0,4.3829999999999965,6.741309616811968
4383.5,4.383499999999999,6.74380961681198
4384.0,4.384000000000001,6.746309616811992
4384.5,4.384500000000004,6.737020714102577
4385.0,4.384999999999999,6.739520714102554
4385.5,4.385500000000001,6.742020714102566
4386.0,4.385999999999997,6.732725625879894
4386.5,4.386499999999999,6.735225625879906
4387.0,4.387000000000001,6.737725625879918
4387.5,4.387500000000004,6.728451997882061
4388.0,4.387999999999999,6.730951997882038
4388.5,4.388500000000001,6.7334519978820495
4389.0,4.388999999999997,6.724197500826428
4389.5,4.389499999999999,6.72669750082644
4390.0,4.3900000000000015,6.729197500826452
4390.5,4.390500000000004,6.719957835979891
4391.0,4.390999999999999,6.722457835979867
4391.5,4.3915000000000015,6.724957835979879
4392.0,4.391999999999997,6.715700278397279
4392.5,4.392499999999999,6.7182002783972905
4393.0,4.393000000000002,6.720700278397302
4393.5,4.393500000000004,6.711381115152975
4394.0,4.393999999999999,6.713881115152951
4394.5,4.394500000000002,6.716381115152963
4395.0,4.394999999999997,6.706985349982944
4395.5,4.395499999999999,6.709485349982955
4396.0,4.396000000000002,6.711985349982967
4396.5,4.396499999999997,6.702523486972432
4397.0,4.396999999999999,6.705023486972443
4397.5,4.397500000000002,6.707523486972455
4398.0,4.397999999999997,6.698005314893862
4398.5,4.398499999999999,6.700505314893874
4399.0,4.399000000000002,6.703005314893886
4399.5,4.399499999999997,6.693471152198818
4400.0,4.4,6.69597115219883
4400.5,4.400500000000002,6.698471152198842
4401.0,4.400999999999997,6.68894699588332
4401.5,4.4015,6.691446995883332
4402.0,4.402000000000002,6.693946995883344
4402.5,4.402499999999997,6.684463894352923
4403.0,4.403,6.686963894352935
4403.5,4.403500000000002,6.689463894352947
4404.0,4.403999999999997,6.680058139480316
4404.5,4.4045,6.682558139480328
4405.0,4.405000000000002,6.68505813948034
4405.5,4.405499999999997,6.675722994458546
4406.0,4.406,6.678222994458558
4406.5,4.406500000000002,6.68072299445857
4407.0,4.406999999999997,6.671447845937344
4407.5,4.4075,6.673947845937356
4408.0,4.408000000000002,6.676447845937368
4408.5,4.408499999999997,6.667212354857277
4409.0,4.409,6.669712354857289
4409.5,4.409500000000002,6.672212354857301
4410.0,4.4099999999999975,6.66298656479924
4410.5,4.4105,6.665486564799252
4411.0,4.411000000000002,6.667986564799264
4411.5,4.4114999999999975,6.6587477843697584
4412.0,4.412,6.66124778436977
4412.5,4.412500000000002,6.663747784369782
4413.0,4.412999999999998,6.654494910741349
4413.5,4.4135,6.656994910741361
4414.0,4.414000000000002,6.659494910741373
4414.5,4.414499999999998,6.650206070684952
4415.0,4.415,6.652706070684964
4415.5,4.4155000000000015,6.655206070684976
4416.0,4.415999999999998,6.645892014649277
4416.5,4.4165,6.648392014649289
4417.0,4.4170000000000025,6.650892014649301
4417.5,4.417499999999998,6.641552090200911
4418.0,4.418,6.644052090200923
4418.5,4.4185000000000025,6.646552090200935
4419.0,4.418999999999998,6.637155391565699
4419.5,4.4195,6.639655391565711
4420.0,4.420000000000003,6.642155391565723
4420.5,4.420499999999998,6.632676751746658
4421.0,4.421,6.63517675174667
4421.5,4.421500000000003,6.637676751746682
4422.0,4.421999999999998,6.628106417960566
4422.5,4.4225,6.630606417960578
4423.0,4.423000000000003,6.63310641796059
4423.5,4.423499999999998,6.623446290441208
4424.0,4.424,6.62594629044122
4424.5,4.424500000000003,6.628446290441232
4425.0,4.424999999999998,6.618695347516486
4425.5,4.4255,6.6211953475164975
4426.0,4.426000000000003,6.6236953475165095
4426.5,4.426499999999998,6.613857682476869
4427.0,4.4270000000000005,6.616357682476881
4427.5,4.427500000000003,6.618857682476893
4428.0,4.427999999999998,6.608954514752483
4428.5,4.4285000000000005,6.611454514752495
4429.0,4.429000000000003,6.613954514752507
4429.5,4.429499999999998,6.6040110588217615
4430.0,4.430000000000001,6.6065110588217735
4430.5,4.430500000000003,6.609011058821785
4431.0,4.430999999999998,6.599071836522583
4431.5,4.431500000000001,6.601571836522595
4432.0,4.432000000000003,6.604071836522607
4432.5,4.432499999999998,6.594145448030311
4433.0,4.433000000000001,6.596645448030323
4433.5,4.433500000000003,6.599145448030335
4434.0,4.433999999999998,6.5892422841192655
4434.5,4.434500000000001,6.591742284119277
4435.0,4.435000000000003,6.594242284119289
4435.5,4.435499999999999,6.584363107739932
4436.0,4.436000000000001,6.586863107739944
4436.5,4.436499999999996,6.589363107739921
4437.0,4.436999999999999,6.5794761934361645
4437.5,4.437500000000001,6.5819761934361765
4438.0,4.438000000000003,6.584476193436188
4438.5,4.438499999999999,6.574579611337938
4439.0,4.439000000000001,6.57707961133795
4439.5,4.439499999999996,6.579579611337927
4440.0,4.439999999999999,6.569676369791608
4440.5,4.440500000000001,6.57217636979162
4441.0,4.441000000000003,6.574676369791632
4441.5,4.441499999999999,6.564786505348508
4442.0,4.442000000000001,6.56728650534852
4442.5,4.442499999999996,6.569786505348496
4443.0,4.442999999999999,6.559923783181709
4443.5,4.443500000000001,6.562423783181721
4444.0,4.444000000000004,6.564923783181733
4444.5,4.444499999999999,6.555072989616839
4445.0,4.445000000000001,6.557572989616851
4445.5,4.4454999999999965,6.560072989616828
4446.0,4.445999999999999,6.550216500658088
4446.5,4.446500000000001,6.5527165006581
4447.0,4.447000000000004,6.555216500658112
4447.5,4.447499999999999,6.545338063493063
4448.0,4.448000000000001,6.547838063493074
4448.5,4.448499999999997,6.550338063493051
4449.0,4.448999999999999,6.540413551823576
4449.5,4.449500000000001,6.542913551823588
4450.0,4.450000000000004,6.5454135518236
4450.5,4.450499999999999,6.535419018196045
4451.0,4.451000000000001,6.537919018196057
4451.5,4.451499999999997,6.540419018196033
4452.0,4.451999999999999,6.530365765201864
4452.5,4.4525000000000015,6.532865765201876
4453.0,4.453000000000004,6.535365765201888
4453.5,4.453499999999999,6.525247094401152
4454.0,4.4540000000000015,6.527747094401164
4454.5,4.454499999999997,6.53024709440114
4455.0,4.454999999999999,6.532747094401152
4455.5,4.455500000000002,6.5225704815353325
4456.0,4.456000000000004,6.525070481535344
4456.5,4.456499999999999,6.527570481535321
4457.0,4.457000000000002,6.517355303695105
4457.5,4.457499999999997,6.519855303695081
4458.0,4.457999999999999,6.522355303695093
4458.5,4.458500000000002,6.5121213091747165
4459.0,4.458999999999997,6.514621309174693
4459.5,4.459499999999999,6.517121309174705
4460.0,4.460000000000002,6.50688783546272
4460.5,4.460499999999997,6.509387835462697
4461.0,4.460999999999999,6.5118878354627086
4461.5,4.461500000000002,6.501687986967504
4462.0,4.461999999999997,6.50418798696748
4462.5,4.4625,6.506687986967492
4463.0,4.463000000000002,6.496549774378053
4463.5,4.463499999999997,6.4990497743780296
4464.0,4.464,6.5015497743780415
4464.5,4.464500000000002,6.4914952519399804
4465.0,4.464999999999997,6.493995251939957
4465.5,4.4655,6.496495251939969
4466.0,4.466000000000002,6.486531155765292
4466.5,4.466499999999997,6.489031155765268
4467.0,4.467,6.49153115576528
4467.5,4.467500000000002,6.481669684917755
4468.0,4.467999999999997,6.484169684917731
4468.5,4.4685,6.486669684917743
4469.0,4.469000000000002,6.476896894071267
4469.5,4.469499999999997,6.479396894071243
4470.0,4.47,6.481896894071255
4470.5,4.470500000000002,6.472197323728075
4471.0,4.470999999999997,6.474697323728051
4471.5,4.4715,6.477197323728063
4472.0,4.472000000000002,6.467566670793801
4472.5,4.4724999999999975,6.470066670793777
4473.0,4.473,6.472566670793789
4473.5,4.473500000000002,6.462978918081035
4474.0,4.4739999999999975,6.465478918081011
4474.5,4.4745,6.467978918081023
4475.0,4.475000000000002,6.45840099179182
4475.5,4.475499999999998,6.460900991791796
4476.0,4.476,6.463400991791808
4476.5,4.476500000000002,6.453792009235286
4477.0,4.476999999999998,6.456292009235263
4477.5,4.4775,6.458792009235275
4478.0,4.4780000000000015,6.449140692206896
4478.5,4.478499999999998,6.4516406922068725
4479.0,4.479,6.4541406922068845
4479.5,4.4795000000000025,6.444446623632203
4480.0,4.479999999999998,6.446946623632179
4480.5,4.4805,6.449446623632191
4481.0,4.4810000000000025,6.439690382237551
4481.5,4.481499999999998,6.442190382237527
4482.0,4.482,6.444690382237539
4482.5,4.482500000000003,6.434876455289356
4483.0,4.482999999999998,6.437376455289332
4483.5,4.4835,6.439876455289344
4484.0,4.484000000000003,6.430021261732684
4484.5,4.484499999999998,6.43252126173266
4485.0,4.485,6.435021261732672
4485.5,4.485500000000003,6.425123257476564
4486.0,4.485999999999998,6.42762325747654
4486.5,4.4865,6.430123257476552
4487.0,4.487000000000003,6.420172915657183
4487.5,4.487499999999998,6.422672915657159
4488.0,4.488,6.425172915657171
4488.5,4.488500000000003,6.415174301889621
4489.0,4.488999999999998,6.417674301889598
4489.5,4.4895000000000005,6.42017430188961
4490.0,4.490000000000003,6.410131146395308
4490.5,4.490499999999998,6.4126311463952845
4491.0,4.4910000000000005,6.4151311463952965
4491.5,4.491500000000003,6.40504223470117
4492.0,4.491999999999998,6.407542234701147
4492.5,4.492500000000001,6.410042234701159
4493.0,4.493000000000003,6.399929062379108
4493.5,4.493499999999998,6.402429062379085
4494.0,4.494000000000001,6.404929062379097
4494.5,4.494500000000003,6.394795824609645
4495.0,4.494999999999998,6.397295824609621
4495.5,4.495500000000001,6.399795824609633
4496.0,4.496000000000003,6.389620803697795
4496.5,4.496499999999998,6.392120803697772
4497.0,4.497000000000001,6.394620803697784
4497.5,4.497500000000003,6.384409884642643
4498.0,4.497999999999999,6.38690988464262
4498.5,4.498500000000001,6.389409884642632
4499.0,4.498999999999996,6.379184277308099
4499.5,4.499499999999999,6.381684277308111
4500.0,4.500000000000001,6.3841842773081225
4500.5,4.500500000000003,6.373965907683896
4501.0,4.500999999999999,6.376465907683873
4501.5,4.501500000000001,6.3789659076838845
4502.0,4.501999999999996,6.368770717336041
4502.5,4.502499999999999,6.371270717336053
4503.0,4.503000000000001,6.373770717336065
4503.5,4.503500000000003,6.363604624477901
4504.0,4.503999999999999,6.366104624477877
4504.5,4.504500000000001,6.368604624477889
4505.0,4.504999999999996,6.358458761746526
4505.5,4.505499999999999,6.360958761746538
4506.0,4.506000000000001,6.36345876174655
4506.5,4.506500000000004,6.353297505258624
4507.0,4.506999999999999,6.3557975052586
4507.5,4.507500000000001,6.358297505258612
4508.0,4.5079999999999965,6.348102780964631
4508.5,4.508499999999999,6.350602780964643
4509.0,4.509000000000001,6.353102780964655
4509.5,4.509500000000004,6.342861905143202
4510.0,4.509999999999999,6.345361905143179
4510.5,4.510500000000001,6.347861905143191
4511.0,4.510999999999997,6.337562957714837
4511.5,4.511499999999999,6.340062957714849
4512.0,4.512000000000001,6.342562957714861
4512.5,4.512500000000004,6.33223722340837
4513.0,4.512999999999999,6.3347372234083466
4513.5,4.513500000000001,6.337237223408359
4514.0,4.513999999999997,6.326904405483482
4514.5,4.514499999999999,6.329404405483494
4515.0,4.5150000000000015,6.331904405483506
4515.5,4.515500000000004,6.321585020060283
4516.0,4.515999999999999,6.324085020060259
4516.5,4.5165000000000015,6.326585020060271
4517.0,4.516999999999997,6.316316983652399
4517.5,4.517499999999999,6.318816983652411
4518.0,4.518000000000002,6.321316983652423
4518.5,4.518500000000004,6.31113715292809
4519.0,4.518999999999999,6.313637152928067
4519.5,4.519500000000002,6.316137152928079
4520.0,4.519999999999997,6.306068486529242
4520.5,4.520499999999999,6.3085684865292535
4521.0,4.521000000000002,6.311068486529265
4521.5,4.521499999999997,6.3011469663954855
4522.0,4.521999999999999,6.3036469663954975
4522.5,4.522500000000002,6.306146966395509
4523.0,4.522999999999997,6.296350904689234
4523.5,4.523499999999999,6.298850904689246
4524.0,4.524000000000002,6.301350904689258
4524.5,4.524499999999997,6.291623893195286
4525.0,4.525,6.294123893195298
4525.5,4.525500000000002,6.29662389319531
4526.0,4.525999999999997,6.286946394659552
4526.5,4.5265,6.289446394659564
4527.0,4.527000000000002,6.291946394659576
4527.5,4.527499999999997,6.282278106918611
4528.0,4.528,6.284778106918623
4528.5,4.528500000000002,6.2872781069186345
4529.0,4.528999999999997,6.277600801836591
4529.5,4.5295,6.280100801836603
4530.0,4.530000000000002,6.282600801836615
4530.5,4.530499999999997,6.285100801836592
4531.0,4.531,6.275439169866495
4531.5,4.531500000000002,6.277939169866507
4532.0,4.531999999999997,6.280439169866483
4532.5,4.5325,6.270798736565482
4533.0,4.533000000000002,6.2732987365654935
4533.5,4.533499999999997,6.27579873656547
4534.0,4.534,6.266189072293997
4534.5,4.534500000000002,6.268689072294009
4535.0,4.5349999999999975,6.271189072293986
4535.5,4.5355,6.261591037212568
4536.0,4.536000000000002,6.26409103721258
4536.5,4.5364999999999975,6.266591037212557
4537.0,4.537,6.257003292896073
4537.5,4.537500000000002,6.259503292896085
4538.0,4.537999999999998,6.262003292896061
4538.5,4.5385,6.252449441471235
4539.0,4.539000000000002,6.254949441471247
4539.5,4.539499999999998,6.257449441471223
4540.0,4.54,6.247927421151118
4540.5,4.5405000000000015,6.25042742115113
4541.0,4.540999999999998,6.252927421151107
4541.5,4.5415,6.24344247270276
4542.0,4.5420000000000025,6.245942472702772
4542.5,4.542499999999998,6.248442472702749
4543.0,4.543,6.238993595989228
4543.5,4.5435000000000025,6.24149359598924
4544.0,4.543999999999998,6.243993595989217
4544.5,4.5445,6.234610303222574
4545.0,4.545000000000003,6.237110303222586
4545.5,4.545499999999998,6.2396103032225625
4546.0,4.546,6.2302913157476425
4546.5,4.546500000000003,6.232791315747654
4547.0,4.546999999999998,6.235291315747631
4547.5,4.5475,6.226029971072684
4548.0,4.548000000000003,6.228529971072696
4548.5,4.548499999999998,6.231029971072672
4549.0,4.549,6.221838737286269
4549.5,4.549500000000003,6.224338737286281
4550.0,4.549999999999998,6.226838737286258
4550.5,4.5505,6.217702296853211
4551.0,4.551000000000003,6.220202296853223
4551.5,4.551499999999998,6.2227022968532
4552.0,4.5520000000000005,6.213594721107185
4552.5,4.552500000000003,6.216094721107197
4553.0,4.552999999999998,6.2185947211071735
4553.5,4.5535000000000005,6.209492627856186
4554.0,4.554000000000003,6.211992627856198
4554.5,4.554499999999998,6.214492627856174
4555.0,4.555000000000001,6.205379088870622
4555.5,4.555500000000003,6.207879088870634
4556.0,4.555999999999998,6.21037908887061
4556.5,4.556500000000001,6.20124367867394
4557.0,4.557000000000003,6.203743678673952
4557.5,4.557499999999998,6.206243678673928
4558.0,4.558000000000001,6.197066128711235
4558.5,4.558500000000003,6.199566128711247
4559.0,4.558999999999998,6.202066128711223
4559.5,4.559500000000001,6.192843463072926
4560.0,4.560000000000003,6.195343463072938
4560.5,4.560499999999999,6.197843463072914
4561.0,4.561000000000001,6.18856971718639
4561.5,4.561499999999996,6.191069717186366
4562.0,4.561999999999999,6.193569717186378
4562.5,4.562500000000001,6.184245767834469
4563.0,4.563000000000003,6.186745767834481
4563.5,4.563499999999999,6.189245767834457
4564.0,4.564000000000001,6.179861749600626
4564.5,4.564499999999996,6.182361749600602
4565.0,4.564999999999999,6.184861749600614
4565.5,4.565500000000001,6.175391633597478
4566.0,4.566000000000003,6.17789163359749
4566.5,4.566499999999999,6.180391633597466
4567.0,4.567000000000001,6.170824354397162
4567.5,4.567499999999996,6.173324354397138
4568.0,4.567999999999999,6.17582435439715
4568.5,4.568500000000001,6.166179670516385
4569.0,4.569000000000004,6.168679670516397
4569.5,4.569499999999999,6.1711796705163735
4570.0,4.570000000000001,6.1614918824854925
4570.5,4.5704999999999965,6.163991882485469
4571.0,4.570999999999999,6.166491882485481
4571.5,4.571500000000001,6.156802410018685
4572.0,4.572000000000004,6.159302410018697
4572.5,4.572499999999999,6.161802410018673
4573.0,4.573000000000001,6.1521420042262775
4573.5,4.573499999999997,6.154642004226254
4574.0,4.573999999999999,6.157142004226266
4574.5,4.574500000000001,6.147527314972301
4575.0,4.575000000000004,6.150027314972313
4575.5,4.575499999999999,6.152527314972289
4576.0,4.576000000000001,6.142964816859262
4576.5,4.576499999999997,6.145464816859239
4577.0,4.576999999999999,6.14796481685925
4577.5,4.5775000000000015,6.138459928038493
4578.0,4.578000000000004,6.140959928038505
4578.5,4.578499999999999,6.143459928038482
4579.0,4.5790000000000015,6.134008288186266
4579.5,4.579499999999997,6.136508288186242
4580.0,4.579999999999999,6.139008288186254
4580.5,4.580500000000002,6.129603401819033
4581.0,4.581000000000004,6.132103401819045
4581.5,4.581499999999999,6.134603401819021
4582.0,4.582000000000002,6.125241351678348
4582.5,4.582499999999997,6.127741351678324
4583.0,4.582999999999999,6.130241351678336
4583.5,4.583500000000002,6.1208892494351375
4584.0,4.583999999999997,6.123389249435114
4584.5,4.584499999999999,6.125889249435126
4585.0,4.585000000000002,6.116525430342037
4585.5,4.585499999999997,6.119025430342013
4586.0,4.585999999999999,6.121525430342025
4586.5,4.586500000000002,6.112106715089354
4587.0,4.586999999999997,6.11460671508933
4587.5,4.5875,6.117106715089342
4588.0,4.588000000000002,6.107619391808932
4588.5,4.588499999999997,6.110119391808908
4589.0,4.589,6.11261939180892
4589.5,4.589500000000002,6.103044975837726
4590.0,4.589999999999997,6.105544975837702
4590.5,4.5905,6.108044975837714
4591.0,4.591000000000002,6.098388328159032
4591.5,4.591499999999997,6.100888328159009
4592.0,4.592,6.103388328159021
4592.5,4.592500000000002,6.093644121178876
4593.0,4.592999999999997,6.0961441211788525
4593.5,4.5935,6.0986441211788645
4594.0,4.594000000000002,6.088789146788365
4594.5,4.594499999999997,6.091289146788341
4595.0,4.595,6.093789146788353
4595.5,4.595500000000002,6.083800024211747
4596.0,4.595999999999997,6.086300024211724
4596.5,4.5965,6.088800024211736
4597.0,4.597000000000002,6.078646323224639
4597.5,4.5974999999999975,6.081146323224616
4598.0,4.598,6.083646323224627
4598.5,4.598500000000002,6.073284404667767
4599.0,4.5989999999999975,6.075784404667743
4599.5,4.5995,6.078284404667755
4600.0,4.600000000000002,6.067735175010434
4600.5,4.600499999999998,6.07023517501041
4601.0,4.601,6.072735175010422
4601.5,4.601500000000002,6.062028129441686
4602.0,4.601999999999998,6.064528129441662
4602.5,4.6025,6.067028129441674
4603.0,4.6030000000000015,6.056174303245747
4603.5,4.603499999999998,6.058674303245724
4604.0,4.604,6.061174303245736
4604.5,4.6045000000000025,6.050182180686008
4605.0,4.604999999999998,6.052682180685984
4605.5,4.6055,6.055182180685996
4606.0,4.6060000000000025,6.057682180686008
4606.5,4.606499999999998,6.046600877764838
4607.0,4.607,6.04910087776485
4607.5,4.607500000000003,6.051600877764862
4608.0,4.607999999999998,6.040480114333739
4608.5,4.6085,6.042980114333751
4609.0,4.609000000000003,6.045480114333763
4609.5,4.609499999999998,6.034342356825881
4610.0,4.61,6.036842356825893
4610.5,4.610500000000003,6.039342356825905
4611.0,4.610999999999998,6.028215600607254
4611.5,4.6115,6.030715600607266
4612.0,4.612000000000003,6.033215600607278
4612.5,4.612499999999998,6.022149221243538
4613.0,4.613,6.02464922124355
4613.5,4.613500000000003,6.027149221243562
4614.0,4.613999999999998,6.016185092442896
4614.5,4.6145000000000005,6.018685092442908
4615.0,4.615000000000003,6.02118509244292
4615.5,4.615499999999998,6.010365100020643
4616.0,4.6160000000000005,6.012865100020655
4616.5,4.616500000000003,6.0153651000206665
4617.0,4.616999999999998,6.004719175364848
4617.5,4.617500000000001,6.00721917536486
4618.0,4.618000000000003,6.009719175364872
4618.5,4.618499999999998,5.999270529119336
4619.0,4.619000000000001,6.001770529119348
4619.5,4.619500000000003,6.00427052911936
4620.0,4.619999999999998,5.994013372508995
4620.5,4.620500000000001,5.996513372509007
4621.0,4.621000000000003,5.999013372509019
4621.5,4.621499999999998,5.9889288363636695
4622.0,4.622000000000001,5.991428836363681
4622.5,4.622500000000003,5.993928836363693
4623.0,4.622999999999999,5.983947264384852
4623.5,4.623500000000001,5.986447264384864
4624.0,4.623999999999996,5.988947264384841
4624.5,4.624499999999999,5.979028321825091
4625.0,4.625000000000001,5.981528321825103
4625.5,4.625500000000003,5.9840283218251145
4626.0,4.625999999999999,5.974129857868036
4626.5,4.626500000000001,5.976629857868048
4627.0,4.626999999999996,5.979129857868024
4627.5,4.627499999999999,5.969217295489102
4628.0,4.628000000000001,5.971717295489114
4628.5,4.628500000000003,5.974217295489126
4629.0,4.628999999999999,5.964240866881667
4629.5,4.629500000000001,5.966740866881679
4630.0,4.629999999999996,5.969240866881656
4630.5,4.630499999999999,5.9591920850117575
4631.0,4.631000000000001,5.961692085011769
4631.5,4.631500000000004,5.964192085011781
4632.0,4.631999999999999,5.954036379959398
4632.5,4.632500000000001,5.9565363799594095
4633.0,4.6329999999999965,5.959036379959386
4633.5,4.633499999999999,5.94873279565828
4634.0,4.634000000000001,5.951232795658292
4634.5,4.634500000000004,5.953732795658304
4635.0,4.634999999999999,5.943256240481993
4635.5,4.635500000000001,5.945756240482005
4636.0,4.635999999999997,5.948256240481982
4636.5,4.636499999999999,5.937617354670621
4637.0,4.637000000000001,5.940117354670633
4637.5,4.637500000000004,5.942617354670645
4638.0,4.637999999999999,5.931848376709077
4638.5,4.638500000000001,5.934348376709089
4639.0,4.638999999999997,5.936848376709065
4639.5,4.639499999999999,5.926000988198936
4640.0,4.6400000000000015,5.928500988198948
4640.5,4.640500000000004,5.93100098819896
4641.0,4.640999999999999,5.920155910383755
4641.5,4.6415000000000015,5.922655910383767
4642.0,4.641999999999997,5.925155910383744
4642.5,4.642499999999999,5.914366518947212
4643.0,4.643000000000002,5.916866518947224
4643.5,4.643500000000004,5.919366518947236
4644.0,4.643999999999999,5.908702163890212
4644.5,4.644500000000002,5.911202163890224
4645.0,4.644999999999997,5.9137021638902
4645.5,4.645499999999999,5.903262563911973
4646.0,4.646000000000002,5.905762563911985
4646.5,4.646499999999997,5.908262563911961
4647.0,4.646999999999999,5.898117579027371
4647.5,4.647500000000002,5.900617579027383
4648.0,4.647999999999997,5.903117579027359
4648.5,4.648499999999999,5.893300182066881
4649.0,4.649000000000002,5.895800182066893
4649.5,4.649499999999997,5.898300182066869
4650.0,4.65,5.88882150549054
4650.5,4.650500000000002,5.891321505490552
4651.0,4.650999999999997,5.8938215054905285
4651.5,4.6515,5.884647822867528
4652.0,4.652000000000002,5.88714782286754
4652.5,4.652499999999997,5.889647822867516
4653.0,4.653,5.880731870317852
4653.5,4.653500000000002,5.883231870317864
4654.0,4.653999999999997,5.885731870317841
4654.5,4.6545,5.877035634425418
4655.0,4.655000000000002,5.87953563442543
4655.5,4.655499999999997,5.882035634425407
4656.0,4.656,5.873511353548508
4656.5,4.656500000000002,5.87601135354852
4657.0,4.656999999999997,5.878511353548497
4657.5,4.6575,5.870085797204538
4658.0,4.658000000000002,5.87258579720455
4658.5,4.658499999999997,5.875085797204527
4659.0,4.659,5.86663833699081
4659.5,4.659500000000002,5.869138336990822
4660.0,4.6599999999999975,5.871638336990799
4660.5,4.6605,5.86307308460583
4661.0,4.661000000000002,5.865573084605842
4661.5,4.6614999999999975,5.868073084605818
4662.0,4.662,5.859299573749119
4662.5,4.662500000000002,5.861799573749131
4663.0,4.662999999999998,5.864299573749108
4663.5,4.6635,5.855257114154355
4664.0,4.664000000000002,5.857757114154367
4664.5,4.664499999999998,5.860257114154344
4665.0,4.665,5.8508873855161525
4665.5,4.6655000000000015,5.853387385516164
4666.0,4.665999999999998,5.855887385516141
4666.5,4.6665,5.846169259452516
4667.0,4.6670000000000025,5.848669259452528
4667.5,4.667499999999998,5.851169259452504
4668.0,4.668,5.84111706801675
4668.5,4.6685000000000025,5.843617068016762
4669.0,4.668999999999998,5.8461170680167385
4669.5,4.6695,5.835758878017359
4670.0,4.670000000000003,5.8382588780173705
4670.5,4.670499999999998,5.840758878017347
4671.0,4.671,5.830143926397042
4671.5,4.671500000000003,5.832643926397054
4672.0,4.671999999999998,5.835143926397031
4672.5,4.6725,5.824329759170581
4673.0,4.673000000000003,5.826829759170593
4673.5,4.673499999999998,5.8293297591705695
4674.0,4.674,5.818400952072054
4674.5,4.674500000000003,5.820900952072066
4675.0,4.674999999999998,5.823400952072042
4675.5,4.6755,5.812444163028054
4676.0,4.676000000000003,5.814944163028066
4676.5,4.676499999999998,5.817444163028043
4677.0,4.6770000000000005,5.806513273174048
4677.5,4.677500000000003,5.80901327317406
4678.0,4.677999999999998,5.811513273174036
4678.5,4.6785000000000005,5.800681105035714
4679.0,4.679000000000003,5.803181105035726
4679.5,4.679499999999998,5.805681105035703
4680.0,4.680000000000001,5.794987729376402
4680.5,4.680500000000003,5.797487729376414
4681.0,4.680999999999998,5.79998772937639
4681.5,4.681500000000001,5.802487729376402
4682.0,4.682000000000003,5.791943313740475
4682.5,4.682499999999998,5.794443313740452
4683.0,4.683000000000001,5.796943313740464
4683.5,4.683500000000003,5.786574413436512
4684.0,4.683999999999998,5.789074413436488
4684.5,4.684500000000001,5.7915744134365
4685.0,4.685000000000003,5.781379356285363
4685.5,4.685499999999999,5.78387935628534
4686.0,4.686000000000001,5.786379356285352
4686.5,4.686499999999996,5.776334392333382
4687.0,4.686999999999999,5.778834392333394
4687.5,4.687500000000001,5.781334392333406
4688.0,4.688000000000003,5.771404564678022
4688.5,4.688499999999999,5.773904564677999
4689.0,4.689000000000001,5.77640456467801
4689.5,4.689499999999996,5.7665240669511775
4690.0,4.689999999999999,5.769024066951189
4690.5,4.690500000000001,5.771524066951201
4691.0,4.691000000000003,5.761658393853395
4691.5,4.691499999999999,5.764158393853371
4692.0,4.692000000000001,5.766658393853383
4692.5,4.692499999999996,5.756757817541427
4693.0,4.692999999999999,5.759257817541439
4693.5,4.693500000000001,5.761757817541451
4694.0,4.694000000000004,5.75178023845428
4694.5,4.694499999999999,5.754280238454257
4695.0,4.695000000000001,5.756780238454269
4695.5,4.6954999999999965,5.74669991843912
4696.0,4.695999999999999,5.749199918439132
4696.5,4.696500000000001,5.751699918439144
4697.0,4.697000000000004,5.741473596143294
4697.5,4.697499999999999,5.74397359614327
4698.0,4.698000000000001,5.746473596143282
4698.5,4.698499999999997,5.736048611692546
4699.0,4.698999999999999,5.738548611692558
4699.5,4.699500000000001,5.74104861169257
4700.0,4.700000000000004,5.730418237272552
4700.5,4.700499999999999,5.7329182372725285
4701.0,4.701000000000001,5.73541823727254
4701.5,4.701499999999997,5.724571098323246
4702.0,4.701999999999999,5.727071098323258
4702.5,4.7025000000000015,5.7295710983232695
4703.0,4.703000000000004,5.718509255139637
4703.5,4.703499999999999,5.721009255139613
4704.0,4.7040000000000015,5.723509255139625
4704.5,4.704499999999997,5.712268717010609
4705.0,4.704999999999999,5.714768717010621
4705.5,4.705500000000002,5.717268717010633
4706.0,4.706000000000004,5.705885376903765
4706.5,4.706499999999999,5.708385376903742
4707.0,4.707000000000002,5.710885376903754
4707.5,4.707499999999997,5.699450027316999
4708.0,4.707999999999999,5.701950027317011
4708.5,4.708500000000002,5.704450027317023
4709.0,4.709000000000004,5.693035306004575
4709.5,4.709499999999999,5.695535306004551
4710.0,4.710000000000002,5.698035306004563
4710.5,4.710499999999997,5.686696532413151
4711.0,4.710999999999999,5.689196532413163
4711.5,4.711500000000002,5.691696532413175
4712.0,4.711999999999997,5.680492187664648
4712.5,4.7125,5.682992187664659
4713.0,4.713000000000002,5.685492187664671
4713.5,4.713499999999997,5.674453496446539
4714.0,4.714,5.676953496446551
4714.5,4.714500000000002,5.679453496446563
4715.0,4.714999999999997,5.668604987699766
4715.5,4.7155,5.671104987699778
4716.0,4.716000000000002,5.67360498769979
4716.5,4.716499999999997,5.662966911286631
4717.0,4.717,5.665466911286643
4717.5,4.717500000000002,5.667966911286655
4718.0,4.717999999999997,5.657537336734038
4718.5,4.7185,5.6600373367340495
4719.0,4.719000000000002,5.6625373367340615
4719.5,4.719499999999997,5.652288304260864
4720.0,4.72,5.654788304260876
4720.5,4.720500000000002,5.657288304260888
4721.0,4.720999999999997,5.647184821116902
4721.5,4.7215,5.649684821116914
4722.0,4.722000000000002,5.652184821116926
4722.5,4.7224999999999975,5.642201240935236
4723.0,4.723,5.644701240935248
4723.5,4.723500000000002,5.64720124093526
4724.0,4.7239999999999975,5.637327299393782
4724.5,4.7245,5.639827299393794
4725.0,4.725000000000002,5.642327299393806
4725.5,4.725499999999998,5.632518785840723
4726.0,4.726,5.635018785840735
4726.5,4.726500000000002,5.637518785840747
4727.0,4.726999999999998,5.627728282684359
4727.5,4.7275,5.630228282684371
4728.0,4.7280000000000015,5.632728282684383
4728.5,4.728499999999998,5.622922735705949
4729.0,4.729,5.6254227357059605
4729.5,4.7295000000000025,5.6279227357059725
4730.0,4.729999999999998,5.618072734726525
4730.5,4.7305,5.620572734726537
4731.0,4.7310000000000025,5.623072734726549
4731.5,4.731499999999998,5.613144901079927
4732.0,4.732,5.615644901079939
4732.5,4.732500000000003,5.618144901079951
4733.0,4.732999999999998,5.608078619401482
4733.5,4.7335,5.610578619401494
4734.0,4.734000000000003,5.613078619401506
4734.5,4.734499999999998,5.602856602808508
4735.0,4.735,5.60535660280852
4735.5,4.735500000000003,5.607856602808532
4736.0,4.735999999999998,5.597492738035363
4736.5,4.7365,5.599992738035375
4737.0,4.737000000000003,5.602492738035387
4737.5,4.737499999999998,5.592034895630533
4738.0,4.738,5.594534895630545
4738.5,4.738500000000003,5.597034895630557
4739.0,4.738999999999998,5.586570373244832
4739.5,4.7395000000000005,5.589070373244844
4740.0,4.740000000000003,5.591570373244856
4740.5,4.740499999999998,5.581166139462397
4741.0,4.7410000000000005,5.583666139462409
4741.5,4.741500000000003,5.586166139462421
4742.0,4.741999999999998,5.575911932386219
4742.5,4.742500000000001,5.578411932386231
4743.0,4.743000000000003,5.580911932386243
4743.5,4.743499999999998,5.570839832424355
4744.0,4.744000000000001,5.573339832424367
4744.5,4.744500000000003,5.5758398324243785
4745.0,4.744999999999998,5.565963756052632
4745.5,4.745500000000001,5.568463756052644
4746.0,4.746000000000003,5.570963756052656
4746.5,4.746499999999998,5.561274470608417
4747.0,4.747000000000001,5.563774470608429
4747.5,4.747500000000003,5.566274470608441
4748.0,4.747999999999999,5.556742877431127
4748.5,4.748500000000001,5.559242877431139
4749.0,4.748999999999996,5.561742877431115
4749.5,4.749499999999999,5.552327797991872
4750.0,4.750000000000001,5.554827797991884
4750.5,4.750500000000003,5.557327797991896
4751.0,4.750999999999999,5.548022327269671
4751.5,4.751500000000001,5.550522327269682
4752.0,4.751999999999996,5.553022327269659
4752.5,4.752499999999999,5.543788964472114
4753.0,4.753000000000001,5.546288964472126
4753.5,4.753500000000003,5.548788964472138
4754.0,4.753999999999999,5.539586373570309
4754.5,4.754500000000001,5.542086373570321
4755.0,4.754999999999996,5.544586373570297
4755.5,4.755499999999999,5.535403421521998
4756.0,4.756000000000001,5.53790342152201
4756.5,4.756500000000004,5.540403421522022
4757.0,4.756999999999999,5.542903421521999
4757.5,4.757500000000001,5.533726727855104
4758.0,4.7579999999999965,5.53622672785508
4758.5,4.758499999999999,5.538726727855092
4759.0,4.759000000000001,5.529548104620048
4759.5,4.759500000000004,5.53204810462006
4760.0,4.759999999999999,5.534548104620036
4760.5,4.760500000000001,5.525339115396939
4761.0,4.760999999999997,5.527839115396915
4761.5,4.761499999999999,5.530339115396927
4762.0,4.762000000000001,5.521081459942749
4762.5,4.762500000000004,5.523581459942761
4763.0,4.762999999999999,5.526081459942738
4763.5,4.763500000000001,5.516749627514201
4764.0,4.763999999999997,5.519249627514178
4764.5,4.764499999999999,5.52174962751419
4765.0,4.7650000000000015,5.512326094894782
4765.5,4.765500000000004,5.514826094894794
4766.0,4.765999999999999,5.51732609489477
4766.5,4.7665000000000015,5.50780212645698
4767.0,4.766999999999997,5.510302126456956
4767.5,4.767499999999999,5.512802126456968
4768.0,4.768000000000002,5.503195765968592
4768.5,4.768500000000004,5.505695765968603
4769.0,4.768999999999999,5.50819576596858
4769.5,4.769500000000002,5.4985318789504944
4770.0,4.769999999999997,5.501031878950471
4770.5,4.770499999999999,5.503531878950483
4771.0,4.771000000000002,5.493838013492152
4771.5,4.771500000000004,5.496338013492164
4772.0,4.771999999999999,5.49883801349214
4772.5,4.772500000000002,5.48913256963619
4773.0,4.772999999999997,5.491632569636167
4773.5,4.773499999999999,5.494132569636179
4774.0,4.774000000000002,5.484435121444271
4774.5,4.774499999999997,5.486935121444247
4775.0,4.775,5.489435121444259
4775.5,4.775500000000002,5.479776780390324
4776.0,4.775999999999997,5.4822767803903005
4776.5,4.7765,5.4847767803903125
4777.0,4.777000000000002,5.475172815361553
4777.5,4.777499999999997,5.4776728153615295
4778.0,4.778,5.480172815361541
4778.5,4.778500000000002,5.470597098471046
4779.0,4.778999999999997,5.473097098471023
4779.5,4.7795,5.4755970984710345
4780.0,4.780000000000002,5.466034913561124
4780.5,4.780499999999997,5.4685349135611006
4781.0,4.781,5.4710349135611125
4781.5,4.781500000000002,5.46145382976821
4782.0,4.781999999999997,5.463953829768187
4782.5,4.7825,5.466453829768199
4783.0,4.783000000000002,5.456828717902873
4783.5,4.783499999999997,5.459328717902849
4784.0,4.784,5.461828717902861
4784.5,4.784500000000002,5.4521461521600045
4785.0,4.7849999999999975,5.454646152159981
4785.5,4.7855,5.457146152159993
4786.0,4.786000000000002,5.447375258110476
4786.5,4.7864999999999975,5.449875258110453
4787.0,4.787,5.4523752581104645
4787.5,4.787500000000002,5.442472469155888
4788.0,4.787999999999998,5.444972469155864
4788.5,4.7885,5.447472469155876
4789.0,4.789000000000002,5.437408176362908
4789.5,4.789499999999998,5.439908176362884
4790.0,4.79,5.442408176362896
4790.5,4.7905000000000015,5.432165152760895
4791.0,4.790999999999998,5.434665152760871
4791.5,4.7915,5.437165152760883
4792.0,4.7920000000000025,5.426731711670527
4792.5,4.792499999999998,5.429231711670504
4793.0,4.793,5.431731711670516
4793.5,4.7935000000000025,5.421130437820274
4794.0,4.793999999999998,5.42363043782025
4794.5,4.7945,5.426130437820262
4795.0,4.795000000000003,5.415395908064795
4795.5,4.795499999999998,5.417895908064772
4796.0,4.796,5.420395908064783
4796.5,4.796500000000003,5.409564321250002
4797.0,4.796999999999998,5.412064321249979
4797.5,4.7975,5.414564321249991
4798.0,4.798000000000003,5.403674555972806
4798.5,4.798499999999998,5.406174555972783
4799.0,4.799,5.4086745559727945
4799.5,4.799500000000003,5.397800087869058
4800.0,4.799999999999998,5.400300087869034
4800.5,4.8005,5.402800087869046
4801.0,4.801000000000003,5.392001180917951
4801.5,4.801499999999998,5.394501180917928
4802.0,4.8020000000000005,5.39700118091794
4802.5,4.802500000000003,5.386332312872284
4803.0,4.802999999999998,5.38883231287226
4803.5,4.8035000000000005,5.391332312872272
4804.0,4.804000000000003,5.380814302179253
4804.5,4.804499999999998,5.38331430217923
4805.0,4.805000000000001,5.3858143021792415
4805.5,4.805500000000003,5.375474707000727
4806.0,4.805999999999998,5.377974707000703
4806.5,4.806500000000001,5.380474707000715
4807.0,4.807000000000003,5.370314742409938
4807.5,4.807499999999998,5.372814742409915
4808.0,4.808000000000001,5.375314742409927
4808.5,4.808500000000003,5.365330329648828
4809.0,4.808999999999998,5.367830329648804
4809.5,4.809500000000001,5.370330329648816
4810.0,4.810000000000003,5.360527442222001
4810.5,4.810499999999999,5.363027442221977
4811.0,4.811000000000001,5.365527442221989
4811.5,4.811499999999996,5.355899335599119
4812.0,4.811999999999999,5.358399335599131
4812.5,4.812500000000001,5.360899335599143
4813.0,4.813000000000003,5.3514137309365495
4813.5,4.813499999999999,5.353913730936526
4814.0,4.814000000000001,5.356413730936538
4814.5,4.814499999999996,5.347032604951529
4815.0,4.814999999999999,5.349532604951541
4815.5,4.815500000000001,5.352032604951553
4816.0,4.816000000000003,5.342725361169016
4816.5,4.816499999999999,5.345225361168993
4817.0,4.817000000000001,5.3477253611690045
4817.5,4.817499999999996,5.338445625698896
4818.0,4.817999999999999,5.340945625698907
4818.5,4.818500000000001,5.343445625698919
4819.0,4.819000000000004,5.334140227420825
4819.5,4.819499999999999,5.336640227420801
4820.0,4.820000000000001,5.339140227420813
4820.5,4.8204999999999965,5.329761622403844
4821.0,4.820999999999999,5.332261622403856
4821.5,4.821500000000001,5.334761622403867
4822.0,4.822000000000004,5.325281175561081
4822.5,4.822499999999999,5.327781175561057
4823.0,4.823000000000001,5.330281175561069
4823.5,4.823499999999997,5.320686905494014
4824.0,4.823999999999999,5.323186905494026
4824.5,4.824500000000001,5.325686905494038
4825.0,4.825000000000004,5.315973907746354
4825.5,4.825499999999999,5.3184739077463306
4826.0,4.826000000000001,5.320973907746343
4826.5,4.826499999999997,5.311120805400229
4827.0,4.826999999999999,5.313620805400241
4827.5,4.8275000000000015,5.316120805400253
4828.0,4.828000000000004,5.306155077258872
4828.5,4.828499999999999,5.308655077258848
4829.0,4.8290000000000015,5.31115507725886
4829.5,4.829499999999997,5.301095497214057
4830.0,4.829999999999999,5.303595497214069
4830.5,4.830500000000002,5.306095497214081
4831.0,4.831000000000004,5.2959833238330845
4831.5,4.831499999999999,5.298483323833061
4832.0,4.832000000000002,5.300983323833073
4832.5,4.832499999999997,5.303483323833049
4833.0,4.832999999999999,5.293336356523248
4833.5,4.833500000000002,5.29583635652326
4834.0,4.834000000000004,5.298336356523272
4834.5,4.834499999999999,5.28816350325986
4835.0,4.835000000000002,5.290663503259872
4835.5,4.835499999999997,5.293163503259848
4836.0,4.835999999999999,5.28301385874002
4836.5,4.836500000000002,5.285513858740032
4837.0,4.836999999999997,5.288013858740008
4837.5,4.8375,5.277928480099625
4838.0,4.838000000000002,5.280428480099637
4838.5,4.838499999999997,5.2829284800996135
4839.0,4.839,5.272948535459712
4839.5,4.839500000000002,5.275448535459724
4840.0,4.839999999999997,5.2779485354597
4840.5,4.8405,5.268111120836352
4841.0,4.841000000000002,5.270611120836364
4841.5,4.841499999999997,5.27311112083634
4842.0,4.842,5.263414831834297
4842.5,4.842500000000002,5.2659148318343085
4843.0,4.842999999999997,5.268414831834285
4843.5,4.8435,5.258851754223173
4844.0,4.844000000000002,5.261351754223185
4844.5,4.844499999999997,5.263851754223161
4845.0,4.845,5.254407724498655
4845.5,4.845500000000002,5.256907724498667
4846.0,4.845999999999997,5.259407724498644
4846.5,4.8465,5.250053581812892
4847.0,4.847000000000002,5.252553581812904
4847.5,4.8474999999999975,5.255053581812881
4848.0,4.848,5.245762952515101
4848.5,4.848500000000002,5.2482629525151125
4849.0,4.8489999999999975,5.250762952515089
4849.5,4.8495,5.241486608194101
4850.0,4.850000000000002,5.243986608194113
4850.5,4.850499999999998,5.24648660819409
4851.0,4.851,5.237166121823975
4851.5,4.851500000000002,5.239666121823987
4852.0,4.851999999999998,5.242166121823964
4852.5,4.8525,5.232764642039811
4853.0,4.8530000000000015,5.235264642039823
4853.5,4.853499999999998,5.237764642039799
4854.0,4.854,5.2282138139980106
4854.5,4.8545000000000025,5.230713813998023
4855.0,4.854999999999998,5.233213813997999
4855.5,4.8555,5.223480097859827
4856.0,4.8560000000000025,5.225980097859839
4856.5,4.856499999999998,5.228480097859816
4857.0,4.857,5.218536094091952
4857.5,4.857500000000003,5.221036094091964
4858.0,4.857999999999998,5.223536094091941
4858.5,4.8585,5.213399014971145
4859.0,4.859000000000003,5.215899014971157
4859.5,4.859499999999998,5.2183990149711335
4860.0,4.86,5.20810644753027
4860.5,4.860500000000003,5.210606447530282
4861.0,4.860999999999998,5.213106447530258
4861.5,4.8615,5.202680391509915
4862.0,4.862000000000003,5.205180391509927
4862.5,4.862499999999998,5.207680391509904
4863.0,4.863,5.1971422680536605
4863.5,4.863500000000003,5.1996422680536725
4864.0,4.863999999999998,5.202142268053649
4864.5,4.8645000000000005,5.1915295770407255
4865.0,4.865000000000003,5.194029577040737
4865.5,4.865499999999998,5.196529577040714
4866.0,4.8660000000000005,5.185855530901975
4866.5,4.866500000000003,5.188355530901987
4867.0,4.866999999999998,5.190855530901963
4867.5,4.867500000000001,5.180158062318299
4868.0,4.868000000000003,5.182658062318311
4868.5,4.868499999999998,5.185158062318287
4869.0,4.869000000000001,5.174484429217507
4869.5,4.869500000000003,5.176984429217519
4870.0,4.869999999999998,5.179484429217496
4870.5,4.870500000000001,5.168887826026278
4871.0,4.871000000000003,5.17138782602629
4871.5,4.871499999999998,5.173887826026267
4872.0,4.872000000000001,5.163419870267809
4872.5,4.872500000000003,5.165919870267821
4873.0,4.872999999999999,5.1684198702677975
4873.5,4.873500000000001,5.158093322602824
4874.0,4.873999999999996,5.1605933226028
4874.5,4.874499999999999,5.163093322602812
4875.0,4.875000000000001,5.152919208199549
4875.5,4.875500000000003,5.155419208199561
4876.0,4.875999999999999,5.157919208199537
4876.5,4.876500000000001,5.147923106056922
4877.0,4.876999999999996,5.150423106056898
4877.5,4.877499999999999,5.15292310605691
4878.0,4.878000000000001,5.143104067609059
4878.5,4.878500000000003,5.145604067609071
4879.0,4.878999999999999,5.148104067609047
4879.5,4.879500000000001,5.138455806485709
4880.0,4.879999999999996,5.140955806485685
4880.5,4.880499999999999,5.143455806485697
4881.0,4.881000000000001,5.133921067560294
4881.5,4.881500000000004,5.136421067560306
4882.0,4.881999999999999,5.1389210675602826
4882.5,4.882500000000001,5.129454265017301
4883.0,4.8829999999999965,5.131954265017278
4883.5,4.883499999999999,5.13445426501729
4884.0,4.884000000000001,5.125013522294424
4884.5,4.884500000000004,5.127513522294436
4885.0,4.884999999999999,5.130013522294412
4885.5,4.885500000000001,5.12056757648832
4886.0,4.885999999999997,5.123067576488296
4886.5,4.886499999999999,5.125567576488308
4887.0,4.887000000000001,5.116080293520113
4887.5,4.887500000000004,5.118580293520125
4888.0,4.887999999999999,5.121080293520102
4888.5,4.888500000000001,5.111526249616105
4889.0,4.888999999999997,5.1140262496160815
4889.5,4.889499999999999,5.1165262496160935
4890.0,4.8900000000000015,5.106903637476279
4890.5,4.890500000000004,5.109403637476291
4891.0,4.890999999999999,5.111903637476267
4891.5,4.8915000000000015,5.102186592537699
4892.0,4.891999999999997,5.104686592537675
4892.5,4.892499999999999,5.107186592537687
4893.0,4.893000000000002,5.097344729485229
4893.5,4.893500000000004,5.099844729485241
4894.0,4.893999999999999,5.102344729485218
4894.5,4.894500000000002,5.092389451657304
4895.0,4.894999999999997,5.094889451657281
4895.5,4.895499999999999,5.097389451657293
4896.0,4.896000000000002,5.087320981827084
4896.5,4.896500000000004,5.089820981827096
4897.0,4.896999999999999,5.092320981827072
4897.5,4.897500000000002,5.082165125304385
4898.0,4.897999999999997,5.084665125304362
4898.5,4.898499999999999,5.087165125304374
4899.0,4.899000000000002,5.0769411348689175
4899.5,4.899499999999997,5.079441134868894
4900.0,4.9,5.081941134868906
4900.5,4.900500000000002,5.071689797363845
4901.0,4.900999999999997,5.074189797363822
4901.5,4.9015,5.076689797363834
4902.0,4.902000000000002,5.066432841986668
4902.5,4.902499999999997,5.068932841986644
4903.0,4.903,5.071432841986656
4903.5,4.903500000000002,5.061197882274158
4904.0,4.903999999999997,5.063697882274134
4904.5,4.9045,5.066197882274146
4905.0,4.905000000000002,5.056010878589099
4905.5,4.905499999999997,5.058510878589075
4906.0,4.906,5.061010878589087
4906.5,4.906500000000002,5.050903954360102
4907.0,4.906999999999997,5.053403954360078
4907.5,4.9075,5.05590395436009
4908.0,4.908000000000002,5.058403954360102
4908.5,4.908499999999997,5.048423780400455
4909.0,4.909,5.050923780400467
4909.5,4.909500000000002,5.053423780400479
4910.0,4.9099999999999975,5.04361108066032
4910.5,4.9105,5.046111080660332
4911.0,4.911000000000002,5.048611080660344
4911.5,4.9114999999999975,5.038984083799605
4912.0,4.912,5.041484083799617
4912.5,4.912500000000002,5.043984083799629
4913.0,4.912999999999998,5.034537462336139
4913.5,4.9135,5.037037462336151
4914.0,4.914000000000002,5.039537462336163
4914.5,4.914499999999998,5.030293034147633
4915.0,4.915,5.032793034147645
4915.5,4.9155000000000015,5.0352930341476565
4916.0,4.915999999999998,5.026249298472365
4916.5,4.9165,5.028749298472377
4917.0,4.9170000000000025,5.031249298472389
4917.5,4.917499999999998,5.022384277763763
4918.0,4.918,5.024884277763775
4918.5,4.9185000000000025,5.027384277763787
4919.0,4.918999999999998,5.018657654346725
4919.5,4.9195,5.021157654346737
4920.0,4.920000000000003,5.023657654346749
4920.5,4.920499999999998,5.014995831877904
4921.0,4.921,5.017495831877916
4921.5,4.921500000000003,5.019995831877928
4922.0,4.921999999999998,5.011349999243393
4922.5,4.9225,5.013849999243405
4923.0,4.923000000000003,5.016349999243417
4923.5,4.923499999999998,5.007644154776436
4924.0,4.924,5.010144154776448
4924.5,4.924500000000003,5.01264415477646
4925.0,4.924999999999998,5.0038057746990106
4925.5,4.9255,5.006305774699023
4926.0,4.926000000000003,5.008805774699034
4926.5,4.926499999999998,4.999787331952561
4927.0,4.9270000000000005,5.002287331952573
4927.5,4.927500000000003,5.004787331952585
4928.0,4.927999999999998,4.995554144394916
4928.5,4.9285000000000005,4.998054144394928
4929.0,4.929000000000003,5.00055414439494
4929.5,4.929499999999998,4.99110448979728
4930.0,4.930000000000001,4.993604489797292
4930.5,4.930500000000003,4.996104489797304
4931.0,4.930999999999998,4.986467901066263
4931.5,4.931500000000001,4.988967901066275
4932.0,4.932000000000003,4.991467901066287
4932.5,4.932499999999998,4.981654739669246
4933.0,4.933000000000001,4.984154739669258
4933.5,4.933500000000003,4.9866547396692695
4934.0,4.933999999999998,4.9766915941788525
4934.5,4.934500000000001,4.9791915941788645
4935.0,4.935000000000003,4.981691594178876
4935.5,4.935499999999999,4.9716166582303245
4936.0,4.936000000000001,4.974116658230336
4936.5,4.936499999999996,4.976616658230313
4937.0,4.936999999999999,4.966449209402981
4937.5,4.937500000000001,4.968949209402993
4938.0,4.938000000000003,4.971449209403005
4938.5,4.938499999999999,4.961199515216386
4939.0,4.939000000000001,4.963699515216398
4939.5,4.939499999999996,4.966199515216374
4940.0,4.939999999999999,4.955888416618883
4940.5,4.940500000000001,4.958388416618895
4941.0,4.941000000000003,4.960888416618907
4941.5,4.941499999999999,4.950548189315356
4942.0,4.942000000000001,4.953048189315368
4942.5,4.942499999999996,4.955548189315344
4943.0,4.942999999999999,4.945227904294391
4943.5,4.943500000000001,4.947727904294403
4944.0,4.944000000000004,4.950227904294415
4944.5,4.944499999999999,4.939964496731228
4945.0,4.945000000000001,4.94246449673124
4945.5,4.9454999999999965,4.944964496731217
4946.0,4.945999999999999,4.934806543805266
4946.5,4.946500000000001,4.937306543805278
4947.0,4.947000000000004,4.93980654380529
4947.5,4.947499999999999,4.929756904740081
4948.0,4.948000000000001,4.932256904740093
4948.5,4.948499999999997,4.93475690474007
4949.0,4.948999999999999,4.924794914966739
4949.5,4.949500000000001,4.927294914966751
4950.0,4.950000000000004,4.929794914966763
4950.5,4.950499999999999,4.919901768114805
4951.0,4.951000000000001,4.922401768114817
4951.5,4.951499999999997,4.924901768114793
4952.0,4.951999999999999,4.915051286851231
4952.5,4.9525000000000015,4.917551286851243
4953.0,4.953000000000004,4.920051286851255
4953.5,4.953499999999999,4.91019496113573
4954.0,4.9540000000000015,4.912694961135742
4954.5,4.954499999999997,4.915194961135718
4955.0,4.954999999999999,4.905319127257855
4955.5,4.955500000000002,4.907819127257866
4956.0,4.956000000000004,4.910319127257878
4956.5,4.956499999999999,4.900398123491492
4957.0,4.957000000000002,4.902898123491504
4957.5,4.957499999999997,4.90539812349148
4958.0,4.957999999999999,4.895412687912355
4958.5,4.958500000000002,4.897912687912367
4959.0,4.959000000000004,4.900412687912379
4959.5,4.959499999999999,4.890349479602989
4960.0,4.960000000000002,4.892849479603001
4960.5,4.960499999999997,4.895349479602977
4961.0,4.960999999999999,4.88520839800465
4961.5,4.961500000000002,4.887708398004662
4962.0,4.961999999999997,4.890208398004639
4962.5,4.9625,4.879959530495981
4963.0,4.963000000000002,4.882459530495993
4963.5,4.963499999999997,4.884959530495969
4964.0,4.964,4.8746090436833
4964.5,4.964500000000002,4.877109043683312
4965.0,4.964999999999997,4.879609043683288
4965.5,4.9655,4.869168555807661
4966.0,4.966000000000002,4.871668555807673
4966.5,4.966499999999997,4.87416855580765
4967.0,4.967,4.863645644486496
4967.5,4.967500000000002,4.866145644486508
4968.0,4.967999999999997,4.8686456444864845
4968.5,4.9685,4.858066487396009
4969.0,4.969000000000002,4.860566487396021
4969.5,4.969499999999997,4.863066487395997
4970.0,4.97,4.852480799579304
4970.5,4.970500000000002,4.854980799579316
4971.0,4.970999999999997,4.857480799579292
4971.5,4.9715,4.84694977922306
4972.0,4.972000000000002,4.849449779223072
4972.5,4.9724999999999975,4.851949779223048
4973.0,4.973,4.841516611550567
4973.5,4.973500000000002,4.844016611550579
4974.0,4.9739999999999975,4.846516611550555
4974.5,4.9745,4.836224305180359
4975.0,4.975000000000002,4.838724305180371
4975.5,4.975499999999998,4.841224305180347
4976.0,4.976,4.83109721577339
4976.5,4.976500000000002,4.833597215773402
4977.0,4.976999999999998,4.836097215773378
4977.5,4.9775,4.826133685923288
4978.0,4.9780000000000015,4.8286336859233
4978.5,4.978499999999998,4.831133685923277
4979.0,4.979,4.821310401480758
4979.5,4.9795000000000025,4.82381040148077
4980.0,4.979999999999998,4.826310401480747
4980.5,4.9805,4.816596885079214
4981.0,4.9810000000000025,4.819096885079226
4981.5,4.981499999999998,4.821596885079202
4982.0,4.982,4.811973216401739
4982.5,4.982500000000003,4.814473216401751
4983.0,4.982999999999998,4.816973216401728
4983.5,4.9835,4.81947321640174
4984.0,4.984000000000003,4.809905627659248
4984.5,4.984499999999998,4.812405627659224
4985.0,4.985,4.814905627659236
4985.5,4.985500000000003,4.805361493419973
4986.0,4.985999999999998,4.807861493419949
4986.5,4.9865,4.810361493419961
4987.0,4.987000000000003,4.800839184363994
4987.5,4.987499999999998,4.803339184363971
4988.0,4.988,4.805839184363983
4988.5,4.988500000000003,4.79632653477605
4989.0,4.988999999999998,4.798826534776026
4989.5,4.9895000000000005,4.801326534776038
4990.0,4.990000000000003,4.791823989703836
4990.5,4.990499999999998,4.794323989703813
4991.0,4.9910000000000005,4.7968239897038245
4991.5,4.991500000000003,4.787338238344034
4992.0,4.991999999999998,4.789838238344011
4992.5,4.992500000000001,4.792338238344023
4993.0,4.993000000000003,4.782864126002799
4993.5,4.993499999999998,4.785364126002776
4994.0,4.994000000000001,4.787864126002788
4994.5,4.994500000000003,4.7783987359379765
4995.0,4.994999999999998,4.780898735937953
4995.5,4.995500000000001,4.783398735937965
4996.0,4.996000000000003,4.773947743191229
4996.5,4.996499999999998,4.776447743191206
4997.0,4.997000000000001,4.7789477431912175
4997.5,4.997500000000003,4.769515564737361
4998.0,4.997999999999999,4.7720155647373375
4998.5,4.998500000000001,4.774515564737349
4999.0,4.998999999999996,4.765119984314303
4999.5,4.999499999999999,4.767619984314315
5000.0,5.000000000000001,4.770119984314327
5000.5,5.000500000000003,4.760805261870864
5001.0,5.000999999999999,4.7633052618708405
5001.5,5.001500000000001,4.765805261870852
5002.0,5.001999999999996,4.756586335630928
5002.5,5.002499999999999,4.75908633563094
5003.0,5.003000000000001,4.761586335630952
5003.5,5.003500000000003,4.752488201441842
5004.0,5.003999999999999,4.754988201441819
5004.5,5.004500000000001,4.757488201441831
5005.0,5.004999999999996,4.748530338631909
5005.5,5.005499999999999,4.751030338631921
5006.0,5.006000000000001,4.753530338631933
5006.5,5.006500000000004,4.744707499962857
5007.0,5.006999999999999,4.747207499962833
5007.5,5.007500000000001,4.749707499962845
5008.0,5.0079999999999965,4.740968328273389
5008.5,5.008499999999999,4.743468328273401
5009.0,5.009000000000001,4.745968328273413
5009.5,5.009500000000004,4.737281724798841
5010.0,5.009999999999999,4.739781724798817
5010.5,5.010500000000001,4.742281724798829
5011.0,5.010999999999997,4.733619825198474
5011.5,5.011499999999999,4.736119825198486
5012.0,5.012000000000001,4.738619825198498
5012.5,5.012500000000004,4.729949733872125
5013.0,5.012999999999999,4.732449733872102
5013.5,5.013500000000001,4.734949733872114
5014.0,5.013999999999997,4.726247448805623
5014.5,5.014499999999999,4.728747448805635
5015.0,5.0150000000000015,4.731247448805647
5015.5,5.015500000000004,4.722517510835971
5016.0,5.015999999999999,4.725017510835947
5016.5,5.0165000000000015,4.727517510835959
5017.0,5.016999999999997,4.7187435034619085
5017.5,5.017499999999999,4.7212435034619205
5018.0,5.018000000000002,4.723743503461932
5018.5,5.018500000000004,4.714898248069197
5019.0,5.018999999999999,4.717398248069173
5019.5,5.019500000000002,4.719898248069185
5020.0,5.019999999999997,4.710953453145343
5020.5,5.020499999999999,4.713453453145355
5021.0,5.021000000000002,4.715953453145367
5021.5,5.021500000000004,4.706900287099103
5022.0,5.021999999999999,4.709400287099079
5022.5,5.022500000000002,4.711900287099091
5023.0,5.022999999999997,4.702728707434254
5023.5,5.023499999999999,4.705228707434266
5024.0,5.024000000000002,4.707728707434278
5024.5,5.024499999999997,4.698432158778232
5025.0,5.025,4.700932158778244
5025.5,5.025500000000002,4.703432158778256
5026.0,5.025999999999997,4.694045863091567
5026.5,5.0265,4.696545863091579
5027.0,5.027000000000002,4.699045863091591
5027.5,5.027499999999997,4.689594339502214
5028.0,5.028,4.692094339502226
5028.5,5.028500000000002,4.694594339502238
5029.0,5.028999999999997,4.685124174845008
5029.5,5.0295,4.68762417484502
5030.0,5.030000000000002,4.690124174845032
5030.5,5.030499999999997,4.680669713014538
5031.0,5.031,4.68316971301455
5031.5,5.031500000000002,4.685669713014562
5032.0,5.031999999999997,4.676259283141384
5032.5,5.0325,4.678759283141396
5033.0,5.033000000000002,4.681259283141408
5033.5,5.033499999999997,4.671945523424625
5034.0,5.034,4.674445523424637
5034.5,5.034500000000002,4.676945523424649
5035.0,5.0349999999999975,4.66774437975193
5035.5,5.0355,4.670244379751942
5036.0,5.036000000000002,4.672744379751954
5036.5,5.0364999999999975,4.663643550317715
5037.0,5.037,4.666143550317727
5037.5,5.037500000000002,4.668643550317739
5038.0,5.037999999999998,4.659609705429553
5038.5,5.0385,4.662109705429565
5039.0,5.039000000000002,4.6646097054295765
5039.5,5.039499999999998,4.655607955194867
5040.0,5.04,4.658107955194879
5040.5,5.0405000000000015,4.660607955194891
5041.0,5.040999999999998,4.651607715705133
5041.5,5.0415,4.654107715705145
5042.0,5.0420000000000025,4.656607715705157
5042.5,5.042499999999998,4.647593563238672
5043.0,5.043,4.650093563238684
5043.5,5.0435000000000025,4.652593563238696
5044.0,5.043999999999998,4.643538762788211
5044.5,5.0445,4.646038762788223
5045.0,5.045000000000003,4.648538762788235
5045.5,5.045499999999998,4.63941712776883
5046.0,5.046,4.641917127768842
5046.5,5.046500000000003,4.644417127768854
5047.0,5.046999999999998,4.635241469324534
5047.5,5.0475,4.637741469324546
5048.0,5.048000000000003,4.6402414693245575
5048.5,5.048499999999998,4.631025214992057
5049.0,5.049,4.633525214992069
5049.5,5.049500000000003,4.636025214992081
5050.0,5.049999999999998,4.626760876189593
5050.5,5.0505,4.629260876189605
5051.0,5.051000000000003,4.631760876189617
5051.5,5.051499999999998,4.622425355212307
5052.0,5.0520000000000005,4.624925355212319
5052.5,5.052500000000003,4.627425355212331
5053.0,5.052999999999998,4.618026341433215
5053.5,5.0535000000000005,4.6205263414332265
5054.0,5.054000000000003,4.623026341433238
5054.5,5.054499999999998,4.613532119073547
5055.0,5.055000000000001,4.616032119073559
5055.5,5.055500000000003,4.618532119073571
5056.0,5.055999999999998,4.608944724182571
5056.5,5.056500000000001,4.611444724182583
5057.0,5.057000000000003,4.613944724182595
5057.5,5.057499999999998,4.604271630818744
5058.0,5.058000000000001,4.606771630818756
5058.5,5.058500000000003,4.609271630818768
5059.0,5.058999999999998,4.611771630818744
5059.5,5.059500000000001,4.602036785412942
5060.0,5.060000000000003,4.604536785412954
5060.5,5.060499999999999,4.60703678541293
5061.0,5.061000000000001,4.597291440143358
5061.5,5.061499999999996,4.599791440143335
5062.0,5.061999999999999,4.602291440143347
5062.5,5.062500000000001,4.592561438920626
5063.0,5.063000000000003,4.595061438920638
5063.5,5.063499999999999,4.597561438920614
5064.0,5.064000000000001,4.587867647142794
5064.5,5.064499999999996,4.59036764714277
5065.0,5.064999999999999,4.592867647142782
5065.5,5.065500000000001,4.583245602579389
5066.0,5.066000000000003,4.585745602579401
5066.5,5.066499999999999,4.588245602579377
5067.0,5.067000000000001,4.5787054048960485
5067.5,5.067499999999996,4.581205404896025
5068.0,5.067999999999999,4.583705404896037
5068.5,5.068500000000001,4.574267376871646
5069.0,5.069000000000004,4.576767376871658
5069.5,5.069499999999999,4.579267376871634
5070.0,5.070000000000001,4.569946302590431
5070.5,5.0704999999999965,4.572446302590407
5071.0,5.070999999999999,4.574946302590419
5071.5,5.071500000000001,4.565739127760615
5072.0,5.072000000000004,4.568239127760627
5072.5,5.072499999999999,4.570739127760604
5073.0,5.073000000000001,4.561649297134203
5073.5,5.073499999999997,4.564149297134179
5074.0,5.073999999999999,4.566649297134191
5074.5,5.074500000000001,4.557647131995317
5075.0,5.075000000000004,4.560147131995329
5075.5,5.075499999999999,4.5626471319953055
5076.0,5.076000000000001,4.55372665790474
5076.5,5.076499999999997,4.556226657904716
5077.0,5.076999999999999,4.558726657904728
5077.5,5.0775000000000015,4.549859838567585
5078.0,5.078000000000004,4.552359838567597
5078.5,5.078499999999999,4.554859838567573
5079.0,5.0790000000000015,4.54601988917311
5079.5,5.079499999999997,4.548519889173086
5080.0,5.079999999999999,4.551019889173098
5080.5,5.080500000000002,4.542200441411275
5081.0,5.081000000000004,4.544700441411287
5081.5,5.081499999999999,4.547200441411263
5082.0,5.082000000000002,4.538369232034114
5082.5,5.082499999999997,4.54086923203409
5083.0,5.082999999999999,4.543369232034102
5083.5,5.083500000000002,4.534511621501771
5084.0,5.084000000000004,4.537011621501783
5084.5,5.084499999999999,4.53951162150176
5085.0,5.085000000000002,4.530603355831744
5085.5,5.085499999999997,4.53310335583172
5086.0,5.085999999999999,4.535603355831732
5086.5,5.086500000000002,4.526600379039287
5087.0,5.086999999999997,4.529100379039264
5087.5,5.0875,4.531600379039276
5088.0,5.088000000000002,4.522468784821427
5088.5,5.088499999999997,4.524968784821404
5089.0,5.089,4.527468784821416
5089.5,5.089500000000002,4.518201210796704
5090.0,5.089999999999997,4.52070121079668
5090.5,5.0905,4.523201210796692
5091.0,5.091000000000002,4.513790481303914
5091.5,5.091499999999997,4.516290481303891
5092.0,5.092,4.518790481303903
5092.5,5.092500000000002,4.509217082646586
5093.0,5.092999999999997,4.5117170826465625
5093.5,5.0935,4.514217082646574
5094.0,5.094000000000002,4.504468633760332
5094.5,5.094499999999997,4.506968633760309
5095.0,5.095,4.509468633760321
5095.5,5.095500000000002,4.499551419574317
5096.0,5.095999999999997,4.502051419574293
5096.5,5.0965,4.504551419574305
5097.0,5.097000000000002,4.49447158889928
5097.5,5.0974999999999975,4.496971588899257
5098.0,5.098,4.499471588899269
5098.5,5.098500000000002,4.489259531010816
5099.0,5.0989999999999975,4.491759531010793
5099.5,5.0995,4.494259531010805
5100.0,5.100000000000002,4.483935308814608
5100.5,5.100499999999998,4.486435308814585
5101.0,5.101,4.488935308814597
5101.5,5.101500000000002,4.478549536388066
5102.0,5.101999999999998,4.481049536388042
5102.5,5.1025,4.483549536388054
5103.0,5.1030000000000015,4.473148019019
5103.5,5.103499999999998,4.475648019018976
5104.0,5.104,4.478148019018988
5104.5,5.1045000000000025,4.467773464197862
5105.0,5.104999999999998,4.470273464197838
5105.5,5.1055,4.47277346419785
5106.0,5.1060000000000025,4.462443158115796
5106.5,5.106499999999998,4.464943158115773
5107.0,5.107,4.467443158115785
5107.5,5.107500000000003,4.457177760131472
5108.0,5.107999999999998,4.459677760131449
5108.5,5.1085,4.4621777601314605
5109.0,5.109000000000003,4.451998034525033
5109.5,5.109499999999998,4.45449803452501
5110.0,5.11,4.4569980345250215
5110.5,5.110500000000003,4.446934549437209
5111.0,5.110999999999998,4.449434549437186
5111.5,5.1115,4.451934549437198
5112.0,5.112000000000003,4.442011872921157
5112.5,5.112499999999998,4.444511872921133
5113.0,5.113,4.447011872921145
5113.5,5.113500000000003,4.437212582757333
5114.0,5.113999999999998,4.439712582757309
5114.5,5.1145000000000005,4.442212582757321
5115.0,5.115000000000003,4.432520382549896
5115.5,5.115499999999998,4.435020382549872
5116.0,5.1160000000000005,4.437520382549884
5116.5,5.116500000000003,4.427919330322396
5117.0,5.116999999999998,4.430419330322373
5117.5,5.117500000000001,4.432919330322385
5118.0,5.118000000000003,4.423367538940539
5118.5,5.118499999999998,4.425867538940516
5119.0,5.119000000000001,4.428367538940528
5119.5,5.119500000000003,4.418819083098882
5120.0,5.119999999999998,4.421319083098858
5120.5,5.120500000000001,4.42381908309887
5121.0,5.121000000000003,4.414204980507215
5121.5,5.121499999999998,4.416704980507191
5122.0,5.122000000000001,4.419204980507203
5122.5,5.122500000000003,4.409471284885633
5123.0,5.122999999999999,4.41197128488561
5123.5,5.123500000000001,4.414471284885622
5124.0,5.123999999999996,4.404572148126356
5124.5,5.124499999999999,4.407072148126368
5125.0,5.125000000000001,4.409572148126379
5125.5,5.125500000000003,4.399480351989453
5126.0,5.125999999999999,4.40198035198943
5126.5,5.126500000000001,4.4044803519894415
5127.0,5.126999999999996,4.39418607992927
5127.5,5.127499999999999,4.396686079929282
5128.0,5.128000000000001,4.399186079929294
5128.5,5.128500000000003,4.388688877638174
5129.0,5.128999999999999,4.39118887763815
5129.5,5.129500000000001,4.393688877638162
5130.0,5.129999999999996,4.38302936270194
5130.5,5.130499999999999,4.385529362701952
5131.0,5.131000000000001,4.388029362701964
5131.5,5.131500000000004,4.377256371589979
5132.0,5.131999999999999,4.379756371589956
5132.5,5.132500000000001,4.382256371589968
5133.0,5.1329999999999965,4.371422403122267
5133.5,5.133499999999999,4.373922403122279
5134.0,5.134000000000001,4.376422403122291
5134.5,5.134500000000004,4.378922403122303
5135.0,5.134999999999999,4.368087647929819
5135.5,5.135500000000001,4.370587647929831
5136.0,5.135999999999997,4.373087647929808
5136.5,5.136499999999999,4.36232682322192
5137.0,5.137000000000001,4.364826823221932
5137.5,5.137500000000004,4.367326823221944
5138.0,5.137999999999999,4.356697304399013
5138.5,5.138500000000001,4.359197304399025
5139.0,5.138999999999997,4.3616973043990015
5139.5,5.139499999999999,4.351278636521805
5140.0,5.1400000000000015,4.353778636521817
5140.5,5.140500000000004,4.356278636521829
5141.0,5.140999999999999,4.346134942740711
5141.5,5.1415000000000015,4.348634942740723
5142.0,5.141999999999997,4.3511349427407
5142.5,5.142499999999999,4.3413394567999575
5143.0,5.143000000000002,4.343839456799969
5143.5,5.143500000000004,4.346339456799981
5144.0,5.143999999999999,4.336932764509527
5144.5,5.144500000000002,4.339432764509539
5145.0,5.144999999999997,4.341932764509515
5145.5,5.145499999999999,4.332906213951446
5146.0,5.146000000000002,4.335406213951458
5146.5,5.146500000000004,4.33790621395147
5147.0,5.146999999999999,4.329236031533625
5147.5,5.147500000000002,4.331736031533637
5148.0,5.147999999999997,4.334236031533614
5148.5,5.148499999999999,4.325860462807398
5149.0,5.149000000000002,4.32836046280741
5149.5,5.149499999999997,4.330860462807387
5150.0,5.15,4.322693114634433
5150.5,5.150500000000002,4.325193114634445
5151.0,5.150999999999997,4.327693114634421
5151.5,5.1515,4.319618668691234
5152.0,5.152000000000002,4.322118668691246
5152.5,5.152499999999997,4.324618668691223
5153.0,5.153,4.316540815151733
5153.5,5.153500000000002,4.3190408151517445
5154.0,5.153999999999997,4.321540815151721
5154.5,5.1545,4.313363034751738
5155.0,5.155000000000002,4.31586303475175
5155.5,5.155499999999997,4.318363034751727
5156.0,5.156,4.310026591049052
5156.5,5.156500000000002,4.312526591049064
5157.0,5.156999999999997,4.31502659104904
5157.5,5.1575,4.306485419136727
5158.0,5.158000000000002,4.308985419136739
5158.5,5.158499999999997,4.311485419136716
5159.0,5.159,4.302720240713533
5159.5,5.159500000000002,4.305220240713545
5160.0,5.1599999999999975,4.307720240713522
5160.5,5.1605,4.298721621498913
5161.0,5.161000000000002,4.301221621498925
5161.5,5.1614999999999975,4.303721621498902
5162.0,5.162,4.294493889129178
5162.5,5.162500000000002,4.29699388912919
5163.0,5.162999999999998,4.299493889129167
5163.5,5.1635,4.29006147051588
5164.0,5.164000000000002,4.292561470515892
5164.5,5.164499999999998,4.2950614705158685
5165.0,5.165,4.285465324206257
5165.5,5.1655000000000015,4.287965324206269
5166.0,5.165999999999998,4.290465324206245
5166.5,5.1665,4.280773956781943
5167.0,5.1670000000000025,4.283273956781954
5167.5,5.167499999999998,4.285773956781931
5168.0,5.168,4.276025819534333
5168.5,5.1685000000000025,4.2785258195343445
5169.0,5.168999999999998,4.281025819534321
5169.5,5.1695,4.27130237460613
5170.0,5.170000000000003,4.2738023746061415
5170.5,5.170499999999998,4.276302374606118
5171.0,5.171,4.266682465647449
5171.5,5.171500000000003,4.269182465647461
5172.0,5.171999999999998,4.271682465647437
5172.5,5.1725,4.262238207528597
5173.0,5.173000000000003,4.264738207528609
5173.5,5.173499999999998,4.267238207528585
5174.0,5.174,4.258057275155416
5174.5,5.174500000000003,4.260557275155428
5175.0,5.174999999999998,4.263057275155404
5175.5,5.1755,4.254207669664503
5176.0,5.176000000000003,4.2567076696645145
5176.5,5.176499999999998,4.259207669664491
5177.0,5.1770000000000005,4.2507014366057305
5177.5,5.177500000000003,4.253201436605743
5178.0,5.177999999999998,4.255701436605719
5178.5,5.1785000000000005,4.247514539204857
5179.0,5.179000000000003,4.250014539204869
5179.5,5.179499999999998,4.252514539204846
5180.0,5.180000000000001,4.244596699225305
5180.5,5.180500000000003,4.247096699225317
5181.0,5.180999999999998,4.249596699225293
5181.5,5.181500000000001,4.241881470231839
5182.0,5.182000000000003,4.2443814702318505
5182.5,5.182499999999998,4.246881470231827
5183.0,5.183000000000001,4.239264149530442
5183.5,5.183500000000003,4.241764149530454
5184.0,5.183999999999998,4.24426414953043
5184.5,5.184500000000001,4.236666412024697
5185.0,5.185000000000003,4.239166412024709
5185.5,5.185499999999999,4.241666412024685
5186.0,5.186000000000001,4.233981055073066
5186.5,5.186499999999996,4.2364810550730425
5187.0,5.186999999999999,4.2389810550730544
5187.5,5.187500000000001,4.231107280396138
5188.0,5.188000000000003,4.23360728039615
5188.5,5.188499999999999,4.236107280396126
5189.0,5.189000000000001,4.227990289890613
5189.5,5.189499999999996,4.230490289890589
5190.0,5.189999999999999,4.232990289890601
5190.5,5.190500000000001,4.224574269298991
5191.0,5.191000000000003,4.227074269299003
5191.5,5.191499999999999,4.229574269298979
5192.0,5.192000000000001,4.220837321864543
5192.5,5.192499999999996,4.22333732186452
5193.0,5.192999999999999,4.225837321864532
5193.5,5.193500000000001,4.216769601846231
5194.0,5.194000000000004,4.219269601846243
5194.5,5.194499999999999,4.221769601846219
5195.0,5.195000000000001,4.212393621792216
5195.5,5.1954999999999965,4.214893621792193
5196.0,5.195999999999999,4.217393621792205
5196.5,5.196500000000001,4.207740063244465
5197.0,5.197000000000004,4.210240063244477
5197.5,5.197499999999999,4.212740063244453
5198.0,5.198000000000001,4.202862039212931
5198.5,5.198499999999997,4.205362039212908
5199.0,5.198999999999999,4.20786203921292
5199.5,5.199500000000001,4.197827131808829
5200.0,5.200000000000004,4.200327131808841
5200.5,5.200499999999999,4.202827131808817
5201.0,5.201000000000001,4.192709626906712
5201.5,5.201499999999997,4.1952096269066885
5202.0,5.201999999999999,4.1977096269067005
5202.5,5.2025000000000015,4.187581981428252
5203.0,5.203000000000004,4.190081981428264
5203.5,5.203499999999999,4.192581981428241
5204.0,5.2040000000000015,4.182495769719559
5204.5,5.204499999999997,4.184995769719535
5205.0,5.204999999999999,4.187495769719547
5205.5,5.205500000000002,4.177497592355834
5206.0,5.206000000000004,4.179997592355846
5206.5,5.206499999999999,4.182497592355823
5207.0,5.207000000000002,4.17263807751695
5207.5,5.207499999999997,4.175138077516927
5208.0,5.207999999999999,4.177638077516939
5208.5,5.208500000000002,4.167953631875463
5209.0,5.209000000000004,4.170453631875475
5209.5,5.209499999999999,4.172953631875451
5210.0,5.210000000000002,4.175453631875463
5210.5,5.210499999999997,4.165960532656854
5211.0,5.210999999999999,4.168460532656866
5211.5,5.211500000000002,4.170960532656878
5212.0,5.211999999999997,4.161651899544694
5212.5,5.2125,4.164151899544706
5213.0,5.213000000000002,4.166651899544718
5213.5,5.213499999999997,4.157490577378233
5214.0,5.214,4.159990577378245
5214.5,5.214500000000002,4.162490577378257
5215.0,5.214999999999997,4.153443809486177
5215.5,5.2155,4.155943809486189
5216.0,5.216000000000002,4.158443809486201
5216.5,5.216499999999997,4.149457537470696
5217.0,5.217,4.151957537470707
5217.5,5.217500000000002,4.154457537470719
5218.0,5.217999999999997,4.145469928347154
5218.5,5.2185,4.147969928347166
5219.0,5.219000000000002,4.150469928347178
5219.5,5.219499999999997,4.141435514974923
5220.0,5.22,4.143935514974935
5220.5,5.220500000000002,4.146435514974947
5221.0,5.220999999999997,4.137284932752614
5221.5,5.2215,4.139784932752626
5222.0,5.222000000000002,4.142284932752638
5222.5,5.2224999999999975,4.132958301161942
5223.0,5.223,4.135458301161954
5223.5,5.223500000000002,4.137958301161966
5224.0,5.2239999999999975,4.128431690628567
5224.5,5.2245,4.130931690628579
5225.0,5.225000000000002,4.133431690628591
5225.5,5.225499999999998,4.123697428708475
5226.0,5.226,4.126197428708487
5226.5,5.226500000000002,4.128697428708499
5227.0,5.226999999999998,4.118753561938284
5227.5,5.2275,4.121253561938296
5228.0,5.2280000000000015,4.123753561938308
5228.5,5.228499999999998,4.113633972347586
5229.0,5.229,4.116133972347598
5229.5,5.2295000000000025,4.1186339723476095
5230.0,5.229999999999998,4.108366793889111
5230.5,5.2305,4.110866793889123
5231.0,5.2310000000000025,4.113366793889135
5231.5,5.231499999999998,4.102969231724565
5232.0,5.232,4.105469231724577
5232.5,5.232500000000003,4.107969231724589
5233.0,5.232999999999998,4.097462152947031
5233.5,5.2335,4.099962152947043
5234.0,5.234000000000003,4.102462152947055
5234.5,5.234499999999998,4.091903169275284
5235.0,5.235,4.094403169275296
5235.5,5.235500000000003,4.096903169275308
5236.0,5.235999999999998,4.0863188032057
5236.5,5.2365,4.088818803205712
5237.0,5.237000000000003,4.091318803205724
5237.5,5.237499999999998,4.080755075241953
5238.0,5.238,4.083255075241965
5238.5,5.238500000000003,4.085755075241977
5239.0,5.238999999999998,4.075284033750961
5239.5,5.2395000000000005,4.077784033750973
5240.0,5.240000000000003,4.080284033750985
5240.5,5.240499999999998,4.0699696418738185
5241.0,5.2410000000000005,4.07246964187383
5241.5,5.241500000000003,4.074969641873842
5242.0,5.241999999999998,4.064860453137555
5242.5,5.242500000000001,4.067360453137567
5243.0,5.243000000000003,4.069860453137579
5243.5,5.243499999999998,4.059979936094607
5244.0,5.244000000000001,4.062479936094618
5244.5,5.244500000000003,4.06497993609463
5245.0,5.244999999999998,4.05531414946001
5245.5,5.245500000000001,4.057814149460022
5246.0,5.246000000000003,4.060314149460034
5246.5,5.246499999999998,4.050854909272594
5247.0,5.247000000000001,4.053354909272606
5247.5,5.247500000000003,4.055854909272618
5248.0,5.247999999999999,4.046571069570675
5248.5,5.248500000000001,4.049071069570687
5249.0,5.248999999999996,4.051571069570663
5249.5,5.249499999999999,4.042414594942798
5250.0,5.250000000000001,4.04491459494281
5250.5,5.250500000000003,4.047414594942822
5251.0,5.250999999999999,4.0383678868449735
5251.5,5.251500000000001,4.040867886844985
5252.0,5.251999999999996,4.043367886844962
5252.5,5.252499999999999,4.034395901518195
5253.0,5.253000000000001,4.036895901518207
5253.5,5.253500000000003,4.039395901518219
5254.0,5.253999999999999,4.030477277224591
5254.5,5.254500000000001,4.032977277224603
5255.0,5.254999999999996,4.03547727722458
5255.5,5.255499999999999,4.026600258863091
5256.0,5.256000000000001,4.029100258863103
5256.5,5.256500000000004,4.031600258863115
5257.0,5.256999999999999,4.022732614349529
5257.5,5.257500000000001,4.025232614349541
5258.0,5.2579999999999965,4.027732614349517
5258.5,5.258499999999999,4.018806442296992
5259.0,5.259000000000001,4.021306442297004
5259.5,5.259500000000004,4.023806442297016
5260.0,5.259999999999999,4.014756938312587
5260.5,5.260500000000001,4.017256938312599
5261.0,5.260999999999997,4.019756938312575
5261.5,5.261499999999999,4.010555804663802
5262.0,5.262000000000001,4.013055804663814
5262.5,5.262500000000004,4.015555804663826
5263.0,5.262999999999999,4.006188278674365
5263.5,5.263500000000001,4.008688278674377
5264.0,5.263999999999997,4.011188278674354
5264.5,5.264499999999999,4.001649843511714
5265.0,5.2650000000000015,4.004149843511726
5265.5,5.265500000000004,4.006649843511738
5266.0,5.265999999999999,3.996986649128651
5266.5,5.2665000000000015,3.999486649128663
5267.0,5.266999999999997,4.001986649128639
5267.5,5.267499999999999,3.99225905332365
5268.0,5.268000000000002,3.994759053323662
5268.5,5.268500000000004,3.997259053323674
5269.0,5.268999999999999,3.9875061003256103
5269.5,5.269500000000002,3.990006100325623
5270.0,5.269999999999997,3.992506100325599
5270.5,5.270499999999999,3.982787903718048
5271.0,5.271000000000002,3.98528790371806
5271.5,5.271500000000004,3.987787903718072
5272.0,5.271999999999999,3.978151755156283
5272.5,5.272500000000002,3.980651755156295
5273.0,5.272999999999997,3.983151755156271
5273.5,5.273499999999999,3.973659066425768
5274.0,5.274000000000002,3.97615906642578
5274.5,5.274499999999997,3.978659066425756
5275.0,5.275,3.969340606212235
5275.5,5.275500000000002,3.971840606212247
5276.0,5.275999999999997,3.9743406062122233
5276.5,5.2765,3.965204636969197
5277.0,5.277000000000002,3.967704636969209
5277.5,5.277499999999997,3.9702046369691857
5278.0,5.278,3.961253793305701
5278.5,5.278500000000002,3.963753793305713
5279.0,5.278999999999997,3.9662537933056896
5279.5,5.2795,3.957477506107274
5280.0,5.280000000000002,3.959977506107286
5280.5,5.280499999999997,3.962477506107263
5281.0,5.281,3.9538626907384966
5281.5,5.281500000000002,3.956362690738509
5282.0,5.281999999999997,3.958862690738485
5282.5,5.2825,3.95039432919166
5283.0,5.283000000000002,3.952894329191672
5283.5,5.283499999999997,3.955394329191648
5284.0,5.284,3.947066702626856
5284.5,5.284500000000002,3.949566702626868
5285.0,5.2849999999999975,3.952066702626844
5285.5,5.2855,3.954566702626856
5286.0,5.286000000000002,3.94634943662286
5286.5,5.2864999999999975,3.9488494366228366
5287.0,5.287,3.951349436622849
5287.5,5.287500000000002,3.943186188143208
5288.0,5.287999999999998,3.945686188143185
5288.5,5.2885,3.9481861881431968
5289.0,5.289000000000002,3.940037856998302
5289.5,5.289499999999998,3.9425378569982783
5290.0,5.29,3.94503785699829
5290.5,5.2905000000000015,3.936848291584134
5291.0,5.290999999999998,3.9393482915841114
5291.5,5.2915,3.9418482915841215
5292.0,5.2920000000000025,3.933581629456988
5292.5,5.292499999999998,3.936081629456965
5293.0,5.293,3.938581629456976
5293.5,5.2935000000000025,3.930221877036111
5294.0,5.293999999999998,3.932721877036087
5294.5,5.2945,3.935221877036099
5295.0,5.295000000000003,3.926758391921013
5295.5,5.295499999999998,3.929258391920989
5296.0,5.296,3.931758391921001
5296.5,5.296500000000003,3.9231705703613073
5297.0,5.296999999999998,3.925670570361284
5297.5,5.2975,3.928170570361296
5298.0,5.298000000000003,3.919446782366549
5298.5,5.298499999999998,3.9219467823665255
5299.0,5.299,3.9244467823665374
5299.5,5.299500000000003,3.915599145736195
5300.0,5.299999999999998,3.9180991457361714
5300.5,5.3005,3.9205991457361833
5301.0,5.301000000000003,3.91161182561774
5301.5,5.301499999999998,3.914111825617717
5302.0,5.3020000000000005,3.916611825617729
5302.5,5.302500000000003,3.9074835898635385
5303.0,5.302999999999998,3.909983589863515
5303.5,5.3035000000000005,3.912483589863527
5304.0,5.304000000000003,3.903230797524913
5304.5,5.304499999999998,3.905730797524889
5305.0,5.305000000000001,3.908230797524901
5305.5,5.305500000000003,3.898881466657969
5306.0,5.305999999999998,3.901381466657945
5306.5,5.306500000000001,3.903881466657957
5307.0,5.307000000000003,3.894468229909229
5307.5,5.307499999999998,3.8969682299092057
5308.0,5.308000000000001,3.8994682299092176
5308.5,5.308500000000003,3.89001633065849
5309.0,5.308999999999998,3.8925163306584665
5309.5,5.309500000000001,3.8950163306584784
5310.0,5.310000000000003,3.885539888520526
5310.5,5.310499999999999,3.8880398885205034
5311.0,5.311000000000001,3.8905398885205145
5311.5,5.311499999999996,3.881048988402931
5312.0,5.311999999999999,3.883548988402943
5312.5,5.312500000000001,3.8860489884029543
5313.0,5.313000000000003,3.876554414047497
5313.5,5.313499999999999,3.8790544140474736
5314.0,5.314000000000001,3.8815544140474856
5314.5,5.314499999999996,3.872057515895122
5315.0,5.314999999999999,3.874557515895134
5315.5,5.315500000000001,3.877057515895146
5316.0,5.316000000000003,3.867537845148341
5316.5,5.316499999999999,3.8700378451483175
5317.0,5.317000000000001,3.8725378451483294
5317.5,5.317499999999996,3.862967842054736
5318.0,5.317999999999999,3.865467842054749
5318.5,5.318500000000001,3.86796784205476
5319.0,5.319000000000004,3.858306958600189
5319.5,5.319499999999999,3.8608069586001648
5320.0,5.320000000000001,3.8633069586001767
5320.5,5.3204999999999965,3.853518546201968
5321.0,5.320999999999999,3.85601854620198
5321.5,5.321500000000001,3.858518546201992
5322.0,5.322000000000004,3.8485945895943994
5322.5,5.322499999999999,3.851094589594375
5323.0,5.323000000000001,3.853594589594387
5323.5,5.323499999999997,3.8435281886582473
5324.0,5.323999999999999,3.8460281886582592
5324.5,5.324500000000001,3.848528188658271
5325.0,5.325000000000004,3.838334623890276
5325.5,5.325499999999999,3.840834623890253
5326.0,5.326000000000001,3.843334623890264
5326.5,5.326499999999997,3.8330286975870473
5327.0,5.326999999999999,3.8355286975870575
5327.5,5.3275000000000015,3.8380286975870703
5328.0,5.328000000000004,3.827618631623686
5328.5,5.328499999999999,3.8301186316236624
5329.0,5.3290000000000015,3.8326186316236734
5329.5,5.329499999999997,3.82212015619384
5330.0,5.329999999999999,3.824620156193852
5330.5,5.330500000000002,3.827120156193864
5331.0,5.331000000000004,3.816552067736296
5331.5,5.331499999999999,3.8190520677362727
5332.0,5.332000000000002,3.8215520677362846
5332.5,5.332499999999997,3.810938597181028
5333.0,5.332999999999999,3.81343859718104
5333.5,5.333500000000002,3.815938597181052
5334.0,5.334000000000004,3.80529637437288
5334.5,5.334499999999999,3.807796374372856
5335.0,5.335000000000002,3.810296374372868
5335.5,5.335499999999997,3.799651607964485
5336.0,5.335999999999999,3.802151607964497
5336.5,5.336500000000002,3.8046516079645087
5337.0,5.336999999999997,3.7940398110235303
5337.5,5.3375,3.796539811023543
5338.0,5.338000000000002,3.7990398110235546
5338.5,5.338499999999997,3.7885011027193016
5339.0,5.339,3.7910011027193136
5339.5,5.339500000000002,3.7935011027193255
5340.0,5.339999999999997,3.783047819944088
5340.5,5.3405,3.7855478199441
5341.0,5.341000000000002,3.788047819944112
5341.5,5.341499999999997,3.7776818388483946
5342.0,5.342,3.7801818388484074
5342.5,5.342500000000002,3.7826818388484185
5343.0,5.342999999999997,3.77240479062511
5343.5,5.3435,3.774904790625122
5344.0,5.344000000000002,3.777404790625134
5344.5,5.344499999999997,3.767234384694156
5345.0,5.345,3.769734384694168
5345.5,5.345500000000002,3.77223438469418
5346.0,5.345999999999997,3.7621794185498914
5346.5,5.3465,3.7646794185499033
5347.0,5.347000000000002,3.7671794185499152
5347.5,5.3474999999999975,3.7572342922008417
5348.0,5.348,3.7597342922008536
5348.5,5.348500000000002,3.7622342922008656
5349.0,5.3489999999999975,3.752370987228062
5349.5,5.3495,3.754870987228074
5350.0,5.350000000000002,3.757370987228086
5350.5,5.350499999999998,3.747566241427158
5351.0,5.351,3.75006624142717
5351.5,5.351500000000002,3.752566241427182
5352.0,5.351999999999998,3.7428120221211
5352.5,5.3525,3.745312022121112
5353.0,5.3530000000000015,3.747812022121124
5353.5,5.353499999999998,3.73810094687105
5354.0,5.354,3.740600946871062
5354.5,5.3545000000000025,3.743100946871074
5355.0,5.354999999999998,3.733431139554
5355.5,5.3555,3.735931139554012
5356.0,5.3560000000000025,3.738431139554024
5356.5,5.356499999999998,3.72879605071077
5357.0,5.357,3.7312960507107817
5357.5,5.357500000000003,3.7337960507107937
5358.0,5.357999999999998,3.724174788009584
5358.5,5.3585,3.726674788009596
5359.0,5.359000000000003,3.729174788009608
5359.5,5.359499999999998,3.7195592719520576
5360.0,5.36,3.7220592719520695
5360.5,5.360500000000003,3.7245592719520815
5361.0,5.360999999999998,3.727059271952058
5361.5,5.3615,3.7174676530110418
5362.0,5.362000000000003,3.7199676530110537
5362.5,5.362499999999998,3.72246765301103
5363.0,5.363,3.712890247083713
5363.5,5.363500000000003,3.715390247083725
5364.0,5.363999999999998,3.7178902470837016
5364.5,5.3645000000000005,3.708328415731721
5365.0,5.365000000000003,3.710828415731733
5365.5,5.365499999999998,3.713328415731709
5366.0,5.3660000000000005,3.703797242597169
5366.5,5.366500000000003,3.7062972425971807
5367.0,5.366999999999998,3.708797242597157
5367.5,5.367500000000001,3.699302182387001
5368.0,5.368000000000003,3.701802182387013
5368.5,5.368499999999998,3.704302182386989
5369.0,5.369000000000001,3.694844493228402
5369.5,5.369500000000003,3.697344493228414
5370.0,5.369999999999998,3.6998444932283903
5370.5,5.370500000000001,3.690429270597022
5371.0,5.371000000000003,3.692929270597034
5371.5,5.371499999999998,3.6954292705970095
5372.0,5.372000000000001,3.686081635977203
5372.5,5.372500000000003,3.688581635977215
5373.0,5.372999999999999,3.691081635977192
5373.5,5.373500000000001,3.6818215812474255
5374.0,5.373999999999996,3.684321581247403
5374.5,5.374499999999999,3.686821581247415
5375.0,5.375000000000001,3.6776610472171
5375.5,5.375500000000003,3.680161047217112
5376.0,5.375999999999999,3.682661047217088
5376.5,5.376500000000001,3.673567170424548
5377.0,5.376999999999996,3.676067170424524
5377.5,5.377499999999999,3.678567170424536
5378.0,5.378000000000001,3.669508942043791
5378.5,5.378500000000003,3.672008942043803
5379.0,5.378999999999999,3.6745089420437793
5379.5,5.379500000000001,3.665463581760058
5380.0,5.379999999999996,3.667963581760034
5380.5,5.380499999999999,3.670463581760046
5381.0,5.381000000000001,3.661431795172199
5381.5,5.381500000000004,3.6639317951722106
5382.0,5.381999999999999,3.666431795172187
5382.5,5.382500000000001,3.657419046689405
5383.0,5.3829999999999965,3.6599190466893816
5383.5,5.383499999999999,3.6624190466893936
5384.0,5.384000000000001,3.6534459053913793
5384.5,5.384500000000004,3.655945905391391
5385.0,5.384999999999999,3.658445905391368
5385.5,5.385500000000001,3.649509163065474
5386.0,5.385999999999997,3.6520091630654505
5386.5,5.386499999999999,3.6545091630654634
5387.0,5.387000000000001,3.64560682159734
5387.5,5.387500000000004,3.648106821597352
5388.0,5.387999999999999,3.6506068215973286
5388.5,5.388500000000001,3.641735652735214
5389.0,5.388999999999997,3.6442356527351913
5389.5,5.389499999999999,3.6467356527352015
5390.0,5.3900000000000015,3.637882401488
5390.5,5.390500000000004,3.640382401488012
5391.0,5.390999999999999,3.642882401487988
5391.5,5.3915000000000015,3.6340289497228175
5392.0,5.391999999999997,3.636528949722795
5392.5,5.392499999999999,3.639028949722807
5393.0,5.393000000000002,3.630160474363073
5393.5,5.393500000000004,3.632660474363085
5394.0,5.393999999999999,3.6351604743630617
5394.5,5.394500000000002,3.6262477562509687
5395.0,5.394999999999997,3.628747756250945
5395.5,5.395499999999999,3.631247756250957
5396.0,5.396000000000002,3.62226611353254
5396.5,5.396500000000004,3.624766113532552
5397.0,5.396999999999999,3.627266113532528
5397.5,5.397500000000002,3.618220172299722
5398.0,5.397999999999997,3.6207201722996976
5398.5,5.398499999999999,3.6232201722997104
5399.0,5.399000000000002,3.614106139049511
5399.5,5.399499999999997,3.616606139049488
5400.0,5.4,3.6191061390494994
5400.5,5.400500000000002,3.609920416844936
5401.0,5.400999999999997,3.612420416844913
5401.5,5.4015,3.614920416844925
5402.0,5.402000000000002,3.605681470077791
5402.5,5.402499999999997,3.608181470077767
5403.0,5.403,3.610681470077779
5403.5,5.403500000000002,3.601415119751969
5404.0,5.403999999999997,3.603915119751946
5404.5,5.4045,3.606415119751958
5405.0,5.405000000000002,3.5971182095472187
5405.5,5.405499999999997,3.599618209547195
5406.0,5.406,3.602118209547207
5406.5,5.406500000000002,3.592799820702268
5407.0,5.406999999999997,3.5952998207022446
5407.5,5.4075,3.597799820702257
5408.0,5.408000000000002,3.5884361192824343
5408.5,5.408499999999997,3.5909361192824107
5409.0,5.409,3.5934361192824227
5409.5,5.409500000000002,3.5840024105123547
5410.0,5.4099999999999975,3.586502410512331
5410.5,5.4105,3.589002410512343
5411.0,5.411000000000002,3.579467499456399
5411.5,5.4114999999999975,3.5819674994563755
5412.0,5.412,3.5844674994563874
5412.5,5.412500000000002,3.5748163423620127
5413.0,5.412999999999998,3.577316342361989
5413.5,5.4135,3.579816342362001
5414.0,5.414000000000002,3.570046310967392
5414.5,5.414499999999998,3.5725463109673683
5415.0,5.415,3.57504631096738
5415.5,5.4155000000000015,3.5651615047282093
5416.0,5.415999999999998,3.5676615047281857
5416.5,5.4165,3.5701615047281976
5417.0,5.4170000000000025,3.560180843296159
5417.5,5.417499999999998,3.5626808432961354
5418.0,5.418,3.565180843296148
5418.5,5.4185000000000025,3.555112063059092
5419.0,5.418999999999998,3.557612063059068
5419.5,5.4195,3.56011206305908
5420.0,5.420000000000003,3.549959848165365
5420.5,5.420499999999998,3.5524598481653413
5421.0,5.421,3.5549598481653533
5421.5,5.421500000000003,3.544749807697478
5422.0,5.421999999999998,3.5472498076974546
5422.5,5.4225,3.5497498076974665
5423.0,5.423000000000003,3.539497841654722
5423.5,5.423499999999998,3.541997841654698
5424.0,5.424,3.54449784165471
5424.5,5.424500000000003,3.5342303312366496
5425.0,5.424999999999998,3.536730331236626
5425.5,5.4255,3.539230331236638
5426.0,5.426000000000003,3.5289923950014312
5426.5,5.426499999999998,3.531492395001408
5427.0,5.4270000000000005,3.53399239500142
5427.5,5.427500000000003,3.523793269613371
5428.0,5.427999999999998,3.5262932696133475
5428.5,5.4285000000000005,3.5287932696133595
5429.0,5.429000000000003,3.5186544902160577
5429.5,5.429499999999998,3.521154490216034
5430.0,5.430000000000001,3.523654490216046
5430.5,5.430500000000003,3.513619653359896
5431.0,5.430999999999998,3.5161196533598726
5431.5,5.431500000000001,3.5186196533598846
5432.0,5.432000000000003,3.508696449921516
5432.5,5.432499999999998,3.511196449921492
5433.0,5.433000000000001,3.513696449921504
5433.5,5.433500000000003,3.5039135200657867
5434.0,5.433999999999998,3.506413520065763
5434.5,5.434500000000001,3.508913520065775
5435.0,5.435000000000003,3.499277289607221
5435.5,5.435499999999999,3.501777289607197
5436.0,5.436000000000001,3.5042772896072094
5436.5,5.436499999999996,3.506777289607186
5437.0,5.436999999999999,3.4972541320964368
5437.5,5.437500000000001,3.4997541320964487
5438.0,5.438000000000003,3.5022541320964606
5438.5,5.438499999999999,3.49280963712733
5439.0,5.439000000000001,3.4953096371273418
5439.5,5.439499999999996,3.497809637127318
5440.0,5.439999999999999,3.488399278286458
5440.5,5.440500000000001,3.49089927828647
5441.0,5.441000000000003,3.493399278286482
5441.5,5.441499999999999,3.483959833194845
5442.0,5.442000000000001,3.486459833194857
5442.5,5.442499999999996,3.488959833194833
5443.0,5.442999999999999,3.479456974079333
5443.5,5.443500000000001,3.481956974079345
5444.0,5.444000000000004,3.4844569740793574
5444.5,5.444499999999999,3.4748890259428222
5445.0,5.445000000000001,3.477389025942834
5445.5,5.4454999999999965,3.4798890259428106
5446.0,5.445999999999999,3.470246714151415
5446.5,5.446500000000001,3.4727467141514268
5447.0,5.447000000000004,3.4752467141514387
5447.5,5.447499999999999,3.4655336497449696
5448.0,5.448000000000001,3.468033649744981
5448.5,5.448499999999997,3.470533649744958
5449.0,5.448999999999999,3.4607498373253875
5449.5,5.449500000000001,3.4632498373253995
5450.0,5.450000000000004,3.4657498373254114
5450.5,5.450499999999999,3.4559222953042834
5451.0,5.451000000000001,3.458422295304296
5451.5,5.451499999999997,3.460922295304272
5452.0,5.451999999999999,3.4510655285324887
5452.5,5.4525000000000015,3.4535655285325007
5453.0,5.453000000000004,3.4560655285325126
5453.5,5.453499999999999,3.446190387671209
5454.0,5.4540000000000015,3.4486903876712205
5454.5,5.454499999999997,3.451190387671197
5455.0,5.454999999999999,3.4413375807521973
5455.5,5.455500000000002,3.443837580752209
5456.0,5.456000000000004,3.446337580752221
5456.5,5.456499999999999,3.436523784010106
5457.0,5.457000000000002,3.439023784010118
5457.5,5.457499999999997,3.4415237840100943
5458.0,5.457999999999999,3.43176468108414
5458.5,5.458500000000002,3.4342646810841515
5459.0,5.459000000000004,3.4367646810841634
5459.5,5.459499999999999,3.4270818973605444
5460.0,5.460000000000002,3.4295818973605563
5460.5,5.460499999999997,3.4320818973605327
5461.0,5.460999999999999,3.4224977832682058
5461.5,5.461500000000002,3.4249977832682177
5462.0,5.461999999999997,3.427497783268194
5462.5,5.4625,3.418029715450288
5463.0,5.463000000000002,3.4205297154503
5463.5,5.463499999999997,3.4230297154502765
5464.0,5.464,3.4136881444667466
5464.5,5.464500000000002,3.4161881444667586
5465.0,5.464999999999997,3.418688144466735
5465.5,5.4655,3.409467787085312
5466.0,5.466000000000002,3.411967787085324
5466.5,5.466499999999997,3.4144677870853
5467.0,5.467,3.405348334768803
5467.5,5.467500000000002,3.407848334768815
5468.0,5.467999999999997,3.4103483347687917
5468.5,5.4685,3.401307465779304
5469.0,5.469000000000002,3.403807465779316
5469.5,5.469499999999997,3.4063074657792924
5470.0,5.47,3.3973129215038256
5470.5,5.470500000000002,3.399812921503837
5471.0,5.470999999999997,3.402312921503814
5471.5,5.4715,3.393340535746674
5472.0,5.472000000000002,3.395840535746686
5472.5,5.4724999999999975,3.3983405357466623
5473.0,5.473,3.3893625790064874
5473.5,5.473500000000002,3.3918625790065
5474.0,5.4739999999999975,3.394362579006476
5474.5,5.4745,3.385332193564849
5475.0,5.475000000000002,3.387832193564861
5475.5,5.475499999999998,3.390332193564838
5476.0,5.476,3.3812398547246048
5476.5,5.476500000000002,3.3837398547246167
5477.0,5.476999999999998,3.386239854724593
5477.5,5.4775,3.3770968397036327
5478.0,5.4780000000000015,3.3795968397036447
5478.5,5.478499999999998,3.382096839703621
5479.0,5.479,3.3729205334812207
5479.5,5.4795000000000025,3.3754205334812326
5480.0,5.479999999999998,3.377920533481209
5480.5,5.4805,3.36869917704103
5481.0,5.4810000000000025,3.371199177041042
5481.5,5.481499999999998,3.3736991770410185
5482.0,5.482,3.364429086701932
5482.5,5.482500000000003,3.366929086701944
5483.0,5.482999999999998,3.3694290867019205
5483.5,5.4835,3.360128550181969
5484.0,5.484000000000003,3.362628550181981
5484.5,5.484499999999998,3.365128550181957
5485.0,5.485,3.355804190451117
5485.5,5.485500000000003,3.358304190451129
5486.0,5.485999999999998,3.360804190451105
5486.5,5.4865,3.351469268341205
5487.0,5.487000000000003,3.353969268341217
5487.5,5.487499999999998,3.3564692683411934
5488.0,5.488,3.347128365594756
5488.5,5.488500000000003,3.349628365594768
5489.0,5.488999999999998,3.3521283655947443
5489.5,5.4895000000000005,3.342788682995419
5490.0,5.490000000000003,3.345288682995431
5490.5,5.490499999999998,3.3477886829954078
5491.0,5.4910000000000005,3.3384677523170225
5491.5,5.491500000000003,3.3409677523170345
5492.0,5.491999999999998,3.343467752317011
5492.5,5.492500000000001,3.334166284875017
5493.0,5.493000000000003,3.336666284875029
5493.5,5.493499999999998,3.339166284875006
5494.0,5.494000000000001,3.3298998128470814
5494.5,5.494500000000003,3.3323998128470933
5495.0,5.494999999999998,3.3348998128470697
5495.5,5.495500000000001,3.325689908055302
5496.0,5.496000000000003,3.3281899080553146
5496.5,5.496499999999998,3.330689908055291
5497.0,5.497000000000001,3.3215237115631524
5497.5,5.497500000000003,3.3240237115631643
5498.0,5.497999999999999,3.3265237115631408
5498.5,5.498500000000001,3.3173875826372523
5499.0,5.498999999999996,3.3198875826372287
5499.5,5.499499999999999,3.3223875826372407
5500.0,5.500000000000001,3.3132749827836605
5500.5,5.500500000000003,3.3157749827836724
5501.0,5.500999999999999,3.318274982783649
5501.5,5.501500000000001,3.309192363737772
5502.0,5.501999999999996,3.311692363737748
5502.5,5.502499999999999,3.31419236373776
5503.0,5.503000000000001,3.305127749697512
5503.5,5.503500000000003,3.307627749697524
5504.0,5.503999999999999,3.3101277496975
5504.5,5.504500000000001,3.3010828339361
5505.0,5.504999999999996,3.303582833936076
5505.5,5.505499999999999,3.306082833936088
5506.0,5.506000000000001,3.2970680621478365
5506.5,5.506500000000004,3.2995680621478485
5507.0,5.506999999999999,3.302068062147825
5507.5,5.507500000000001,3.2931080860655726
5508.0,5.5079999999999965,3.295608086065549
5508.5,5.508499999999999,3.298108086065561
5509.0,5.509000000000001,3.289198925462742
5509.5,5.509500000000004,3.2916989254627538
5510.0,5.509999999999999,3.29419892546273
5510.5,5.510500000000001,3.285334841090624
5511.0,5.510999999999997,3.2878348410906
5511.5,5.511499999999999,3.290334841090612
5512.0,5.512000000000001,3.292834841090624
5512.5,5.512500000000004,3.284003603321892
5513.0,5.512999999999999,3.2865036033218686
5513.5,5.513500000000001,3.289003603321881
5514.0,5.513999999999997,3.280202571223576
5514.5,5.514499999999999,3.282702571223588
5515.0,5.5150000000000015,3.2852025712236
5515.5,5.515500000000004,3.276416110077776
5516.0,5.515999999999999,3.278916110077752
5516.5,5.5165000000000015,3.281416110077764
5517.0,5.516999999999997,3.2726237929044544
5517.5,5.517499999999999,3.2751237929044663
5518.0,5.518000000000002,3.2776237929044783
5518.5,5.518500000000004,3.268803764094237
5519.0,5.518999999999999,3.2713037640942133
5519.5,5.519500000000002,3.273803764094225
5520.0,5.519999999999997,3.2649458726585934
5520.5,5.520499999999999,3.2674458726586053
5521.0,5.521000000000002,3.269945872658617
5521.5,5.521500000000004,3.26105935046698
5522.0,5.521999999999999,3.263559350466956
5522.5,5.522500000000002,3.266059350466968
5523.0,5.522999999999997,3.25712395337316
5523.5,5.523499999999999,3.259623953373172
5524.0,5.524000000000002,3.262123953373184
5524.5,5.524499999999997,3.2531323495760134
5525.0,5.525,3.2556323495760253
5525.5,5.525500000000002,3.2581323495760373
5526.0,5.525999999999997,3.2490816206982487
5526.5,5.5265,3.2515816206982606
5527.0,5.527000000000002,3.254081620698273
5527.5,5.527499999999997,3.2449474927171806
5528.0,5.528,3.247447492717193
5528.5,5.528500000000002,3.2499474927172045
5529.0,5.528999999999997,3.2407152052268984
5529.5,5.5295,3.2432152052269103
5530.0,5.530000000000002,3.2457152052269223
5530.5,5.530499999999997,3.2363772747251573
5531.0,5.531,3.2388772747251693
5531.5,5.531500000000002,3.241377274725181
5532.0,5.531999999999997,3.231955369417108
5532.5,5.5325,3.23445536941712
5533.0,5.533000000000002,3.236955369417132
5533.5,5.533499999999997,3.227473228523792
5534.0,5.534,3.229973228523804
5534.5,5.534500000000002,3.232473228523816
5535.0,5.5349999999999975,3.2229514465377207
5535.5,5.5355,3.2254514465377326
5536.0,5.536000000000002,3.227951446537745
5536.5,5.5364999999999975,3.2184055982301984
5537.0,5.537,3.2209055982302104
5537.5,5.537500000000002,3.2234055982302223
5538.0,5.537999999999998,3.213833336848353
5538.5,5.5385,3.216333336848365
5539.0,5.539000000000002,3.218833336848377
5539.5,5.539499999999998,3.2092498896658483
5540.0,5.54,3.2117498896658603
5540.5,5.5405000000000015,3.214249889665872
5541.0,5.540999999999998,3.2046560382373457
5541.5,5.5415,3.2071560382373576
5542.0,5.5420000000000025,3.2096560382373696
5542.5,5.542499999999998,3.200065218112797
5543.0,5.543,3.202565218112809
5543.5,5.5435000000000025,3.2050652181128214
5544.0,5.543999999999998,3.195469566063132
5544.5,5.5445,3.1979695660631435
5545.0,5.545000000000003,3.2004695660631555
5545.5,5.545499999999998,3.1908692236885017
5546.0,5.546,3.1933692236885136
5546.5,5.546500000000003,3.1958692236885256
5547.0,5.546999999999998,3.1862715908123462
5547.5,5.5475,3.188771590812358
5548.0,5.548000000000003,3.19127159081237
5548.5,5.548499999999998,3.181686225786642
5549.0,5.549,3.184186225786654
5549.5,5.549500000000003,3.1866862257866657
5550.0,5.549999999999998,3.177118129759968
5550.5,5.5505,3.17961812975998
5551.0,5.551000000000003,3.182118129759992
5551.5,5.551499999999998,3.17255626371896
5552.0,5.5520000000000005,3.175056263718972
5552.5,5.552500000000003,3.177556263718984
5553.0,5.552999999999998,3.168008336708148
5553.5,5.5535000000000005,3.17050833670816
5554.0,5.554000000000003,3.173008336708172
5554.5,5.554499999999998,3.163463617610809
5555.0,5.555000000000001,3.165963617610821
5555.5,5.555500000000003,3.1684636176108327
5556.0,5.555999999999998,3.158898421768548
5556.5,5.556500000000001,3.16139842176856
5557.0,5.557000000000003,3.163898421768572
5557.5,5.557499999999998,3.154291443626178
5558.0,5.558000000000001,3.15679144362619
5558.5,5.558500000000003,3.159291443626202
5559.0,5.558999999999998,3.149625544647172
5559.5,5.559500000000001,3.152125544647184
5560.0,5.560000000000003,3.154625544647196
5560.5,5.560499999999999,3.144898356598098
5561.0,5.561000000000001,3.14739835659811
5561.5,5.561499999999996,3.1498983565980865
5562.0,5.561999999999999,3.1401108746001327
5562.5,5.562500000000001,3.1426108746001447
5563.0,5.563000000000003,3.1451108746001566
5563.5,5.563499999999999,3.135271846173673
5564.0,5.564000000000001,3.1377718461736848
5564.5,5.564499999999996,3.140271846173661
5565.0,5.564999999999999,3.1304036599177465
5565.5,5.565500000000001,3.1329036599177584
5566.0,5.566000000000003,3.1354036599177704
5566.5,5.566499999999999,3.1255354750125264
5567.0,5.567000000000001,3.1280354750125383
5567.5,5.567499999999996,3.1305354750125147
5568.0,5.567999999999999,3.120709649261677
5568.5,5.568500000000001,3.123209649261689
5569.0,5.569000000000004,3.125709649261701
5569.5,5.569499999999999,3.1159515119508185
5570.0,5.570000000000001,3.1184515119508305
5570.5,5.5704999999999965,3.120951511950807
5571.0,5.570999999999999,3.11126459539917
5571.5,5.571500000000001,3.113764595399182
5572.0,5.572000000000004,3.116264595399194
5572.5,5.572499999999999,3.1066589677344325
5573.0,5.573000000000001,3.1091589677344444
5573.5,5.573499999999997,3.111658967734421
5574.0,5.573999999999999,3.1021272940541422
5574.5,5.574500000000001,3.104627294054154
5575.0,5.575000000000004,3.107127294054166
5575.5,5.575499999999999,3.097665239030718
5576.0,5.576000000000001,3.10016523903073
5576.5,5.576499999999997,3.1026652390307063
5577.0,5.576999999999999,3.0932896293959544
5577.5,5.5775000000000015,3.0957896293959664
5578.0,5.578000000000004,3.0982896293959783
5578.5,5.578499999999999,3.088993520468719
5579.0,5.5790000000000015,3.091493520468731
5579.5,5.579499999999997,3.0939935204687075
5580.0,5.579999999999999,3.0848165714815323
5580.5,5.580500000000002,3.0873165714815443
5581.0,5.581000000000004,3.089816571481556
5581.5,5.581499999999999,3.080770611025621
5582.0,5.582000000000002,3.0832706110256325
5582.5,5.582499999999997,3.085770611025609
5583.0,5.582999999999999,3.07687869872165
5583.5,5.583500000000002,3.079378698721662
5584.0,5.584000000000004,3.081878698721674
5584.5,5.584499999999999,3.073135998629404
5585.0,5.585000000000002,3.075635998629416
5585.5,5.585499999999997,3.078135998629392
5586.0,5.585999999999999,3.069527287572704
5586.5,5.586500000000002,3.072027287572716
5587.0,5.586999999999997,3.074527287572693
5587.5,5.5875,3.0770272875727045
5588.0,5.588000000000002,3.068502574239957
5588.5,5.588499999999997,3.071002574239934
5589.0,5.589,3.0735025742399458
5589.5,5.589500000000002,3.0649924348151814
5590.0,5.589999999999997,3.0674924348151578
5590.5,5.5905,3.0699924348151697
5591.0,5.591000000000002,3.061426114331738
5591.5,5.591499999999997,3.0639261143317142
5592.0,5.592,3.066426114331726
5592.5,5.592500000000002,3.0577617896086906
5593.0,5.592999999999997,3.060261789608667
5593.5,5.5935,3.062761789608679
5594.0,5.594000000000002,3.053976221114709
5594.5,5.594499999999997,3.0564762211146856
5595.0,5.595,3.0589762211146976
5595.5,5.595500000000002,3.050069455061184
5596.0,5.595999999999997,3.0525694550611604
5596.5,5.5965,3.0550694550611723
5597.0,5.597000000000002,3.046051502365863
5597.5,5.5974999999999975,3.0485515023658394
5598.0,5.598,3.0510515023658518
5598.5,5.598500000000002,3.041922300995772
5599.0,5.5989999999999975,3.0444223009957483
5599.5,5.5995,3.04692230099576
5600.0,5.600000000000002,3.037714403805189
5600.5,5.600499999999998,3.040214403805166
5601.0,5.601,3.042714403805178
5601.5,5.601500000000002,3.033444384961115
5602.0,5.601999999999998,3.035944384961091
5602.5,5.6025,3.038444384961103
5603.0,5.6030000000000015,3.0291293598818925
5603.5,5.603499999999998,3.031629359881869
5604.0,5.604,3.034129359881881
5604.5,5.6045000000000025,3.024791494662722
5605.0,5.604999999999998,3.0272914946626983
5605.5,5.6055,3.0297914946627102
5606.0,5.6060000000000025,3.0204526225233863
5606.5,5.606499999999998,3.0229526225233627
5607.0,5.607,3.0254526225233747
5607.5,5.607500000000003,3.0161259171559607
5608.0,5.607999999999998,3.018625917155937
5608.5,5.6085,3.021125917155949
5609.0,5.609000000000003,3.0118111508031475
5609.5,5.609499999999998,3.014311150803124
5610.0,5.61,3.016811150803136
5610.5,5.610500000000003,3.007508189719026
5611.0,5.610999999999998,3.0100081897190023
5611.5,5.6115,3.0125081897190142
5612.0,5.612000000000003,3.003250976165859
5612.5,5.612499999999998,3.005750976165835
5613.0,5.613,3.008250976165847
5613.5,5.613500000000003,2.999046036513029
5614.0,5.613999999999998,3.0015460365130053
5614.5,5.6145000000000005,3.0040460365130173
5615.0,5.615000000000003,2.994923858973806
5615.5,5.615499999999998,2.9974238589737823
5616.0,5.6160000000000005,2.999923858973794
5616.5,5.616500000000003,2.990902844126744
5617.0,5.616999999999998,2.99340284412672
5617.5,5.617500000000001,2.995902844126732
5618.0,5.618000000000003,2.9869962291293106
5618.5,5.618499999999998,2.989496229129287
5619.0,5.619000000000001,2.991996229129299
5619.5,5.619500000000003,2.9831895341205694
5620.0,5.619999999999998,2.985689534120546
5620.5,5.620500000000001,2.9881895341205578
5621.0,5.621000000000003,2.979441297039145
5621.5,5.621499999999998,2.9819412970391213
5622.0,5.622000000000001,2.984441297039133
5622.5,5.622500000000003,2.975711220442072
5623.0,5.622999999999999,2.978211220442049
5623.5,5.623500000000001,2.9807112204420605
5624.0,5.623999999999996,2.971984972672601
5624.5,5.624499999999999,2.974484972672613
5625.0,5.625000000000001,2.976984972672625
5625.5,5.625500000000003,2.9682692934855126
5626.0,5.625999999999999,2.970769293485489
5626.5,5.626500000000001,2.973269293485501
5627.0,5.626999999999996,2.9645560577078456
5627.5,5.627499999999999,2.967056057707857
5628.0,5.628000000000001,2.969556057707869
5628.5,5.628500000000003,2.96083414696696
5629.0,5.628999999999999,2.963334146966936
5629.5,5.629500000000001,2.965834146966948
5630.0,5.629999999999996,2.957087943089185
5630.5,5.630499999999999,2.959587943089197
5631.0,5.631000000000001,2.962087943089209
5631.5,5.631500000000004,2.953301308298073
5632.0,5.631999999999999,2.955801308298049
5632.5,5.632500000000001,2.9583013082980614
5633.0,5.6329999999999965,2.949472328841871
5633.5,5.633499999999999,2.951972328841883
5634.0,5.634000000000001,2.954472328841895
5634.5,5.634500000000004,2.945580374085246
5635.0,5.634999999999999,2.9480803740852224
5635.5,5.635500000000001,2.9505803740852343
5636.0,5.635999999999997,2.9416292140180644
5636.5,5.636499999999999,2.9441292140180764
5637.0,5.637000000000001,2.9466292140180883
5637.5,5.637500000000004,2.937596903096136
5638.0,5.637999999999999,2.940096903096112
5638.5,5.638500000000001,2.942596903096124
5639.0,5.638999999999997,2.9334803620325545
5639.5,5.639499999999999,2.9359803620325664
5640.0,5.6400000000000015,2.9384803620325783
5640.5,5.640500000000004,2.9292795772627755
5641.0,5.640999999999999,2.931779577262752
5641.5,5.6415000000000015,2.934279577262764
5642.0,5.641999999999997,2.9250146272829625
5642.5,5.642499999999999,2.9275146272829744
5643.0,5.643000000000002,2.9300146272829863
5643.5,5.643500000000004,2.9207115706461195
5644.0,5.643999999999999,2.923211570646096
5644.5,5.644500000000002,2.925711570646108
5645.0,5.644999999999997,2.916355389610281
5645.5,5.645499999999999,2.918855389610293
5646.0,5.646000000000002,2.921355389610305
5646.5,5.646500000000004,2.9119598806902403
5647.0,5.646999999999999,2.9144598806902167
5647.5,5.647500000000002,2.9169598806902286
5648.0,5.647999999999997,2.9075586657754826
5648.5,5.648499999999999,2.9100586657754945
5649.0,5.649000000000002,2.9125586657755065
5649.5,5.649499999999997,2.9031573560867585
5650.0,5.65,2.9056573560867704
5650.5,5.650500000000002,2.9081573560867824
5651.0,5.650999999999997,2.898763224489933
5651.5,5.6515,2.901263224489945
5652.0,5.652000000000002,2.903763224489957
5652.5,5.652499999999997,2.8943668550322244
5653.0,5.653,2.8968668550322363
5653.5,5.653500000000002,2.899366855032248
5654.0,5.653999999999997,2.889978882360076
5654.5,5.6545,2.892478882360088
5655.0,5.655000000000002,2.8949788823601
5655.5,5.655499999999997,2.885579293290519
5656.0,5.656,2.888079293290531
5656.5,5.656500000000002,2.8905792932905428
5657.0,5.656999999999997,2.88115710004476
5657.5,5.6575,2.883657100044772
5658.0,5.658000000000002,2.886157100044784
5658.5,5.658499999999997,2.8767201708388868
5659.0,5.659,2.8792201708388987
5659.5,5.659500000000002,2.88172017083891
5660.0,5.6599999999999975,2.872266436570783
5660.5,5.6605,2.874766436570795
5661.0,5.661000000000002,2.8772664365708067
5661.5,5.6614999999999975,2.8677918176179773
5662.0,5.662,2.870291817617989
5662.5,5.662500000000002,2.872791817618001
5663.0,5.662999999999998,2.8752918176179776
5663.5,5.6635,2.865792255818711
5664.0,5.664000000000002,2.868292255818723
5664.5,5.664499999999998,2.8707922558187
5665.0,5.665,2.8612767825477547
5665.5,5.6655000000000015,2.8637767825477667
5666.0,5.665999999999998,2.866276782547743
5666.5,5.6665,2.8567490907884263
5667.0,5.6670000000000025,2.8592490907884383
5667.5,5.667499999999998,2.8617490907884147
5668.0,5.668,2.8522021748233684
5668.5,5.6685000000000025,2.8547021748233803
5669.0,5.668999999999998,2.8572021748233567
5669.5,5.6695,2.8476365500627665
5670.0,5.670000000000003,2.8501365500627784
5670.5,5.670499999999998,2.852636550062755
5671.0,5.671,2.843031631652373
5671.5,5.671500000000003,2.845531631652385
5672.0,5.671999999999998,2.8480316316523613
5672.5,5.6725,2.8383912002285427
5673.0,5.673000000000003,2.8408912002285547
5673.5,5.673499999999998,2.843391200228531
5674.0,5.674,2.8336999634176507
5674.5,5.674500000000003,2.8361999634176627
5675.0,5.674999999999998,2.838699963417639
5675.5,5.6755,2.828966616813524
5676.0,5.676000000000003,2.831466616813536
5676.5,5.676499999999998,2.8339666168135125
5677.0,5.6770000000000005,2.824174280235212
5677.5,5.677500000000003,2.826674280235224
5678.0,5.677999999999998,2.8291742802352005
5678.5,5.6785000000000005,2.8193282342548187
5679.0,5.679000000000003,2.82182823425483
5679.5,5.679499999999998,2.824328234254807
5680.0,5.680000000000001,2.814447731471219
5680.5,5.680500000000003,2.816947731471231
5681.0,5.680999999999998,2.8194477314712074
5681.5,5.681500000000001,2.8095566721175658
5682.0,5.682000000000003,2.8120566721175777
5682.5,5.682499999999998,2.814556672117554
5683.0,5.683000000000001,2.804666173935253
5683.5,5.683500000000003,2.807166173935265
5684.0,5.683999999999998,2.8096661739352413
5684.5,5.684500000000001,2.799794613113349
5685.0,5.685000000000003,2.802294613113361
5685.5,5.685499999999999,2.804794613113337
5686.0,5.686000000000001,2.7949684139422715
5686.5,5.686499999999996,2.797468413942248
5687.0,5.686999999999999,2.79996841394226
5687.5,5.687500000000001,2.790214634635113
5688.0,5.688000000000003,2.792714634635125
5688.5,5.688499999999999,2.795214634635101
5689.0,5.689000000000001,2.785548316923503
5689.5,5.689499999999996,2.7880483169234798
5690.0,5.689999999999999,2.7905483169234917
5690.5,5.690500000000001,2.780977360542778
5691.0,5.691000000000003,2.78347736054279
5691.5,5.691499999999999,2.7859773605427662
5692.0,5.692000000000001,2.7764846873768434
5692.5,5.692499999999996,2.77898468737682
5693.0,5.692999999999999,2.781484687376832
5693.5,5.693500000000001,2.772072059173496
5694.0,5.694000000000004,2.774572059173508
5694.5,5.694499999999999,2.7770720591734843
5695.0,5.695000000000001,2.767726987398476
5695.5,5.6954999999999965,2.770226987398452
5696.0,5.695999999999999,2.772726987398464
5696.5,5.696500000000001,2.763445261058166
5697.0,5.697000000000004,2.765945261058178
5697.5,5.697499999999999,2.7684452610581545
5698.0,5.698000000000001,2.759211056147137
5698.5,5.698499999999997,2.7617110561471137
5699.0,5.698999999999999,2.7642110561471256
5699.5,5.699500000000001,2.755001717669252
5700.0,5.700000000000004,2.757501717669264
5700.5,5.700499999999999,2.7600017176692404
5701.0,5.701000000000001,2.750817800291117
5701.5,5.701499999999997,2.753317800291093
5702.0,5.701999999999999,2.755817800291105
5702.5,5.7025000000000015,2.7466544990006625
5703.0,5.703000000000004,2.7491544990006744
5703.5,5.703499999999999,2.751654499000651
5704.0,5.7040000000000015,2.742498807167806
5704.5,5.704499999999997,2.744998807167782
5705.0,5.704999999999999,2.747498807167794
5705.5,5.705500000000002,2.7383413232826115
5706.0,5.706000000000004,2.7408413232826234
5706.5,5.706499999999999,2.7433413232826
5707.0,5.707000000000002,2.734197761433137
5707.5,5.707499999999997,2.7366977614331134
5708.0,5.707999999999999,2.7391977614331253
5708.5,5.708500000000002,2.7300577759221056
5709.0,5.709000000000004,2.7325577759221176
5709.5,5.709499999999999,2.735057775922094
5710.0,5.710000000000002,2.725920816393206
5710.5,5.710499999999997,2.7284208163931822
5711.0,5.710999999999999,2.730920816393194
5711.5,5.711500000000002,2.721778872780476
5712.0,5.711999999999997,2.7242788727804523
5712.5,5.7125,2.7267788727804643
5713.0,5.713000000000002,2.717608441178001
5713.5,5.713499999999997,2.720108441177977
5714.0,5.714,2.7226084411779894
5714.5,5.714500000000002,2.713415834843893
5715.0,5.714999999999997,2.715915834843869
5715.5,5.7155,2.7184158348438814
5716.0,5.716000000000002,2.709214329325036
5716.5,5.716499999999997,2.7117143293250123
5717.0,5.717,2.7142143293250243
5717.5,5.717500000000002,2.7050121052412024
5718.0,5.717999999999997,2.707512105241179
5718.5,5.7185,2.7100121052411907
5719.0,5.719000000000002,2.700812995379493
5719.5,5.719499999999997,2.70331299537947
5720.0,5.72,2.705812995379482
5720.5,5.720500000000002,2.696627777448093
5721.0,5.720999999999997,2.6991277774480693
5721.5,5.7215,2.701627777448081
5722.0,5.722000000000002,2.692472133859667
5722.5,5.7224999999999975,2.6949721338596437
5723.0,5.723,2.6974721338596552
5723.5,5.723500000000002,2.688335292677486
5724.0,5.7239999999999975,2.6908352926774626
5724.5,5.7245,2.6933352926774745
5725.0,5.725000000000002,2.684229421147073
5725.5,5.725499999999998,2.6867294211470494
5726.0,5.726,2.6892294211470613
5726.5,5.726500000000002,2.6801476755765563
5727.0,5.726999999999998,2.6826476755765327
5727.5,5.7275,2.6851476755765447
5728.0,5.7280000000000015,2.6760947795549583
5728.5,5.728499999999998,2.6785947795549347
5729.0,5.729,2.6810947795549467
5729.5,5.7295000000000025,2.6720812239667424
5730.0,5.729999999999998,2.674581223966719
5730.5,5.7305,2.6770812239667308
5731.0,5.7310000000000025,2.668106121986717
5731.5,5.731499999999998,2.670606121986694
5732.0,5.732,2.673106121986706
5732.5,5.732500000000003,2.664149265215343
5733.0,5.732999999999998,2.6666492652153195
5733.5,5.7335,2.6691492652153315
5734.0,5.734000000000003,2.660197098549588
5734.5,5.734499999999998,2.6626970985495646
5735.0,5.735,2.6651970985495765
5735.5,5.735500000000003,2.656230977119911
5736.0,5.735999999999998,2.6587309771198875
5736.5,5.7365,2.6612309771198994
5737.0,5.737000000000003,2.65222478446983
5737.5,5.737499999999998,2.6547247844698063
5738.0,5.738,2.6572247844698182
5738.5,5.738500000000003,2.65972478446983
5739.0,5.738999999999998,2.6506335179089646
5739.5,5.7395000000000005,2.653133517908977
5740.0,5.740000000000003,2.6556335179089885
5740.5,5.740499999999998,2.6464247687658826
5741.0,5.7410000000000005,2.6489247687658946
5741.5,5.741500000000003,2.6514247687659065
5742.0,5.741999999999998,2.6420751606689663
5742.5,5.742500000000001,2.6445751606689782
5743.0,5.743000000000003,2.64707516066899
5743.5,5.743499999999998,2.6375530161178418
5744.0,5.744000000000001,2.6400530161178537
5744.5,5.744500000000003,2.6425530161178656
5745.0,5.744999999999998,2.6328716458876755
5745.5,5.745500000000001,2.6353716458876875
5746.0,5.746000000000003,2.6378716458876994
5746.5,5.746499999999998,2.6280569246816654
5747.0,5.747000000000001,2.6305569246816773
5747.5,5.747500000000003,2.6330569246816893
5748.0,5.747999999999999,2.623132981095928
5748.5,5.748500000000001,2.62563298109594
5749.0,5.748999999999996,2.6281329810959164
5749.5,5.749499999999999,2.6181253344586253
5750.0,5.750000000000001,2.620625334458637
5750.5,5.750500000000003,2.623125334458649
5751.0,5.750999999999999,2.613044062361816
5751.5,5.751500000000001,2.615544062361828
5752.0,5.751999999999996,2.618044062361804
5752.5,5.752499999999999,2.6079018385306085
5753.0,5.753000000000001,2.6104018385306205
5753.5,5.753500000000003,2.6129018385306324
5754.0,5.753999999999999,2.6027302644953565
5754.5,5.754500000000001,2.6052302644953684
5755.0,5.754999999999996,2.607730264495345
5755.5,5.755499999999999,2.597523900291385
5756.0,5.756000000000001,2.600023900291397
5756.5,5.756500000000004,2.602523900291409
5757.0,5.756999999999999,2.592305657685472
5757.5,5.757500000000001,2.594805657685484
5758.0,5.7579999999999965,2.5973056576854603
5758.5,5.758499999999999,2.587101551751552
5759.0,5.759000000000001,2.589601551751564
5759.5,5.759500000000004,2.5921015517515755
5760.0,5.759999999999999,2.5819300251846045
5760.5,5.760500000000001,2.5844300251846164
5761.0,5.760999999999997,2.586930025184593
5761.5,5.761499999999999,2.576802344406275
5762.0,5.762000000000001,2.579302344406287
5762.5,5.762500000000004,2.5818023444062987
5763.0,5.762999999999999,2.571739679181277
5763.5,5.763500000000001,2.5742396791812894
5764.0,5.763999999999997,2.576739679181266
5764.5,5.764499999999999,2.566745993117081
5765.0,5.7650000000000015,2.569245993117093
5765.5,5.765500000000004,2.571745993117105
5766.0,5.765999999999999,2.561820743814493
5766.5,5.7665000000000015,2.564320743814505
5767.0,5.766999999999997,2.566820743814482
5767.5,5.767499999999999,2.556940920416721
5768.0,5.768000000000002,2.559440920416733
5768.5,5.768500000000004,2.5619409204167454
5769.0,5.768999999999999,2.552075789452495
5769.5,5.769500000000002,2.5545757894525067
5770.0,5.769999999999997,2.557075789452483
5770.5,5.770499999999999,2.547202818443779
5771.0,5.771000000000002,2.549702818443791
5771.5,5.771500000000004,2.552202818443803
5772.0,5.771999999999999,2.542289924993071
5772.5,5.772500000000002,2.5447899249930828
5773.0,5.772999999999997,2.547289924993059
5773.5,5.773499999999999,2.537301740786546
5774.0,5.774000000000002,2.539801740786558
5774.5,5.774499999999997,2.5423017407865345
5775.0,5.775,2.5322311707113343
5775.5,5.775500000000002,2.5347311707113462
5776.0,5.775999999999997,2.537231170711322
5776.5,5.7765,2.527078400763081
5777.0,5.777000000000002,2.529578400763093
5777.5,5.777499999999997,2.532078400763069
5778.0,5.778,2.521835420946772
5778.5,5.778500000000002,2.524335420946784
5779.0,5.778999999999997,2.5268354209467603
5779.5,5.7795,2.5165190030363505
5780.0,5.780000000000002,2.5190190030363624
5780.5,5.780499999999997,2.521519003036339
5781.0,5.781,2.511147227650241
5781.5,5.781500000000002,2.513647227650253
5782.0,5.781999999999997,2.516147227650229
5782.5,5.7825,2.505739951448618
5783.0,5.783000000000002,2.5082399514486298
5783.5,5.783499999999997,2.510739951448606
5784.0,5.784,2.500307469387444
5784.5,5.784500000000002,2.502807469387456
5785.0,5.7849999999999975,2.505307469387432
5785.5,5.7855,2.4948644838578105
5786.0,5.786000000000002,2.4973644838578224
5786.5,5.7864999999999975,2.499864483857799
5787.0,5.787,2.4894322261749835
5787.5,5.787500000000002,2.4919322261749954
5788.0,5.787999999999998,2.494432226174972
5788.5,5.7885,2.4840300172456864
5789.0,5.789000000000002,2.4865300172456983
5789.5,5.789499999999998,2.4890300172456747
5790.0,5.79,2.4786580535624125
5790.5,5.7905000000000015,2.4811580535624245
5791.0,5.790999999999998,2.483658053562401
5791.5,5.7915,2.4733394039142453
5792.0,5.7920000000000025,2.4758394039142573
5792.5,5.792499999999998,2.4783394039142337
5793.0,5.793,2.468090025902896
5793.5,5.7935000000000025,2.470590025902908
5794.0,5.793999999999998,2.4730900259028843
5794.5,5.7945,2.46293095051211
5795.0,5.795000000000003,2.465430950512122
5795.5,5.795499999999998,2.4679309505120983
5796.0,5.796,2.4578883144910435
5796.5,5.796500000000003,2.4603883144910554
5797.0,5.796999999999998,2.462888314491032
5797.5,5.7975,2.4529816890379053
5798.0,5.798000000000003,2.455481689037917
5798.5,5.798499999999998,2.4579816890378936
5799.0,5.799,2.4482148890528066
5799.5,5.799500000000003,2.4507148890528185
5800.0,5.799999999999998,2.453214889052795
5800.5,5.8005,2.443558043151484
5801.0,5.801000000000003,2.446058043151496
5801.5,5.801499999999998,2.448558043151472
5802.0,5.8020000000000005,2.438970934885454
5802.5,5.802500000000003,2.4414709348854657
5803.0,5.802999999999998,2.443970934885442
5803.5,5.8035000000000005,2.4344388860463084
5804.0,5.804000000000003,2.4369388860463204
5804.5,5.804499999999998,2.4394388860462968
5805.0,5.805000000000001,2.4299324071715134
5805.5,5.805500000000003,2.4324324071715253
5806.0,5.805999999999998,2.4349324071715017
5806.5,5.806500000000001,2.425411308925476
5807.0,5.807000000000003,2.427911308925488
5807.5,5.807499999999998,2.430411308925464
5808.0,5.808000000000001,2.420855965697548
5808.5,5.808500000000003,2.42335596569756
5809.0,5.808999999999998,2.4258559656975365
5809.5,5.809500000000001,2.4162493418523923
5810.0,5.810000000000003,2.418749341852404
5810.5,5.810499999999999,2.4212493418523806
5811.0,5.811000000000001,2.4115745740824224
5811.5,5.811499999999996,2.414074574082399
5812.0,5.811999999999999,2.4165745740824107
5812.5,5.812500000000001,2.4068263634532983
5813.0,5.813000000000003,2.40932636345331
5813.5,5.813499999999999,2.4118263634532866
5814.0,5.814000000000001,2.4143263634532985
5814.5,5.814499999999996,2.4045195315651924
5815.0,5.814999999999999,2.4070195315652043
5815.5,5.815500000000001,2.4095195315652163
5816.0,5.816000000000003,2.3996354433490907
5816.5,5.816499999999999,2.402135443349067
5817.0,5.817000000000001,2.404635443349079
5817.5,5.817499999999996,2.3946807760644617
5818.0,5.817999999999999,2.3971807760644737
5818.5,5.818500000000001,2.3996807760644856
5819.0,5.819000000000004,2.389666959115893
5819.5,5.819499999999999,2.392166959115869
5820.0,5.820000000000001,2.394666959115881
5820.5,5.8204999999999965,2.384605559301498
5821.0,5.820999999999999,2.38710555930151
5821.5,5.821500000000001,2.389605559301522
5822.0,5.822000000000004,2.379500126502556
5822.5,5.822499999999999,2.382000126502533
5823.0,5.823000000000001,2.3845001265025445
5823.5,5.823499999999997,2.374363755797688
5824.0,5.823999999999999,2.3768637557977
5824.5,5.824500000000001,2.379363755797712
5825.0,5.825000000000004,2.369224359892925
5825.5,5.825499999999999,2.3717243598929016
5826.0,5.826000000000001,2.3742243598929136
5826.5,5.826499999999997,2.364110780995752
5827.0,5.826999999999999,2.366610780995764
5827.5,5.8275000000000015,2.369110780995776
5828.0,5.828000000000004,2.359050954992803
5828.5,5.828499999999999,2.36155095499278
5829.0,5.8290000000000015,2.3640509549927917
5829.5,5.829499999999997,2.354086923848122
5830.0,5.829999999999999,2.356586923848134
5830.5,5.830500000000002,2.359086923848146
5831.0,5.831000000000004,2.349234040540047
5831.5,5.831499999999999,2.3517340405400238
5832.0,5.832000000000002,2.3542340405400357
5832.5,5.832499999999997,2.344505611527694
5833.0,5.832999999999999,2.347005611527706
5833.5,5.833500000000002,2.349505611527718
5834.0,5.834000000000004,2.3398994536450246
5834.5,5.834499999999999,2.342399453645001
5835.0,5.835000000000002,2.344899453645013
5835.5,5.835499999999997,2.335388319799918
5836.0,5.835999999999999,2.33788831979993
5836.5,5.836500000000002,2.340388319799942
5837.0,5.836999999999997,2.330948497058678
5837.5,5.8375,2.33344849705869
5838.0,5.838000000000002,2.335948497058702
5838.5,5.838499999999997,2.326538497941684
5839.0,5.839,2.329038497941696
5839.5,5.839500000000002,2.3315384979417075
5840.0,5.839999999999997,2.322133394275845
5840.5,5.8405,2.324633394275857
5841.0,5.841000000000002,2.3271333942758687
5841.5,5.841499999999997,2.317710043785901
5842.0,5.842,2.320210043785913
5842.5,5.842500000000002,2.322710043785925
5843.0,5.842999999999997,2.313238065274668
5843.5,5.8435,2.3157380652746795
5844.0,5.844000000000002,2.3182380652746915
5844.5,5.844499999999997,2.308705275332521
5845.0,5.845,2.311205275332533
5845.5,5.845500000000002,2.313705275332545
5846.0,5.845999999999997,2.30410603511892
5846.5,5.8465,2.306606035118932
5847.0,5.847000000000002,2.309106035118944
5847.5,5.8474999999999975,2.299437242129514
5848.0,5.848,2.301937242129526
5848.5,5.848500000000002,2.304437242129538
5849.0,5.8489999999999975,2.294704487597308
5849.5,5.8495,2.29720448759732
5850.0,5.850000000000002,2.299704487597332
5850.5,5.850499999999998,2.289921302073452
5851.0,5.851,2.292421302073464
5851.5,5.851500000000002,2.294921302073476
5852.0,5.851999999999998,2.2850844280019444
5852.5,5.8525,2.2875844280019564
5853.0,5.8530000000000015,2.2900844280019683
5853.5,5.853499999999998,2.280202123214501
5854.0,5.854,2.282702123214513
5854.5,5.8545000000000025,2.2852021232145248
5855.0,5.854999999999998,2.2752713060724616
5855.5,5.8555,2.2777713060724736
5856.0,5.8560000000000025,2.280271306072485
5856.5,5.856499999999998,2.2703211464326145
5857.0,5.857,2.2728211464326264
5857.5,5.857500000000003,2.2753211464326384
5858.0,5.857999999999998,2.2653939509346444
5858.5,5.8585,2.2678939509346563
5859.0,5.859000000000003,2.270393950934668
5859.5,5.859499999999998,2.2605138118406742
5860.0,5.86,2.263013811840686
5860.5,5.860500000000003,2.265513811840698
5861.0,5.860999999999998,2.2557058122201568
5861.5,5.8615,2.2582058122201687
5862.0,5.862000000000003,2.2607058122201806
5862.5,5.862499999999998,2.2510252333556835
5863.0,5.863,2.2535252333556954
5863.5,5.863500000000003,2.256025233355708
5864.0,5.863999999999998,2.246498944819777
5864.5,5.8645000000000005,2.248998944819789
5865.0,5.865000000000003,2.251498944819801
5865.5,5.865499999999998,2.242114271880986
5866.0,5.8660000000000005,2.244614271880998
5866.5,5.866500000000003,2.24711427188101
5867.0,5.866999999999998,2.237843046986967
5867.5,5.867500000000001,2.240343046986979
5868.0,5.868000000000003,2.242843046986991
5868.5,5.868499999999998,2.2336661117039114
5869.0,5.869000000000001,2.2361661117039238
5869.5,5.869500000000003,2.2386661117039357
5870.0,5.869999999999998,2.229547725588468
5870.5,5.870500000000001,2.23204772558848
5871.0,5.871000000000003,2.234547725588492
5871.5,5.871499999999998,2.225437007575799
5872.0,5.872000000000001,2.227937007575811
5872.5,5.872500000000003,2.230437007575823
5873.0,5.872999999999999,2.2213095219649404
5873.5,5.873500000000001,2.2238095219649523
5874.0,5.873999999999996,2.2263095219649287
5874.5,5.874499999999999,2.2171487770890157
5875.0,5.875000000000001,2.219648777089027
5875.5,5.875500000000003,2.222148777089039
5876.0,5.875999999999999,2.2129298934770247
5876.5,5.876500000000001,2.2154298934770367
5877.0,5.876999999999996,2.217929893477013
5877.5,5.877499999999999,2.208632759682203
5878.0,5.878000000000001,2.211132759682215
5878.5,5.878500000000003,2.213632759682227
5879.0,5.878999999999999,2.2042458117944363
5879.5,5.879500000000001,2.2067458117944483
5880.0,5.879999999999996,2.2092458117944247
5880.5,5.880499999999999,2.199751947873416
5881.0,5.881000000000001,2.202251947873428
5881.5,5.881500000000004,2.20475194787344
5882.0,5.881999999999999,2.195151011375493
5882.5,5.882500000000001,2.197651011375505
5883.0,5.8829999999999965,2.200151011375482
5883.5,5.883499999999999,2.1904527573239463
5884.0,5.884000000000001,2.1929527573239582
5884.5,5.884500000000004,2.19545275732397
5885.0,5.884999999999999,2.1856662994086307
5885.5,5.885500000000001,2.1881662994086426
5886.0,5.885999999999997,2.190666299408619
5886.5,5.886499999999999,2.1808311867336982
5887.0,5.887000000000001,2.18333118673371
5887.5,5.887500000000004,2.185831186733722
5888.0,5.887999999999999,2.1759699139205324
5888.5,5.888500000000001,2.1784699139205443
5889.0,5.888999999999997,2.1809699139205208
5889.5,5.889499999999999,2.1834699139205327
5890.0,5.8900000000000015,2.173611266149216
5890.5,5.890500000000004,2.176111266149228
5891.0,5.890999999999999,2.178611266149204
5891.5,5.8915000000000015,2.1688036449227965
5892.0,5.891999999999997,2.171303644922773
5892.5,5.892499999999999,2.173803644922785
5893.0,5.893000000000002,2.164086700763264
5893.5,5.893500000000004,2.1665867007632755
5894.0,5.893999999999999,2.169086700763252
5894.5,5.894500000000002,2.1594912686231997
5895.0,5.894999999999997,2.161991268623176
5895.5,5.895499999999999,2.164491268623188
5896.0,5.896000000000002,2.155040195348228
5896.5,5.896500000000004,2.15754019534824
5897.0,5.896999999999999,2.160040195348216
5897.5,5.897500000000002,2.1507343756189456
5898.0,5.897999999999997,2.153234375618922
5898.5,5.898499999999999,2.155734375618934
5899.0,5.899000000000002,2.146535824671254
5899.5,5.899499999999997,2.1490358246712304
5900.0,5.9,2.1515358246712424
5900.5,5.900500000000002,2.1424055245516627
5901.0,5.900999999999997,2.144905524551639
5901.5,5.9015,2.147405524551651
5902.0,5.902000000000002,2.138275158594816
5902.5,5.902499999999997,2.140775158594792
5903.0,5.903,2.143275158594804
5903.5,5.903500000000002,2.134111564388838
5904.0,5.903999999999997,2.136611564388815
5904.5,5.9045,2.139111564388827
5905.0,5.905000000000002,2.129901762676738
5905.5,5.905499999999997,2.1324017626767144
5906.0,5.906,2.1349017626767264
5906.5,5.906500000000002,2.125633455870357
5907.0,5.906999999999997,2.128133455870333
5907.5,5.9075,2.130633455870345
5908.0,5.908000000000002,2.121296888260602
5908.5,5.908499999999997,2.1237968882605784
5909.0,5.909,2.1262968882605904
5909.5,5.909500000000002,2.1168850043416043
5910.0,5.9099999999999975,2.1193850043415807
5910.5,5.9105,2.1218850043415927
5911.0,5.911000000000002,2.112400173156104
5911.5,5.9114999999999975,2.11490017315608
5912.0,5.912,2.117400173156092
5912.5,5.912500000000002,2.107839562091129
5913.0,5.912999999999998,2.110339562091106
5913.5,5.9135,2.112839562091118
5914.0,5.914000000000002,2.1031960636190306
5914.5,5.914499999999998,2.105696063619007
5915.0,5.915,2.108196063619019
5915.5,5.9155000000000015,2.098477778956429
5916.0,5.915999999999998,2.100977778956405
5916.5,5.9165,2.1034777789564174
5917.0,5.9170000000000025,2.0936857624034038
5917.5,5.917499999999998,2.09618576240338
5918.0,5.918,2.098685762403392
5918.5,5.9185000000000025,2.0888522099162543
5919.0,5.918999999999998,2.0913522099162307
5919.5,5.9195,2.0938522099162427
5920.0,5.920000000000003,2.084002261090845
5920.5,5.920499999999998,2.0865022610908213
5921.0,5.921,2.089002261090833
5921.5,5.921500000000003,2.079160091709795
5922.0,5.921999999999998,2.081660091709772
5922.5,5.9225,2.084160091709784
5923.0,5.923000000000003,2.0743522340183063
5923.5,5.923499999999998,2.0768522340182827
5924.0,5.924,2.0793522340182946
5924.5,5.924500000000003,2.0696158151257293
5925.0,5.924999999999998,2.0721158151257058
5925.5,5.9255,2.0746158151257177
5926.0,5.926000000000003,2.0649817012184712
5926.5,5.926499999999998,2.067481701218448
5927.0,5.9270000000000005,2.06998170121846
5927.5,5.927500000000003,2.060488072277167
5928.0,5.927999999999998,2.062988072277143
5928.5,5.9285000000000005,2.065488072277155
5929.0,5.929000000000003,2.0561323229034656
5929.5,5.929499999999998,2.058632322903442
5930.0,5.930000000000001,2.061132322903454
5930.5,5.930500000000003,2.0518963460907718
5931.0,5.930999999999998,2.054396346090748
5931.5,5.931500000000001,2.05689634609076
5932.0,5.932000000000003,2.0477518343209056
5932.5,5.932499999999998,2.050251834320882
5933.0,5.933000000000001,2.052751834320894
5933.5,5.933500000000003,2.0436546593814957
5934.0,5.933999999999998,2.046154659381472
5934.5,5.934500000000001,2.048654659381484
5935.0,5.935000000000003,2.039556381954704
5935.5,5.935499999999999,2.04205638195468
5936.0,5.936000000000001,2.044556381954692
5936.5,5.936499999999996,2.0354266608160287
5937.0,5.936999999999999,2.0379266608160407
5937.5,5.937500000000001,2.0404266608160526
5938.0,5.938000000000003,2.031230843761485
5938.5,5.938499999999999,2.033730843761461
5939.0,5.939000000000001,2.036230843761473
5939.5,5.939499999999996,2.0269482625374025
5940.0,5.939999999999999,2.0294482625374144
5940.5,5.940500000000001,2.0319482625374263
5941.0,5.941000000000003,2.022567402736044
5941.5,5.941499999999999,2.0250674027360205
5942.0,5.942000000000001,2.0275674027360324
5942.5,5.942499999999996,2.018091054594322
5943.0,5.942999999999999,2.020591054594334
5943.5,5.943500000000001,2.023091054594346
5944.0,5.944000000000004,2.013527629551355
5944.5,5.944499999999999,2.0160276295513317
5945.0,5.945000000000001,2.0185276295513432
5945.5,5.9454999999999965,2.008906212819923
5946.0,5.945999999999999,2.011406212819935
5946.5,5.946500000000001,2.013906212819947
5947.0,5.947000000000004,2.004250940134113
5947.5,5.947499999999999,2.00675094013409
5948.0,5.948000000000001,2.009250940134102
5948.5,5.948499999999997,1.9995516039791283
5949.0,5.948999999999999,2.0020516039791403
5949.5,5.949500000000001,2.004551603979152
5950.0,5.950000000000004,1.9948235791118307
5950.5,5.950499999999999,1.9973235791118071
5951.0,5.951000000000001,1.999823579111819
5951.5,5.951499999999997,1.9900878951719392
5952.0,5.951999999999999,1.9925878951719511
5952.5,5.9525000000000015,1.995087895171963
5953.0,5.953000000000004,1.9853795535164664
5953.5,5.953499999999999,1.9878795535164429
5954.0,5.9540000000000015,1.9903795535164548
5954.5,5.954499999999997,1.9807261169335888
5955.0,5.954999999999999,1.9832261169336007
5955.5,5.955500000000002,1.985726116933613
5956.0,5.956000000000004,1.9761086022858263
5956.5,5.956499999999999,1.978608602285803
5957.0,5.957000000000002,1.9811086022858149
5957.5,5.957499999999997,1.9715175496087407
5958.0,5.957999999999999,1.974017549608753
5958.5,5.958500000000002,1.976517549608765
5959.0,5.959000000000004,1.9669262545118824
5959.5,5.959499999999999,1.969426254511859
5960.0,5.960000000000002,1.971926254511871
5960.5,5.960499999999997,1.9622958845944891
5961.0,5.960999999999999,1.9647958845945013
5961.5,5.961500000000002,1.9672958845945128
5962.0,5.961999999999997,1.9575878365898087
5962.5,5.9625,1.960087836589821
5963.0,5.963000000000002,1.962587836589833
5963.5,5.963499999999997,1.9527847704869568
5964.0,5.964,1.9552847704869687
5964.5,5.964500000000002,1.957784770486981
5965.0,5.964999999999997,1.9602847704869573
5965.5,5.9655,1.9503589074480845
5966.0,5.966000000000002,1.952858907448096
5966.5,5.966499999999997,1.9553589074480728
5967.0,5.967,1.9452849813676565
5967.5,5.967500000000002,1.9477849813676684
5968.0,5.967999999999997,1.9502849813676448
5968.5,5.9685,1.9400421153207503
5969.0,5.969000000000002,1.9425421153207625
5969.5,5.969499999999997,1.945042115320739
5970.0,5.97,1.934618733039315
5970.5,5.970500000000002,1.937118733039327
5971.0,5.970999999999997,1.9396187330393035
5971.5,5.9715,1.9290172121831968
5972.0,5.972000000000002,1.9315172121832087
5972.5,5.9724999999999975,1.9340172121831856
5973.0,5.973,1.923233843252809
5973.5,5.973500000000002,1.9257338432528213
5974.0,5.9739999999999975,1.928233843252798
5974.5,5.9745,1.9172752269854243
5975.0,5.975000000000002,1.919775226985436
5975.5,5.975499999999998,1.9222752269854129
5976.0,5.976,1.9111895991496295
5976.5,5.976500000000002,1.9136895991496417
5977.0,5.976999999999998,1.916189599149618
5977.5,5.9775,1.9050152438032697
5978.0,5.9780000000000015,1.9075152438032816
5978.5,5.978499999999998,1.910015243803258
5979.0,5.979,1.8987856363913025
5979.5,5.9795000000000025,1.9012856363913144
5980.0,5.979999999999998,1.9037856363912908
5980.5,5.9805,1.8925454465404457
5981.0,5.9810000000000025,1.8950454465404576
5981.5,5.981499999999998,1.897545446540434
5982.0,5.982,1.8863365320790848
5982.5,5.982500000000003,1.8888365320790967
5983.0,5.982999999999998,1.8913365320790727
5983.5,5.9835,1.8802186115174635
5984.0,5.984000000000003,1.8827186115174757
5984.5,5.984499999999998,1.885218611517452
5985.0,5.985,1.8742404870159743
5985.5,5.985500000000003,1.8767404870159865
5986.0,5.985999999999998,1.879240487015963
5986.5,5.9865,1.868435086065432
5987.0,5.987000000000003,1.870935086065444
5987.5,5.987499999999998,1.8734350860654203
5988.0,5.988,1.862813193897459
5988.5,5.988500000000003,1.865313193897471
5989.0,5.988999999999998,1.8678131938974476
5989.5,5.9895000000000005,1.857362110280576
5990.0,5.990000000000003,1.859862110280588
5990.5,5.990499999999998,1.8623621102805643
5991.0,5.9910000000000005,1.85207549646357
5991.5,5.991500000000003,1.8545754964635817
5992.0,5.991999999999998,1.8570754964635583
5992.5,5.992500000000001,1.8469354886475744
5993.0,5.993000000000003,1.849435488647586
5993.5,5.993499999999998,1.8519354886475623
5994.0,5.994000000000001,1.8419288283098467
5994.5,5.994500000000003,1.8444288283098589
5995.0,5.994999999999998,1.846928828309835
5995.5,5.995500000000001,1.8370280863295816
5996.0,5.996000000000003,1.8395280863295935
5996.5,5.996499999999998,1.8420280863295704
5997.0,5.997000000000001,1.8322078943509723
5997.5,5.997500000000003,1.834707894350984
5998.0,5.997999999999999,1.8372078943509609
5998.5,5.998500000000001,1.8274392171589329
5999.0,5.998999999999996,1.829939217158909
5999.5,5.999499999999999,1.832439217158921
6000.0,6.000000000000001,1.8226870101240067
6000.5,6.000500000000003,1.8251870101240184
6001.0,6.000999999999999,1.827687010123995
6001.5,6.001500000000001,1.8178972015757464
6002.0,6.001999999999996,1.820397201575723
6002.5,6.002499999999999,1.822897201575735
6003.0,6.003000000000001,1.813047842619575
6003.5,6.003500000000003,1.815547842619587
6004.0,6.003999999999999,1.8180478426195636
6004.5,6.004500000000001,1.8081248303401052
6005.0,6.004999999999996,1.8106248303400816
6005.5,6.005499999999999,1.8131248303400935
6006.0,6.006000000000001,1.803141857556092
6006.5,6.006500000000004,1.805641857556104
6007.0,6.006999999999999,1.8081418575560804
6007.5,6.007500000000001,1.7981049829311857
6008.0,6.0079999999999965,1.800604982931162
6008.5,6.008499999999999,1.803104982931174
6009.0,6.009000000000001,1.793042990313083
6009.5,6.009500000000004,1.7955429903130948
6010.0,6.009999999999999,1.7980429903130712
6010.5,6.010500000000001,1.7880240650133672
6011.0,6.010999999999997,1.7905240650133436
6011.5,6.011499999999999,1.7930240650133555
6012.0,6.012000000000001,1.7831042709622125
6012.5,6.012500000000004,1.7856042709622244
6013.0,6.012999999999999,1.7881042709622008
6013.5,6.013500000000001,1.7783328768839723
6014.0,6.013999999999997,1.7808328768839488
6014.5,6.014499999999999,1.7833328768839607
6015.0,6.0150000000000015,1.7737279420675025
6015.5,6.015500000000004,1.7762279420675142
6016.0,6.015999999999999,1.7787279420674906
6016.5,6.0165000000000015,1.7692974319296084
6017.0,6.016999999999997,1.7717974319295848
6017.5,6.017499999999999,1.7742974319295968
6018.0,6.018000000000002,1.765033350375198
6018.5,6.018500000000004,1.76753335037521
6019.0,6.018999999999999,1.7700333503751864
6019.5,6.019500000000002,1.7609186221151418
6020.0,6.019999999999997,1.7634186221151182
6020.5,6.020499999999999,1.7659186221151302
6021.0,6.021000000000002,1.756945637261893
6021.5,6.021500000000004,1.759445637261905
6022.0,6.021999999999999,1.7619456372618814
6022.5,6.022500000000002,1.7531006100203683
6023.0,6.022999999999997,1.7556006100203447
6023.5,6.023499999999999,1.758100610020357
6024.0,6.024000000000002,1.749352988137538
6024.5,6.024499999999997,1.7518529881375144
6025.0,6.025,1.7543529881375264
6025.5,6.025500000000002,1.7456536031602354
6026.0,6.025999999999997,1.7481536031602118
6026.5,6.0265,1.7506536031602238
6027.0,6.027000000000002,1.7419650660081842
6027.5,6.027499999999997,1.7444650660081606
6028.0,6.028,1.7469650660081726
6028.5,6.028500000000002,1.7382210173775547
6029.0,6.028999999999997,1.7407210173775312
6029.5,6.0295,1.743221017377543
6030.0,6.030000000000002,1.7343743654471666
6030.5,6.030499999999997,1.736874365447143
6031.0,6.031,1.739374365447155
6031.5,6.031500000000002,1.730385348871053
6032.0,6.031999999999997,1.7328853488710294
6032.5,6.0325,1.7353853488710411
6033.0,6.033000000000002,1.7262433933377608
6033.5,6.033499999999997,1.7287433933377372
6034.0,6.034,1.7312433933377491
6034.5,6.034500000000002,1.721938745762159
6035.0,6.0349999999999975,1.7244387457621355
6035.5,6.0355,1.7269387457621477
6036.0,6.036000000000002,1.717465632512969
6036.5,6.0364999999999975,1.719965632512945
6037.0,6.037,1.7224656325129573
6037.5,6.037500000000002,1.7128337981580088
6038.0,6.037999999999998,1.7153337981579853
6038.5,6.0385,1.7178337981579972
6039.0,6.039000000000002,1.7080680862902398
6039.5,6.039499999999998,1.7105680862902162
6040.0,6.04,1.713068086290228
