Time (fs),Displacement (A),Force (eV/A)
0.0,0.0,0.0
0.5,0.0005000000000023874,0.002500000000011937
1.0,0.0009999999999976694,0.004929395613118004
1.5,0.0015000000000000568,0.007429395613129941
2.0,0.0020000000000024443,0.009929395613141878
2.5,0.0024999999999977263,0.012415108772927397
3.0,0.0030000000000001137,0.014915108772939334
3.5,0.003500000000002501,0.01741510877295127
4.0,0.003999999999997783,0.019952332185404487
4.5,0.0045000000000001705,0.022452332185416424
5.0,0.005000000000002558,0.02495233218542836
5.5,0.00549999999999784,0.02753936388192102
6.0,0.006000000000000227,0.030039363881932957
6.5,0.006500000000002615,0.032539363881944894
7.0,0.006999999999997897,0.03514443403496159
7.5,0.007500000000000284,0.03764443403497353
8.0,0.008000000000002672,0.040144434034985466
8.5,0.008499999999997954,0.0427531001430026
9.0,0.009000000000000341,0.045253100143014535
9.5,0.009500000000002728,0.04775310014302647
10.0,0.00999999999999801,0.05034407076468739
10.5,0.010500000000000398,0.052844070764699325
11.0,0.011000000000002785,0.05534407076471126
11.5,0.011499999999998067,0.0579012780822552
12.0,0.012000000000000455,0.06040127808226714
12.5,0.012500000000002842,0.06290127808227908
13.0,0.012999999999998124,0.06541498271310786
13.5,0.013500000000000512,0.0679149827131198
14.0,0.014000000000002899,0.07041498271313174
14.5,0.014499999999998181,0.07287195102360755
15.0,0.015000000000000568,0.07537195102361949
15.5,0.015500000000002956,0.07787195102363142
16.0,0.015999999999998238,0.08027260294092287
16.5,0.016500000000000625,0.0827726029409348
17.0,0.017000000000003013,0.08527260294094674
17.5,0.017499999999998295,0.08759581682479478
18.0,0.018000000000000682,0.09009581682480672
18.5,0.01850000000000307,0.09259581682481866
19.0,0.01899999999999835,0.0948558388137144
19.5,0.01950000000000074,0.09735583881372634
20.0,0.020000000000003126,0.09985583881373827
20.5,0.02049999999999841,0.10206863972449298
21.0,0.021000000000000796,0.10456863972450492
21.5,0.021500000000003183,0.10706863972451686
22.0,0.021999999999998465,0.10925980777901856
22.5,0.022500000000000853,0.1117598077790305
23.0,0.02300000000000324,0.11425980777904243
23.5,0.023499999999998522,0.11643048170267178
24.0,0.02400000000000091,0.11893048170268372
24.5,0.024500000000003297,0.12143048170269566
25.0,0.02499999999999858,0.12357759000028778
25.5,0.025500000000000966,0.12607759000029972
26.0,0.026000000000003354,0.12857759000031166
26.5,0.026499999999998636,0.1307081214396888
27.0,0.027000000000001023,0.13320812143970073
27.5,0.02750000000000341,0.13570812143971267
28.0,0.027999999999998693,0.13783972259496124
28.5,0.02850000000000108,0.14033972259497318
29.0,0.029000000000003467,0.14283972259498512
29.5,0.02949999999999875,0.1449743551759397
30.0,0.030000000000001137,0.14747435517595164
30.5,0.030500000000003524,0.14997435517596358
31.0,0.030999999999998806,0.152097090877632
31.5,0.031500000000001194,0.15459709087764395
32.0,0.031999999999996476,0.15709709087762036
32.5,0.03249999999999886,0.15923971236944112
33.0,0.03300000000000125,0.16173971236945306
33.5,0.03349999999999653,0.16423971236942947
34.0,0.03399999999999892,0.16641544421258203
34.5,0.03450000000000131,0.16891544421259397
35.0,0.03499999999999659,0.17141544421257038
35.5,0.03549999999999898,0.17363508073739098
36.0,0.036000000000001364,0.17613508073740292
36.5,0.036499999999996646,0.17863508073737933
37.0,0.036999999999999034,0.18093734479126766
37.5,0.03750000000000142,0.1834373447912796
38.0,0.0379999999999967,0.185937344791256
38.5,0.03849999999999909,0.18834535548062803
39.0,0.03900000000000148,0.19084535548063997
39.5,0.03949999999999676,0.19334535548061638
40.0,0.03999999999999915,0.19589020398964152
40.5,0.040500000000001535,0.19839020398965346
41.0,0.04099999999999682,0.20089020398962987
41.5,0.041499999999999204,0.2035765271899237
42.0,0.04200000000000159,0.20607652718993563
42.5,0.042499999999996874,0.20857652718991204
43.0,0.04299999999999926,0.21139693675223725
43.5,0.04350000000000165,0.2138969367522492
44.0,0.04399999999999693,0.2163969367522256
44.5,0.04449999999999932,0.21932241231308325
45.0,0.045000000000001705,0.22182241231309519
45.5,0.04549999999999699,0.2243224123130716
46.0,0.045999999999999375,0.22729754755616227
46.5,0.04650000000000176,0.2297975475561742
47.0,0.046999999999997044,0.23229754755615062
47.5,0.04749999999999943,0.2352910931866603
48.0,0.04800000000000182,0.23779109318667224
48.5,0.0484999999999971,0.24029109318664865
49.0,0.04899999999999949,0.2432708186758603
49.5,0.049500000000001876,0.24577081867587225
50.0,0.04999999999999716,0.24827081867584866
50.5,0.050499999999999545,0.2512294251222613
51.0,0.05100000000000193,0.25372942512227326
51.5,0.051499999999997215,0.25622942512224967
52.0,0.0519999999999996,0.25916026481645815
52.5,0.05250000000000199,0.2616602648164701
53.0,0.05299999999999727,0.2641602648164465
53.5,0.05349999999999966,0.26706509267309997
54.0,0.054000000000002046,0.2695650926731119
54.5,0.05449999999999733,0.2720650926730883
55.0,0.054999999999999716,0.27491373228155425
55.5,0.0555000000000021,0.2774137322815662
56.0,0.055999999999997385,0.2799137322815426
56.5,0.05649999999999977,0.28270900316137215
57.0,0.05700000000000216,0.2852090031613841
57.5,0.05749999999999744,0.2877090031613605
58.0,0.05799999999999983,0.29043319886636
58.5,0.05850000000000222,0.2929331988663719
59.0,0.0589999999999975,0.29543319886634833
59.5,0.059499999999999886,0.29806128638998786
60.0,0.060000000000002274,0.3005612863899998
60.5,0.060499999999997556,0.3030612863899762
61.0,0.06099999999999994,0.3055728830064197
61.5,0.06150000000000233,0.30807288300643165
62.0,0.06199999999999761,0.31057288300640806
62.5,0.0625,0.31293435716492013
63.0,0.06300000000000239,0.31543435716493207
63.5,0.06349999999999767,0.3179343571649085
64.0,0.06400000000000006,0.3201418253775401
64.5,0.06450000000000244,0.32264182537755204
65.0,0.06499999999999773,0.32514182537752845
65.5,0.06550000000000011,0.3271864716013795
66.0,0.0660000000000025,0.3296864716013914
66.5,0.06649999999999778,0.3321864716013678
67.0,0.06700000000000017,0.33410412623293695
67.5,0.06750000000000256,0.3366041262329489
68.0,0.06799999999999784,0.3391041262329253
68.5,0.06850000000000023,0.34089906299794137
69.0,0.06900000000000261,0.3433990629979533
69.5,0.0694999999999979,0.3458990629979297
70.0,0.07000000000000028,0.3475909730535065
70.5,0.07050000000000267,0.35009097305351844
71.0,0.07099999999999795,0.35259097305349485
71.5,0.07150000000000034,0.35421460789233805
72.0,0.07200000000000273,0.35671460789235
72.5,0.07249999999999801,0.3592146078923264
73.0,0.0730000000000004,0.3608070244464301
73.5,0.07350000000000279,0.36330702444644203
74.0,0.07399999999999807,0.36580702444641844
74.5,0.07450000000000045,0.36740117704621156
75.0,0.07500000000000284,0.3699011770462235
75.5,0.07549999999999812,0.3724011770461999
76.0,0.07600000000000051,0.37490117704621184
76.5,0.0765000000000029,0.37654451196157623
77.0,0.07699999999999818,0.37904451196155264
77.5,0.07750000000000057,0.3815445119615646
78.0,0.07800000000000296,0.38328811555455644
78.5,0.07849999999999824,0.38578811555453285
79.0,0.07900000000000063,0.3882881155545448
79.5,0.07950000000000301,0.39017987911488916
80.0,0.0799999999999983,0.39267987911486557
80.5,0.08050000000000068,0.3951798791148775
81.0,0.08100000000000307,0.3972251019822437
81.5,0.08149999999999835,0.3997251019822201
82.0,0.08200000000000074,0.40222510198223205
82.5,0.08250000000000313,0.40440459720802124
83.0,0.08299999999999841,0.40690459720799765
83.5,0.0835000000000008,0.4094045972080096
84.0,0.08400000000000318,0.41170865655168143
84.5,0.08449999999999847,0.41420865655165784
85.0,0.08500000000000085,0.4167086565516698
85.5,0.08550000000000324,0.41911203732190927
86.0,0.08599999999999852,0.4216120373218857
86.5,0.08650000000000091,0.4241120373218976
87.0,0.0870000000000033,0.4265563684014495
87.5,0.08749999999999858,0.4290563684014259
88.0,0.08800000000000097,0.43155636840143785
88.5,0.08850000000000335,0.4339884678695327
89.0,0.08899999999999864,0.4364884678695091
89.5,0.08950000000000102,0.43898846786952106
90.0,0.09000000000000341,0.44138549346676825
90.5,0.09049999999999869,0.44388549346674466
91.0,0.09100000000000108,0.4463854934667566
91.5,0.09150000000000347,0.4487216098197777
92.0,0.09199999999999875,0.4512216098197541
92.5,0.09250000000000114,0.45372160981976606
93.0,0.09300000000000352,0.4559612361915555
93.5,0.0934999999999988,0.4584612361915319
94.0,0.0940000000000012,0.46096123619154383
94.5,0.09449999999999648,0.4630877717498194
95.0,0.09499999999999886,0.46558777174983135
95.5,0.09550000000000125,0.4680877717498433
96.0,0.09599999999999653,0.4701135886994834
96.5,0.09649999999999892,0.4726135886994953
97.0,0.09700000000000131,0.47511358869950726
97.5,0.09749999999999659,0.4770409511889184
98.0,0.09799999999999898,0.47954095118893036
98.5,0.09850000000000136,0.4820409511889423
99.0,0.09899999999999665,0.48386207581256
99.5,0.09949999999999903,0.48636207581257196
100.0,0.10000000000000142,0.4888620758125839
100.5,0.1004999999999967,0.49057948635049087
101.0,0.10099999999999909,0.4930794863505028
101.5,0.10150000000000148,0.49557948635051474
102.0,0.10199999999999676,0.49720618607288714
102.5,0.10249999999999915,0.4997061860728991
103.0,0.10300000000000153,0.502206186072911
103.5,0.10349999999999682,0.5037596362803498
104.0,0.1039999999999992,0.5062596362803617
104.5,0.10450000000000159,0.5087596362803737
105.0,0.10499999999999687,0.5102656803403249
105.5,0.10549999999999926,0.5127656803403369
106.0,0.10600000000000165,0.5152656803403488
106.5,0.10649999999999693,0.5167756321619166
107.0,0.10699999999999932,0.5192756321619285
107.5,0.1075000000000017,0.5217756321619405
108.0,0.10799999999999699,0.5233175726054995
108.5,0.10849999999999937,0.5258175726055114
109.0,0.10900000000000176,0.5283175726055234
109.5,0.10949999999999704,0.5299278128677187
110.0,0.10999999999999943,0.5324278128677307
110.5,0.11050000000000182,0.5349278128677426
111.0,0.1109999999999971,0.5366656404538617
111.5,0.11149999999999949,0.5391656404538736
112.0,0.11200000000000188,0.5416656404538855
112.5,0.11249999999999716,0.5435834631094494
113.0,0.11299999999999955,0.5460834631094613
113.5,0.11350000000000193,0.5485834631094733
114.0,0.11399999999999721,0.5506939047141302
114.5,0.1144999999999996,0.5531939047141421
115.0,0.11500000000000199,0.555693904714154
115.5,0.11549999999999727,0.5579844067634454
116.0,0.11599999999999966,0.5604844067634573
116.5,0.11650000000000205,0.5629844067634693
117.0,0.11699999999999733,0.5654177272277039
117.5,0.11749999999999972,0.5679177272277158
118.0,0.1180000000000021,0.5704177272277278
118.5,0.11849999999999739,0.5729174982205976
119.0,0.11899999999999977,0.5754174982206095
119.5,0.11950000000000216,0.5779174982206214
120.0,0.11999999999999744,0.5804234018942012
120.5,0.12049999999999983,0.5829234018942131
121.0,0.12100000000000222,0.585423401894225
121.5,0.1214999999999975,0.5878769051228616
122.0,0.12199999999999989,0.5903769051228736
122.5,0.12250000000000227,0.5928769051228855
123.0,0.12299999999999756,0.5952637282763007
123.5,0.12349999999999994,0.5977637282763126
124.0,0.12400000000000233,0.6002637282763246
124.5,0.12449999999999761,0.6025822054130003
125.0,0.125,0.6050822054130123
125.5,0.1255000000000024,0.6075822054130242
126.0,0.12599999999999767,0.6098313399649768
126.5,0.12650000000000006,0.6123313399649888
127.0,0.12700000000000244,0.6148313399650007
127.5,0.12749999999999773,0.6170189958202243
128.0,0.1280000000000001,0.6195189958202363
128.5,0.1285000000000025,0.6220189958202482
129.0,0.12899999999999778,0.6241503705631501
129.5,0.12950000000000017,0.6266503705631621
130.0,0.13000000000000256,0.629150370563174
130.5,0.13049999999999784,0.6312194762778844
131.0,0.13100000000000023,0.6337194762778964
131.5,0.13150000000000261,0.6362194762779083
132.0,0.1319999999999979,0.6382389192384252
132.5,0.13250000000000028,0.6407389192384372
133.0,0.13300000000000267,0.6432389192384491
133.5,0.13349999999999795,0.6452279222652635
134.0,0.13400000000000034,0.6477279222652754
134.5,0.13450000000000273,0.6502279222652874
135.0,0.134999999999998,0.6522242475410067
135.5,0.1355000000000004,0.6547242475410187
136.0,0.13600000000000279,0.6572242475410306
136.5,0.13649999999999807,0.6592605717544942
137.0,0.13700000000000045,0.6617605717545061
137.5,0.13750000000000284,0.664260571754518
138.0,0.13799999999999812,0.6663652514968632
138.5,0.1385000000000005,0.6688652514968751
139.0,0.1390000000000029,0.6713652514968871
139.5,0.13949999999999818,0.6735675083546155
140.0,0.14000000000000057,0.6760675083546275
140.5,0.14050000000000296,0.6785675083546394
141.0,0.14099999999999824,0.6808836467082457
141.5,0.14150000000000063,0.6833836467082577
142.0,0.142000000000003,0.6858836467082696
142.5,0.1424999999999983,0.688322983068197
143.0,0.14300000000000068,0.6908229830682089
143.5,0.14350000000000307,0.6933229830682208
144.0,0.14399999999999835,0.6958775517757232
144.5,0.14450000000000074,0.6983775517757351
145.0,0.14500000000000313,0.7008775517757471
145.5,0.1454999999999984,0.7035376667770521
146.0,0.1460000000000008,0.706037666777064
146.5,0.14650000000000318,0.708537666777076
147.0,0.14699999999999847,0.71127239089531
147.5,0.14750000000000085,0.713772390895322
148.0,0.14800000000000324,0.7162723908953339
148.5,0.14849999999999852,0.719028330112792
149.0,0.1490000000000009,0.7215283301128039
149.5,0.1495000000000033,0.7240283301128159
150.0,0.14999999999999858,0.726758469093447
150.5,0.15050000000000097,0.7292584690934589
151.0,0.15100000000000335,0.7317584690934709
151.5,0.15149999999999864,0.7342584690934473
152.0,0.15200000000000102,0.7369289913939525
152.5,0.1525000000000034,0.7394289913939645
153.0,0.1529999999999987,0.7419289913939409
153.5,0.15350000000000108,0.7445218438196832
154.0,0.15400000000000347,0.7470218438196952
154.5,0.15449999999999875,0.7495218438196716
155.0,0.15500000000000114,0.7520391684160188
155.5,0.15550000000000352,0.7545391684160307
156.0,0.1559999999999988,0.7570391684160072
156.5,0.1565000000000012,0.7594849106667212
157.0,0.15699999999999648,0.7619849106666976
157.5,0.15749999999999886,0.7644849106667095
158.0,0.15800000000000125,0.7668510164251074
158.5,0.15849999999999653,0.7693510164250839
159.0,0.15899999999999892,0.7718510164250958
159.5,0.1595000000000013,0.7741729541974607
160.0,0.1599999999999966,0.7766729541974371
160.5,0.16049999999999898,0.779172954197449
161.0,0.16100000000000136,0.7814524598550321
161.5,0.16149999999999665,0.7839524598550085
162.0,0.16199999999999903,0.7864524598550204
162.5,0.16250000000000142,0.7886870792393097
163.0,0.1629999999999967,0.7911870792392861
163.5,0.1634999999999991,0.793687079239298
164.0,0.16400000000000148,0.7958795547565956
164.5,0.16449999999999676,0.798379554756572
165.0,0.16499999999999915,0.8008795547565839
165.5,0.16550000000000153,0.8030506918811398
166.0,0.16599999999999682,0.8055506918811162
166.5,0.1664999999999992,0.8080506918811281
167.0,0.1670000000000016,0.8102125802570725
167.5,0.16749999999999687,0.812712580257049
168.0,0.16799999999999926,0.8152125802570609
168.5,0.16850000000000165,0.8173937740568249
169.0,0.16899999999999693,0.8198937740568013
169.5,0.16949999999999932,0.8223937740568132
170.0,0.1700000000000017,0.8246157501434581
170.5,0.170499999999997,0.8271157501434345
171.0,0.17099999999999937,0.8296157501434465
171.5,0.17150000000000176,0.8319123263365213
172.0,0.17199999999999704,0.8344123263364978
172.5,0.17249999999999943,0.8369123263365097
173.0,0.17300000000000182,0.8392943287291033
173.5,0.1734999999999971,0.8417943287290797
174.0,0.1739999999999995,0.8442943287290916
174.5,0.17450000000000188,0.8467575819411266
175.0,0.17499999999999716,0.849257581941103
175.5,0.17549999999999955,0.851757581941115
176.0,0.17600000000000193,0.8543021490518399
176.5,0.17649999999999721,0.8568021490518163
177.0,0.1769999999999996,0.8593021490518282
177.5,0.177500000000002,0.861885522662611
178.0,0.17799999999999727,0.8643855226625874
178.5,0.17849999999999966,0.8668855226625993
179.0,0.17900000000000205,0.8694523883032446
179.5,0.17949999999999733,0.871952388303221
180.0,0.17999999999999972,0.8744523883032329
180.5,0.1805000000000021,0.8769857652244184
181.0,0.18099999999999739,0.8794857652243948
181.5,0.18149999999999977,0.8819857652244067
182.0,0.18200000000000216,0.8844603360295267
182.5,0.18249999999999744,0.8869603360295031
183.0,0.18299999999999983,0.889460336029515
183.5,0.18350000000000222,0.8918880974119858
184.0,0.1839999999999975,0.8943880974119622
184.5,0.1844999999999999,0.8968880974119742
185.0,0.18500000000000227,0.8992758396122014
185.5,0.18549999999999756,0.9017758396121778
186.0,0.18599999999999994,0.9042758396121897
186.5,0.18650000000000233,0.9066211384375222
187.0,0.1869999999999976,0.9091211384374986
187.5,0.1875,0.9116211384375106
188.0,0.1880000000000024,0.9139332675222889
188.5,0.18849999999999767,0.9164332675222653
189.0,0.18900000000000006,0.9189332675222772
189.5,0.18950000000000244,0.9212276009166231
190.0,0.18999999999999773,0.9237276009165996
190.5,0.1905000000000001,0.9262276009166115
191.0,0.1910000000000025,0.9285105817146189
191.5,0.19149999999999778,0.9310105817145953
192.0,0.19200000000000017,0.9335105817146072
192.5,0.19250000000000256,0.9357998937483103
193.0,0.19299999999999784,0.9382998937482867
193.5,0.19350000000000023,0.9407998937482986
194.0,0.19400000000000261,0.9430950806878258
194.5,0.1944999999999979,0.9455950806878022
195.0,0.19500000000000028,0.9480950806878141
195.5,0.19550000000000267,0.9504127756304115
196.0,0.19599999999999795,0.9529127756303879
196.5,0.19650000000000034,0.9554127756303998
197.0,0.19700000000000273,0.9577591554937115
197.5,0.197499999999998,0.9602591554936879
198.0,0.1980000000000004,0.9627591554936998
198.5,0.19850000000000279,0.9651573447441564
199.0,0.19899999999999807,0.9676573447441328
199.5,0.19950000000000045,0.9701573447441447
200.0,0.20000000000000284,0.9726205768512841
200.5,0.20049999999999812,0.9751205768512605
201.0,0.2010000000000005,0.9776205768512725
201.5,0.2015000000000029,0.9801423127416697
202.0,0.20199999999999818,0.9826423127416462
202.5,0.20250000000000057,0.9851423127416581
203.0,0.20300000000000296,0.9877264911985151
203.5,0.20349999999999824,0.9902264911984915
204.0,0.20400000000000063,0.9927264911985034
204.5,0.204500000000003,0.9953607772260042
205.0,0.2049999999999983,0.9978607772259807
205.5,0.20550000000000068,1.0003607772259926
206.0,0.20600000000000307,1.0030430966514103
206.5,0.20649999999999835,1.0055430966513867
207.0,0.20700000000000074,1.0080430966513987
207.5,0.20750000000000313,1.0107602607416055
208.0,0.2079999999999984,1.013260260741582
208.5,0.2085000000000008,1.0157602607415939
209.0,0.20900000000000318,1.018500689200117
209.5,0.20949999999999847,1.0210006892000933
210.0,0.21000000000000085,1.0235006892001053
210.5,0.21050000000000324,1.0262394189729562
211.0,0.21099999999999852,1.0287394189729326
211.5,0.2115000000000009,1.0312394189729446
212.0,0.2120000000000033,1.0339605331419577
212.5,0.21249999999999858,1.036460533141934
213.0,0.21300000000000097,1.038960533141946
213.5,0.21350000000000335,1.0416567288998735
214.0,0.21399999999999864,1.04415672889985
214.5,0.21450000000000102,1.0466567288998618
215.0,0.2150000000000034,1.0493189700731875
215.5,0.2154999999999987,1.051818970073164
216.0,0.21600000000000108,1.0543189700731759
216.5,0.21650000000000347,1.0569294635360649
217.0,0.21699999999999875,1.0594294635360413
217.5,0.21750000000000114,1.0619294635360532
218.0,0.21800000000000352,1.0645087555092303
218.5,0.2184999999999988,1.0670087555092067
219.0,0.2190000000000012,1.0695087555092186
219.5,0.21949999999999648,1.0720595146229783
220.0,0.21999999999999886,1.0745595146229903
220.5,0.22050000000000125,1.0770595146230022
221.0,0.22099999999999653,1.07958296641943
221.5,0.22149999999999892,1.082082966419442
222.0,0.2220000000000013,1.084582966419454
222.5,0.2224999999999966,1.0870709013711277
223.0,0.22299999999999898,1.0895709013711397
223.5,0.22350000000000136,1.0920709013711516
224.0,0.22399999999999665,1.0945184971140876
224.5,0.22449999999999903,1.0970184971140995
225.0,0.22500000000000142,1.0995184971141114
225.5,0.2254999999999967,1.10190134306702
226.0,0.2259999999999991,1.1044013430670319
226.5,0.22650000000000148,1.1069013430670438
227.0,0.22699999999999676,1.1094013430670202
227.5,0.22749999999999915,1.1117266944405202
228.0,0.22800000000000153,1.1142266944405321
228.5,0.22849999999999682,1.1167266944405085
229.0,0.2289999999999992,1.119016603907923
229.5,0.2295000000000016,1.121516603907935
230.0,0.22999999999999687,1.1240166039079114
230.5,0.23049999999999926,1.1262789342207924
231.0,0.23100000000000165,1.1287789342208043
231.5,0.23149999999999693,1.1312789342207807
232.0,0.23199999999999932,1.133524258167391
232.5,0.2325000000000017,1.136024258167403
233.0,0.232999999999997,1.1385242581673793
233.5,0.23349999999999937,1.140775707322348
234.0,0.23400000000000176,1.1432757073223598
234.5,0.23449999999999704,1.1457757073223362
235.0,0.23499999999999943,1.148015714148194
235.5,0.23550000000000182,1.1505157141482059
236.0,0.2359999999999971,1.1530157141481823
236.5,0.2364999999999995,1.1552530344252432
237.0,0.23700000000000188,1.1577530344252551
237.5,0.23749999999999716,1.1602530344252315
238.0,0.23799999999999955,1.1624772006145179
238.5,0.23850000000000193,1.1649772006145298
239.0,0.23899999999999721,1.1674772006145062
239.5,0.2394999999999996,1.1697048723271664
240.0,0.240000000000002,1.1722048723271783
240.5,0.24049999999999727,1.1747048723271547
241.0,0.24099999999999966,1.1769482124137909
241.5,0.24150000000000205,1.1794482124138028
242.0,0.24199999999999733,1.1819482124137792
242.5,0.24249999999999972,1.1842298366676118
243.0,0.2430000000000021,1.1867298366676238
243.5,0.24349999999999739,1.1892298366676002
244.0,0.24399999999999977,1.1915917010006893
244.5,0.24450000000000216,1.1940917010007013
245.0,0.24499999999999744,1.1965917010006777
245.5,0.24549999999999983,1.1990379826288944
246.0,0.24600000000000222,1.2015379826289063
246.5,0.2464999999999975,1.2040379826288827
247.0,0.2469999999999999,1.2065672532230565
247.5,0.24750000000000227,1.2090672532230684
248.0,0.24799999999999756,1.2115672532230448
248.5,0.24849999999999994,1.2141824351636998
249.0,0.24900000000000233,1.2166824351637118
249.5,0.2494999999999976,1.2191824351636882
250.0,0.25,1.2218832410442104
250.5,0.2505000000000024,1.2243832410442224
251.0,0.25099999999999767,1.2268832410441988
251.5,0.25150000000000006,1.2296648674977817
252.0,0.25200000000000244,1.2321648674977936
252.5,0.2524999999999977,1.23466486749777
253.0,0.2530000000000001,1.237527790508075
253.5,0.2535000000000025,1.240027790508087
254.0,0.2539999999999978,1.2425277905080634
254.5,0.25450000000000017,1.2454402933016695
255.0,0.25500000000000256,1.2479402933016814
255.5,0.25549999999999784,1.2504402933016578
256.0,0.2560000000000002,1.2533871254031226
256.5,0.2565000000000026,1.2558871254031345
257.0,0.2569999999999979,1.258387125403111
257.5,0.2575000000000003,1.2613591764550947
258.0,0.25800000000000267,1.2638591764551066
258.5,0.25849999999999795,1.266359176455083
259.0,0.25900000000000034,1.2693279748386743
259.5,0.25950000000000273,1.2718279748386863
260.0,0.259999999999998,1.2743279748386627
260.5,0.2605000000000004,1.2772639891728232
261.0,0.2610000000000028,1.2797639891728352
261.5,0.26149999999999807,1.2822639891728116
262.0,0.26200000000000045,1.285160841840245
262.5,0.26250000000000284,1.2876608418402569
263.0,0.2629999999999981,1.2901608418402333
263.5,0.2635000000000005,1.2930040892083738
264.0,0.2640000000000029,1.2955040892083858
264.5,0.2644999999999982,1.2980040892083622
265.0,0.26500000000000057,1.300785806846605
265.5,0.26550000000000296,1.3032858068466169
266.0,0.26599999999999824,1.3057858068465933
266.5,0.2665000000000006,1.3085063301269528
267.0,0.267000000000003,1.3110063301269648
267.5,0.2674999999999983,1.3135063301269412
268.0,0.2680000000000007,1.3161588366605415
268.5,0.26850000000000307,1.3186588366605534
269.0,0.26899999999999835,1.3211588366605298
269.5,0.26950000000000074,1.3237375366142246
270.0,0.2700000000000031,1.3262375366142365
270.5,0.2704999999999984,1.328737536614213
271.0,0.2710000000000008,1.3312629738292259
271.5,0.2715000000000032,1.3337629738292378
272.0,0.27199999999999847,1.3362629738292142
272.5,0.27250000000000085,1.338741234492602
273.0,0.27300000000000324,1.341241234492614
273.5,0.2734999999999985,1.3437412344925903
274.0,0.2740000000000009,1.3461829851464913
274.5,0.2745000000000033,1.3486829851465032
275.0,0.2749999999999986,1.3511829851464796
275.5,0.27550000000000097,1.3536102082250778
276.0,0.27600000000000335,1.3561102082250898
276.5,0.27649999999999864,1.3586102082250662
277.0,0.277000000000001,1.3610401349032486
277.5,0.2775000000000034,1.3635401349032605
278.0,0.2779999999999987,1.366040134903237
278.5,0.2785000000000011,1.3684955776702168
279.0,0.27900000000000347,1.3709955776702287
279.5,0.27949999999999875,1.3734955776702051
280.0,0.28000000000000114,1.375997520755874
280.5,0.2805000000000035,1.3784975207558858
281.0,0.2809999999999988,1.3809975207558622
281.5,0.2815000000000012,1.3835610838737722
282.0,0.2819999999999965,1.3860610838737486
282.5,0.28249999999999886,1.3885610838737605
283.0,0.28300000000000125,1.3912104323588892
283.5,0.28349999999999653,1.3937104323588656
284.0,0.2839999999999989,1.3962104323588775
284.5,0.2845000000000013,1.3989533156657075
285.0,0.2849999999999966,1.4014533156656839
285.5,0.285499999999999,1.4039533156656958
286.0,0.28600000000000136,1.406795455939296
286.5,0.28649999999999665,1.4092954559392723
287.0,0.28699999999999903,1.4117954559392842
287.5,0.2875000000000014,1.4147166919574516
288.0,0.2879999999999967,1.417216691957428
288.5,0.2884999999999991,1.41971669195744
289.0,0.2890000000000015,1.4226974814705073
289.5,0.28949999999999676,1.4251974814704838
290.0,0.28999999999999915,1.4276974814704957
290.5,0.29050000000000153,1.430711752386955
291.0,0.2909999999999968,1.4332117523869314
291.5,0.2914999999999992,1.4357117523869434
292.0,0.2920000000000016,1.4387284369032471
292.5,0.2924999999999969,1.4412284369032236
293.0,0.29299999999999926,1.4437284369032355
293.5,0.29350000000000165,1.4467255076865015
294.0,0.29399999999999693,1.449225507686478
294.5,0.2944999999999993,1.45172550768649
295.0,0.2950000000000017,1.454690815773212
295.5,0.295499999999997,1.4571908157731883
296.0,0.2959999999999994,1.4596908157732003
296.5,0.29650000000000176,1.4625814891298106
297.0,0.29699999999999704,1.465081489129787
297.5,0.29749999999999943,1.467581489129799
298.0,0.2980000000000018,1.470383126266448
298.5,0.2984999999999971,1.4728831262664244
299.0,0.2989999999999995,1.4753831262664363
299.5,0.2995000000000019,1.4780635334489745
300.0,0.29999999999999716,1.4805635334489509
300.5,0.30049999999999955,1.4830635334489628
301.0,0.30100000000000193,1.4856398269562376
301.5,0.3014999999999972,1.488139826956214
302.0,0.3019999999999996,1.490639826956226
302.5,0.302500000000002,1.493139826956238
303.0,0.30299999999999727,1.4956516228009775
303.5,0.30349999999999966,1.4981516228009895
304.0,0.30400000000000205,1.5006516228010014
304.5,0.30449999999999733,1.5031126873070022
305.0,0.3049999999999997,1.5056126873070141
305.5,0.3055000000000021,1.508112687307026
306.0,0.3059999999999974,1.5105413638243448
306.5,0.3064999999999998,1.5130413638243567
307.0,0.30700000000000216,1.5155413638243687
307.5,0.30749999999999744,1.5179431178025737
308.0,0.30799999999999983,1.5204431178025857
308.5,0.3085000000000022,1.5229431178025976
309.0,0.3089999999999975,1.5253200788548327
309.5,0.3094999999999999,1.5278200788548446
310.0,0.3100000000000023,1.5303200788548565
310.5,0.31049999999999756,1.5326740009143691
311.0,0.31099999999999994,1.535174000914381
311.5,0.31150000000000233,1.537674000914393
312.0,0.3119999999999976,1.5400143482392181
312.5,0.3125,1.54251434823923
313.0,0.3130000000000024,1.545014348239242
313.5,0.31349999999999767,1.547342965013705
314.0,0.31400000000000006,1.5498429650137169
314.5,0.31450000000000244,1.5523429650137288
315.0,0.3149999999999977,1.5546868046692452
315.5,0.3155000000000001,1.5571868046692572
316.0,0.3160000000000025,1.5596868046692691
316.5,0.3164999999999978,1.5620692172203121
317.0,0.31700000000000017,1.564569217220324
317.5,0.31750000000000256,1.567069217220336
318.0,0.31799999999999784,1.5695168577713758
318.5,0.3185000000000002,1.5720168577713878
319.0,0.3190000000000026,1.5745168577713997
319.5,0.3194999999999979,1.5770371835045438
320.0,0.3200000000000003,1.5795371835045557
320.5,0.32050000000000267,1.5820371835045677
321.0,0.32099999999999795,1.584634950146615
321.5,0.32150000000000034,1.587134950146627
322.0,0.32200000000000273,1.589634950146639
322.5,0.322499999999998,1.5923158141644222
323.0,0.3230000000000004,1.5948158141644342
323.5,0.3235000000000028,1.5973158141644461
324.0,0.32399999999999807,1.600076654078464
324.5,0.32450000000000045,1.6025766540784758
325.0,0.32500000000000284,1.6050766540784878
325.5,0.3254999999999981,1.6079026885455505
326.0,0.3260000000000005,1.6104026885455625
326.5,0.3265000000000029,1.6129026885455744
327.0,0.3269999999999982,1.6157875631388308
327.5,0.32750000000000057,1.6182875631388427
328.0,0.32800000000000296,1.6207875631388546
328.5,0.32849999999999824,1.6236894311584749
329.0,0.3290000000000006,1.6261894311584868
329.5,0.329500000000003,1.6286894311584987
330.0,0.3299999999999983,1.6315768429614153
330.5,0.3305000000000007,1.6340768429614272
331.0,0.33100000000000307,1.6365768429614391
331.5,0.33149999999999835,1.6394158036504436
332.0,0.33200000000000074,1.6419158036504555
332.5,0.3325000000000031,1.6444158036504675
333.0,0.3329999999999984,1.6471942645142335
333.5,0.3335000000000008,1.6496942645142454
334.0,0.3340000000000032,1.6521942645142573
334.5,0.33449999999999847,1.654922208759828
335.0,0.33500000000000085,1.65742220875984
335.5,0.33550000000000324,1.659922208759852
336.0,0.3359999999999985,1.6625914904683725
336.5,0.3365000000000009,1.6650914904683844
337.0,0.3370000000000033,1.6675914904683964
337.5,0.3374999999999986,1.6702260337975972
338.0,0.33800000000000097,1.672726033797609
338.5,0.33850000000000335,1.675226033797621
339.0,0.33899999999999864,1.6778407423043973
339.5,0.339500000000001,1.6803407423044092
340.0,0.3400000000000034,1.6828407423044212
340.5,0.3404999999999987,1.6854582080129532
341.0,0.3410000000000011,1.6879582080129651
341.5,0.34150000000000347,1.690458208012977
342.0,0.34199999999999875,1.6930938206494517
342.5,0.34250000000000114,1.6955938206494636
343.0,0.3430000000000035,1.6980938206494756
343.5,0.3434999999999988,1.7007420902990944
344.0,0.3440000000000012,1.7032420902991063
344.5,0.3444999999999965,1.7057420902990827
345.0,0.34499999999999886,1.7084113863063521
345.5,0.34550000000000125,1.710911386306364
346.0,0.34599999999999653,1.7134113863063405
346.5,0.3464999999999989,1.7160989087567913
347.0,0.3470000000000013,1.7185989087568032
347.5,0.3474999999999966,1.7210989087567796
348.0,0.347999999999999,1.7238244530354407
348.5,0.34850000000000136,1.7263244530354527
349.0,0.34899999999999665,1.728824453035429
349.5,0.34949999999999903,1.7316027025893987
350.0,0.3500000000000014,1.7341027025894107
350.5,0.3504999999999967,1.736602702589387
351.0,0.3509999999999991,1.7394464327568215
351.5,0.3515000000000015,1.7419464327568335
352.0,0.35199999999999676,1.7444464327568099
352.5,0.35249999999999915,1.7473718773913305
353.0,0.35300000000000153,1.7498718773913424
353.5,0.3534999999999968,1.7523718773913188
354.0,0.3539999999999992,1.755386038193265
354.5,0.3545000000000016,1.757886038193277
355.0,0.3549999999999969,1.7603860381932535
355.5,0.35549999999999926,1.7634890772965406
356.0,0.35600000000000165,1.7659890772965525
356.5,0.35649999999999693,1.768489077296529
357.0,0.3569999999999993,1.7716823867678144
357.5,0.3575000000000017,1.7741823867678264
358.0,0.357999999999997,1.7766823867678028
358.5,0.3584999999999994,1.779939025821129
359.0,0.35900000000000176,1.7824390258211409
359.5,0.35949999999999704,1.7849390258211173
360.0,0.35999999999999943,1.7882321341833674
360.5,0.3605000000000018,1.7907321341833793
361.0,0.3609999999999971,1.7932321341833557
361.5,0.3614999999999995,1.7965277608466224
362.0,0.3620000000000019,1.7990277608466343
362.5,0.36249999999999716,1.8015277608466107
363.0,0.36299999999999955,1.8048142773137954
363.5,0.36350000000000193,1.8073142773138073
364.0,0.3639999999999972,1.8098142773137837
364.5,0.3644999999999996,1.8130722991003267
365.0,0.365000000000002,1.8155722991003387
365.5,0.36549999999999727,1.818072299100315
366.0,0.36599999999999966,1.8212566470787195
366.5,0.36650000000000205,1.8237566470787314
367.0,0.36699999999999733,1.8262566470787078
367.5,0.3674999999999997,1.829338855456193
368.0,0.3680000000000021,1.8318388554562048
368.5,0.3684999999999974,1.8343388554561812
369.0,0.3689999999999998,1.8373009673959828
369.5,0.36950000000000216,1.8398009673959947
370.0,0.36999999999999744,1.8423009673959712
370.5,0.37049999999999983,1.8451307019077845
371.0,0.3710000000000022,1.8476307019077964
371.5,0.3714999999999975,1.8501307019077728
372.0,0.3719999999999999,1.8528353054731994
372.5,0.3725000000000023,1.8553353054732113
373.0,0.37299999999999756,1.8578353054731878
373.5,0.37349999999999994,1.8604187755132173
374.0,0.37400000000000233,1.8629187755132293
374.5,0.3744999999999976,1.8654187755132057
375.0,0.375,1.8678946410173936
375.5,0.3755000000000024,1.8703946410174055
376.0,0.37599999999999767,1.872894641017382
376.5,0.37650000000000006,1.8752659503264013
377.0,0.37700000000000244,1.8777659503264132
377.5,0.3774999999999977,1.8802659503263897
378.0,0.3780000000000001,1.8827659503264016
378.5,0.3785000000000025,1.8850397196657198
379.0,0.3789999999999978,1.8875397196656962
379.5,0.37950000000000017,1.8900397196657082
380.0,0.38000000000000256,1.892231382770042
380.5,0.38049999999999784,1.8947313827700185
381.0,0.3810000000000002,1.8972313827700305
381.5,0.3815000000000026,1.8993514108460374
382.0,0.3819999999999979,1.9018514108460138
382.5,0.3825000000000003,1.9043514108460258
383.0,0.38300000000000267,1.90643546385445
383.5,0.38349999999999795,1.9089354638544265
384.0,0.38400000000000034,1.9114354638544384
384.5,0.38450000000000273,1.91351721849081
385.0,0.384999999999998,1.9160172184907864
385.5,0.3855000000000004,1.9185172184907984
386.0,0.3860000000000028,1.9206271796166163
386.5,0.38649999999999807,1.9231271796165927
387.0,0.38700000000000045,1.9256271796166047
387.5,0.38750000000000284,1.9277852158134934
388.0,0.3879999999999981,1.9302852158134698
388.5,0.3885000000000005,1.9327852158134817
389.0,0.3890000000000029,1.9350320551082234
389.5,0.3894999999999982,1.9375320551081998
390.0,0.39000000000000057,1.9400320551082118
390.5,0.39050000000000296,1.9423750735441558
391.0,0.39099999999999824,1.9448750735441322
391.5,0.3915000000000006,1.9473750735441442
392.0,0.392000000000003,1.9498286815031918
392.5,0.3924999999999983,1.9523286815031682
393.0,0.3930000000000007,1.9548286815031801
393.5,0.39350000000000307,1.9574044395546153
394.0,0.39399999999999835,1.9599044395545917
394.5,0.39450000000000074,1.9624044395546036
395.0,0.3950000000000031,1.9651148931329487
395.5,0.3954999999999984,1.9676148931329251
396.0,0.3960000000000008,1.970114893132937
396.5,0.3965000000000032,1.972968421362289
397.0,0.39699999999999847,1.9754684213622653
397.5,0.39750000000000085,1.9779684213622772
398.0,0.39800000000000324,1.9809506192548199
398.5,0.3984999999999985,1.9834506192547963
399.0,0.3990000000000009,1.9859506192548082
399.5,0.3995000000000033,1.9890298630003045
400.0,0.3999999999999986,1.991529863000281
400.5,0.40050000000000097,1.9940298630002928
401.0,0.40100000000000335,1.997172172212558
401.5,0.40149999999999864,1.9996721722125343
402.0,0.402000000000001,2.0021721722125463
402.5,0.4025000000000034,2.0053214093017857
403.0,0.4029999999999987,2.007821409301762
403.5,0.4035000000000011,2.010321409301774
404.0,0.40400000000000347,2.0134011945893704
404.5,0.40449999999999875,2.015901194589347
405.0,0.40500000000000114,2.0184011945893587
405.5,0.4055000000000035,2.021377251051888
406.0,0.4059999999999988,2.0238772510518643
406.5,0.4065000000000012,2.0263772510518763
407.0,0.4069999999999965,2.0292377204382817
407.5,0.40749999999999886,2.0317377204382936
408.0,0.40800000000000125,2.0342377204383055
408.5,0.40849999999999653,2.037003170977698
409.0,0.4089999999999989,2.03950317097771
409.5,0.4095000000000013,2.042003170977722
410.0,0.4099999999999966,2.044686567613212
410.5,0.410499999999999,2.047186567613224
411.0,0.41100000000000136,2.049686567613236
411.5,0.41149999999999665,2.0523139535603008
412.0,0.41199999999999903,2.0548139535603127
412.5,0.4125000000000014,2.0573139535603246
413.0,0.4129999999999967,2.0599084387397326
413.5,0.4134999999999991,2.0624084387397446
414.0,0.4140000000000015,2.0649084387397565
414.5,0.41449999999999676,2.067478959665756
415.0,0.41499999999999915,2.069978959665768
415.5,0.41550000000000153,2.07247895966578
416.0,0.4159999999999968,2.075039531310523
416.5,0.4164999999999992,2.077539531310535
417.0,0.4170000000000016,2.080039531310547
417.5,0.4174999999999969,2.082595940996832
418.0,0.41799999999999926,2.085095940996844
418.5,0.41850000000000165,2.087595940996856
419.0,0.41899999999999693,2.0901507612947157
419.5,0.4194999999999993,2.0926507612947276
420.0,0.4200000000000017,2.0951507612947395
420.5,0.420499999999997,2.0977357507558736
421.0,0.4209999999999994,2.1002357507558855
421.5,0.42150000000000176,2.1027357507558975
422.0,0.42199999999999704,2.105383616305012
422.5,0.42249999999999943,2.107883616305024
423.0,0.4230000000000018,2.110383616305036
423.5,0.4234999999999971,2.1131223881824113
424.0,0.4239999999999995,2.115622388182423
424.5,0.4245000000000019,2.118122388182435
425.0,0.42499999999999716,2.1209899876197724
425.5,0.42549999999999955,2.1234899876197844
426.0,0.42600000000000193,2.1259899876197963
426.5,0.4264999999999972,2.1290008187442666
427.0,0.4269999999999996,2.1315008187442785
427.5,0.427500000000002,2.1340008187442905
428.0,0.42799999999999727,2.1371274764787884
428.5,0.42849999999999966,2.1396274764788004
429.0,0.42900000000000205,2.1421274764788123
429.5,0.42949999999999733,2.1453546411624203
430.0,0.4299999999999997,2.147854641162432
430.5,0.4305000000000021,2.150354641162444
431.0,0.4309999999999974,2.1536494372785597
431.5,0.4314999999999998,2.1561494372785717
432.0,0.43200000000000216,2.1586494372785836
432.5,0.43249999999999744,2.1619774403309577
433.0,0.43299999999999983,2.1644774403309697
433.5,0.4335000000000022,2.1669774403309816
434.0,0.4339999999999975,2.1702923940768315
434.5,0.4344999999999999,2.1727923940768434
435.0,0.4350000000000023,2.1752923940768554
435.5,0.43549999999999756,2.178547940361071
436.0,0.43599999999999994,2.1810479403610827
436.5,0.43650000000000233,2.1835479403610947
437.0,0.4369999999999976,2.1866862509626728
437.5,0.4375,2.1891862509626847
438.0,0.4380000000000024,2.1916862509626966
438.5,0.43849999999999767,2.1946829126484246
439.0,0.43900000000000006,2.1971829126484366
439.5,0.43950000000000244,2.1996829126484485
440.0,0.4399999999999977,2.2025214375483415
440.5,0.4405000000000001,2.2050214375483534
441.0,0.4410000000000025,2.2075214375483654
441.5,0.4414999999999978,2.21020897465916
442.0,0.44200000000000017,2.212708974659172
442.5,0.44250000000000256,2.215208974659184
443.0,0.44299999999999784,2.217755707182043
443.5,0.4435000000000002,2.220255707182055
444.0,0.4440000000000026,2.222755707182067
444.5,0.4444999999999979,2.2251797413844443
445.0,0.4450000000000003,2.2276797413844562
445.5,0.44550000000000267,2.230179741384468
446.0,0.44599999999999795,2.232535374043394
446.5,0.44650000000000034,2.235035374043406
447.0,0.44700000000000273,2.237535374043418
447.5,0.447499999999998,2.2398386325478015
448.0,0.4480000000000004,2.2423386325478134
448.5,0.4485000000000028,2.2448386325478253
449.0,0.44899999999999807,2.2471052037830574
449.5,0.44950000000000045,2.2496052037830694
450.0,0.45000000000000284,2.2521052037830813
450.5,0.4504999999999981,2.254360209363213
451.0,0.4510000000000005,2.256860209363225
451.5,0.4515000000000029,2.259360209363237
452.0,0.4519999999999982,2.2616425235009885
452.5,0.45250000000000057,2.2641425235010004
453.0,0.45300000000000296,2.2666425235010124
453.5,0.45349999999999824,2.2691425235009888
454.0,0.4540000000000006,2.27147726816586
454.5,0.454500000000003,2.273977268165872
455.0,0.4549999999999983,2.2764772681658485
455.5,0.4555000000000007,2.278873679771607
456.0,0.45600000000000307,2.281373679771619
456.5,0.45649999999999835,2.2838736797715953
457.0,0.45700000000000074,2.2863410694142416
457.5,0.4575000000000031,2.2888410694142536
458.0,0.4579999999999984,2.29134106941423
458.5,0.4585000000000008,2.2938978428681978
459.0,0.4590000000000032,2.2963978428682097
459.5,0.45949999999999847,2.298897842868186
460.0,0.46000000000000085,2.3015271331399134
460.5,0.46050000000000324,2.3040271331399254
461.0,0.4609999999999985,2.3065271331399018
461.5,0.4615000000000009,2.309196574323664
462.0,0.4620000000000033,2.311696574323676
462.5,0.4624999999999986,2.3141965743236526
463.0,0.46300000000000097,2.3168931093813683
463.5,0.46350000000000335,2.31939310938138
464.0,0.46399999999999864,2.3218931093813566
464.5,0.464500000000001,2.324610598176342
465.0,0.4650000000000034,2.327110598176354
465.5,0.4654999999999987,2.3296105981763304
466.0,0.4660000000000011,2.3323245890236777
466.5,0.46650000000000347,2.3348245890236896
467.0,0.46699999999999875,2.337324589023666
467.5,0.46750000000000114,2.3400241577869707
468.0,0.4680000000000035,2.3425241577869826
468.5,0.4684999999999988,2.345024157786959
469.0,0.4690000000000012,2.3477010305064994
469.5,0.4694999999999965,2.3502010305064758
470.0,0.46999999999999886,2.3527010305064877
470.5,0.47050000000000125,2.3553386866276327
471.0,0.47099999999999653,2.357838686627609
471.5,0.4714999999999989,2.360338686627621
472.0,0.4720000000000013,2.362913186239197
472.5,0.4724999999999966,2.3654131862391736
473.0,0.472999999999999,2.3679131862391856
473.5,0.47350000000000136,2.3704188717836416
474.0,0.47399999999999665,2.372918871783618
474.5,0.47449999999999903,2.37541887178363
475.0,0.4750000000000014,2.377838066003619
475.5,0.4754999999999967,2.3803380660035955
476.0,0.4759999999999991,2.3828380660036075
476.5,0.4765000000000015,2.3851937483265218
477.0,0.47699999999999676,2.387693748326498
477.5,0.47749999999999915,2.39019374832651
478.0,0.47800000000000153,2.3924982904302183
478.5,0.4784999999999968,2.3949982904301947
479.0,0.4789999999999992,2.3974982904302067
479.5,0.4795000000000016,2.39975413957378
480.0,0.4799999999999969,2.402254139573756
480.5,0.48049999999999926,2.404754139573768
481.0,0.48100000000000165,2.406972920863879
481.5,0.48149999999999693,2.4094729208638554
482.0,0.4819999999999993,2.4119729208638674
482.5,0.4825000000000017,2.414164671722112
483.0,0.482999999999997,2.4166646717220885
483.5,0.4834999999999994,2.4191646717221005
484.0,0.48400000000000176,2.4213297419083446
484.5,0.48449999999999704,2.423829741908321
485.0,0.48499999999999943,2.426329741908333
485.5,0.4855000000000018,2.428475298045818
486.0,0.4859999999999971,2.4309752980457944
486.5,0.4864999999999995,2.4334752980458063
487.0,0.4870000000000019,2.435603716991004
487.5,0.48749999999999716,2.4381037169909803
488.0,0.48799999999999955,2.440603716990992
488.5,0.48850000000000193,2.4427068343989333
489.0,0.4889999999999972,2.4452068343989097
489.5,0.4894999999999996,2.4477068343989217
490.0,0.490000000000002,2.4497978334068904
490.5,0.49049999999999727,2.452297833406867
491.0,0.49099999999999966,2.4547978334068787
491.5,0.49150000000000205,2.4568810400495167
492.0,0.49199999999999733,2.459381040049493
492.5,0.4924999999999997,2.461881040049505
493.0,0.4930000000000021,2.463967474125397
493.5,0.4934999999999974,2.4664674741253734
494.0,0.4939999999999998,2.4689674741253853
494.5,0.49450000000000216,2.4710715094790814
495.0,0.49499999999999744,2.473571509479058
495.5,0.49549999999999983,2.4760715094790697
496.0,0.4960000000000022,2.4781804697888177
496.5,0.4964999999999975,2.480680469788794
497.0,0.4969999999999999,2.483180469788806
497.5,0.4975000000000023,2.485324209693438
498.0,0.49799999999999756,2.4878242096934144
498.5,0.49849999999999994,2.4903242096934264
499.0,0.49900000000000233,2.492520060076231
499.5,0.4994999999999976,2.4950200600762074
500.0,0.5,2.4975200600762193
500.5,0.5005000000000024,2.4997637850591303
501.0,0.5009999999999977,2.5022637850591067
501.5,0.5015000000000001,2.5047637850591187
502.0,0.5020000000000024,2.5070783946924635
502.5,0.5024999999999977,2.50957839469244
503.0,0.5030000000000001,2.512078394692452
503.5,0.5035000000000025,2.514464801201015
504.0,0.5039999999999978,2.5169648012009915
504.5,0.5045000000000002,2.5194648012010035
505.0,0.5050000000000026,2.5219175253079484
505.5,0.5054999999999978,2.524417525307925
506.0,0.5060000000000002,2.526917525307937
506.5,0.5065000000000026,2.5294348922187737
507.0,0.5069999999999979,2.53193489221875
507.5,0.5075000000000003,2.534434892218762
508.0,0.5080000000000027,2.5370147694595246
508.5,0.508499999999998,2.539514769459501
509.0,0.5090000000000003,2.542014769459513
509.5,0.5095000000000027,2.5446506024479376
510.0,0.509999999999998,2.547150602447914
510.5,0.5105000000000004,2.549650602447926
511.0,0.5110000000000028,2.552360731800789
511.5,0.5114999999999981,2.5548607318007654
512.0,0.5120000000000005,2.5573607318007774
512.5,0.5125000000000028,2.5601508504882275
513.0,0.5129999999999981,2.562650850488204
513.5,0.5135000000000005,2.565150850488216
514.0,0.5140000000000029,2.5680286012731557
514.5,0.5144999999999982,2.570528601273132
515.0,0.5150000000000006,2.573028601273144
515.5,0.515500000000003,2.575976781327718
516.0,0.5159999999999982,2.5784767813276943
516.5,0.5165000000000006,2.5809767813277062
517.0,0.517000000000003,2.583994454638834
517.5,0.5174999999999983,2.5864944546388102
518.0,0.5180000000000007,2.588994454638822
518.5,0.5185000000000031,2.5920725298142244
519.0,0.5189999999999984,2.594572529814201
519.5,0.5195000000000007,2.5970725298142128
520.0,0.5200000000000031,2.600157038611748
520.5,0.5204999999999984,2.6026570386117243
521.0,0.5210000000000008,2.605157038611736
521.5,0.5215000000000032,2.6082288481693894
522.0,0.5219999999999985,2.610728848169366
522.5,0.5225000000000009,2.6132288481693777
523.0,0.5230000000000032,2.616282753019341
523.5,0.5234999999999985,2.6187827530193175
524.0,0.5240000000000009,2.6212827530193294
524.5,0.5245000000000033,2.6243194415535243
525.0,0.5249999999999986,2.6268194415535007
525.5,0.525500000000001,2.6293194415535126
526.0,0.5260000000000034,2.6323380427993825
526.5,0.5264999999999986,2.634838042799359
527.0,0.527000000000001,2.637338042799371
527.5,0.5275000000000034,2.640329406143316
528.0,0.5279999999999987,2.642829406143292
528.5,0.5285000000000011,2.645329406143304
529.0,0.5290000000000035,2.647829406143316
529.5,0.5294999999999987,2.650812587398015
530.0,0.5300000000000011,2.653312587398027
530.5,0.5305000000000035,2.6558125873980387
531.0,0.5309999999999988,2.6588020447196214
531.5,0.5315000000000012,2.6613020447196334
532.0,0.5319999999999965,2.66380204471961
532.5,0.5324999999999989,2.6668111434886654
533.0,0.5330000000000013,2.6693111434886774
533.5,0.5334999999999965,2.671811143488654
534.0,0.5339999999999989,2.6748328948162126
534.5,0.5345000000000013,2.6773328948162245
535.0,0.5349999999999966,2.679832894816201
535.5,0.535499999999999,2.6828574404822447
536.0,0.5360000000000014,2.6853574404822567
536.5,0.5364999999999966,2.687857440482233
537.0,0.536999999999999,2.6908947123317972
537.5,0.5375000000000014,2.693394712331809
538.0,0.5379999999999967,2.6958947123317856
538.5,0.5384999999999991,2.6989198935750025
539.0,0.5390000000000015,2.7014198935750144
539.5,0.5394999999999968,2.703919893574991
540.0,0.5399999999999991,2.70690733822029
540.5,0.5405000000000015,2.709407338220302
541.0,0.5409999999999968,2.7119073382202785
541.5,0.5414999999999992,2.714851021328535
542.0,0.5420000000000016,2.717351021328547
542.5,0.5424999999999969,2.719851021328523
543.0,0.5429999999999993,2.722747719267815
543.5,0.5435000000000016,2.725247719267827
544.0,0.5439999999999969,2.7277477192678035
544.5,0.5444999999999993,2.7305827499283097
545.0,0.5450000000000017,2.7330827499283217
545.5,0.545499999999997,2.735582749928298
546.0,0.5459999999999994,2.738353767821131
546.5,0.5465000000000018,2.740853767821143
547.0,0.546999999999997,2.7433537678211195
547.5,0.5474999999999994,2.7460447925759013
548.0,0.5480000000000018,2.748544792575913
548.5,0.5484999999999971,2.7510447925758896
549.0,0.5489999999999995,2.7536577408265472
549.5,0.5495000000000019,2.756157740826559
550.0,0.5499999999999972,2.7586577408265356
550.5,0.5504999999999995,2.7611863404407444
551.0,0.5510000000000019,2.7636863404407563
551.5,0.5514999999999972,2.7661863404407327
552.0,0.5519999999999996,2.768633781195682
552.5,0.552500000000002,2.7711337811956938
553.0,0.5529999999999973,2.77363378119567
553.5,0.5534999999999997,2.775968877999304
554.0,0.554000000000002,2.778468877999316
554.5,0.5544999999999973,2.7809688779992925
555.0,0.5549999999999997,2.783203258526079
555.5,0.5555000000000021,2.785703258526091
556.0,0.5559999999999974,2.7882032585260674
556.5,0.5564999999999998,2.7903567137767027
557.0,0.5570000000000022,2.7928567137767146
557.5,0.5574999999999974,2.795356713776691
558.0,0.5579999999999998,2.7974108004120524
558.5,0.5585000000000022,2.7999108004120643
559.0,0.5589999999999975,2.8024108004120407
559.5,0.5594999999999999,2.80436521585667
560.0,0.5600000000000023,2.806865215856682
560.5,0.5604999999999976,2.8093652158566584
561.0,0.5609999999999999,2.8112284889593298
561.5,0.5615000000000023,2.8137284889593417
562.0,0.5619999999999976,2.816228488959318
562.5,0.5625,2.8180238043611183
563.0,0.5630000000000024,2.8205238043611303
563.5,0.5634999999999977,2.8230238043611067
564.0,0.5640000000000001,2.824790325377542
564.5,0.5645000000000024,2.827290325377554
565.0,0.5649999999999977,2.8297903253775303
565.5,0.5655000000000001,2.8315726319220857
566.0,0.5660000000000025,2.8340726319220977
566.5,0.5664999999999978,2.836572631922074
567.0,0.5670000000000002,2.8384233617931898
567.5,0.5675000000000026,2.8409233617932017
568.0,0.5679999999999978,2.843423361793178
568.5,0.5685000000000002,2.845369038625307
569.0,0.5690000000000026,2.847869038625319
569.5,0.5694999999999979,2.8503690386252956
570.0,0.5700000000000003,2.852413618730729
570.5,0.5705000000000027,2.854913618730741
571.0,0.570999999999998,2.8574136187307175
571.5,0.5715000000000003,2.8595488303964345
572.0,0.5720000000000027,2.8620488303964464
572.5,0.572499999999998,2.864548830396423
573.0,0.5730000000000004,2.8667679908716437
573.5,0.5735000000000028,2.8692679908716556
574.0,0.5739999999999981,2.871767990871632
574.5,0.5745000000000005,2.874063463830865
575.0,0.5750000000000028,2.876563463830877
575.5,0.5754999999999981,2.879063463830853
576.0,0.5760000000000005,2.881426215718008
576.5,0.5765000000000029,2.88392621571802
577.0,0.5769999999999982,2.8864262157179965
577.5,0.5775000000000006,2.8888333721738846
578.0,0.578000000000003,2.8913333721738965
578.5,0.5784999999999982,2.893833372173873
579.0,0.5790000000000006,2.8962853076333417
579.5,0.579500000000003,2.8987853076333536
580.0,0.5799999999999983,2.90128530763333
580.5,0.5805000000000007,2.9037855611791485
581.0,0.5810000000000031,2.9062855611791605
581.5,0.5814999999999984,2.908785561179137
582.0,0.5820000000000007,2.911330516955317
582.5,0.5825000000000031,2.913830516955329
583.0,0.5829999999999984,2.9163305169553055
583.5,0.5835000000000008,2.9189280469185164
584.0,0.5840000000000032,2.9214280469185283
584.5,0.5844999999999985,2.9239280469185047
585.0,0.5850000000000009,2.9265388134391657
585.5,0.5855000000000032,2.9290388134391776
586.0,0.5859999999999985,2.931538813439154
586.5,0.5865000000000009,2.934147654619217
587.0,0.5870000000000033,2.936647654619229
587.5,0.5874999999999986,2.9391476546192052
588.0,0.588000000000001,2.9417508882965393
588.5,0.5885000000000034,2.9442508882965512
589.0,0.5889999999999986,2.9467508882965276
589.5,0.589500000000001,2.94931541678757
590.0,0.5900000000000034,2.951815416787582
590.5,0.5904999999999987,2.9543154167875585
591.0,0.5910000000000011,2.956821836554653
591.5,0.5915000000000035,2.9593218365546647
592.0,0.5919999999999987,2.961821836554641
592.5,0.5925000000000011,2.9642476604856327
593.0,0.5930000000000035,2.9667476604856446
593.5,0.5934999999999988,2.969247660485621
594.0,0.5940000000000012,2.97156698823013
594.5,0.5944999999999965,2.9740669882301063
595.0,0.5949999999999989,2.9765669882301182
595.5,0.5955000000000013,2.978764271340424
596.0,0.5959999999999965,2.9812642713404003
596.5,0.5964999999999989,2.983764271340412
597.0,0.5970000000000013,2.9858720309059805
597.5,0.5974999999999966,2.988372030905957
598.0,0.597999999999999,2.990872030905969
598.5,0.5985000000000014,2.992942187177192
599.0,0.5989999999999966,2.9954421871771686
599.5,0.599499999999999,2.9979421871771805
600.0,0.6000000000000014,3.0000027768558013
600.5,0.6004999999999967,3.0025027768557777
601.0,0.6009999999999991,3.0050027768557896
601.5,0.6015000000000015,3.0070877232586923
602.0,0.6019999999999968,3.0095877232586687
602.5,0.6024999999999991,3.0120877232586807
603.0,0.6030000000000015,3.0142033828356674
603.5,0.6034999999999968,3.0167033828356438
604.0,0.6039999999999992,3.0192033828356557
604.5,0.6045000000000016,3.0217033828356676
605.0,0.6049999999999969,3.023858787951994
605.5,0.6054999999999993,3.026358787952006
606.0,0.6060000000000016,3.028858787952018
606.5,0.6064999999999969,3.0310479385753553
607.0,0.6069999999999993,3.033547938575367
607.5,0.6075000000000017,3.036047938575379
608.0,0.607999999999997,3.0382617154008784
608.5,0.6084999999999994,3.0407617154008904
609.0,0.6090000000000018,3.0432617154009023
609.5,0.609499999999997,3.045521097400936
610.0,0.6099999999999994,3.048021097400948
610.5,0.6105000000000018,3.05052109740096
611.0,0.6109999999999971,3.0528520492010713
611.5,0.6114999999999995,3.0553520492010833
612.0,0.6120000000000019,3.057852049201095
612.5,0.6124999999999972,3.0602516449067707
613.0,0.6129999999999995,3.0627516449067826
613.5,0.6135000000000019,3.0652516449067946
614.0,0.6139999999999972,3.067733096007146
614.5,0.6144999999999996,3.0702330960071578
615.0,0.615000000000002,3.0727330960071697
615.5,0.6154999999999973,3.075310732447143
616.0,0.6159999999999997,3.077810732447155
616.5,0.616500000000002,3.080310732447167
617.0,0.6169999999999973,3.0830025063867694
617.5,0.6174999999999997,3.0855025063867814
618.0,0.6180000000000021,3.0880025063867933
618.5,0.6184999999999974,3.0908190699266314
619.0,0.6189999999999998,3.0933190699266433
619.5,0.6195000000000022,3.0958190699266552
620.0,0.6199999999999974,3.098792750506618
620.5,0.6204999999999998,3.10129275050663
621.0,0.6210000000000022,3.103792750506642
621.5,0.6214999999999975,3.1069103255658703
622.0,0.6219999999999999,3.1094103255658823
622.5,0.6225000000000023,3.111910325565894
623.0,0.6229999999999976,3.115122228459164
623.5,0.6234999999999999,3.117622228459176
624.0,0.6240000000000023,3.120122228459188
624.5,0.6244999999999976,3.1233868448714475
625.0,0.625,3.1258868448714594
625.5,0.6255000000000024,3.1283868448714713
626.0,0.6259999999999977,3.131661782696007
626.5,0.6265000000000001,3.134161782696019
627.0,0.6270000000000024,3.136661782696031
627.5,0.6274999999999977,3.1399156273478113
628.0,0.6280000000000001,3.142415627347823
628.5,0.6285000000000025,3.144915627347835
629.0,0.6289999999999978,3.1481204461866596
629.5,0.6295000000000002,3.1506204461866716
630.0,0.6300000000000026,3.1531204461866835
630.5,0.6304999999999978,3.156254620512229
631.0,0.6310000000000002,3.1587546205122408
631.5,0.6315000000000026,3.1612546205122527
632.0,0.6319999999999979,3.164297800354099
632.5,0.6325000000000003,3.166797800354111
633.0,0.6330000000000027,3.169297800354123
633.5,0.633499999999998,3.1722686200079053
634.0,0.6340000000000003,3.1747686200079173
634.5,0.6345000000000027,3.177268620007929
635.0,0.634999999999998,3.1801888260733335
635.5,0.6355000000000004,3.1826888260733455
636.0,0.6360000000000028,3.1851888260733574
636.5,0.6364999999999981,3.188104647905554
637.0,0.6370000000000005,3.190604647905566
637.5,0.6375000000000028,3.193104647905578
638.0,0.6379999999999981,3.196005296086284
638.5,0.6385000000000005,3.198505296086296
639.0,0.6390000000000029,3.201005296086308
639.5,0.6394999999999982,3.2038907339823197
640.0,0.6400000000000006,3.2063907339823317
640.5,0.640500000000003,3.2088907339823436
641.0,0.6409999999999982,3.2117622915599853
641.5,0.6415000000000006,3.214262291559997
642.0,0.642000000000003,3.216762291560009
642.5,0.6424999999999983,3.2196337233154892
643.0,0.6430000000000007,3.222133723315501
643.5,0.6435000000000031,3.224633723315513
644.0,0.6439999999999984,3.2275077580005984
644.5,0.6445000000000007,3.2300077580006104
645.0,0.6450000000000031,3.2325077580006223
645.5,0.6454999999999984,3.235414582713645
646.0,0.6460000000000008,3.237914582713657
646.5,0.6465000000000032,3.240414582713669
647.0,0.6469999999999985,3.2433628275802917
647.5,0.6475000000000009,3.2458628275803036
648.0,0.6480000000000032,3.2483628275803156
648.5,0.6484999999999985,3.25136188625752
649.0,0.6490000000000009,3.253861886257532
649.5,0.6495000000000033,3.256361886257544
650.0,0.6499999999999986,3.2594134460918056
650.5,0.650500000000001,3.2619134460918175
651.0,0.6510000000000034,3.2644134460918295
651.5,0.6514999999999986,3.267497169755913
652.0,0.652000000000001,3.269997169755925
652.5,0.6525000000000034,3.272497169755937
653.0,0.6529999999999987,3.27561431653983
653.5,0.6535000000000011,3.278114316539842
654.0,0.6540000000000035,3.280614316539854
654.5,0.6544999999999987,3.283762570688573
655.0,0.6550000000000011,3.286262570688585
655.5,0.6555000000000035,3.288762570688597
656.0,0.6559999999999988,3.291902625049694
656.5,0.6565000000000012,3.294402625049706
657.0,0.6569999999999965,3.2969026250496825
657.5,0.6574999999999989,3.2999805146781114
658.0,0.6580000000000013,3.3024805146781233
658.5,0.6584999999999965,3.3049805146780997
659.0,0.6589999999999989,3.307957919633999
659.5,0.6595000000000013,3.310457919634011
660.0,0.6599999999999966,3.3129579196339876
660.5,0.660499999999999,3.315792706877012
661.0,0.6610000000000014,3.318292706877024
661.5,0.6614999999999966,3.3207927068770005
662.0,0.661999999999999,3.3234646828421077
662.5,0.6625000000000014,3.3259646828421197
663.0,0.6629999999999967,3.328464682842096
663.5,0.6634999999999991,3.3309504146210145
664.0,0.6640000000000015,3.3334504146210264
664.5,0.6644999999999968,3.335950414621003
665.0,0.6649999999999991,3.3382559196224193
665.5,0.6655000000000015,3.3407559196224312
666.0,0.6659999999999968,3.3432559196224076
666.5,0.6664999999999992,3.345400832011549
667.0,0.6670000000000016,3.347900832011561
667.5,0.6674999999999969,3.3504008320115375
668.0,0.6679999999999993,3.3524234402269926
668.5,0.6685000000000016,3.3549234402270045
669.0,0.6689999999999969,3.357423440226981
669.5,0.6694999999999993,3.359352001015772
670.0,0.6700000000000017,3.3618520010157837
670.5,0.670499999999997,3.36435200101576
671.0,0.6709999999999994,3.3661978332931852
671.5,0.6715000000000018,3.368697833293197
672.0,0.671999999999997,3.3711978332931736
672.5,0.6724999999999994,3.372977773959782
673.0,0.6730000000000018,3.375477773959794
673.5,0.6734999999999971,3.3779777739597705
674.0,0.6739999999999995,3.3797183787329033
674.5,0.6745000000000019,3.382218378732915
675.0,0.6749999999999972,3.3847183787328916
675.5,0.6754999999999995,3.386454205677225
676.0,0.6760000000000019,3.388954205677237
676.5,0.6764999999999972,3.3914542056772135
677.0,0.6769999999999996,3.3932044064767197
677.5,0.677500000000002,3.3957044064767317
678.0,0.6779999999999973,3.398204406476708
678.5,0.6784999999999997,3.399980237889473
679.0,0.679000000000002,3.4024802378894847
679.5,0.6794999999999973,3.404980237889461
680.0,0.6799999999999997,3.407480237889473
680.5,0.6805000000000021,3.4092862262012247
681.0,0.6809999999999974,3.411786226201201
681.5,0.6814999999999998,3.414286226201213
682.0,0.6820000000000022,3.416119048513444
682.5,0.6824999999999974,3.4186190485134205
683.0,0.6829999999999998,3.4211190485134324
683.5,0.6835000000000022,3.4229722559907216
684.0,0.6839999999999975,3.425472255990698
684.5,0.6844999999999999,3.42797225599071
685.0,0.6850000000000023,3.4298471193344326
685.5,0.6854999999999976,3.432347119334409
686.0,0.6859999999999999,3.434847119334421
686.5,0.6865000000000023,3.436753223360931
687.0,0.6869999999999976,3.4392532233609074
687.5,0.6875,3.4417532233609194
688.0,0.6880000000000024,3.4436929623170798
688.5,0.6884999999999977,3.446192962317056
689.0,0.6890000000000001,3.448692962317068
689.5,0.6895000000000024,3.450664082326007
690.0,0.6899999999999977,3.4531640823259835
690.5,0.6905000000000001,3.4556640823259954
691.0,0.6910000000000025,3.457622366859887
691.5,0.6914999999999978,3.4601223668598635
692.0,0.6920000000000002,3.4626223668598755
692.5,0.6925000000000026,3.4645251082661943
693.0,0.6929999999999978,3.4670251082661707
693.5,0.6935000000000002,3.4695251082661827
694.0,0.6940000000000026,3.471338139900304
694.5,0.6944999999999979,3.4738381399002805
695.0,0.6950000000000003,3.4763381399002924
695.5,0.6955000000000027,3.4780324146700536
696.0,0.695999999999998,3.48053241467003
696.5,0.6965000000000003,3.483032414670042
697.0,0.6970000000000027,3.484592388655088
697.5,0.697499999999998,3.487092388655064
698.0,0.6980000000000004,3.489592388655076
698.5,0.6985000000000028,3.4910205121185456
699.0,0.6989999999999981,3.493520512118522
699.5,0.6995000000000005,3.496020512118534
700.0,0.7000000000000028,3.497334634065048
700.5,0.7004999999999981,3.4998346340650244
701.0,0.7010000000000005,3.5023346340650363
701.5,0.7015000000000029,3.503572032547879
702.0,0.7019999999999982,3.5060720325478556
702.5,0.7025000000000006,3.5085720325478675
703.0,0.703000000000003,3.5097492602676894
703.5,0.7034999999999982,3.512249260267666
704.0,0.7040000000000006,3.5147492602676778
704.5,0.704500000000003,3.515905356375413
705.0,0.7049999999999983,3.518405356375389
705.5,0.7055000000000007,3.520905356375401
706.0,0.7060000000000031,3.522064722245304
706.5,0.7064999999999984,3.5245647222452803
707.0,0.7070000000000007,3.527064722245292
707.5,0.7075000000000031,3.5282552656781974
708.0,0.7079999999999984,3.5307552656781738
708.5,0.7085000000000008,3.5332552656781857
709.0,0.7090000000000032,3.5344559666339848
709.5,0.7094999999999985,3.536955966633961
710.0,0.7100000000000009,3.539455966633973
710.5,0.7105000000000032,3.5406477743475406
711.0,0.7109999999999985,3.543147774347517
711.5,0.7115000000000009,3.545647774347529
712.0,0.7120000000000033,3.546826136161947
712.5,0.7124999999999986,3.5493261361619233
713.0,0.713000000000001,3.551826136161935
713.5,0.7135000000000034,3.5530120608617466
714.0,0.7139999999999986,3.555512060861723
714.5,0.714500000000001,3.558012060861735
715.0,0.7150000000000034,3.559247480588219
715.5,0.7154999999999987,3.5617474805881955
716.0,0.7160000000000011,3.5642474805882074
716.5,0.7165000000000035,3.5655605746908137
717.0,0.7169999999999987,3.56806057469079
717.5,0.7175000000000011,3.570560574690802
718.0,0.7180000000000035,3.5720022944665075
718.5,0.7184999999999988,3.574502294466484
719.0,0.7190000000000012,3.577002294466496
719.5,0.7194999999999965,3.5785797504038896
720.0,0.7199999999999989,3.5810797504039016
720.5,0.7205000000000013,3.5835797504039135
721.0,0.7209999999999965,3.5852674625825287
721.5,0.7214999999999989,3.5877674625825406
722.0,0.7220000000000013,3.5902674625825526
722.5,0.7224999999999966,3.5920457793703164
723.0,0.722999999999999,3.5945457793703284
723.5,0.7235000000000014,3.5970457793703403
724.0,0.7239999999999966,3.598898054270414
724.5,0.724499999999999,3.601398054270426
725.0,0.7250000000000014,3.603898054270438
725.5,0.7254999999999967,3.6058092966916533
726.0,0.7259999999999991,3.6083092966916652
726.5,0.7265000000000015,3.610809296691677
727.0,0.7269999999999968,3.612758784307424
727.5,0.7274999999999991,3.6152587843074357
728.0,0.7280000000000015,3.6177587843074477
728.5,0.7284999999999968,3.619742661645411
729.0,0.7289999999999992,3.622242661645423
729.5,0.7295000000000016,3.624742661645435
730.0,0.7299999999999969,3.626752438035581
730.5,0.7304999999999993,3.629252438035593
731.0,0.7310000000000016,3.6317524380356048
731.5,0.7314999999999969,3.633792803860807
732.0,0.7319999999999993,3.636292803860819
732.5,0.7325000000000017,3.638792803860831
733.0,0.732999999999997,3.6408869464075977
733.5,0.7334999999999994,3.6433869464076096
734.0,0.7340000000000018,3.6458869464076216
734.5,0.734499999999997,3.6480465775674986
735.0,0.7349999999999994,3.6505465775675106
735.5,0.7355000000000018,3.6530465775675225
736.0,0.7359999999999971,3.6552822309866784
736.5,0.7364999999999995,3.6577822309866903
737.0,0.7370000000000019,3.6602822309867022
737.5,0.7374999999999972,3.6626081763141016
738.0,0.7379999999999995,3.6651081763141136
738.5,0.7385000000000019,3.6676081763141255
739.0,0.7389999999999972,3.669997800239848
739.5,0.7394999999999996,3.67249780023986
740.0,0.740000000000002,3.674997800239872
740.5,0.7404999999999973,3.6774448448013786
741.0,0.7409999999999997,3.6799448448013905
741.5,0.741500000000002,3.6824448448014024
742.0,0.7419999999999973,3.6849463413829042
742.5,0.7424999999999997,3.687446341382916
743.0,0.7430000000000021,3.689946341382928
743.5,0.7434999999999974,3.6924882697462635
744.0,0.7439999999999998,3.6949882697462755
744.5,0.7445000000000022,3.6974882697462874
745.0,0.7449999999999974,3.7000670531223534
745.5,0.7454999999999998,3.7025670531223653
746.0,0.7460000000000022,3.7050670531223773
746.5,0.7464999999999975,3.70767600958839
747.0,0.7469999999999999,3.7101760095884018
747.5,0.7475000000000023,3.7126760095884137
748.0,0.7479999999999976,3.7153042893130817
748.5,0.7484999999999999,3.7178042893130936
749.0,0.7490000000000023,3.7203042893131055
749.5,0.7494999999999976,3.722933451071313
750.0,0.75,3.725433451071325
750.5,0.7505000000000024,3.727933451071337
751.0,0.7509999999999977,3.730521965574205
751.5,0.7515000000000001,3.733021965574217
752.0,0.7520000000000024,3.735521965574229
752.5,0.7524999999999977,3.738060223127242
753.0,0.7530000000000001,3.740560223127254
753.5,0.7535000000000025,3.743060223127266
754.0,0.7539999999999978,3.7455173523886742
754.5,0.7545000000000002,3.748017352388686
755.0,0.7550000000000026,3.750517352388698
755.5,0.7554999999999978,3.7530173523886745
756.0,0.7560000000000002,3.7553737238756923
756.5,0.7565000000000026,3.7578737238757043
757.0,0.7569999999999979,3.7603737238756807
757.5,0.7575000000000003,3.7626305586438846
758.0,0.7580000000000027,3.7651305586438966
758.5,0.758499999999998,3.767630558643873
759.0,0.7590000000000003,3.7697832785075747
759.5,0.7595000000000027,3.7722832785075866
760.0,0.759999999999998,3.774783278507563
760.5,0.7605000000000004,3.7768367312785855
761.0,0.7610000000000028,3.7793367312785975
761.5,0.7614999999999981,3.781836731278574
762.0,0.7620000000000005,3.783789045767918
762.5,0.7625000000000028,3.78628904576793
763.0,0.7629999999999981,3.7887890457679063
763.5,0.7635000000000005,3.790679033232891
764.0,0.7640000000000029,3.793179033232903
764.5,0.7644999999999982,3.7956790332328794
765.0,0.7650000000000006,3.7975363008722596
765.5,0.765500000000003,3.8000363008722715
766.0,0.7659999999999982,3.802536300872248
766.5,0.7665000000000006,3.8043856630947914
767.0,0.767000000000003,3.8068856630948034
767.5,0.7674999999999983,3.8093856630947798
768.0,0.7680000000000007,3.8112495196884666
768.5,0.7685000000000031,3.8137495196884785
769.0,0.7689999999999984,3.816249519688455
769.5,0.7695000000000007,3.8181444841258028
770.0,0.7700000000000031,3.8206444841258147
770.5,0.7704999999999984,3.823144484125791
771.0,0.7710000000000008,3.8250732029111134
771.5,0.7715000000000032,3.8275732029111253
772.0,0.7719999999999985,3.8300732029111018
772.5,0.7725000000000009,3.8320464285056843
773.0,0.7730000000000032,3.8345464285056963
773.5,0.7734999999999985,3.8370464285056727
774.0,0.7740000000000009,3.8390672579430785
774.5,0.7745000000000033,3.8415672579430904
775.0,0.7749999999999986,3.844067257943067
775.5,0.775500000000001,3.846133843925408
776.0,0.7760000000000034,3.8486338439254197
776.5,0.7764999999999986,3.851133843925396
777.0,0.777000000000001,3.8532690320577245
777.5,0.7775000000000034,3.8557690320577365
778.0,0.7779999999999987,3.858269032057713
778.5,0.7785000000000011,3.860477317877944
779.0,0.7790000000000035,3.862977317877956
779.5,0.7794999999999987,3.8654773178779323
780.0,0.7800000000000011,3.8677374913037355
780.5,0.7805000000000035,3.8702374913037474
781.0,0.7809999999999988,3.872737491303724
781.5,0.7815000000000012,3.875010210837182
782.0,0.7819999999999965,3.8775102108371584
782.5,0.7824999999999989,3.8800102108371703
783.0,0.7830000000000013,3.88222764882034
783.5,0.7834999999999965,3.8847276488203164
784.0,0.7839999999999989,3.8872276488203283
784.5,0.7845000000000013,3.8893515086294173
785.0,0.7849999999999966,3.8918515086293937
785.5,0.785499999999999,3.8943515086294056
786.0,0.7860000000000014,3.896308435549898
786.5,0.7864999999999966,3.898808435549874
787.0,0.786999999999999,3.901308435549886
787.5,0.7875000000000014,3.9030657139483083
788.0,0.7879999999999967,3.9055657139482847
788.5,0.7884999999999991,3.9080657139482966
789.0,0.7890000000000015,3.9095996155203494
789.5,0.7894999999999968,3.912099615520326
790.0,0.7899999999999991,3.9145996155203377
790.5,0.7905000000000015,3.915886081201023
791.0,0.7909999999999968,3.9183860812009996
791.5,0.7914999999999992,3.9208860812010116
792.0,0.7920000000000016,3.921952215872615
792.5,0.7924999999999969,3.9244522158725914
793.0,0.7929999999999993,3.9269522158726033
793.5,0.7935000000000016,3.9278353431115676
794.0,0.7939999999999969,3.930335343111544
794.5,0.7944999999999993,3.932835343111556
795.0,0.7950000000000017,3.9335566257695476
795.5,0.795499999999997,3.936056625769524
796.0,0.7959999999999994,3.938556625769536
796.5,0.7965000000000018,3.939144035265194
797.0,0.796999999999997,3.9416440352651705
797.5,0.7974999999999994,3.9441440352651824
798.0,0.7980000000000018,3.944620354215367
798.5,0.7984999999999971,3.9471203542153432
799.0,0.7989999999999995,3.949620354215355
799.5,0.7995000000000019,3.9500266873427137
800.0,0.7999999999999972,3.95252668734269
800.5,0.8004999999999995,3.955026687342702
801.0,0.8010000000000019,3.955420133186891
801.5,0.8014999999999972,3.9579201331868674
802.0,0.8019999999999996,3.9604201331868794
802.5,0.802500000000002,3.9608927891032053
803.0,0.8029999999999973,3.9633927891031817
803.5,0.8034999999999997,3.9658927891031936
804.0,0.804000000000002,3.96651489891255
804.5,0.8044999999999973,3.9690148989125262
805.0,0.8049999999999997,3.971514898912538
805.5,0.8055000000000021,3.9723635823172643
806.0,0.8059999999999974,3.9748635823172407
806.5,0.8064999999999998,3.9773635823172526
807.0,0.8070000000000022,3.9784615549558566
807.5,0.8074999999999974,3.980961554955833
808.0,0.8079999999999998,3.983461554955845
808.5,0.8085000000000022,3.9847927896338575
809.0,0.8089999999999975,3.987292789633834
809.5,0.8094999999999999,3.989792789633846
810.0,0.8100000000000023,3.991315521424035
810.5,0.8104999999999976,3.993815521424011
811.0,0.8109999999999999,3.996315521424023
811.5,0.8115000000000023,3.9979868968555365
812.0,0.8119999999999976,4.000486896855513
812.5,0.8125,4.002986896855525
813.0,0.8130000000000024,4.004765720896657
813.5,0.8134999999999977,4.007265720896633
814.0,0.8140000000000001,4.009765720896645
814.5,0.8145000000000024,4.011608609166615
815.0,0.8149999999999977,4.014108609166591
815.5,0.8155000000000001,4.016608609166603
816.0,0.8160000000000025,4.018477326216328
816.5,0.8164999999999978,4.020977326216304
817.0,0.8170000000000002,4.023477326216316
817.5,0.8175000000000026,4.025309972610387
818.0,0.8179999999999978,4.027809972610363
818.5,0.8185000000000002,4.030309972610375
819.0,0.8190000000000026,4.032070744210721
819.5,0.8194999999999979,4.034570744210697
820.0,0.8200000000000003,4.037070744210709
820.5,0.8205000000000027,4.038709305444499
821.0,0.820999999999998,4.041209305444475
821.5,0.8215000000000003,4.043709305444487
822.0,0.8220000000000027,4.045197805810474
822.5,0.822499999999998,4.047697805810451
823.0,0.8230000000000004,4.050197805810463
823.5,0.8235000000000028,4.051524191140636
824.0,0.8239999999999981,4.054024191140613
824.5,0.8245000000000005,4.056524191140625
825.0,0.8250000000000028,4.057711959730668
825.5,0.8254999999999981,4.060211959730644
826.0,0.8260000000000005,4.062711959730656
826.5,0.8265000000000029,4.063776565587496
827.0,0.8269999999999982,4.066276565587472
827.5,0.8275000000000006,4.068776565587484
828.0,0.828000000000003,4.0697537454556
828.5,0.8284999999999982,4.072253745455576
829.0,0.8290000000000006,4.074753745455588
829.5,0.829500000000003,4.075680871511587
830.0,0.8299999999999983,4.078180871511563
830.5,0.8305000000000007,4.080680871511575
831.0,0.8310000000000031,4.083180871511587
831.5,0.8314999999999984,4.084125907097054
832.0,0.8320000000000007,4.086625907097066
832.5,0.8325000000000031,4.089125907097078
833.0,0.8329999999999984,4.090219132999557
833.5,0.8335000000000008,4.092719132999569
834.0,0.8340000000000032,4.095219132999581
834.5,0.8344999999999985,4.09655723460034
835.0,0.8350000000000009,4.099057234600352
835.5,0.8355000000000032,4.101557234600364
836.0,0.8359999999999985,4.103223108486347
836.5,0.8365000000000009,4.105723108486359
837.0,0.8370000000000033,4.108223108486371
837.5,0.8374999999999986,4.110263545292057
838.0,0.838000000000001,4.112763545292069
838.5,0.8385000000000034,4.1152635452920805
839.0,0.8389999999999986,4.117652038944826
839.5,0.839500000000001,4.120152038944838
840.0,0.8400000000000034,4.1226520389448496
840.5,0.8404999999999987,4.125333881030393
841.0,0.8410000000000011,4.127833881030405
841.5,0.8415000000000035,4.130333881030417
842.0,0.8419999999999987,4.133231726432207
842.5,0.8425000000000011,4.135731726432219
843.0,0.8430000000000035,4.138231726432231
843.5,0.8434999999999988,4.1412916504899755
844.0,0.8440000000000012,4.143791650489987
844.5,0.8444999999999965,4.146291650489964
845.0,0.8449999999999989,4.1494629923505855
845.5,0.8455000000000013,4.151962992350597
846.0,0.8459999999999965,4.154462992350574
846.5,0.8464999999999989,4.157688756766085
847.0,0.8470000000000013,4.160188756766097
847.5,0.8474999999999966,4.162688756766073
848.0,0.847999999999999,4.165924528379108
848.5,0.8485000000000014,4.16842452837912
849.0,0.8489999999999966,4.170924528379096
849.5,0.849499999999999,4.174149131470415
850.0,0.8500000000000014,4.176649131470427
850.5,0.8504999999999967,4.179149131470403
851.0,0.8509999999999991,4.182336814319818
851.5,0.8515000000000015,4.18483681431983
852.0,0.8519999999999968,4.187336814319806
852.5,0.8524999999999991,4.190446143347799
853.0,0.8530000000000015,4.192946143347811
853.5,0.8534999999999968,4.195446143347787
854.0,0.8539999999999992,4.198422874478425
854.5,0.8545000000000016,4.200922874478437
855.0,0.8549999999999969,4.203422874478413
855.5,0.8554999999999993,4.206194113457684
856.0,0.8560000000000016,4.208694113457696
856.5,0.8564999999999969,4.2111941134576725
857.0,0.8569999999999993,4.213708714854256
857.5,0.8575000000000017,4.216208714854268
858.0,0.857999999999997,4.218708714854245
858.5,0.8584999999999994,4.220931109908079
859.0,0.8590000000000018,4.223431109908091
859.5,0.859499999999997,4.225931109908068
860.0,0.8599999999999994,4.227855859013943
860.5,0.8605000000000018,4.2303558590139545
861.0,0.8609999999999971,4.232855859013931
861.5,0.8614999999999995,4.234532753089866
862.0,0.8620000000000019,4.237032753089878
862.5,0.8624999999999972,4.239532753089854
863.0,0.8629999999999995,4.241029729624479
863.5,0.8635000000000019,4.243529729624491
864.0,0.8639999999999972,4.246029729624468
864.5,0.8644999999999996,4.247431032015143
865.0,0.865000000000002,4.249931032015155
865.5,0.8654999999999973,4.2524310320151315
866.0,0.8659999999999997,4.253835657978549
866.5,0.866500000000002,4.2563356579785605
867.0,0.8669999999999973,4.258835657978537
867.5,0.8674999999999997,4.260322397888814
868.0,0.8680000000000021,4.262822397888826
868.5,0.8684999999999974,4.265322397888802
869.0,0.8689999999999998,4.26693979778765
869.5,0.8695000000000022,4.269439797787662
870.0,0.8699999999999974,4.271939797787638
870.5,0.8704999999999998,4.273680334323089
871.0,0.8710000000000022,4.276180334323101
871.5,0.8714999999999975,4.278680334323077
872.0,0.8719999999999999,4.280541201595902
872.5,0.8725000000000023,4.283041201595914
873.0,0.8729999999999976,4.2855412015958905
873.5,0.8734999999999999,4.287491194534283
874.0,0.8740000000000023,4.289991194534295
874.5,0.8744999999999976,4.292491194534271
875.0,0.875,4.294516079531512
875.5,0.8755000000000024,4.297016079531524
876.0,0.8759999999999977,4.2995160795315
876.5,0.8765000000000001,4.301572561049447
877.0,0.8770000000000024,4.304072561049459
877.5,0.8774999999999977,4.306572561049435
878.0,0.8780000000000001,4.308633963360045
878.5,0.8785000000000025,4.3111339633600565
879.0,0.8789999999999978,4.313633963360033
879.5,0.8795000000000002,4.315654746504229
880.0,0.8800000000000026,4.318154746504241
880.5,0.8804999999999978,4.320654746504218
881.0,0.8810000000000002,4.322582450471053
881.5,0.8815000000000026,4.325082450471065
882.0,0.8819999999999979,4.327582450471041
882.5,0.8825000000000003,4.329377828604457
883.0,0.8830000000000027,4.331877828604469
883.5,0.883499999999998,4.334377828604445
884.0,0.8840000000000003,4.336007997984659
884.5,0.8845000000000027,4.338507997984671
885.0,0.884999999999998,4.341007997984647
885.5,0.8855000000000004,4.342414138118862
886.0,0.8860000000000028,4.344914138118874
886.5,0.8864999999999981,4.34741413811885
887.0,0.8870000000000005,4.348564411031646
887.5,0.8875000000000028,4.351064411031658
888.0,0.8879999999999981,4.353564411031634
888.5,0.8885000000000005,4.354441769466071
889.0,0.8890000000000029,4.356941769466083
889.5,0.8894999999999982,4.359441769466059
890.0,0.8900000000000006,4.360056531516321
890.5,0.890500000000003,4.362556531516333
891.0,0.8909999999999982,4.365056531516309
891.5,0.8915000000000006,4.36544319326174
892.0,0.892000000000003,4.367943193261752
892.5,0.8924999999999983,4.370443193261728
893.0,0.8930000000000007,4.370678664637069
893.5,0.8935000000000031,4.373178664637081
894.0,0.8939999999999984,4.375678664637057
894.5,0.8945000000000007,4.375834974898289
895.0,0.8950000000000031,4.378334974898301
895.5,0.8954999999999984,4.380834974898278
896.0,0.8960000000000008,4.380979656379047
896.5,0.8965000000000032,4.383479656379059
897.0,0.8969999999999985,4.385979656379035
897.5,0.8975000000000009,4.38615945644699
898.0,0.8980000000000032,4.388659456447002
898.5,0.8984999999999985,4.391159456446978
899.0,0.8990000000000009,4.3914059561165075
899.5,0.8995000000000033,4.3939059561165195
900.0,0.8999999999999986,4.396405956116496
900.5,0.900500000000001,4.3967599377688416
901.0,0.9010000000000034,4.3992599377688535
901.5,0.9014999999999986,4.40175993776883
902.0,0.902000000000001,4.4022315086643715
902.5,0.9025000000000034,4.4047315086643835
903.0,0.9029999999999987,4.40723150866436
903.5,0.9035000000000011,4.407822916278832
904.0,0.9040000000000035,4.410322916278844
904.5,0.9044999999999987,4.41282291627882
905.0,0.9050000000000011,4.413557789328841
905.5,0.9055000000000035,4.416057789328853
906.0,0.9059999999999988,4.41855778932883
906.5,0.9065000000000012,4.421057789328842
907.0,0.9069999999999965,4.421955792697183
907.5,0.9074999999999989,4.424455792697195
908.0,0.9080000000000013,4.426955792697207
908.5,0.9084999999999965,4.4280217302511105
909.0,0.9089999999999989,4.430521730251122
909.5,0.9095000000000013,4.433021730251134
910.0,0.9099999999999966,4.434260874794909
910.5,0.910499999999999,4.4367608747949205
911.0,0.9110000000000014,4.4392608747949325
911.5,0.9114999999999966,4.440675765953905
912.0,0.911999999999999,4.443175765953917
912.5,0.9125000000000014,4.445675765953929
913.0,0.9129999999999967,4.447260792960854
913.5,0.9134999999999991,4.449760792960866
914.0,0.9140000000000015,4.452260792960878
914.5,0.9144999999999968,4.4540040788323765
915.0,0.9149999999999991,4.456504078832388
915.5,0.9155000000000015,4.4590040788324
916.0,0.9159999999999968,4.46083457148557
916.5,0.9164999999999992,4.463334571485582
917.0,0.9170000000000016,4.465834571485594
917.5,0.9174999999999969,4.467691303350456
918.0,0.9179999999999993,4.470191303350468
918.5,0.9185000000000016,4.47269130335048
919.0,0.9189999999999969,4.4745052527785845
919.5,0.9194999999999993,4.477005252778596
920.0,0.9200000000000017,4.479505252778608
920.5,0.920499999999997,4.481238678413639
921.0,0.9209999999999994,4.483738678413651
921.5,0.9215000000000018,4.486238678413663
922.0,0.921999999999997,4.487883365033802
922.5,0.9224999999999994,4.490383365033814
923.0,0.9230000000000018,4.492883365033826
923.5,0.9234999999999971,4.494476431708492
924.0,0.9239999999999995,4.496976431708504
924.5,0.9245000000000019,4.499476431708516
925.0,0.9249999999999972,4.5010399904165155
925.5,0.9254999999999995,4.503539990416527
926.0,0.9260000000000019,4.506039990416539
926.5,0.9264999999999972,4.507587354290408
927.0,0.9269999999999996,4.51008735429042
927.5,0.927500000000002,4.512587354290432
928.0,0.9279999999999973,4.51412976775849
928.5,0.9284999999999997,4.516629767758502
929.0,0.929000000000002,4.519129767758514
929.5,0.9294999999999973,4.520649078584853
930.0,0.9299999999999997,4.523149078584865
930.5,0.9305000000000021,4.525649078584877
931.0,0.9309999999999974,4.5271257061872205
931.5,0.9314999999999998,4.5296257061872325
932.0,0.9320000000000022,4.532125706187244
932.5,0.9324999999999974,4.533553450768686
933.0,0.9329999999999998,4.536053450768698
933.5,0.9335000000000022,4.53855345076871
934.0,0.9339999999999975,4.539918824731011
934.5,0.9344999999999999,4.542418824731023
935.0,0.9350000000000023,4.544918824731035
935.5,0.9354999999999976,4.54625844616487
936.0,0.9359999999999999,4.548758446164882
936.5,0.9365000000000023,4.551258446164894
937.0,0.9369999999999976,4.5526221576110615
937.5,0.9375,4.555122157611073
938.0,0.9380000000000024,4.557622157611085
938.5,0.9384999999999977,4.559061120181127
939.0,0.9390000000000001,4.561561120181139
939.5,0.9395000000000024,4.564061120181151
940.0,0.9399999999999977,4.565594400176067
940.5,0.9405000000000001,4.568094400176079
941.0,0.9410000000000025,4.570594400176091
941.5,0.9414999999999978,4.572253739941914
942.0,0.9420000000000002,4.574753739941926
942.5,0.9425000000000026,4.577253739941938
943.0,0.9429999999999978,4.579033278721667
943.5,0.9435000000000002,4.581533278721679
944.0,0.9440000000000026,4.584033278721691
944.5,0.9444999999999979,4.5859619168163945
945.0,0.9450000000000003,4.5884619168164065
945.5,0.9455000000000027,4.590961916816418
946.0,0.945999999999998,4.593035703216728
946.5,0.9465000000000003,4.59553570321674
947.0,0.9470000000000027,4.598035703216752
947.5,0.947499999999998,4.600227437997937
948.0,0.9480000000000004,4.602727437997949
948.5,0.9485000000000028,4.605227437997961
949.0,0.9489999999999981,4.607485745817641
949.5,0.9495000000000005,4.609985745817653
950.0,0.9500000000000028,4.612485745817665
950.5,0.9504999999999981,4.614758811068285
951.0,0.9510000000000005,4.617258811068297
951.5,0.9515000000000029,4.6197588110683085
952.0,0.9519999999999982,4.622028950496713
952.5,0.9525000000000006,4.624528950496725
953.0,0.953000000000003,4.627028950496737
953.5,0.9534999999999982,4.629287891157894
954.0,0.9540000000000006,4.631787891157906
954.5,0.954500000000003,4.634287891157918
955.0,0.9549999999999983,4.636557138986781
955.5,0.9555000000000007,4.639057138986793
956.0,0.9560000000000031,4.641557138986805
956.5,0.9564999999999984,4.643854591336805
957.0,0.9570000000000007,4.6463545913368165
957.5,0.9575000000000031,4.648854591336828
958.0,0.9579999999999984,4.651182582074718
958.5,0.9585000000000008,4.65368258207473
959.0,0.9590000000000032,4.656182582074742
959.5,0.9594999999999985,4.6585631878327405
960.0,0.9600000000000009,4.661063187832752
960.5,0.9605000000000032,4.663563187832764
961.0,0.9609999999999985,4.666001514181275
961.5,0.9615000000000009,4.668501514181287
962.0,0.9620000000000033,4.671001514181299
962.5,0.9624999999999986,4.673461163453929
963.0,0.963000000000001,4.675961163453941
963.5,0.9635000000000034,4.678461163453953
964.0,0.9639999999999986,4.680897013818495
964.5,0.964500000000001,4.683397013818507
965.0,0.9650000000000034,4.6858970138185185
965.5,0.9654999999999987,4.688316607326293
966.0,0.9660000000000011,4.690816607326305
966.5,0.9665000000000035,4.693316607326317
967.0,0.9669999999999987,4.695715047763223
967.5,0.9675000000000011,4.6982150477632345
968.0,0.9680000000000035,4.7007150477632464
968.5,0.9684999999999988,4.703092255187578
969.0,0.9690000000000012,4.7055922551875895
969.5,0.9694999999999965,4.708092255187566
970.0,0.9699999999999989,4.710476073681562
970.5,0.9705000000000013,4.712976073681574
971.0,0.9709999999999965,4.71547607368155
971.5,0.9714999999999989,4.717874832672777
972.0,0.9720000000000013,4.720374832672789
972.5,0.9724999999999966,4.722874832672765
973.0,0.972999999999999,4.725271430188904
973.5,0.9735000000000014,4.727771430188916
974.0,0.9739999999999966,4.730271430188893
974.5,0.974499999999999,4.7326346104459205
975.0,0.9750000000000014,4.735134610445932
975.5,0.9754999999999967,4.737634610445909
976.0,0.9759999999999991,4.739933799292366
976.5,0.9765000000000015,4.742433799292378
977.0,0.9769999999999968,4.744933799292355
977.5,0.9774999999999991,4.747154154492712
978.0,0.9780000000000015,4.749654154492724
978.5,0.9784999999999968,4.7521541544927
979.0,0.9789999999999992,4.75429013596802
979.5,0.9795000000000016,4.756790135968032
980.0,0.9799999999999969,4.759290135968008
980.5,0.9804999999999993,4.761333991971455
981.0,0.9810000000000016,4.763833991971467
981.5,0.9814999999999969,4.766333991971443
982.0,0.9819999999999993,4.768833991971455
982.5,0.9825000000000017,4.770808707092762
983.0,0.982999999999997,4.773308707092738
983.5,0.9834999999999994,4.77580870709275
984.0,0.9840000000000018,4.777721563928807
984.5,0.984499999999997,4.780221563928784
985.0,0.9849999999999994,4.782721563928796
985.5,0.9855000000000018,4.784565502079481
986.0,0.9859999999999971,4.787065502079457
986.5,0.9864999999999995,4.789565502079469
987.0,0.9870000000000019,4.79134280514625
987.5,0.9874999999999972,4.793842805146227
988.0,0.9879999999999995,4.796342805146239
988.5,0.9885000000000019,4.798030834981866
989.0,0.9889999999999972,4.800530834981842
989.5,0.9894999999999996,4.803030834981854
990.0,0.990000000000002,4.804598454668927
990.5,0.9904999999999973,4.807098454668903
991.0,0.9909999999999997,4.809598454668915
991.5,0.991500000000002,4.811022362042365
992.0,0.9919999999999973,4.813522362042342
992.5,0.9924999999999997,4.816022362042354
993.0,0.9930000000000021,4.817276129297348
993.5,0.9934999999999974,4.819776129297324
994.0,0.9939999999999998,4.822276129297336
994.5,0.9945000000000022,4.823366308344603
995.0,0.9949999999999974,4.82586630834458
995.5,0.9954999999999998,4.828366308344592
996.0,0.9960000000000022,4.829301357326088
996.5,0.9964999999999975,4.831801357326064
997.0,0.9969999999999999,4.834301357326076
997.5,0.9975000000000023,4.835085545475195
998.0,0.9979999999999976,4.8375855454751715
998.5,0.9984999999999999,4.840085545475183
999.0,0.9990000000000023,4.840758111197552
999.5,0.9994999999999976,4.843258111197528
1000.0,1.0,4.84575811119754
1000.5,1.0005000000000024,4.846336602023378
1001.0,1.0009999999999977,4.848836602023354
1001.5,1.0015,4.851336602023366
1002.0,1.0020000000000024,4.851850775210416
1002.5,1.0024999999999977,4.854350775210392
1003.0,1.0030000000000001,4.856850775210404
1003.5,1.0035000000000025,4.8573400857285876
1004.0,1.0039999999999978,4.859840085728564
1004.5,1.0045000000000002,4.862340085728576
1005.0,1.0050000000000026,4.862819128709646
1005.5,1.0054999999999978,4.865319128709622
1006.0,1.0060000000000002,4.867819128709634
1006.5,1.0065000000000026,4.868310583670485
1007.0,1.006999999999998,4.870810583670462
1007.5,1.0075000000000003,4.873310583670474
1008.0,1.0080000000000027,4.873825643286693
1008.5,1.008499999999998,4.87632564328667
1009.0,1.0090000000000003,4.878825643286682
1009.5,1.0095000000000027,4.879366247470713
1010.0,1.009999999999998,4.88186624747069
1010.5,1.0105000000000004,4.884366247470702
1011.0,1.0110000000000028,4.884951932752557
1011.5,1.011499999999998,4.887451932752533
1012.0,1.0120000000000005,4.889951932752545
1012.5,1.0125000000000028,4.890583606675101
1013.0,1.0129999999999981,4.893083606675077
1013.5,1.0135000000000005,4.895583606675089
1014.0,1.014000000000003,4.896285874083048
1014.5,1.0144999999999982,4.898785874083025
1015.0,1.0150000000000006,4.901285874083037
1015.5,1.015500000000003,4.902037932259518
1016.0,1.0159999999999982,4.904537932259494
1016.5,1.0165000000000006,4.907037932259506
1017.0,1.017000000000003,4.907804473531812
1017.5,1.0174999999999983,4.910304473531788
1018.0,1.0180000000000007,4.9128044735318
1018.5,1.018500000000003,4.9135764783124
1019.0,1.0189999999999984,4.916076478312377
1019.5,1.0195000000000007,4.918576478312389
1020.0,1.0200000000000031,4.919316799496407
1020.5,1.0204999999999984,4.9218167994963835
1021.0,1.0210000000000008,4.9243167994963954
1021.5,1.0215000000000032,4.924990302947307
1022.0,1.0219999999999985,4.927490302947284
1022.5,1.0225000000000009,4.929990302947296
1023.0,1.0230000000000032,4.930552915992905
1023.5,1.0234999999999985,4.9330529159928815
1024.0,1.024000000000001,4.9355529159928935
1024.5,1.0245000000000033,4.935995164911446
1025.0,1.0249999999999986,4.938495164911423
1025.5,1.025500000000001,4.940995164911435
1026.0,1.0260000000000034,4.941315684540584
1026.5,1.0264999999999986,4.94381568454056
1027.0,1.027000000000001,4.946315684540572
1027.5,1.0275000000000034,4.946506733492804
1028.0,1.0279999999999987,4.94900673349278
1028.5,1.028500000000001,4.951506733492792
1029.0,1.0289999999999964,4.951599728300806
1029.5,1.0294999999999987,4.954099728300818
1030.0,1.0300000000000011,4.95659972830083
1030.5,1.0305000000000035,4.956620778094809
1031.0,1.0309999999999988,4.9591207780947855
1031.5,1.0315000000000012,4.961620778094797
1032.0,1.0319999999999965,4.961591379737484
1032.5,1.0324999999999989,4.964091379737496
1033.0,1.0330000000000013,4.966591379737508
1033.5,1.0335000000000036,4.966526749892992
1034.0,1.033999999999999,4.9690267498929686
1034.5,1.0345000000000013,4.9715267498929805
1035.0,1.0349999999999966,4.971441522789455
1035.5,1.035499999999999,4.973941522789467
1036.0,1.0360000000000014,4.976441522789479
1036.5,1.0364999999999966,4.976356922307481
1037.0,1.036999999999999,4.978856922307493
1037.5,1.0375000000000014,4.981356922307505
1038.0,1.0379999999999967,4.981309141364392
1038.5,1.038499999999999,4.983809141364404
1039.0,1.0390000000000015,4.986309141364416
1039.5,1.0394999999999968,4.9863433926091005
1040.0,1.0399999999999991,4.9888433926091125
1040.5,1.0405000000000015,4.991343392609124
1041.0,1.0409999999999968,4.991478840244135
1041.5,1.0414999999999992,4.9939788402441465
1042.0,1.0420000000000016,4.9964788402441584
1042.5,1.0424999999999969,4.996760360777799
1043.0,1.0429999999999993,4.999260360777811
1043.5,1.0435000000000016,5.001760360777823
1044.0,1.043999999999997,5.0022264614939616
1044.5,1.0444999999999993,5.0047264614939735
1045.0,1.0450000000000017,5.007226461493985
1045.5,1.045499999999997,5.00791938352755
1046.0,1.0459999999999994,5.010419383527562
1046.5,1.0465000000000018,5.012919383527574
1047.0,1.046999999999997,5.013858161701812
1047.5,1.0474999999999994,5.016358161701824
1048.0,1.0480000000000018,5.018858161701836
1048.5,1.048499999999997,5.020025278284486
1049.0,1.0489999999999995,5.022525278284498
1049.5,1.0495000000000019,5.0250252782845095
1050.0,1.0499999999999972,5.026389686202002
1050.5,1.0504999999999995,5.028889686202014
1051.0,1.051000000000002,5.031389686202026
1051.5,1.0514999999999972,5.032898396886054
1052.0,1.0519999999999996,5.035398396886066
1052.5,1.052500000000002,5.037898396886078
1053.0,1.0529999999999973,5.039499494819069
1053.5,1.0534999999999997,5.0419994948190805
1054.0,1.054000000000002,5.044499494819092
1054.5,1.0544999999999973,5.0461415449290214
1055.0,1.0549999999999997,5.048641544929033
1055.5,1.055500000000002,5.051141544929045
1056.0,1.0559999999999974,5.052769947692148
1056.5,1.0564999999999998,5.05526994769216
1057.0,1.0570000000000022,5.057769947692172
1057.5,1.0574999999999974,5.060269947692149
1058.0,1.0579999999999998,5.06184030969937
1058.5,1.0585000000000022,5.064340309699382
1059.0,1.0589999999999975,5.066840309699359
1059.5,1.0594999999999999,5.068328521013861
1060.0,1.0600000000000023,5.070828521013873
1060.5,1.0604999999999976,5.073328521013849
1061.0,1.061,5.074743787541642
1061.5,1.0615000000000023,5.077243787541654
1062.0,1.0619999999999976,5.079743787541631
1062.5,1.0625,5.081082464968176
1063.0,1.0630000000000024,5.083582464968188
1063.5,1.0634999999999977,5.086082464968165
1064.0,1.064,5.087366316059594
1064.5,1.0645000000000024,5.089866316059606
1065.0,1.0649999999999977,5.092366316059582
1065.5,1.0655000000000001,5.093619509360003
1066.0,1.0660000000000025,5.096119509360015
1066.5,1.0664999999999978,5.098619509359992
1067.0,1.0670000000000002,5.099840318882265
1067.5,1.0675000000000026,5.102340318882277
1068.0,1.0679999999999978,5.104840318882253
1068.5,1.0685000000000002,5.1060492465037655
1069.0,1.0690000000000026,5.108549246503777
1069.5,1.069499999999998,5.111049246503754
1070.0,1.0700000000000003,5.112265250078245
1070.5,1.0705000000000027,5.114765250078257
1071.0,1.070999999999998,5.117265250078233
1071.5,1.0715000000000003,5.118483520137573
1072.0,1.0720000000000027,5.120983520137585
1072.5,1.072499999999998,5.123483520137562
1073.0,1.0730000000000004,5.124733057511612
1073.5,1.0735000000000028,5.127233057511624
1074.0,1.073999999999998,5.129733057511601
1074.5,1.0745000000000005,5.131018718936282
1075.0,1.0750000000000028,5.133518718936294
1075.5,1.0754999999999981,5.1360187189362705
1076.0,1.0760000000000005,5.13737479937646
1076.5,1.076500000000003,5.1398747993764715
1077.0,1.0769999999999982,5.142374799376448
1077.5,1.0775000000000006,5.143846233962748
1078.0,1.078000000000003,5.14634623396276
1078.5,1.0784999999999982,5.148846233962736
1079.0,1.0790000000000006,5.150462737705048
1079.5,1.079500000000003,5.15296273770506
1080.0,1.0799999999999983,5.155462737705037
1080.5,1.0805000000000007,5.157243209912465
1081.0,1.081000000000003,5.159743209912477
1081.5,1.0814999999999984,5.162243209912454
1082.0,1.0820000000000007,5.164156182331325
1082.5,1.0825000000000031,5.166656182331337
1083.0,1.0829999999999984,5.169156182331314
1083.5,1.0835000000000008,5.171153480212638
1084.0,1.0840000000000032,5.17365348021265
1084.5,1.0844999999999985,5.176153480212626
1085.0,1.0850000000000009,5.178193455391487
1085.5,1.0855000000000032,5.1806934553914985
1086.0,1.0859999999999985,5.183193455391475
1086.5,1.086500000000001,5.1852411903723805
1087.0,1.0870000000000033,5.1877411903723925
1087.5,1.0874999999999986,5.190241190372369
1088.0,1.088000000000001,5.19224141797789
1088.5,1.0885000000000034,5.194741417977902
1089.0,1.0889999999999986,5.197241417977878
1089.5,1.089500000000001,5.199154527262841
1090.0,1.0900000000000034,5.201654527262853
1090.5,1.0904999999999987,5.20415452726283
1091.0,1.091000000000001,5.205948321754867
1091.5,1.0914999999999964,5.208448321754844
1092.0,1.0919999999999987,5.210948321754856
1092.5,1.0925000000000011,5.212584092356529
1093.0,1.0930000000000035,5.215084092356541
1093.5,1.0934999999999988,5.2175840923565175
1094.0,1.0940000000000012,5.219032302462097
1094.5,1.0944999999999965,5.221532302462073
1095.0,1.0949999999999989,5.224032302462085
1095.5,1.0955000000000013,5.225279433396786
1096.0,1.0960000000000036,5.2277794333967975
1096.5,1.096499999999999,5.230279433396774
1097.0,1.0970000000000013,5.23135916173203
1097.5,1.0974999999999966,5.233859161732006
1098.0,1.097999999999999,5.236359161732018
1098.5,1.0985000000000014,5.237309668283281
1099.0,1.0989999999999966,5.239809668283257
1099.5,1.099499999999999,5.242309668283269
1100.0,1.1000000000000014,5.243159482805595
1100.5,1.1004999999999967,5.245659482805571
1101.0,1.100999999999999,5.248159482805583
1101.5,1.1015000000000015,5.248955744377568
1102.0,1.1019999999999968,5.2514557443775445
1102.5,1.1024999999999991,5.253955744377556
1103.0,1.1030000000000015,5.254740848701189
1103.5,1.1034999999999968,5.257240848701166
1104.0,1.1039999999999992,5.259740848701178
1104.5,1.1045000000000016,5.260519467806333
1105.0,1.1049999999999969,5.263019467806309
1105.5,1.1054999999999993,5.265519467806321
1106.0,1.1060000000000016,5.266281977694831
1106.5,1.106499999999997,5.2687819776948075
1107.0,1.1069999999999993,5.271281977694819
1107.5,1.1075000000000017,5.27204808884651
1108.0,1.107999999999997,5.274548088846487
1108.5,1.1084999999999994,5.277048088846499
1109.0,1.1090000000000018,5.277817037824981
1109.5,1.109499999999997,5.2803170378249575
1110.0,1.1099999999999994,5.2828170378249695
1110.5,1.1105000000000018,5.283613480860758
1111.0,1.110999999999997,5.286113480860735
1111.5,1.1114999999999995,5.288613480860747
1112.0,1.1120000000000019,5.289444122256732
1112.5,1.1124999999999972,5.291944122256709
1113.0,1.1129999999999995,5.294444122256721
1113.5,1.113500000000002,5.295297594829336
1114.0,1.1139999999999972,5.297797594829312
1114.5,1.1144999999999996,5.300297594829324
1115.0,1.115000000000002,5.30119219496072
1115.5,1.1154999999999973,5.303692194960696
1116.0,1.1159999999999997,5.306192194960708
1116.5,1.116500000000002,5.3071392341387025
1117.0,1.1169999999999973,5.309639234138679
1117.5,1.1174999999999997,5.312139234138691
1118.0,1.118000000000002,5.31312812389519
1118.5,1.1184999999999974,5.315628123895166
1119.0,1.1189999999999998,5.318128123895178
1119.5,1.1195000000000022,5.319157652777768
1120.0,1.1199999999999974,5.321657652777745
1120.5,1.1204999999999998,5.324157652777757
1121.0,1.1210000000000022,5.32517601036659
1121.5,1.1214999999999975,5.327676010366567
1122.0,1.1219999999999999,5.3301760103665785
1122.5,1.1225000000000023,5.331154128120055
1123.0,1.1229999999999976,5.333654128120031
1123.5,1.1235,5.336154128120043
1124.0,1.1240000000000023,5.337075097398554
1124.5,1.1244999999999976,5.33957509739853
1125.0,1.125,5.342075097398542
1125.5,1.1255000000000024,5.342903157134629
1126.0,1.1259999999999977,5.345403157134605
1126.5,1.1265,5.347903157134617
1127.0,1.1270000000000024,5.348642098137297
1127.5,1.1274999999999977,5.351142098137274
1128.0,1.1280000000000001,5.353642098137286
1128.5,1.1285000000000025,5.354321902023145
1129.0,1.1289999999999978,5.356821902023121
1129.5,1.1295000000000002,5.359321902023133
1130.0,1.1300000000000026,5.359977761507011
1130.5,1.1304999999999978,5.362477761506987
1131.0,1.1310000000000002,5.364977761506999
1131.5,1.1315000000000026,5.365648362956961
1132.0,1.131999999999998,5.368148362956937
1132.5,1.1325000000000003,5.370648362956949
1133.0,1.1330000000000027,5.373148362956961
1133.5,1.133499999999998,5.373854940736891
1134.0,1.1340000000000003,5.376354940736903
1134.5,1.1345000000000027,5.378854940736915
1135.0,1.134999999999998,5.379602907828378
1135.5,1.1355000000000004,5.38210290782839
1136.0,1.1360000000000028,5.384602907828402
1136.5,1.136499999999998,5.385401687118545
1137.0,1.1370000000000005,5.387901687118557
1137.5,1.1375000000000028,5.390401687118569
1138.0,1.1379999999999981,5.3912516903188035
1138.5,1.1385000000000005,5.393751690318815
1139.0,1.139000000000003,5.396251690318827
1139.5,1.1394999999999982,5.3971644431788945
1140.0,1.1400000000000006,5.3996644431789065
1140.5,1.140500000000003,5.402164443178918
1141.0,1.1409999999999982,5.403106542901703
1141.5,1.1415000000000006,5.405606542901715
1142.0,1.142000000000003,5.408106542901727
1142.5,1.1424999999999983,5.4090748889033335
1143.0,1.1430000000000007,5.4115748889033455
1143.5,1.143500000000003,5.414074888903357
1144.0,1.1439999999999984,5.415043398195785
1144.5,1.1445000000000007,5.4175433981957966
1145.0,1.1450000000000031,5.4200433981958085
1145.5,1.1454999999999984,5.4209977066999215
1146.0,1.1460000000000008,5.4234977066999335
1146.5,1.1465000000000032,5.425997706699945
1147.0,1.1469999999999985,5.426954176602123
1147.5,1.1475000000000009,5.429454176602135
1148.0,1.1480000000000032,5.431954176602147
1148.5,1.1484999999999985,5.432918043467723
1149.0,1.149000000000001,5.435418043467735
1149.5,1.1495000000000033,5.4379180434677465
1150.0,1.1499999999999986,5.4388906652102875
1150.5,1.150500000000001,5.4413906652102995
1151.0,1.1510000000000034,5.443890665210311
1151.5,1.1514999999999986,5.444849101018434
1152.0,1.152000000000001,5.447349101018446
1152.5,1.1525000000000034,5.449849101018458
1153.0,1.1529999999999987,5.450792663031763
1153.5,1.153500000000001,5.453292663031775
1154.0,1.1539999999999964,5.455792663031751
1154.5,1.1544999999999987,5.45671125534799
1155.0,1.1550000000000011,5.459211255348002
1155.5,1.1555000000000035,5.461711255348014
1156.0,1.1559999999999988,5.462613674629573
1156.5,1.1565000000000012,5.465113674629585
1157.0,1.1569999999999965,5.467613674629561
1157.5,1.1574999999999989,5.468488917260892
1158.0,1.1580000000000013,5.470988917260904
1158.5,1.1585000000000036,5.473488917260916
1159.0,1.158999999999999,5.474300405881927
1159.5,1.1595000000000013,5.476800405881939
1160.0,1.1599999999999966,5.479300405881915
1160.5,1.160499999999999,5.480021846667604
1161.0,1.1610000000000014,5.482521846667616
1161.5,1.1614999999999966,5.485021846667593
1162.0,1.161999999999999,5.485627777109734
1162.5,1.1625000000000014,5.488127777109746
1163.0,1.1629999999999967,5.490627777109722
1163.5,1.163499999999999,5.49108566624934
1164.0,1.1640000000000015,5.493585666249352
1164.5,1.1644999999999968,5.4960856662493285
1165.0,1.1649999999999991,5.496416839700515
1165.5,1.1655000000000015,5.498916839700527
1166.0,1.1659999999999968,5.501416839700504
1166.5,1.1664999999999992,5.501618764532132
1167.0,1.1670000000000016,5.504118764532144
1167.5,1.1674999999999969,5.506618764532121
1168.0,1.1679999999999993,5.506719309665904
1168.5,1.1685000000000016,5.509219309665916
1169.0,1.168999999999997,5.511719309665892
1169.5,1.1694999999999993,5.511783273832016
1170.0,1.1700000000000017,5.514283273832028
1170.5,1.170499999999997,5.516783273832004
1171.0,1.1709999999999994,5.516852011135924
1171.5,1.1715000000000018,5.519352011135936
1172.0,1.171999999999997,5.521852011135913
1172.5,1.1724999999999994,5.521975107822641
1173.0,1.1730000000000018,5.524475107822653
1173.5,1.173499999999997,5.526975107822629
1174.0,1.1739999999999995,5.527154218598227
1174.5,1.1745000000000019,5.529654218598239
1175.0,1.1749999999999972,5.532154218598215
1175.5,1.1754999999999995,5.5323842188932915
1176.0,1.176000000000002,5.534884218893303
1176.5,1.1764999999999972,5.53738421889328
1177.0,1.1769999999999996,5.537619536979328
1177.5,1.177500000000002,5.54011953697934
1178.0,1.1779999999999973,5.542619536979316
1178.5,1.1784999999999997,5.542817397796362
1179.0,1.179000000000002,5.545317397796374
1179.5,1.1794999999999973,5.547817397796351
1180.0,1.1799999999999997,5.547937375092076
1180.5,1.180500000000002,5.550437375092088
1181.0,1.1809999999999974,5.552937375092064
1181.5,1.1814999999999998,5.552991791521791
1182.0,1.1820000000000022,5.555491791521803
1182.5,1.1824999999999974,5.557991791521779
1183.0,1.1829999999999998,5.558013941187667
1183.5,1.1835000000000022,5.560513941187679
1184.0,1.1839999999999975,5.563013941187656
1184.5,1.1844999999999999,5.5630294889493115
1185.0,1.1850000000000023,5.565529488949323
1185.5,1.1854999999999976,5.5680294889493
1186.0,1.186,5.568083321266393
1186.5,1.1865000000000023,5.570583321266405
1187.0,1.1869999999999976,5.573083321266381
1187.5,1.1875,5.573212877931262
1188.0,1.1880000000000024,5.575712877931274
1188.5,1.1884999999999977,5.57821287793125
1189.0,1.189,5.578420970012807
1189.5,1.1895000000000024,5.580920970012819
1190.0,1.1899999999999977,5.583420970012796
1190.5,1.1905000000000001,5.583732607340188
1191.0,1.1910000000000025,5.5862326073402
1191.5,1.1914999999999978,5.588732607340177
1192.0,1.1920000000000002,5.5891304423634836
1192.5,1.1925000000000026,5.5916304423634955
1193.0,1.1929999999999978,5.594130442363472
1193.5,1.1935000000000002,5.594605737631966
1194.0,1.1940000000000026,5.597105737631978
1194.5,1.194499999999998,5.599605737631954
1195.0,1.1950000000000003,5.60016696369118
1195.5,1.1955000000000027,5.602666963691192
1196.0,1.195999999999998,5.605166963691168
1196.5,1.1965000000000003,5.6057957581582585
1197.0,1.1970000000000027,5.60829575815827
1197.5,1.197499999999998,5.610795758158247
1198.0,1.1980000000000004,5.611500217281105
1198.5,1.1985000000000028,5.6140002172811165
1199.0,1.198999999999998,5.616500217281093
1199.5,1.1995000000000005,5.617290083833275
1200.0,1.2000000000000028,5.619790083833287
1200.5,1.2004999999999981,5.6222900838332635
1201.0,1.2010000000000005,5.623195469787312
1201.5,1.201500000000003,5.625695469787324
1202.0,1.2019999999999982,5.6281954697873005
1202.5,1.2025000000000006,5.629213874428025
1203.0,1.203000000000003,5.631713874428037
1203.5,1.2034999999999982,5.6342138744280135
1204.0,1.2040000000000006,5.635326695722327
1204.5,1.204500000000003,5.637826695722339
1205.0,1.2049999999999983,5.640326695722315
1205.5,1.2055000000000007,5.641503381403545
1206.0,1.206000000000003,5.644003381403557
1206.5,1.2064999999999984,5.646503381403534
1207.0,1.2070000000000007,5.647700127034128
1207.5,1.2075000000000031,5.6502001270341395
1208.0,1.2079999999999984,5.652700127034116
1208.5,1.2085000000000008,5.655200127034128
1209.0,1.2090000000000032,5.656408197763376
1209.5,1.2094999999999985,5.658908197763353
1210.0,1.2100000000000009,5.661408197763365
1210.5,1.2105000000000032,5.662591925011853
1211.0,1.2109999999999985,5.665091925011829
1211.5,1.211500000000001,5.667591925011841
1212.0,1.2120000000000033,5.668730100131505
1212.5,1.2124999999999986,5.671230100131481
1213.0,1.213000000000001,5.673730100131493
1213.5,1.2135000000000034,5.674834483828555
1214.0,1.2139999999999986,5.677334483828531
1214.5,1.214500000000001,5.679834483828543
1215.0,1.2150000000000034,5.6808834925955765
1215.5,1.2154999999999987,5.683383492595553
1216.0,1.216000000000001,5.685883492595565
1216.5,1.2164999999999964,5.68687952084673
1217.0,1.2169999999999987,5.689379520846742
1217.5,1.2175000000000011,5.691879520846754
1218.0,1.2180000000000035,5.6928120570205465
1218.5,1.2184999999999988,5.695312057020523
1219.0,1.2190000000000012,5.697812057020535
1219.5,1.2194999999999965,5.698693255324727
1220.0,1.2199999999999989,5.701193255324739
1220.5,1.2205000000000013,5.703693255324751
1221.0,1.2210000000000036,5.704562161910296
1221.5,1.221499999999999,5.707062161910272
1222.0,1.2220000000000013,5.709562161910284
1222.5,1.2224999999999966,5.710460409538918
1223.0,1.222999999999999,5.71296040953893
1223.5,1.2235000000000014,5.715460409538942
1224.0,1.2239999999999966,5.716422828179901
1224.5,1.224499999999999,5.718922828179913
1225.0,1.2250000000000014,5.721422828179925
1225.5,1.2254999999999967,5.7224582261852674
1226.0,1.225999999999999,5.724958226185279
1226.5,1.2265000000000015,5.727458226185291
1227.0,1.2269999999999968,5.728562500782992
1227.5,1.2274999999999991,5.731062500783004
1228.0,1.2280000000000015,5.733562500783016
1228.5,1.2284999999999968,5.7347291605759665
1229.0,1.2289999999999992,5.737229160575978
1229.5,1.2295000000000016,5.73972916057599
1230.0,1.2299999999999969,5.740975294607118
1230.5,1.2304999999999993,5.74347529460713
1231.0,1.2310000000000016,5.745975294607142
1231.5,1.231499999999997,5.747272139321282
1232.0,1.2319999999999993,5.749772139321294
1232.5,1.2325000000000017,5.752272139321306
1233.0,1.232999999999997,5.753608504468488
1233.5,1.2334999999999994,5.7561085044685
1234.0,1.2340000000000018,5.758608504468512
1234.5,1.234499999999997,5.759937981150145
1235.0,1.2349999999999994,5.762437981150157
1235.5,1.2355000000000018,5.764937981150169
1236.0,1.235999999999997,5.766222246488084
1236.5,1.2364999999999995,5.768722246488096
1237.0,1.2370000000000019,5.771222246488108
1237.5,1.2374999999999972,5.772415884710611
1238.0,1.2379999999999995,5.774915884710623
1238.5,1.238500000000002,5.777415884710635
1239.0,1.2389999999999972,5.778487758391435
1239.5,1.2394999999999996,5.780987758391447
1240.0,1.240000000000002,5.783487758391459
1240.5,1.2404999999999973,5.784441532553259
1241.0,1.2409999999999997,5.786941532553271
1241.5,1.241500000000002,5.789441532553283
1242.0,1.2419999999999973,5.790289939412965
1242.5,1.2424999999999997,5.792789939412977
1243.0,1.243000000000002,5.795289939412989
1243.5,1.2434999999999974,5.796017905689261
1244.0,1.2439999999999998,5.798517905689273
1244.5,1.2445000000000022,5.801017905689285
1245.0,1.2449999999999974,5.801591285965557
1245.5,1.2454999999999998,5.804091285965569
1246.0,1.2460000000000022,5.806591285965581
1246.5,1.2464999999999975,5.806988019450259
1247.0,1.2469999999999999,5.809488019450271
1247.5,1.2475000000000023,5.811988019450283
1248.0,1.2479999999999976,5.812203751887246
1248.5,1.2485,5.814703751887258
1249.0,1.2490000000000023,5.81720375188727
1249.5,1.2494999999999976,5.8172420068317265
1250.0,1.25,5.8197420068317385
1250.5,1.2505000000000024,5.82224200683175
1251.0,1.2509999999999977,5.822120642370763
1251.5,1.2515,5.824620642370775
1252.0,1.2520000000000024,5.827120642370787
1252.5,1.2524999999999977,5.826866097955907
1253.0,1.2530000000000001,5.829366097955919
1253.5,1.2535000000000025,5.831866097955931
1254.0,1.2539999999999978,5.831515118059656
1254.5,1.2545000000000002,5.834015118059668
1255.0,1.2550000000000026,5.83651511805968
1255.5,1.2554999999999978,5.8360994992838755
1256.0,1.2560000000000002,5.838599499283887
1256.5,1.2565000000000026,5.841099499283899
1257.0,1.256999999999998,5.84065847442762
1257.5,1.2575000000000003,5.843158474427632
1258.0,1.2580000000000027,5.845658474427644
1258.5,1.258499999999998,5.845230512767401
1259.0,1.2590000000000003,5.847730512767413
1259.5,1.2595000000000027,5.850230512767425
1260.0,1.259999999999998,5.849838889872316
1260.5,1.2605000000000004,5.852338889872328
1261.0,1.2610000000000028,5.85483888987234
1261.5,1.261499999999998,5.854520289651894
1262.0,1.2620000000000005,5.857020289651906
1262.5,1.2625000000000028,5.859520289651918
1263.0,1.2629999999999981,5.859284996257301
1263.5,1.2635000000000005,5.861784996257313
1264.0,1.264000000000003,5.864284996257325
1264.5,1.2644999999999982,5.864112871080742
1265.0,1.2650000000000006,5.866612871080754
1265.5,1.265500000000003,5.869112871080766
1266.0,1.2659999999999982,5.868945024241121
1266.5,1.2665000000000006,5.871445024241133
1267.0,1.267000000000003,5.873945024241145
1267.5,1.2674999999999983,5.873738987396848
1268.0,1.2680000000000007,5.87623898739686
1268.5,1.268500000000003,5.878738987396872
1269.0,1.2689999999999984,5.878474204702044
1269.5,1.2695000000000007,5.880974204702056
1270.0,1.2700000000000031,5.883474204702068
1270.5,1.2704999999999984,5.883123755694015
1271.0,1.2710000000000008,5.885623755694027
1271.5,1.2715000000000032,5.888123755694039
1272.0,1.2719999999999985,5.887661843784571
1272.5,1.2725000000000009,5.890161843784583
1273.0,1.2730000000000032,5.892661843784595
1273.5,1.2734999999999985,5.892066501104658
1274.0,1.274000000000001,5.89456650110467
1274.5,1.2745000000000033,5.897066501104682
1275.0,1.2749999999999986,5.89636002921452
1275.5,1.275500000000001,5.898860029214532
1276.0,1.2760000000000034,5.901360029214544
1276.5,1.2764999999999986,5.900555843215471
1277.0,1.277000000000001,5.903055843215483
1277.5,1.2775000000000034,5.905555843215495
1278.0,1.2779999999999987,5.904691524101295
1278.5,1.278500000000001,5.907191524101307
1279.0,1.2790000000000035,5.909691524101319
1279.5,1.2794999999999987,5.908835723966419
1280.0,1.2800000000000011,5.911335723966431
1280.5,1.2805000000000035,5.913835723966443
1281.0,1.2809999999999988,5.913031772656936
1281.5,1.2815000000000012,5.915531772656948
1282.0,1.2819999999999965,5.918031772656924
1282.5,1.2824999999999989,5.917317886535827
1283.0,1.2830000000000013,5.919817886535839
1283.5,1.2835000000000036,5.922317886535851
1284.0,1.283999999999999,5.924817886535827
1284.5,1.2845000000000013,5.924235095246786
1285.0,1.2849999999999966,5.926735095246762
1285.5,1.285499999999999,5.929235095246774
1286.0,1.2860000000000014,5.9288103087594735
1286.5,1.2864999999999966,5.93131030875945
1287.0,1.286999999999999,5.933810308759462
1287.5,1.2875000000000014,5.933534624764967
1288.0,1.2879999999999967,5.936034624764943
1288.5,1.288499999999999,5.938534624764955
1289.0,1.2890000000000015,5.938443782759997
1289.5,1.2894999999999968,5.940943782759973
1290.0,1.2899999999999991,5.943443782759985
1290.5,1.2905000000000015,5.943565413802183
1291.0,1.2909999999999968,5.94606541380216
1291.5,1.2914999999999992,5.9485654138021715
1292.0,1.2920000000000016,5.9489181770041455
1292.5,1.2924999999999969,5.951418177004122
1293.0,1.2929999999999993,5.953918177004134
1293.5,1.2935000000000016,5.954478202255764
1294.0,1.293999999999997,5.9569782022557405
1294.5,1.2944999999999993,5.959478202255752
1295.0,1.2950000000000017,5.960247522575273
1295.5,1.295499999999997,5.962747522575249
1296.0,1.2959999999999994,5.965247522575261
1296.5,1.2965000000000018,5.966215628448133
1297.0,1.296999999999997,5.968715628448109
1297.5,1.2974999999999994,5.971215628448121
1298.0,1.2980000000000018,5.972356869111479
1298.5,1.298499999999997,5.974856869111456
1299.0,1.2989999999999995,5.977356869111468
1299.5,1.2995000000000019,5.978656359208401
1300.0,1.2999999999999972,5.981156359208377
1300.5,1.3004999999999995,5.983656359208389
1301.0,1.301000000000002,5.985059780398032
1301.5,1.3014999999999972,5.9875597803980085
1302.0,1.3019999999999996,5.9900597803980205
1302.5,1.302500000000002,5.991491907537956
1303.0,1.3029999999999973,5.993991907537932
1303.5,1.3034999999999997,5.996491907537944
1304.0,1.304000000000002,5.997884548504793
1304.5,1.3044999999999973,6.000384548504769
1305.0,1.3049999999999997,6.002884548504781
1305.5,1.305500000000002,6.004182857443681
1306.0,1.3059999999999974,6.006682857443657
1306.5,1.3064999999999998,6.009182857443669
1307.0,1.3070000000000022,6.010373679283347
1307.5,1.3074999999999974,6.012873679283324
1308.0,1.3079999999999998,6.015373679283336
1308.5,1.3085000000000022,6.01646695531187
1309.0,1.3089999999999975,6.018966955311846
1309.5,1.3094999999999999,6.021466955311858
1310.0,1.3100000000000023,6.022476376446129
1310.5,1.3104999999999976,6.024976376446105
1311.0,1.311,6.027476376446117
1311.5,1.3115000000000023,6.028447523100198
1312.0,1.3119999999999976,6.030947523100174
1312.5,1.3125,6.033447523100186
1313.0,1.3130000000000024,6.034397604744619
1313.5,1.3134999999999977,6.0368976047445955
1314.0,1.314,6.039397604744607
1314.5,1.3145000000000024,6.040353147004325
1315.0,1.3149999999999977,6.042853147004301
1315.5,1.3155000000000001,6.045353147004313
1316.0,1.3160000000000025,6.046339094652211
1316.5,1.3164999999999978,6.0488390946521875
1317.0,1.3170000000000002,6.051339094652199
1317.5,1.3175000000000026,6.0523628589398015
1318.0,1.3179999999999978,6.054862858939778
1318.5,1.3185000000000002,6.05736285893979
1319.0,1.3190000000000026,6.058409812425616
1319.5,1.319499999999998,6.060909812425592
1320.0,1.3200000000000003,6.063409812425604
1320.5,1.3205000000000027,6.0644414460272245
1321.0,1.320999999999998,6.066941446027201
1321.5,1.3215000000000003,6.069441446027213
1322.0,1.3220000000000027,6.070427576971937
1322.5,1.322499999999998,6.072927576971914
1323.0,1.3230000000000004,6.075427576971926
1323.5,1.3235000000000028,6.076376968269983
1324.0,1.323999999999998,6.0788769682699595
1324.5,1.3245000000000005,6.081376968269971
1325.0,1.3250000000000028,6.082276649860141
1325.5,1.3254999999999981,6.0847766498601175
1326.0,1.3260000000000005,6.087276649860129
1326.5,1.326500000000003,6.088150691322447
1327.0,1.3269999999999982,6.090650691322423
1327.5,1.3275000000000006,6.093150691322435
1328.0,1.328000000000003,6.093999406891015
1328.5,1.3284999999999982,6.096499406890992
1329.0,1.3290000000000006,6.098999406891004
1329.5,1.329500000000003,6.09979855624065
1330.0,1.3299999999999983,6.102298556240626
1330.5,1.3305000000000007,6.104798556240638
1331.0,1.331000000000003,6.105507508474339
1331.5,1.3314999999999984,6.108007508474316
1332.0,1.3320000000000007,6.110507508474328
1332.5,1.3325000000000031,6.111066857528371
1333.0,1.3329999999999984,6.1135668575283475
1333.5,1.3335000000000008,6.116066857528359
1334.0,1.3340000000000032,6.116433067779816
1334.5,1.3344999999999985,6.118933067779793
1335.0,1.3350000000000009,6.121433067779805
1335.5,1.3355000000000032,6.121583705951856
1336.0,1.3359999999999985,6.124083705951833
1336.5,1.336500000000001,6.126583705951845
1337.0,1.3370000000000033,6.126517857612086
1337.5,1.3374999999999986,6.129017857612062
1338.0,1.338000000000001,6.131517857612074
1338.5,1.3385000000000034,6.1312623539864575
1339.0,1.3389999999999986,6.133762353986434
1339.5,1.339500000000001,6.136262353986446
1340.0,1.3400000000000034,6.135871312381163
1340.5,1.3404999999999987,6.138371312381139
1341.0,1.341000000000001,6.140871312381151
1341.5,1.3415000000000035,6.140400950417231
1342.0,1.3419999999999987,6.142900950417207
1342.5,1.3425000000000011,6.145400950417219
1343.0,1.3430000000000035,6.144893670719149
1343.5,1.3434999999999988,6.147393670719126
1344.0,1.3440000000000012,6.149893670719138
1344.5,1.3444999999999965,6.14940851350898
1345.0,1.3449999999999989,6.151908513508992
1345.5,1.3455000000000013,6.154408513509004
1346.0,1.3460000000000036,6.153993346441204
1346.5,1.346499999999999,6.156493346441181
1347.0,1.3470000000000013,6.158993346441193
1347.5,1.3474999999999966,6.158684794974647
1348.0,1.347999999999999,6.161184794974659
1348.5,1.3485000000000014,6.163684794974671
1349.0,1.3489999999999966,6.163498709675288
1349.5,1.349499999999999,6.1659987096753
1350.0,1.3500000000000014,6.168498709675312
1350.5,1.3504999999999967,6.168450323450614
1351.0,1.350999999999999,6.170950323450626
1351.5,1.3515000000000015,6.173450323450638
1352.0,1.3519999999999968,6.173566105438795
1352.5,1.3524999999999991,6.176066105438807
1353.0,1.3530000000000015,6.178566105438819
1353.5,1.3534999999999968,6.1788629444988885
1354.0,1.3539999999999992,6.1813629444989004
1354.5,1.3545000000000016,6.183862944498912
1355.0,1.3549999999999969,6.184340352433821
1355.5,1.3554999999999993,6.186840352433833
1356.0,1.3560000000000016,6.189340352433845
1356.5,1.356499999999997,6.189962076980322
1357.0,1.3569999999999993,6.192462076980334
1357.5,1.3575000000000017,6.194962076980346
1358.0,1.357999999999997,6.195659824070532
1358.5,1.3584999999999994,6.198159824070544
1359.0,1.3590000000000018,6.200659824070556
1359.5,1.359499999999997,6.203159824070532
1360.0,1.3599999999999994,6.203872538324475
1360.5,1.3605000000000018,6.206372538324487
1361.0,1.360999999999997,6.208872538324464
1361.5,1.3614999999999995,6.209520108850803
1362.0,1.3620000000000019,6.212020108850815
1362.5,1.3624999999999972,6.214520108850792
1363.0,1.3629999999999995,6.215081844775163
1363.5,1.363500000000002,6.217581844775175
1364.0,1.3639999999999972,6.220081844775152
1364.5,1.3644999999999996,6.220507381806293
1365.0,1.365000000000002,6.223007381806305
1365.5,1.3654999999999973,6.225507381806281
1366.0,1.3659999999999997,6.225771165657115
1366.5,1.366500000000002,6.228271165657127
1367.0,1.3669999999999973,6.230771165657103
1367.5,1.3674999999999997,6.2308683638442375
1368.0,1.368000000000002,6.233368363844249
1368.5,1.3684999999999974,6.235868363844226
1369.0,1.3689999999999998,6.235810411586833
1369.5,1.3695000000000022,6.238310411586845
1370.0,1.3699999999999974,6.240810411586821
1370.5,1.3704999999999998,6.240620238756804
1371.0,1.3710000000000022,6.243120238756816
1371.5,1.3714999999999975,6.245620238756793
1372.0,1.3719999999999999,6.2453385536296935
1372.5,1.3725000000000023,6.247838553629705
1373.0,1.3729999999999976,6.250338553629682
1373.5,1.3735,6.249984279820957
1374.0,1.3740000000000023,6.252484279820969
1374.5,1.3744999999999976,6.254984279820945
1375.0,1.375,6.254595232766285
1375.5,1.3755000000000024,6.2570952327662965
1376.0,1.3759999999999977,6.259595232766273
1376.5,1.3765,6.259221675376914
1377.0,1.3770000000000024,6.261721675376926
1377.5,1.3774999999999977,6.264221675376902
1378.0,1.3780000000000001,6.263905427332226
1378.5,1.3785000000000025,6.266405427332238
1379.0,1.3789999999999978,6.268905427332214
1379.5,1.3795000000000002,6.268695990922026
1380.0,1.3800000000000026,6.271195990922038
1380.5,1.3804999999999978,6.273695990922015
1381.0,1.3810000000000002,6.273659207616014
1381.5,1.3815000000000026,6.2761592076160255
1382.0,1.381999999999998,6.278659207616002
1382.5,1.3825000000000003,6.278904566554679
1383.0,1.3830000000000027,6.281404566554691
1383.5,1.383499999999998,6.283904566554668
1384.0,1.3840000000000003,6.284493089115806
1384.5,1.3845000000000027,6.286993089115818
1385.0,1.384999999999998,6.289493089115794
1385.5,1.3855000000000004,6.290436049238615
1386.0,1.3860000000000028,6.292936049238627
1386.5,1.386499999999998,6.295436049238603
1387.0,1.3870000000000005,6.296701213901095
1387.5,1.3875000000000028,6.299201213901107
1388.0,1.3879999999999981,6.301701213901083
1388.5,1.3885000000000005,6.303219450931543
1389.0,1.389000000000003,6.305719450931555
1389.5,1.3894999999999982,6.3082194509315315
1390.0,1.3900000000000006,6.30991912419649
1390.5,1.390500000000003,6.312419124196502
1391.0,1.3909999999999982,6.314919124196479
1391.5,1.3915000000000006,6.316728058569723
1392.0,1.392000000000003,6.319228058569735
1392.5,1.3924999999999983,6.321728058569711
1393.0,1.3930000000000007,6.3235813240605765
1393.5,1.393500000000003,6.326081324060588
1394.0,1.3939999999999984,6.328581324060565
1394.5,1.3945000000000007,6.330418346353355
1395.0,1.3950000000000031,6.332918346353367
1395.5,1.3954999999999984,6.335418346353343
1396.0,1.3960000000000008,6.337188451760625
1396.5,1.3965000000000032,6.339688451760637
1397.0,1.3969999999999985,6.342188451760613
1397.5,1.3975000000000009,6.343831383141776
1398.0,1.3980000000000032,6.346331383141788
1398.5,1.3984999999999985,6.348831383141764
1399.0,1.399000000000001,6.350300151380104
1399.5,1.3995000000000033,6.352800151380116
1400.0,1.3999999999999986,6.355300151380092
1400.5,1.400500000000001,6.356564152058972
1401.0,1.4010000000000034,6.359064152058984
1401.5,1.4014999999999986,6.3615641520589605
1402.0,1.402000000000001,6.362585512496715
1402.5,1.4025000000000034,6.3650855124967265
1403.0,1.4029999999999987,6.367585512496703
1403.5,1.403500000000001,6.36833320409302
1404.0,1.4040000000000035,6.3708332040930316
1404.5,1.4044999999999987,6.373333204093008
1405.0,1.4050000000000011,6.373792046144899
1405.5,1.4055000000000035,6.376292046144911
1406.0,1.4059999999999988,6.378792046144888
1406.5,1.4065000000000012,6.378973865355029
1407.0,1.4069999999999965,6.381473865355005
1407.5,1.4074999999999989,6.383973865355017
1408.0,1.4080000000000013,6.383907406596698
1408.5,1.4085000000000036,6.38640740659671
1409.0,1.408999999999999,6.388907406596687
1409.5,1.4095000000000013,6.388687027503082
1410.0,1.4099999999999966,6.391187027503058
1410.5,1.410499999999999,6.39368702750307
1411.0,1.4110000000000014,6.39340756563918
1411.5,1.4114999999999966,6.395907565639156
1412.0,1.411999999999999,6.398407565639168
1412.5,1.4125000000000014,6.398159880313976
1413.0,1.4129999999999967,6.4006598803139525
1413.5,1.413499999999999,6.403159880313964
1414.0,1.4140000000000015,6.403012641923844
1414.5,1.4144999999999968,6.405512641923821
1415.0,1.4149999999999991,6.408012641923833
1415.5,1.4155000000000015,6.407991977552712
1416.0,1.4159999999999968,6.410491977552688
1416.5,1.4164999999999992,6.4129919775527
1417.0,1.4170000000000016,6.413100472100766
1417.5,1.4174999999999969,6.415600472100742
1418.0,1.4179999999999993,6.418100472100754
1418.5,1.4185000000000016,6.41832513375082
1419.0,1.418999999999997,6.420825133750796
1419.5,1.4194999999999993,6.423325133750808
1420.0,1.4200000000000017,6.4236427323687195
1420.5,1.420499999999997,6.426142732368696
1421.0,1.4209999999999994,6.428642732368708
1421.5,1.4215000000000018,6.429043954379026
1422.0,1.421999999999997,6.431543954379002
1422.5,1.4224999999999994,6.434043954379014
1423.0,1.4230000000000018,6.4345421345248255
1423.5,1.423499999999997,6.437042134524802
1424.0,1.4239999999999995,6.439542134524814
1424.5,1.4245000000000019,6.440149886741011
1425.0,1.4249999999999972,6.442649886740988
1425.5,1.4254999999999995,6.4451498867409995
1426.0,1.426000000000002,6.445847481050642
1426.5,1.4264999999999972,6.448347481050618
1427.0,1.4269999999999996,6.45084748105063
1427.5,1.427500000000002,6.451610647447836
1428.0,1.4279999999999973,6.454110647447813
1428.5,1.4284999999999997,6.456610647447825
1429.0,1.429000000000002,6.457385743877708
1429.5,1.4294999999999973,6.459885743877685
1430.0,1.4299999999999997,6.462385743877697
1430.5,1.430500000000002,6.463137032750019
1431.0,1.4309999999999974,6.465637032749996
1431.5,1.4314999999999998,6.468137032750008
1432.0,1.4320000000000022,6.46876557237146
1432.5,1.4324999999999974,6.471265572371436
1433.0,1.4329999999999998,6.473765572371448
1433.5,1.4335000000000022,6.474178996669657
1434.0,1.4339999999999975,6.476678996669634
1434.5,1.4344999999999999,6.479178996669646
1435.0,1.4350000000000023,6.4816789966696575
1435.5,1.4354999999999976,6.481801514680328
1436.0,1.436,6.4843015146803396
1436.5,1.4365000000000023,6.4868015146803515
1437.0,1.4369999999999976,6.486610675909361
1437.5,1.4375,6.489110675909373
1438.0,1.4380000000000024,6.491610675909385
1438.5,1.4384999999999977,6.491131806015282
1439.0,1.439,6.493631806015294
1439.5,1.4395000000000024,6.496131806015306
1440.0,1.4399999999999977,6.495418223921128
1440.5,1.4405000000000001,6.49791822392114
1441.0,1.4410000000000025,6.500418223921152
1441.5,1.4414999999999978,6.499566114795172
1442.0,1.4420000000000002,6.502066114795184
1442.5,1.4425000000000026,6.504566114795196
1443.0,1.4429999999999978,6.503653828167515
1443.5,1.4435000000000002,6.506153828167527
1444.0,1.4440000000000026,6.508653828167539
1444.5,1.444499999999998,6.50775093674369
1445.0,1.4450000000000003,6.510250936743702
1445.5,1.4455000000000027,6.512750936743714
1446.0,1.445999999999998,6.511914193969162
1446.5,1.4465000000000003,6.5144141939691735
1447.0,1.4470000000000027,6.5169141939691855
1447.5,1.447499999999998,6.5161604793807015
1448.0,1.4480000000000004,6.5186604793807135
1448.5,1.4485000000000028,6.521160479380725
1449.0,1.448999999999998,6.520514755306763
1449.5,1.4495000000000005,6.523014755306775
1450.0,1.4500000000000028,6.525514755306787
1450.5,1.4504999999999981,6.525013173749841
1451.0,1.4510000000000005,6.527513173749853
1451.5,1.451500000000003,6.530013173749865
1452.0,1.4519999999999982,6.529655037066213
1452.5,1.4525000000000006,6.532155037066225
1453.0,1.453000000000003,6.534655037066237
1453.5,1.4534999999999982,6.534470725746324
1454.0,1.4540000000000006,6.536970725746336
1454.5,1.454500000000003,6.539470725746348
1455.0,1.4549999999999983,6.539487155472514
1455.5,1.4555000000000007,6.541987155472526
1456.0,1.456000000000003,6.544487155472538
1456.5,1.4564999999999984,6.544713097733101
1457.0,1.4570000000000007,6.547213097733113
1457.5,1.4575000000000031,6.549713097733125
1458.0,1.4579999999999984,6.550184848993403
1458.5,1.4585000000000008,6.552684848993415
1459.0,1.4590000000000032,6.555184848993427
1459.5,1.4594999999999985,6.555918492709978
1460.0,1.4600000000000009,6.55841849270999
1460.5,1.4605000000000032,6.560918492710002
1461.0,1.4609999999999985,6.561879283045826
1461.5,1.461500000000001,6.564379283045838
1462.0,1.4620000000000033,6.56687928304585
1462.5,1.4624999999999986,6.567998929030843
1463.0,1.463000000000001,6.570498929030855
1463.5,1.4635000000000034,6.572998929030867
1464.0,1.4639999999999986,6.574185241096195
1464.5,1.464500000000001,6.576685241096207
1465.0,1.4650000000000034,6.579185241096219
1465.5,1.4654999999999987,6.580340305355179
1466.0,1.466000000000001,6.582840305355191
1466.5,1.4665000000000035,6.585340305355203
1467.0,1.4669999999999987,6.586372146527957
1467.5,1.4675000000000011,6.588872146527969
1468.0,1.4680000000000035,6.591372146527981
1468.5,1.4684999999999988,6.592187932095541
1469.0,1.4690000000000012,6.594687932095553
1469.5,1.4694999999999965,6.59718793209553
1470.0,1.4699999999999989,6.597715996116413
1470.5,1.4705000000000013,6.600215996116425
1471.0,1.4710000000000036,6.602715996116437
1471.5,1.471499999999999,6.602913858829957
1472.0,1.4720000000000013,6.605413858829969
1472.5,1.4724999999999966,6.607913858829946
1473.0,1.472999999999999,6.607792657345151
1473.5,1.4735000000000014,6.610292657345163
1474.0,1.4739999999999966,6.612792657345139
1474.5,1.474499999999999,6.612387854221069
1475.0,1.4750000000000014,6.614887854221081
1475.5,1.4754999999999967,6.617387854221057
1476.0,1.475999999999999,6.616740357920605
1476.5,1.4765000000000015,6.619240357920617
1477.0,1.4769999999999968,6.621740357920594
1477.5,1.4774999999999991,6.620903333340635
1478.0,1.4780000000000015,6.623403333340647
1478.5,1.4784999999999968,6.625903333340624
1479.0,1.4789999999999992,6.6249290009248085
1479.5,1.4795000000000016,6.6274290009248205
1480.0,1.4799999999999969,6.629929000924797
1480.5,1.4804999999999993,6.628884996463995
1481.0,1.4810000000000016,6.631384996464007
1481.5,1.481499999999997,6.633884996463983
1482.0,1.4819999999999993,6.632846113589146
1482.5,1.4825000000000017,6.635346113589158
1483.0,1.482999999999997,6.637846113589134
1483.5,1.4834999999999994,6.636882854594823
1484.0,1.4840000000000018,6.639382854594835
1484.5,1.484499999999997,6.641882854594812
1485.0,1.4849999999999994,6.64105631561462
1485.5,1.4855000000000018,6.643556315614632
1486.0,1.485999999999997,6.646056315614608
1486.5,1.4864999999999995,6.645437914247729
1487.0,1.4870000000000019,6.647937914247741
1487.5,1.4874999999999972,6.650437914247718
1488.0,1.4879999999999995,6.650073135339092
1488.5,1.488500000000002,6.652573135339104
1489.0,1.4889999999999972,6.65507313533908
1489.5,1.4894999999999996,6.654966534730136
1490.0,1.490000000000002,6.657466534730148
1490.5,1.4904999999999973,6.659966534730124
1491.0,1.4909999999999997,6.66009531631417
1491.5,1.491500000000002,6.662595316314182
1492.0,1.4919999999999973,6.665095316314158
1492.5,1.4924999999999997,6.665444980793929
1493.0,1.493000000000002,6.667944980793941
1493.5,1.4934999999999974,6.670444980793917
1494.0,1.4939999999999998,6.6710101930084775
1494.5,1.4945000000000022,6.6735101930084895
1495.0,1.4949999999999974,6.676010193008466
1495.5,1.4954999999999998,6.676757674777143
1496.0,1.4960000000000022,6.679257674777155
1496.5,1.4964999999999975,6.681757674777131
1497.0,1.4969999999999999,6.682648583824715
1497.5,1.4975000000000023,6.685148583824727
1498.0,1.4979999999999976,6.6876485838247035
1498.5,1.4985,6.688594962333703
1499.0,1.4990000000000023,6.691094962333715
1499.5,1.4994999999999976,6.693594962333691
1500.0,1.5,6.6944941645529
1500.5,1.5005000000000024,6.696994164552912
1501.0,1.5009999999999977,6.699494164552888
1501.5,1.5015,6.700229511087699
1502.0,1.5020000000000024,6.7027295110877105
1502.5,1.5024999999999977,6.705229511087687
1503.0,1.5030000000000001,6.70571487189342
1503.5,1.5035000000000025,6.708214871893432
1504.0,1.5039999999999978,6.710714871893408
1504.5,1.5045000000000002,6.7108574813219235
1505.0,1.5050000000000026,6.713357481321935
1505.5,1.5054999999999978,6.715857481321912
1506.0,1.5060000000000002,6.715598752853538
1506.5,1.5065000000000026,6.71809875285355
1507.0,1.506999999999998,6.720598752853526
1507.5,1.5075000000000003,6.719951155899757
1508.0,1.5080000000000027,6.722451155899769
1508.5,1.508499999999998,6.7249511558997455
1509.0,1.5090000000000003,6.723960552466686
1509.5,1.5095000000000027,6.726460552466698
1510.0,1.509999999999998,6.728960552466674
1510.5,1.5105000000000004,6.731460552466686
1511.0,1.5110000000000028,6.730174531151221
1511.5,1.511499999999998,6.732674531151197
1512.0,1.5120000000000005,6.735174531151209
1512.5,1.5125000000000028,6.733665991707838
1513.0,1.5129999999999981,6.736165991707814
1513.5,1.5135000000000005,6.738665991707826
1514.0,1.514000000000003,6.737023374504076
1514.5,1.5144999999999982,6.739523374504053
1515.0,1.5150000000000006,6.742023374504065
1515.5,1.515500000000003,6.740360854885594
1516.0,1.5159999999999982,6.742860854885571
1516.5,1.5165000000000006,6.745360854885583
1517.0,1.517000000000003,6.743775044671523
1517.5,1.5174999999999983,6.746275044671499
1518.0,1.5180000000000007,6.748775044671511
1518.5,1.518500000000003,6.747345389598074
1519.0,1.5189999999999984,6.74984538959805
1519.5,1.5195000000000007,6.752345389598062
1520.0,1.5200000000000031,6.751131577384442
1520.5,1.5204999999999984,6.753631577384418
1521.0,1.5210000000000008,6.75613157738443
1521.5,1.5215000000000032,6.755137680330208
1522.0,1.5219999999999985,6.757637680330184
1522.5,1.5225000000000009,6.760137680330196
1523.0,1.5230000000000032,6.759359429932239
1523.5,1.5234999999999985,6.7618594299322154
1524.0,1.524000000000001,6.764359429932227
1524.5,1.5245000000000033,6.763789052515499
1525.0,1.5249999999999986,6.766289052515475
1525.5,1.525500000000001,6.768789052515487
1526.0,1.5260000000000034,6.768409455514792
1526.5,1.5264999999999986,6.770909455514769
1527.0,1.527000000000001,6.773409455514781
1527.5,1.5275000000000034,6.773219806708113
1528.0,1.5279999999999987,6.775719806708089
1528.5,1.528500000000001,6.778219806708101
1529.0,1.5290000000000035,6.778209131061388
1529.5,1.5294999999999987,6.780709131061364
1530.0,1.5300000000000011,6.783209131061376
1530.5,1.5305000000000035,6.783348947309236
1531.0,1.5309999999999988,6.785848947309212
1531.5,1.5315000000000012,6.788348947309224
1532.0,1.5319999999999965,6.788609645074786
1532.5,1.5324999999999989,6.791109645074798
1533.0,1.5330000000000013,6.79360964507481
1533.5,1.5335000000000036,6.793938286098715
1534.0,1.533999999999999,6.796438286098692
1534.5,1.5345000000000013,6.7989382860987035
1535.0,1.5349999999999966,6.799276371373004
1535.5,1.535499999999999,6.801776371373016
1536.0,1.5360000000000014,6.804276371373028
1536.5,1.5364999999999966,6.804558052631435
1537.0,1.536999999999999,6.807058052631447
1537.5,1.5375000000000014,6.809558052631459
1538.0,1.5379999999999967,6.809695173580508
1538.5,1.538499999999999,6.81219517358052
1539.0,1.5390000000000015,6.814695173580532
1539.5,1.5394999999999968,6.814624781620964
1540.0,1.5399999999999991,6.817124781620976
1540.5,1.5405000000000015,6.819624781620988
1541.0,1.5409999999999968,6.819322854659475
1541.5,1.5414999999999992,6.821822854659487
1542.0,1.5420000000000016,6.824322854659499
1542.5,1.5424999999999969,6.823783279784905
1543.0,1.5429999999999993,6.826283279784917
1543.5,1.5435000000000016,6.828783279784929
1544.0,1.543999999999997,6.8280483935371095
1544.5,1.5444999999999993,6.830548393537121
1545.0,1.5450000000000017,6.833048393537133
1545.5,1.545499999999997,6.83219123938791
1546.0,1.5459999999999994,6.834691239387922
1546.5,1.5465000000000018,6.837191239387934
1547.0,1.546999999999997,6.836277854309465
1547.5,1.5474999999999994,6.838777854309477
1548.0,1.5480000000000018,6.841277854309489
1548.5,1.548499999999997,6.8403928881840415
1549.0,1.5489999999999995,6.842892888184053
1549.5,1.5495000000000019,6.845392888184065
1550.0,1.5499999999999972,6.844603734421426
1550.5,1.5504999999999995,6.847103734421438
1551.0,1.551000000000002,6.84960373442145
1551.5,1.5514999999999972,6.848948663386523
1552.0,1.5519999999999996,6.851448663386535
1552.5,1.552500000000002,6.8539486633865465
1553.0,1.5529999999999973,6.853447849095637
1553.5,1.5534999999999997,6.855947849095649
1554.0,1.554000000000002,6.858447849095661
1554.5,1.5544999999999973,6.858132555166456
1555.0,1.5549999999999997,6.860632555166468
1555.5,1.555500000000002,6.86313255516648
1556.0,1.5559999999999974,6.863008490781759
1556.5,1.5564999999999998,6.865508490781771
1557.0,1.5570000000000022,6.868008490781783
1557.5,1.5574999999999974,6.86808897528131
1558.0,1.5579999999999998,6.870588975281322
1558.5,1.5585000000000022,6.873088975281334
1559.0,1.5589999999999975,6.873362609312892
1559.5,1.5594999999999999,6.875862609312904
1560.0,1.5600000000000023,6.878362609312916
1560.5,1.5604999999999976,6.878840974508051
1561.0,1.561,6.881340974508063
1561.5,1.5615000000000023,6.883840974508075
1562.0,1.5619999999999976,6.884511824422681
1562.5,1.5625,6.887011824422693
1563.0,1.5630000000000024,6.889511824422705
1563.5,1.5634999999999977,6.890374233996113
1564.0,1.564,6.892874233996125
1564.5,1.5645000000000024,6.895374233996137
1565.0,1.5649999999999977,6.8963887182007255
1565.5,1.5655000000000001,6.8988887182007375
1566.0,1.5660000000000025,6.901388718200749
1566.5,1.5664999999999978,6.902502645189372
1567.0,1.5670000000000002,6.905002645189384
1567.5,1.5675000000000026,6.907502645189396
1568.0,1.5679999999999978,6.908631961482392
1568.5,1.5685000000000002,6.911131961482404
1569.0,1.5690000000000026,6.913631961482416
1569.5,1.569499999999998,6.914691661788517
1570.0,1.5700000000000003,6.917191661788529
1570.5,1.5705000000000027,6.919691661788541
1571.0,1.570999999999998,6.920607241979617
1571.5,1.5715000000000003,6.923107241979629
1572.0,1.5720000000000027,6.925607241979641
1572.5,1.572499999999998,6.926299528122186
1573.0,1.5730000000000004,6.928799528122198
1573.5,1.5735000000000028,6.93129952812221
1574.0,1.573999999999998,6.931717119992591
1574.5,1.5745000000000005,6.934217119992603
1575.0,1.5750000000000028,6.936717119992615
1575.5,1.5754999999999981,6.936802307549144
1576.0,1.5760000000000005,6.939302307549156
1576.5,1.576500000000003,6.9418023075491675
1577.0,1.5769999999999982,6.941540627980665
1577.5,1.5775000000000006,6.944040627980677
1578.0,1.578000000000003,6.9465406279806885
1578.5,1.5784999999999982,6.945964313921209
1579.0,1.5790000000000006,6.948464313921221
1579.5,1.579500000000003,6.950964313921233
1580.0,1.5799999999999983,6.9501444868888385
1580.5,1.5805000000000007,6.95264448688885
1581.0,1.581000000000003,6.955144486888862
1581.5,1.5814999999999984,6.954164224057351
1582.0,1.5820000000000007,6.956664224057363
1582.5,1.5825000000000031,6.959164224057375
1583.0,1.5829999999999984,6.958100869653556
1583.5,1.5835000000000008,6.960600869653568
1584.0,1.5840000000000032,6.96310086965358
1584.5,1.5844999999999985,6.962031027426825
1585.0,1.5850000000000009,6.964531027426837
1585.5,1.5855000000000032,6.967031027426849
1586.0,1.5859999999999985,6.969531027426825
1586.5,1.586500000000001,6.9684957318989404
1587.0,1.5870000000000033,6.970995731898952
1587.5,1.5874999999999986,6.973495731898929
1588.0,1.588000000000001,6.972519337048979
1588.5,1.5885000000000034,6.975019337048991
1589.0,1.5889999999999986,6.977519337048967
1589.5,1.589500000000001,6.976609101711233
1590.0,1.5900000000000034,6.979109101711245
1590.5,1.5904999999999987,6.981609101711221
1591.0,1.591000000000001,6.980775976948195
1591.5,1.5915000000000035,6.983275976948207
1592.0,1.5919999999999987,6.985775976948183
1592.5,1.5925000000000011,6.985019566805164
1593.0,1.5930000000000035,6.987519566805176
1593.5,1.5934999999999988,6.990019566805152
1594.0,1.5940000000000012,6.989343021540577
1594.5,1.5944999999999965,6.991843021540554
1595.0,1.5949999999999989,6.9943430215405655
1595.5,1.5955000000000013,6.9937606332193525
1596.0,1.5960000000000036,6.996260633219364
1596.5,1.596499999999999,6.998760633219341
1597.0,1.5970000000000013,6.998260550522417
1597.5,1.5974999999999966,7.0007605505223935
1598.0,1.597999999999999,7.0032605505224055
1598.5,1.5985000000000014,7.002810121352461
1599.0,1.5989999999999966,7.005310121352437
1599.5,1.599499999999999,7.007810121352449
1600.0,1.6000000000000014,7.007391505482339
1600.5,1.6004999999999967,7.009891505482315
1601.0,1.600999999999999,7.012391505482327
1601.5,1.6015000000000015,7.0119454142874815
1602.0,1.6019999999999968,7.014445414287458
1602.5,1.6024999999999991,7.01694541428747
1603.0,1.6030000000000015,7.016430794446578
1603.5,1.6034999999999968,7.018930794446554
1604.0,1.6039999999999992,7.021430794446566
1604.5,1.6045000000000016,7.020804021941132
1605.0,1.6049999999999969,7.023304021941108
1605.5,1.6054999999999993,7.02580402194112
1606.0,1.6060000000000016,7.025037578000237
1606.5,1.606499999999997,7.027537578000214
1607.0,1.6069999999999993,7.0300375780002256
1607.5,1.6075000000000017,7.029098972817032
1608.0,1.607999999999997,7.031598972817008
1608.5,1.6084999999999994,7.03409897281702
1609.0,1.6090000000000018,7.032999328301628
1609.5,1.609499999999997,7.035499328301604
1610.0,1.6099999999999994,7.037999328301616
1610.5,1.6105000000000018,7.036767758635918
1611.0,1.610999999999997,7.039267758635894
1611.5,1.6114999999999995,7.041767758635906
1612.0,1.6120000000000019,7.04044206231611
1612.5,1.6124999999999972,7.0429420623160865
1613.0,1.6129999999999995,7.0454420623160985
1613.5,1.613500000000002,7.0440650980862785
1614.0,1.6139999999999972,7.046565098086255
1614.5,1.6144999999999996,7.049065098086267
1615.0,1.615000000000002,7.0476834202780125
1615.5,1.6154999999999973,7.050183420277989
1616.0,1.6159999999999997,7.052683420278001
1616.5,1.616500000000002,7.051348371662627
1617.0,1.6169999999999973,7.053848371662603
1617.5,1.6174999999999997,7.056348371662615
1618.0,1.618000000000002,7.055108217042907
1618.5,1.6184999999999974,7.057608217042883
1619.0,1.6189999999999998,7.060108217042895
1619.5,1.6195000000000022,7.058990538428169
1620.0,1.6199999999999974,7.061490538428146
1620.5,1.6204999999999998,7.063990538428158
1621.0,1.6210000000000022,7.062998514493692
1621.5,1.6214999999999975,7.065498514493669
1622.0,1.6219999999999999,7.067998514493681
1622.5,1.6225000000000023,7.067114236925107
1623.0,1.6229999999999976,7.069614236925084
1623.5,1.6235,7.0721142369250956
1624.0,1.6240000000000023,7.071316420678571
1624.5,1.6244999999999976,7.073816420678547
1625.0,1.625,7.076316420678559
1625.5,1.6255000000000024,7.075586139559924
1626.0,1.6259999999999977,7.0780861395599
1626.5,1.6265,7.080586139559912
1627.0,1.6270000000000024,7.079926120983373
1627.5,1.6274999999999977,7.0824261209833494
1628.0,1.6280000000000001,7.084926120983361
1628.5,1.6285000000000025,7.084333841509256
1629.0,1.6289999999999978,7.0868338415092325
1629.5,1.6295000000000002,7.089333841509244
1630.0,1.6300000000000026,7.088801330452483
1630.5,1.6304999999999978,7.09130133045246
1631.0,1.6310000000000002,7.093801330452472
1631.5,1.6315000000000026,7.093336076109509
1632.0,1.631999999999998,7.095836076109485
1632.5,1.6325000000000003,7.098336076109497
1633.0,1.6330000000000027,7.097922638430205
1633.5,1.633499999999998,7.100422638430182
1634.0,1.6340000000000003,7.102922638430194
1634.5,1.6345000000000027,7.102541274934495
1635.0,1.634999999999998,7.105041274934472
1635.5,1.6355000000000004,7.1075412749344835
1636.0,1.6360000000000028,7.107214888179065
1636.5,1.636499999999998,7.109714888179042
1637.0,1.6370000000000005,7.112214888179054
1637.5,1.6375000000000028,7.111929915571018
1638.0,1.6379999999999981,7.1144299155709945
1638.5,1.6385000000000005,7.116929915571006
1639.0,1.639000000000003,7.116679495833083
1639.5,1.6394999999999982,7.119179495833059
1640.0,1.6400000000000006,7.121679495833071
1640.5,1.640500000000003,7.121468551460026
1641.0,1.6409999999999982,7.123968551460003
1641.5,1.6415000000000006,7.126468551460015
1642.0,1.642000000000003,7.126300713542122
1642.5,1.6424999999999983,7.128800713542098
1643.0,1.6430000000000007,7.13130071354211
1643.5,1.643500000000003,7.131187629084117
1644.0,1.6439999999999984,7.133687629084093
1644.5,1.6445000000000007,7.136187629084105
1645.0,1.6450000000000031,7.136141879006779
1645.5,1.6454999999999984,7.138641879006755
1646.0,1.6460000000000008,7.141141879006767
1646.5,1.6465000000000032,7.141165854025999
1647.0,1.6469999999999985,7.143665854025976
1647.5,1.6475000000000009,7.146165854025988
1648.0,1.6480000000000032,7.146246589913829
1648.5,1.6484999999999985,7.148746589913806
1649.0,1.649000000000001,7.151246589913818
1649.5,1.6495000000000033,7.151358632346536
1650.0,1.6499999999999986,7.1538586323465125
1650.5,1.650500000000001,7.1563586323465245
1651.0,1.6510000000000034,7.156470772893577
1651.5,1.6514999999999986,7.158970772893554
1652.0,1.652000000000001,7.161470772893566
1652.5,1.6525000000000034,7.161574672902091
1653.0,1.6529999999999987,7.164074672902068
1653.5,1.653500000000001,7.16657467290208
1654.0,1.6540000000000035,7.166663398131519
1654.5,1.6544999999999987,7.169163398131495
1655.0,1.6550000000000011,7.171663398131507
1655.5,1.6555000000000035,7.171712747241017
1656.0,1.6559999999999988,7.174212747240993
1656.5,1.6565000000000012,7.176712747241005
1657.0,1.6569999999999965,7.176732406501145
1657.5,1.6574999999999989,7.179232406501157
1658.0,1.6580000000000013,7.181732406501169
1658.5,1.6585000000000036,7.181735771997246
1659.0,1.658999999999999,7.184235771997223
1659.5,1.6595000000000013,7.186735771997235
1660.0,1.6599999999999966,7.186738470518215
1660.5,1.660499999999999,7.189238470518227
1661.0,1.6610000000000014,7.191738470518239
1661.5,1.6614999999999966,7.194238470518215
1662.0,1.661999999999999,7.194268380928328
1662.5,1.6625000000000014,7.19676838092834
1663.0,1.6629999999999967,7.1992683809283164
1663.5,1.663499999999999,7.199361210716653
1664.0,1.6640000000000015,7.201861210716665
1664.5,1.6644999999999968,7.204361210716641
1665.0,1.6649999999999991,7.204506500035599
1665.5,1.6655000000000015,7.207006500035611
1666.0,1.6659999999999968,7.209506500035587
1666.5,1.6664999999999992,7.209692971256594
1667.0,1.6670000000000016,7.212192971256606
1667.5,1.6674999999999969,7.214692971256582
1668.0,1.6679999999999993,7.21491503365101
1668.5,1.6685000000000016,7.217415033651022
1669.0,1.668999999999997,7.219915033650999
1669.5,1.6694999999999993,7.220145702300229
1670.0,1.6700000000000017,7.222645702300241
1670.5,1.670499999999997,7.2251457023002175
1671.0,1.6709999999999994,7.225354358238469
1671.5,1.6715000000000018,7.227854358238481
1672.0,1.671999999999997,7.230354358238458
1672.5,1.6724999999999994,7.230513391145088
1673.0,1.6730000000000018,7.2330133911451
1673.5,1.673499999999997,7.235513391145076
1674.0,1.6739999999999995,7.235609890875523
1674.5,1.6745000000000019,7.238109890875535
1675.0,1.6749999999999972,7.240609890875511
1675.5,1.6754999999999995,7.240629055917118
1676.0,1.676000000000002,7.24312905591713
1676.5,1.6764999999999972,7.245629055917107
1677.0,1.6769999999999996,7.245580818038313
1677.5,1.677500000000002,7.248080818038325
1678.0,1.6779999999999973,7.250580818038301
1678.5,1.6784999999999997,7.250464855687184
1679.0,1.679000000000002,7.252964855687196
1679.5,1.6794999999999973,7.255464855687173
1680.0,1.6799999999999997,7.255279585842338
1680.5,1.680500000000002,7.25777958584235
1681.0,1.6809999999999974,7.260279585842326
1681.5,1.6814999999999998,7.2599909046141775
1682.0,1.6820000000000022,7.2624909046141894
1682.5,1.6824999999999974,7.264990904614166
1683.0,1.6829999999999998,7.264562814448681
1683.5,1.6835000000000022,7.267062814448693
1684.0,1.6839999999999975,7.269562814448669
1684.5,1.6844999999999999,7.268962096289258
1685.0,1.6850000000000023,7.2714620962892695
1685.5,1.6854999999999976,7.273962096289246
1686.0,1.686,7.273142980143419
1686.5,1.6865000000000023,7.275642980143431
1687.0,1.6869999999999976,7.278142980143407
1687.5,1.6875,7.277077829705121
1688.0,1.6880000000000024,7.279577829705133
1688.5,1.6884999999999977,7.282077829705109
1689.0,1.689,7.280749324638833
1689.5,1.6895000000000024,7.283249324638845
1690.0,1.6899999999999977,7.285749324638822
1690.5,1.6905000000000001,7.284154455220886
1691.0,1.6910000000000025,7.286654455220898
1691.5,1.6914999999999978,7.289154455220874
1692.0,1.6920000000000002,7.287340408133218
1692.5,1.6925000000000026,7.28984040813323
1693.0,1.6929999999999978,7.292340408133207
1693.5,1.6935000000000002,7.290362042823979
1694.0,1.6940000000000026,7.292862042823991
1694.5,1.694499999999998,7.295362042823967
1695.0,1.6950000000000003,7.29329038748574
1695.5,1.6955000000000027,7.295790387485752
1696.0,1.695999999999998,7.298290387485729
1696.5,1.6965000000000003,7.296169350841062
1697.0,1.6970000000000027,7.298669350841074
1697.5,1.697499999999998,7.30116935084105
1698.0,1.6980000000000004,7.299049057794704
1698.5,1.6985000000000028,7.301549057794716
1699.0,1.698999999999998,7.304049057794693
1699.5,1.6995000000000005,7.301966334843151
1700.0,1.7000000000000028,7.304466334843163
1700.5,1.7004999999999981,7.306966334843139
1701.0,1.7010000000000005,7.304919438439832
1701.5,1.701500000000003,7.307419438439844
1702.0,1.7019999999999982,7.30991943843982
1702.5,1.7025000000000006,7.307912269048025
1703.0,1.703000000000003,7.310412269048037
1703.5,1.7034999999999982,7.312912269048013
1704.0,1.7040000000000006,7.310932619939301
1704.5,1.704500000000003,7.313432619939313
1705.0,1.7049999999999983,7.315932619939289
1705.5,1.7055000000000007,7.313958442123116
1706.0,1.706000000000003,7.316458442123128
1706.5,1.7064999999999984,7.318958442123105
1707.0,1.7070000000000007,7.316970896018589
1707.5,1.7075000000000031,7.319470896018601
1708.0,1.7079999999999984,7.321970896018577
1708.5,1.7085000000000008,7.3199456416616115
1709.0,1.7090000000000032,7.3224456416616235
1709.5,1.7094999999999985,7.3249456416616
1710.0,1.7100000000000009,7.322876835166028
1710.5,1.7105000000000032,7.32537683516604
1711.0,1.7109999999999985,7.327876835166016
1711.5,1.711500000000001,7.325771183504486
1712.0,1.7120000000000033,7.328271183504498
1712.5,1.7124999999999986,7.330771183504474
1713.0,1.713000000000001,7.328611997889851
1713.5,1.7135000000000034,7.331111997889863
1714.0,1.7139999999999986,7.3336119978898395
1714.5,1.714500000000001,7.331404487506354
1715.0,1.7150000000000034,7.333904487506366
1715.5,1.7154999999999987,7.336404487506343
1716.0,1.716000000000001,7.334139516788802
1716.5,1.7165000000000035,7.336639516788814
1717.0,1.7169999999999987,7.339139516788791
1717.5,1.7175000000000011,7.3367928223073875
1718.0,1.7180000000000035,7.339292822307399
1718.5,1.7184999999999988,7.341792822307376
1719.0,1.7190000000000012,7.339337209039591
1719.5,1.7194999999999965,7.341837209039568
1720.0,1.7199999999999989,7.34433720903958
1720.5,1.7205000000000013,7.341765333277337
1721.0,1.7210000000000036,7.344265333277349
1721.5,1.721499999999999,7.346765333277325
1722.0,1.7220000000000013,7.3440730556401945
1722.5,1.7224999999999966,7.346573055640171
1723.0,1.722999999999999,7.349073055640183
1723.5,1.7235000000000014,7.3462926525174055
1724.0,1.7239999999999966,7.348792652517382
1724.5,1.724499999999999,7.351292652517394
1725.0,1.7250000000000014,7.348488860087485
1725.5,1.7254999999999967,7.350988860087462
1726.0,1.725999999999999,7.353488860087474
1726.5,1.7265000000000015,7.3507340410000666
1727.0,1.7269999999999968,7.353234041000043
1727.5,1.7274999999999991,7.355734041000055
1728.0,1.7280000000000015,7.353091430671874
1728.5,1.7284999999999968,7.355591430671851
1729.0,1.7289999999999992,7.3580914306718626
1729.5,1.7295000000000016,7.355637112823281
1730.0,1.7299999999999969,7.3581371128232576
1730.5,1.7304999999999993,7.3606371128232695
1731.0,1.7310000000000016,7.358439657035696
1731.5,1.731499999999997,7.360939657035672
1732.0,1.7319999999999993,7.363439657035684
1732.5,1.7325000000000017,7.361521081502467
1733.0,1.732999999999997,7.364021081502443
1733.5,1.7334999999999994,7.366521081502455
1734.0,1.7340000000000018,7.364906561495523
1734.5,1.734499999999997,7.3674065614955
1735.0,1.7349999999999994,7.369906561495512
1735.5,1.7355000000000018,7.368596796503546
1736.0,1.735999999999997,7.371096796503522
1736.5,1.7364999999999995,7.373596796503534
1737.0,1.7370000000000019,7.376096796503546
1737.5,1.7374999999999972,7.375056641801514
1738.0,1.7379999999999995,7.377556641801526
1738.5,1.738500000000002,7.380056641801538
1739.0,1.7389999999999972,7.379258091014478
1739.5,1.7394999999999996,7.38175809101449
1740.0,1.740000000000002,7.384258091014502
1740.5,1.7404999999999973,7.383650237342927
1741.0,1.7409999999999997,7.386150237342939
1741.5,1.741500000000002,7.388650237342951
1742.0,1.7419999999999973,7.388182613471557
1742.5,1.7424999999999997,7.390682613471569
1743.0,1.743000000000002,7.393182613471581
1743.5,1.7434999999999974,7.39282055185253
1744.0,1.7439999999999998,7.395320551852542
1744.5,1.7445000000000022,7.397820551852554
1745.0,1.7449999999999974,7.397529580307989
1745.5,1.7454999999999998,7.400029580308001
1746.0,1.7460000000000022,7.402529580308013
1746.5,1.7464999999999975,7.402286543943966
1747.0,1.7469999999999999,7.4047865439439775
1747.5,1.7475000000000023,7.407286543943989
1748.0,1.7479999999999976,7.4070867399835905
1748.5,1.7485,7.409586739983602
1749.0,1.7490000000000023,7.412086739983614
1749.5,1.7494999999999976,7.41195179459929
1750.0,1.75,7.414451794599302
1750.5,1.7505000000000024,7.4169517945993135
1751.0,1.7509999999999977,7.416879900011537
1751.5,1.7515,7.419379900011549
1752.0,1.7520000000000024,7.421879900011561
1752.5,1.7524999999999977,7.421848116771272
1753.0,1.7530000000000001,7.424348116771284
1753.5,1.7535000000000025,7.426848116771296
1754.0,1.7539999999999978,7.426833022090804
1754.5,1.7545000000000002,7.429333022090816
1755.0,1.7550000000000026,7.431833022090828
1755.5,1.7554999999999978,7.431797848589632
1756.0,1.7560000000000002,7.434297848589644
1756.5,1.7565000000000026,7.436797848589656
1757.0,1.756999999999998,7.436715743831748
1757.5,1.7575000000000003,7.43921574383176
1758.0,1.7580000000000027,7.441715743831772
1758.5,1.758499999999998,7.441595307290925
1759.0,1.7590000000000003,7.444095307290937
1759.5,1.7595000000000027,7.4465953072909485
1760.0,1.759999999999998,7.4464622452295615
1760.5,1.7605000000000004,7.448962245229573
1761.0,1.7610000000000028,7.451462245229585
1761.5,1.761499999999998,7.451365423894245
1762.0,1.7620000000000005,7.453865423894257
1762.5,1.7625000000000028,7.456365423894269
1763.0,1.7629999999999981,7.456358491652217
1763.5,1.7635000000000005,7.458858491652229
1764.0,1.764000000000003,7.461358491652241
1764.5,1.7644999999999982,7.4614489640616455
1765.0,1.7650000000000006,7.463948964061657
1765.5,1.765500000000003,7.466448964061669
1766.0,1.7659999999999982,7.466640433677085
1766.5,1.7665000000000006,7.469140433677097
1767.0,1.767000000000003,7.471640433677109
1767.5,1.7674999999999983,7.471912840842876
1768.0,1.7680000000000007,7.474412840842888
1768.5,1.768500000000003,7.4769128408429
1769.0,1.7689999999999984,7.47722522194767
1769.5,1.7695000000000007,7.479725221947682
1770.0,1.7700000000000031,7.482225221947694
1770.5,1.7704999999999984,7.482529672174394
1771.0,1.7710000000000008,7.485029672174406
1771.5,1.7715000000000032,7.487529672174418
1772.0,1.7719999999999985,7.487793105350242
1772.5,1.7725000000000009,7.490293105350254
1773.0,1.7730000000000032,7.492793105350266
1773.5,1.7734999999999985,7.492972352556748
1774.0,1.774000000000001,7.49547235255676
1774.5,1.7745000000000033,7.497972352556772
1775.0,1.7749999999999986,7.498035048843299
1775.5,1.775500000000001,7.500535048843311
1776.0,1.7760000000000034,7.503035048843323
1776.5,1.7764999999999986,7.502959684532691
1777.0,1.777000000000001,7.505459684532703
1777.5,1.7775000000000034,7.507959684532715
1778.0,1.7779999999999987,7.507748470858111
1778.5,1.778500000000001,7.510248470858123
1779.0,1.7790000000000035,7.512748470858135
1779.5,1.7794999999999987,7.512438168890085
1780.0,1.7800000000000011,7.514938168890097
1780.5,1.7805000000000035,7.517438168890109
1781.0,1.7809999999999988,7.517034078818554
1781.5,1.7815000000000012,7.519534078818566
1782.0,1.7819999999999965,7.5220340788185425
1782.5,1.7824999999999989,7.521563531928486
1783.0,1.7830000000000013,7.524063531928498
1783.5,1.7835000000000036,7.52656353192851
1784.0,1.783999999999999,7.526060397546885
1784.5,1.7845000000000013,7.528560397546897
1785.0,1.7849999999999966,7.531060397546874
1785.5,1.785499999999999,7.530530174311849
1786.0,1.7860000000000014,7.533030174311861
1786.5,1.7864999999999966,7.5355301743118375
1787.0,1.786999999999999,7.534981654333421
1787.5,1.7875000000000014,7.537481654333433
1788.0,1.7879999999999967,7.53998165433341
1788.5,1.788499999999999,7.539397472257576
1789.0,1.7890000000000015,7.541897472257588
1789.5,1.7894999999999968,7.544397472257565
1790.0,1.7899999999999991,7.543755663906353
1790.5,1.7905000000000015,7.546255663906365
1791.0,1.7909999999999968,7.548755663906341
1791.5,1.7914999999999992,7.548046576103182
1792.0,1.7920000000000016,7.550546576103194
1792.5,1.7924999999999969,7.553046576103171
1793.0,1.7929999999999993,7.552231311389406
1793.5,1.7935000000000016,7.554731311389418
1794.0,1.793999999999997,7.557231311389394
1794.5,1.7944999999999993,7.5563069379255765
1795.0,1.7950000000000017,7.558806937925588
1795.5,1.795499999999997,7.561306937925565
1796.0,1.7959999999999994,7.560292520418521
1796.5,1.7965000000000018,7.562792520418533
1797.0,1.796999999999997,7.5652925204185095
1797.5,1.7974999999999994,7.564188865949966
1798.0,1.7980000000000018,7.566688865949978
1798.5,1.798499999999997,7.569188865949954
1799.0,1.7989999999999995,7.568005944004952
1799.5,1.7995000000000019,7.570505944004964
1800.0,1.7999999999999972,7.57300594400494
1800.5,1.8004999999999995,7.571741191889529
1801.0,1.801000000000002,7.574241191889541
1801.5,1.8014999999999972,7.576741191889518
1802.0,1.8019999999999996,7.5753609573711955
1802.5,1.802500000000002,7.5778609573712075
1803.0,1.8029999999999973,7.580360957371184
1803.5,1.8034999999999997,7.578836494315588
1804.0,1.804000000000002,7.5813364943156
1804.5,1.8044999999999973,7.583836494315577
1805.0,1.8049999999999997,7.582148840080123
1805.5,1.805500000000002,7.584648840080135
1806.0,1.8059999999999974,7.587148840080111
1806.5,1.8064999999999998,7.585293817508365
1807.0,1.8070000000000022,7.587793817508377
1807.5,1.8074999999999974,7.590293817508353
1808.0,1.8079999999999998,7.588296941656196
1808.5,1.8085000000000022,7.590796941656208
1809.0,1.8089999999999975,7.593296941656185
1809.5,1.8094999999999999,7.591175243932469
1810.0,1.8100000000000023,7.593675243932481
1810.5,1.8104999999999976,7.596175243932457
1811.0,1.811,7.593982426047923
1811.5,1.8115000000000023,7.596482426047935
1812.0,1.8119999999999976,7.598982426047911
1812.5,1.8125,7.601482426047923
1813.0,1.8130000000000024,7.599306355359303
1813.5,1.8134999999999977,7.60180635535928
1814.0,1.814,7.604306355359292
1814.5,1.8145000000000024,7.602199725494927
1815.0,1.8149999999999977,7.604699725494903
1815.5,1.8155000000000001,7.607199725494915
1816.0,1.8160000000000025,7.605218619373382
1816.5,1.8164999999999978,7.607718619373358
1817.0,1.8170000000000002,7.61021861937337
1817.5,1.8175000000000026,7.608389049894981
1818.0,1.8179999999999978,7.610889049894958
1818.5,1.8185000000000002,7.61338904989497
1819.0,1.8190000000000026,7.6117071300955885
1819.5,1.819499999999998,7.614207130095565
1820.0,1.8200000000000003,7.616707130095577
1820.5,1.8205000000000027,7.615161557154515
1821.0,1.820999999999998,7.6176615571544914
1821.5,1.8215000000000003,7.620161557154503
1822.0,1.8220000000000027,7.618726567281655
1822.5,1.822499999999998,7.6212265672816315
1823.0,1.8230000000000004,7.623726567281643
1823.5,1.8235000000000028,7.62237737568654
1824.0,1.823999999999998,7.624877375686516
1824.5,1.8245000000000005,7.627377375686528
1825.0,1.8250000000000028,7.626092664536266
1825.5,1.8254999999999981,7.628592664536242
1826.0,1.8260000000000005,7.631092664536254
1826.5,1.826500000000003,7.629832862198143
1827.0,1.8269999999999982,7.632332862198119
1827.5,1.8275000000000006,7.634832862198131
1828.0,1.828000000000003,7.633540620001682
1828.5,1.8284999999999982,7.636040620001658
1829.0,1.8290000000000006,7.63854062000167
1829.5,1.829500000000003,7.637178173935091
1830.0,1.8299999999999983,7.639678173935067
1830.5,1.8305000000000007,7.642178173935079
1831.0,1.831000000000003,7.640726925604859
1831.5,1.8314999999999984,7.643226925604836
1832.0,1.8320000000000007,7.645726925604848
1832.5,1.8325000000000031,7.644186866664278
1833.0,1.8329999999999984,7.646686866664254
1833.5,1.8335000000000008,7.649186866664266
1834.0,1.8340000000000032,7.6475412484411365
1834.5,1.8344999999999985,7.650041248441113
1835.0,1.8350000000000009,7.652541248441125
1835.5,1.8355000000000032,7.6507966807352545
1836.0,1.8359999999999985,7.653296680735231
1836.5,1.836500000000001,7.655796680735243
1837.0,1.8370000000000033,7.653950642060359
1837.5,1.8374999999999986,7.656450642060335
1838.0,1.838000000000001,7.658950642060347
1838.5,1.8385000000000034,7.6570282994919125
1839.0,1.8389999999999986,7.659528299491889
1839.5,1.839500000000001,7.662028299491901
1840.0,1.8400000000000034,7.660019163666298
1840.5,1.8404999999999987,7.662519163666275
1841.0,1.841000000000001,7.665019163666287
1841.5,1.8415000000000035,7.662963976279045
1842.0,1.8419999999999987,7.665463976279021
1842.5,1.8425000000000011,7.667963976279033
1843.0,1.8430000000000035,7.665899863043855
1843.5,1.8434999999999988,7.668399863043831
1844.0,1.8440000000000012,7.670899863043843
1844.5,1.8444999999999965,7.6688494266219465
1845.0,1.8449999999999989,7.671349426621958
1845.5,1.8455000000000013,7.67384942662197
1846.0,1.8460000000000036,7.671822255690195
1846.5,1.846499999999999,7.674322255690171
1847.0,1.8470000000000013,7.676822255690183
1847.5,1.8474999999999966,7.674824587131397
1848.0,1.847999999999999,7.677324587131409
1848.5,1.8485000000000014,7.679824587131421
1849.0,1.8489999999999966,7.677877187064688
1849.5,1.849499999999999,7.6803771870647
1850.0,1.8500000000000014,7.682877187064712
1850.5,1.8504999999999967,7.680981163360023
1851.0,1.850999999999999,7.683481163360035
1851.5,1.8515000000000015,7.685981163360047
1852.0,1.8519999999999968,7.6841293682404554
1852.5,1.8524999999999991,7.686629368240467
1853.0,1.8530000000000015,7.689129368240479
1853.5,1.8534999999999968,7.687329861241672
1854.0,1.8539999999999992,7.689829861241684
1854.5,1.8545000000000016,7.692329861241696
1855.0,1.8549999999999969,7.690570753587558
1855.5,1.8554999999999993,7.69307075358757
1856.0,1.8560000000000016,7.695570753587582
1856.5,1.856499999999997,7.693843927309132
1857.0,1.8569999999999993,7.696343927309144
1857.5,1.8575000000000017,7.698843927309156
1858.0,1.857999999999997,7.697128785619043
1858.5,1.8584999999999994,7.699628785619055
1859.0,1.8590000000000018,7.702128785619067
1859.5,1.859499999999997,7.700423574485988
1860.0,1.8599999999999994,7.702923574486
1860.5,1.8605000000000018,7.705423574486012
1861.0,1.860999999999997,7.703711168289402
1861.5,1.8614999999999995,7.706211168289414
1862.0,1.8620000000000019,7.708711168289426
1862.5,1.8624999999999972,7.706977371339789
1863.0,1.8629999999999995,7.709477371339801
1863.5,1.863500000000002,7.711977371339813
1864.0,1.8639999999999972,7.710213918682918
1864.5,1.8644999999999996,7.71271391868293
1865.0,1.865000000000002,7.715213918682942
1865.5,1.8654999999999973,7.7134262328750935
1866.0,1.8659999999999997,7.7159262328751055
1866.5,1.866500000000002,7.718426232875117
1867.0,1.8669999999999973,7.716635082577241
1867.5,1.8674999999999997,7.719135082577253
1868.0,1.868000000000002,7.721635082577265
1868.5,1.8684999999999974,7.719853855625907
1869.0,1.8689999999999998,7.722353855625919
1869.5,1.8695000000000022,7.7248538556259305
1870.0,1.8699999999999974,7.723090643659525
1870.5,1.8704999999999998,7.725590643659537
1871.0,1.8710000000000022,7.728090643659549
1871.5,1.8714999999999975,7.726361179985268
1872.0,1.8719999999999999,7.72886117998528
1872.5,1.8725000000000023,7.731361179985292
1873.0,1.8729999999999976,7.729675892440646
1873.5,1.8735,7.732175892440658
1874.0,1.8740000000000023,7.73467589244067
1874.5,1.8744999999999976,7.733028965866318
1875.0,1.875,7.7355289658663295
1875.5,1.8755000000000024,7.7380289658663415
1876.0,1.8759999999999977,7.73639489724161
1876.5,1.8765,7.738894897241622
1877.0,1.8770000000000024,7.7413948972416335
1877.5,1.8774999999999977,7.739761279643567
1878.0,1.8780000000000001,7.742261279643579
1878.5,1.8785000000000025,7.7447612796435905
1879.0,1.8789999999999978,7.743101972329001
1879.5,1.8795000000000002,7.745601972329013
1880.0,1.8800000000000026,7.7481019723290245
1880.5,1.8804999999999978,7.7464029156621095
1881.0,1.8810000000000002,7.748902915662121
1881.5,1.8815000000000026,7.751402915662133
1882.0,1.881999999999998,7.749665965048109
1882.5,1.8825000000000003,7.752165965048121
1883.0,1.8830000000000027,7.754665965048133
1883.5,1.883499999999998,7.752888183943796
1884.0,1.8840000000000003,7.755388183943808
1884.5,1.8845000000000027,7.75788818394382
1885.0,1.884999999999998,7.756093000303608
1885.5,1.8855000000000004,7.75859300030362
1886.0,1.8860000000000028,7.761093000303632
1886.5,1.886499999999998,7.759308571089711
1887.0,1.8870000000000005,7.761808571089723
1887.5,1.8875000000000028,7.764308571089735
1888.0,1.8879999999999981,7.766808571089712
1888.5,1.8885000000000005,7.765078841095772
1889.0,1.889000000000003,7.767578841095784
1889.5,1.8894999999999982,7.77007884109576
1890.0,1.8900000000000006,7.76843875484559
1890.5,1.890500000000003,7.770938754845602
1891.0,1.8909999999999982,7.773438754845579
1891.5,1.8915000000000006,7.7719159786737535
1892.0,1.892000000000003,7.774415978673765
1892.5,1.8924999999999983,7.776915978673742
1893.0,1.8930000000000007,7.775502398063665
1893.5,1.893500000000003,7.778002398063677
1894.0,1.8939999999999984,7.780502398063653
1894.5,1.8945000000000007,7.779195734002755
1895.0,1.8950000000000031,7.781695734002767
1895.5,1.8954999999999984,7.7841957340027434
1896.0,1.8960000000000008,7.782995125098964
1896.5,1.8965000000000032,7.785495125098976
1897.0,1.8969999999999985,7.787995125098952
1897.5,1.8975000000000009,7.786892102851297
1898.0,1.8980000000000032,7.789392102851309
1898.5,1.8984999999999985,7.7918921028512855
1899.0,1.899000000000001,7.7908837033266565
1899.5,1.8995000000000033,7.793383703326668
1900.0,1.8999999999999986,7.795883703326645
1900.5,1.900500000000001,7.79497871264077
1901.0,1.9010000000000034,7.797478712640782
1901.5,1.9014999999999986,7.799978712640758
1902.0,1.902000000000001,7.799183354164789
1902.5,1.9025000000000034,7.801683354164801
1903.0,1.9029999999999987,7.804183354164778
1903.5,1.903500000000001,7.803482219655216
1904.0,1.9040000000000035,7.8059822196552275
1904.5,1.9044999999999987,7.808482219655204
1905.0,1.9050000000000011,7.807842378169774
1905.5,1.9055000000000035,7.810342378169786
1906.0,1.9059999999999988,7.812842378169762
1906.5,1.9065000000000012,7.812242429533356
1907.0,1.9069999999999965,7.814742429533332
1907.5,1.9074999999999989,7.817242429533344
1908.0,1.9080000000000013,7.816630482330318
1908.5,1.9085000000000036,7.81913048233033
1909.0,1.908999999999999,7.821630482330306
1909.5,1.9095000000000013,7.820960971693545
1910.0,1.9099999999999966,7.823460971693521
1910.5,1.910499999999999,7.825960971693533
1911.0,1.9110000000000014,7.825189186295134
1911.5,1.9114999999999966,7.82768918629511
1912.0,1.911999999999999,7.830189186295122
1912.5,1.9125000000000014,7.829264653302133
1913.0,1.9129999999999967,7.831764653302109
1913.5,1.913499999999999,7.834264653302121
1914.0,1.9140000000000015,7.833142589541282
1914.5,1.9144999999999968,7.8356425895412585
1915.0,1.9149999999999991,7.83814258954127
1915.5,1.9155000000000015,7.836811256931
1916.0,1.9159999999999968,7.839311256930976
1916.5,1.9164999999999992,7.841811256930988
1917.0,1.9170000000000016,7.84030932321091
1917.5,1.9174999999999969,7.842809323210886
1918.0,1.9179999999999993,7.845309323210898
1918.5,1.9185000000000016,7.843666478768618
1919.0,1.918999999999997,7.846166478768595
1919.5,1.9194999999999993,7.848666478768607
1920.0,1.9200000000000017,7.846914128249054
1920.5,1.920499999999997,7.84941412824903
1921.0,1.9209999999999994,7.851914128249042
1921.5,1.9215000000000018,7.850088588258295
1922.0,1.921999999999997,7.852588588258271
1922.5,1.9224999999999994,7.855088588258283
1923.0,1.9230000000000018,7.853189356330503
1923.5,1.923499999999997,7.85568935633048
1924.0,1.9239999999999995,7.858189356330492
1924.5,1.9245000000000019,7.856246074930091
1925.0,1.9249999999999972,7.8587460749300675
1925.5,1.9254999999999995,7.861246074930079
1926.0,1.926000000000002,7.859278268190515
1926.5,1.9264999999999972,7.861778268190491
1927.0,1.9269999999999996,7.864278268190503
1927.5,1.927500000000002,7.862287685974962
1928.0,1.9279999999999973,7.864787685974939
1928.5,1.9284999999999997,7.867287685974951
1929.0,1.929000000000002,7.865283216320336
1929.5,1.9294999999999973,7.867783216320312
1930.0,1.9299999999999997,7.870283216320324
1930.5,1.930500000000002,7.868251990053672
1931.0,1.9309999999999974,7.870751990053648
1931.5,1.9314999999999998,7.87325199005366
1932.0,1.9320000000000022,7.871186177988925
1932.5,1.9324999999999974,7.873686177988901
1933.0,1.9329999999999998,7.876186177988913
1933.5,1.9335000000000022,7.874081170379661
1934.0,1.9339999999999975,7.876581170379637
1934.5,1.9344999999999999,7.879081170379649
1935.0,1.9350000000000023,7.876914437221991
1935.5,1.9354999999999976,7.879414437221968
1936.0,1.936,7.88191443722198
1936.5,1.9365000000000023,7.879674559984267
1937.0,1.9369999999999976,7.882174559984243
1937.5,1.9375,7.884674559984255
1938.0,1.9380000000000024,7.882343907051705
1938.5,1.9384999999999977,7.884843907051682
1939.0,1.939,7.887343907051694
1939.5,1.9395000000000024,7.88491317982956
1940.0,1.9399999999999977,7.887413179829537
1940.5,1.9405000000000001,7.8899131798295485
1941.0,1.9410000000000025,7.887362885083746
1941.5,1.9414999999999978,7.889862885083723
1942.0,1.9420000000000002,7.892362885083735
1942.5,1.9425000000000026,7.8897029196268775
1943.0,1.9429999999999978,7.892202919626854
1943.5,1.9435000000000002,7.894702919626866
1944.0,1.9440000000000026,7.891982627594061
1944.5,1.944499999999998,7.894482627594037
1945.0,1.9450000000000003,7.896982627594049
1945.5,1.9455000000000027,7.894217447119445
1946.0,1.945999999999998,7.896717447119421
1946.5,1.9465000000000003,7.899217447119433
1947.0,1.9470000000000027,7.896408778419719
1947.5,1.947499999999998,7.898908778419695
1948.0,1.9480000000000004,7.901408778419707
1948.5,1.9485000000000028,7.898573870492029
1949.0,1.948999999999998,7.901073870492006
1949.5,1.9495000000000005,7.903573870492018
1950.0,1.9500000000000028,7.900713961109815
1950.5,1.9504999999999981,7.903213961109792
1951.0,1.9510000000000005,7.905713961109804
1951.5,1.951500000000003,7.902845371331715
1952.0,1.9519999999999982,7.905345371331691
1952.5,1.9525000000000006,7.907845371331703
1953.0,1.953000000000003,7.904988244619737
1953.5,1.9534999999999982,7.907488244619714
1954.0,1.9540000000000006,7.909988244619726
1954.5,1.954500000000003,7.907154399099348
1955.0,1.9549999999999983,7.909654399099324
1955.5,1.9555000000000007,7.912154399099336
1956.0,1.956000000000003,7.909343089402192
1956.5,1.9564999999999984,7.9118430894021685
1957.0,1.9570000000000007,7.9143430894021805
1957.5,1.9575000000000031,7.911572397163589
1958.0,1.9579999999999984,7.914072397163565
1958.5,1.9585000000000008,7.916572397163577
1959.0,1.9590000000000032,7.913869884485756
1959.5,1.9594999999999985,7.916369884485732
1960.0,1.9600000000000009,7.918869884485744
1960.5,1.9605000000000032,7.916270858772556
1961.0,1.9609999999999985,7.9187708587725325
1961.5,1.961500000000001,7.921270858772544
1962.0,1.9620000000000033,7.918793250185665
1962.5,1.9624999999999986,7.9212932501856415
1963.0,1.963000000000001,7.923793250185653
1963.5,1.9635000000000034,7.926293250185665
1964.0,1.9639999999999986,7.92392242294369
1964.5,1.964500000000001,7.926422422943702
1965.0,1.9650000000000034,7.928922422943714
1965.5,1.9654999999999987,7.9266413051061235
1966.0,1.966000000000001,7.9291413051061355
1966.5,1.9665000000000035,7.931641305106147
1967.0,1.9669999999999987,7.929408565208789
1967.5,1.9675000000000011,7.931908565208801
1968.0,1.9680000000000035,7.9344085652088125
1968.5,1.9684999999999988,7.932200626953261
1969.0,1.9690000000000012,7.934700626953273
1969.5,1.9694999999999965,7.937200626953249
1970.0,1.9699999999999989,7.935000731221429
1970.5,1.9705000000000013,7.937500731221441
1971.0,1.9710000000000036,7.940000731221453
1971.5,1.971499999999999,7.937833542759378
1972.0,1.9720000000000013,7.94033354275939
1972.5,1.9724999999999966,7.942833542759367
1973.0,1.972999999999999,7.940718058175271
1973.5,1.9735000000000014,7.943218058175283
1974.0,1.9739999999999966,7.94571805817526
1974.5,1.974499999999999,7.943661470774366
1975.0,1.9750000000000014,7.946161470774378
1975.5,1.9754999999999967,7.948661470774354
1976.0,1.975999999999999,7.946690604795634
1976.5,1.9765000000000015,7.949190604795646
1977.0,1.9769999999999968,7.951690604795623
1977.5,1.9774999999999991,7.949835583738896
1978.0,1.9780000000000015,7.952335583738908
1978.5,1.9784999999999968,7.954835583738884
1979.0,1.9789999999999992,7.953115589887965
1979.5,1.9795000000000016,7.955615589887977
1980.0,1.9799999999999969,7.958115589887953
1980.5,1.9804999999999993,7.956507515577265
1981.0,1.9810000000000016,7.959007515577277
1981.5,1.981499999999997,7.961507515577253
1982.0,1.9819999999999993,7.95996532747818
1982.5,1.9825000000000017,7.962465327478192
1983.0,1.982999999999997,7.964965327478168
1983.5,1.9834999999999994,7.963453066966011
1984.0,1.9840000000000018,7.965953066966023
1984.5,1.984499999999997,7.968453066965999
1985.0,1.9849999999999994,7.9669396438725215
1985.5,1.9855000000000018,7.9694396438725335
1986.0,1.985999999999997,7.97193964387251
1986.5,1.9864999999999995,7.970376155672376
1987.0,1.9870000000000019,7.972876155672388
1987.5,1.9874999999999972,7.975376155672365
1988.0,1.9879999999999995,7.973754819499064
1988.5,1.988500000000002,7.976254819499076
1989.0,1.9889999999999972,7.978754819499052
1989.5,1.9894999999999996,7.977098462613519
1990.0,1.990000000000002,7.979598462613531
1990.5,1.9904999999999973,7.982098462613507
1991.0,1.9909999999999997,7.980383657020873
1991.5,1.991500000000002,7.982883657020885
1992.0,1.9919999999999973,7.985383657020861
1992.5,1.9924999999999997,7.9835953590700015
1993.0,1.993000000000002,7.9860953590700134
1993.5,1.9934999999999974,7.98859535906999
1994.0,1.9939999999999998,7.98673484139826
1994.5,1.9945000000000022,7.989234841398272
1995.0,1.9949999999999974,7.991734841398248
1995.5,1.9954999999999998,7.989782273077388
1996.0,1.9960000000000022,7.9922822730774
1996.5,1.9964999999999975,7.9947822730773765
1997.0,1.9969999999999999,7.992737776582324
1997.5,1.9975000000000023,7.995237776582336
1998.0,1.9979999999999976,7.997737776582312
1998.5,1.9985,7.995610720314907
1999.0,1.9990000000000023,7.998110720314919
1999.5,1.9994999999999976,8.000610720314896
2000.0,2.0,7.998414976073569
2000.5,2.0005000000000024,8.000914976073581
2001.0,2.0009999999999977,8.003414976073557
2001.5,2.0015,8.001185361754999
2002.0,2.0020000000000024,8.00368536175501
2002.5,2.0024999999999977,8.006185361754987
2003.0,2.003,8.003949106690733
2003.5,2.0035000000000025,8.006449106690745
2004.0,2.003999999999998,8.008949106690721
2004.5,2.0045,8.00675071040498
2005.0,2.0050000000000026,8.009250710404991
2005.5,2.005499999999998,8.011750710404968
2006.0,2.0060000000000002,8.009615491115696
2006.5,2.0065000000000026,8.012115491115708
2007.0,2.006999999999998,8.014615491115684
2007.5,2.0075000000000003,8.012546915912182
2008.0,2.0080000000000027,8.015046915912194
2008.5,2.008499999999998,8.01754691591217
2009.0,2.0090000000000003,8.015547100663163
2009.5,2.0095000000000027,8.018047100663175
2010.0,2.009999999999998,8.020547100663151
2010.5,2.0105000000000004,8.018630002761391
2011.0,2.011000000000003,8.021130002761403
2011.5,2.011499999999998,8.02363000276138
2012.0,2.0120000000000005,8.021786523880827
2012.5,2.012500000000003,8.02428652388084
2013.0,2.012999999999998,8.026786523880816
2013.5,2.0135000000000005,8.025026436342166
2014.0,2.014000000000003,8.027526436342178
2014.5,2.014499999999998,8.030026436342155
2015.0,2.0150000000000006,8.028361249153555
2015.5,2.015500000000003,8.030861249153567
2016.0,2.0159999999999982,8.033361249153543
2016.5,2.0165000000000006,8.031775156917966
2017.0,2.017000000000003,8.034275156917978
2017.5,2.0174999999999983,8.036775156917955
2018.0,2.0180000000000007,8.035252384076053
2018.5,2.018500000000003,8.037752384076065
2019.0,2.0189999999999984,8.040252384076041
2019.5,2.0195000000000007,8.038765942841763
2020.0,2.020000000000003,8.041265942841775
2020.5,2.0204999999999984,8.043765942841752
2021.0,2.021000000000001,8.042269572295524
2021.5,2.021500000000003,8.044769572295536
2022.0,2.0219999999999985,8.047269572295512
2022.5,2.022500000000001,8.045701580543216
2023.0,2.0230000000000032,8.048201580543228
2023.5,2.0234999999999985,8.050701580543205
2024.0,2.024000000000001,8.04901379360242
2024.5,2.0245000000000033,8.051513793602432
2025.0,2.0249999999999986,8.054013793602408
2025.5,2.025500000000001,8.05219923464442
2026.0,2.0260000000000034,8.054699234644431
2026.5,2.0264999999999986,8.057199234644408
2027.0,2.027000000000001,8.055270130865395
2027.5,2.0275000000000034,8.057770130865407
2028.0,2.0279999999999987,8.060270130865383
2028.5,2.028500000000001,8.058254525876514
2029.0,2.0289999999999964,8.06075452587649
2029.5,2.0294999999999987,8.063254525876502
2030.0,2.030000000000001,8.061175008602746
2030.5,2.0305000000000035,8.063675008602758
2031.0,2.030999999999999,8.066175008602734
2031.5,2.031500000000001,8.064063176502998
2032.0,2.0319999999999965,8.066563176502974
2032.5,2.032499999999999,8.069063176502986
2033.0,2.0330000000000013,8.066956838918493
2033.5,2.0335000000000036,8.069456838918505
2034.0,2.033999999999999,8.071956838918481
2034.5,2.0345000000000013,8.06988520298507
2035.0,2.0349999999999966,8.072385202985046
2035.5,2.035499999999999,8.074885202985058
2036.0,2.0360000000000014,8.072864650155402
2036.5,2.0365000000000038,8.075364650155414
2037.0,2.036999999999999,8.07786465015539
2037.5,2.0375000000000014,8.075902726234574
2038.0,2.0379999999999967,8.07840272623455
2038.5,2.038499999999999,8.080902726234562
2039.0,2.0390000000000015,8.083402726234574
2039.5,2.0394999999999968,8.081520805866447
2040.0,2.039999999999999,8.084020805866459
2040.5,2.0405000000000015,8.08652080586647
2041.0,2.040999999999997,8.084734568424494
2041.5,2.041499999999999,8.087234568424506
2042.0,2.0420000000000016,8.089734568424518
2042.5,2.042499999999997,8.08804852569871
2043.0,2.0429999999999993,8.090548525698722
2043.5,2.0435000000000016,8.093048525698734
2044.0,2.043999999999997,8.091451889365402
2044.5,2.0444999999999993,8.093951889365414
2045.0,2.0450000000000017,8.096451889365426
2045.5,2.045499999999997,8.094946896669484
2046.0,2.0459999999999994,8.097446896669496
2046.5,2.0465000000000018,8.099946896669508
2047.0,2.046999999999997,8.09855320005994
2047.5,2.0474999999999994,8.101053200059951
2048.0,2.048000000000002,8.103553200059963
2048.5,2.048499999999997,8.102248502301492
2049.0,2.0489999999999995,8.104748502301504
2049.5,2.049500000000002,8.107248502301516
2050.0,2.049999999999997,8.106004143698513
2050.5,2.0504999999999995,8.108504143698525
2051.0,2.051000000000002,8.111004143698537
2051.5,2.051499999999997,8.109788470906913
2052.0,2.0519999999999996,8.112288470906925
2052.5,2.052500000000002,8.114788470906937
2053.0,2.0529999999999973,8.113555447231064
2053.5,2.0534999999999997,8.116055447231076
2054.0,2.054000000000002,8.118555447231088
2054.5,2.0544999999999973,8.117279579730976
2055.0,2.0549999999999997,8.119779579730988
2055.5,2.055500000000002,8.122279579731
2056.0,2.0559999999999974,8.120935665659665
2056.5,2.0564999999999998,8.123435665659677
2057.0,2.057000000000002,8.12593566565969
2057.5,2.0574999999999974,8.124494585142337
2058.0,2.058,8.126994585142349
2058.5,2.058500000000002,8.12949458514236
2059.0,2.0589999999999975,8.127961140542368
2059.5,2.0595,8.13046114054238
2060.0,2.0600000000000023,8.132961140542392
2060.5,2.0604999999999976,8.131341577208993
2061.0,2.061,8.133841577209004
2061.5,2.0615000000000023,8.136341577209016
2062.0,2.0619999999999976,8.134626475255722
2062.5,2.0625,8.137126475255734
2063.0,2.0630000000000024,8.139626475255746
2063.5,2.0634999999999977,8.137825170045936
2064.0,2.064,8.140325170045948
2064.5,2.0645000000000024,8.14282517004596
2065.0,2.0649999999999977,8.14094397477021
2065.5,2.0655,8.143443974770221
2066.0,2.0660000000000025,8.145943974770233
2066.5,2.066499999999998,8.143971967786996
2067.0,2.067,8.146471967787008
2067.5,2.0675000000000026,8.14897196778702
2068.0,2.067999999999998,8.14691322659538
2068.5,2.0685000000000002,8.149413226595392
2069.0,2.0690000000000026,8.151913226595404
2069.5,2.069499999999998,8.14978268232288
2070.0,2.0700000000000003,8.152282682322891
2070.5,2.0705000000000027,8.154782682322903
2071.0,2.070999999999998,8.152620015387022
2071.5,2.0715000000000003,8.155120015387034
2072.0,2.0720000000000027,8.157620015387046
2072.5,2.072499999999998,8.155459084051166
2073.0,2.0730000000000004,8.157959084051178
2073.5,2.073500000000003,8.16045908405119
2074.0,2.073999999999998,8.1583204005317
2074.5,2.0745000000000005,8.160820400531712
2075.0,2.075000000000003,8.163320400531724
2075.5,2.075499999999998,8.161215354491134
2076.0,2.0760000000000005,8.163715354491146
2076.5,2.076500000000003,8.166215354491158
2077.0,2.076999999999998,8.16411563294281
2077.5,2.0775000000000006,8.166615632942822
2078.0,2.078000000000003,8.169115632942834
2078.5,2.0784999999999982,8.166986431545453
2079.0,2.0790000000000006,8.169486431545465
2079.5,2.079500000000003,8.171986431545477
2080.0,2.0799999999999983,8.169806882712969
2080.5,2.0805000000000007,8.17230688271298
2081.0,2.081000000000003,8.174806882712993
2081.5,2.0814999999999984,8.172579127314705
2082.0,2.0820000000000007,8.175079127314717
2082.5,2.082500000000003,8.17757912731473
2083.0,2.0829999999999984,8.175309477088994
2083.5,2.083500000000001,8.177809477089006
2084.0,2.084000000000003,8.180309477089018
2084.5,2.0844999999999985,8.17803687485739
2085.0,2.085000000000001,8.180536874857403
2085.5,2.0855000000000032,8.183036874857414
2086.0,2.0859999999999985,8.180819397094723
2086.5,2.086500000000001,8.183319397094735
2087.0,2.0870000000000033,8.185819397094747
2087.5,2.0874999999999986,8.183682854619398
2088.0,2.088000000000001,8.18618285461941
2088.5,2.0885000000000034,8.188682854619422
2089.0,2.0889999999999986,8.186641113333408
2089.5,2.089500000000001,8.18914111333342
2090.0,2.0900000000000034,8.191641113333432
2090.5,2.0904999999999987,8.189702542784332
2091.0,2.091000000000001,8.192202542784344
2091.5,2.0914999999999964,8.19470254278432
2092.0,2.0919999999999987,8.192850989948361
2092.5,2.092500000000001,8.195350989948373
2093.0,2.0930000000000035,8.197850989948385
2093.5,2.093499999999999,8.196071563743423
2094.0,2.094000000000001,8.198571563743435
2094.5,2.0944999999999965,8.201071563743412
2095.0,2.094999999999999,8.199330969321643
2095.5,2.0955000000000013,8.201830969321655
2096.0,2.0960000000000036,8.204330969321667
2096.5,2.096499999999999,8.202584944600915
2097.0,2.0970000000000013,8.205084944600927
2097.5,2.0974999999999966,8.207584944600903
2098.0,2.097999999999999,8.205821888666591
2098.5,2.0985000000000014,8.208321888666603
2099.0,2.0990000000000038,8.210821888666615
2099.5,2.099499999999999,8.209012564911475
2100.0,2.1000000000000014,8.211512564911487
2100.5,2.1004999999999967,8.214012564911464
2101.0,2.100999999999999,8.212133661856456
2101.5,2.1015000000000015,8.214633661856467
2102.0,2.1019999999999968,8.217133661856444
2102.5,2.102499999999999,8.215168930209487
2103.0,2.1030000000000015,8.217668930209499
2103.5,2.103499999999997,8.220168930209475
2104.0,2.103999999999999,8.218095841832032
2104.5,2.1045000000000016,8.220595841832044
2105.0,2.104999999999997,8.22309584183202
2105.5,2.1054999999999993,8.220903814536946
2106.0,2.1060000000000016,8.223403814536958
2106.5,2.106499999999997,8.225903814536935
2107.0,2.1069999999999993,8.223568701221176
2107.5,2.1075000000000017,8.226068701221187
2108.0,2.107999999999997,8.228568701221164
2108.5,2.1084999999999994,8.226058672979484
2109.0,2.1090000000000018,8.228558672979496
2109.5,2.109499999999997,8.231058672979472
2110.0,2.1099999999999994,8.228404648719128
2110.5,2.110500000000002,8.23090464871914
2111.0,2.110999999999997,8.233404648719116
2111.5,2.1114999999999995,8.230625901760327
2112.0,2.112000000000002,8.233125901760339
2112.5,2.112499999999997,8.235625901760315
2113.0,2.1129999999999995,8.232764414653744
2113.5,2.113500000000002,8.235264414653756
2114.0,2.113999999999997,8.237764414653732
2114.5,2.1144999999999996,8.240264414653744
2115.0,2.115000000000002,8.23735798513276
2115.5,2.1154999999999973,8.239857985132737
2116.0,2.1159999999999997,8.242357985132749
2116.5,2.116500000000002,8.239487671422125
2117.0,2.1169999999999973,8.241987671422102
2117.5,2.1174999999999997,8.244487671422114
2118.0,2.118000000000002,8.241730554839783
2118.5,2.1184999999999974,8.24423055483976
2119.0,2.1189999999999998,8.246730554839772
2119.5,2.119500000000002,8.24414287781849
2120.0,2.1199999999999974,8.246642877818466
2120.5,2.1205,8.249142877818478
2121.0,2.121000000000002,8.246744343063419
2121.5,2.1214999999999975,8.249244343063395
2122.0,2.122,8.251744343063407
2122.5,2.1225000000000023,8.24953333654129
2123.0,2.1229999999999976,8.252033336541267
2123.5,2.1235,8.254533336541279
2124.0,2.1240000000000023,8.252497857622707
2124.5,2.1244999999999976,8.254997857622683
2125.0,2.125,8.257497857622695
2125.5,2.1255000000000024,8.2556385077649
2126.0,2.1259999999999977,8.258138507764876
2126.5,2.1265,8.260638507764888
2127.0,2.1270000000000024,8.25896222711581
2127.5,2.1274999999999977,8.261462227115786
2128.0,2.128,8.263962227115798
2128.5,2.1285000000000025,8.262442968648465
2129.0,2.128999999999998,8.264942968648441
2129.5,2.1295,8.267442968648453
2130.0,2.1300000000000026,8.266051218801387
2130.5,2.130499999999998,8.268551218801363
2131.0,2.1310000000000002,8.271051218801375
2131.5,2.1315000000000026,8.269754231673367
2132.0,2.131999999999998,8.272254231673344
2132.5,2.1325000000000003,8.274754231673356
2133.0,2.1330000000000027,8.273500995570373
2133.5,2.133499999999998,8.27600099557035
2134.0,2.1340000000000003,8.278500995570361
2134.5,2.1345000000000027,8.277231451716922
2135.0,2.134999999999998,8.279731451716899
2135.5,2.1355000000000004,8.28223145171691
2136.0,2.136000000000003,8.280865119999987
2136.5,2.136499999999998,8.283365119999964
2137.0,2.1370000000000005,8.285865119999976
2137.5,2.137500000000003,8.284351222378241
2138.0,2.137999999999998,8.286851222378218
2138.5,2.1385000000000005,8.28935122237823
2139.0,2.139000000000003,8.287661146670366
2139.5,2.139499999999998,8.290161146670343
2140.0,2.1400000000000006,8.292661146670355
2140.5,2.140500000000003,8.290767834464319
2141.0,2.1409999999999982,8.293267834464295
2141.5,2.1415000000000006,8.295767834464307
2142.0,2.142000000000003,8.29366346210886
2142.5,2.1424999999999983,8.296163462108836
2143.0,2.1430000000000007,8.298663462108848
2143.5,2.143500000000003,8.29636491768202
2144.0,2.1439999999999984,8.298864917681996
2144.5,2.1445000000000007,8.301364917682008
2145.0,2.145000000000003,8.298892540696272
2145.5,2.1454999999999984,8.301392540696249
2146.0,2.146000000000001,8.30389254069626
2146.5,2.146500000000003,8.301288964367046
2147.0,2.1469999999999985,8.303788964367023
2147.5,2.147500000000001,8.306288964367035
2148.0,2.1480000000000032,8.303631790467243
2148.5,2.1484999999999985,8.30613179046722
2149.0,2.149000000000001,8.308631790467231
2149.5,2.1495000000000033,8.305973647067049
2150.0,2.1499999999999986,8.308473647067025
2150.5,2.150500000000001,8.310973647067037
2151.0,2.1510000000000034,8.308374209111413
2151.5,2.1514999999999986,8.31087420911139
2152.0,2.152000000000001,8.313374209111402
2152.5,2.1525000000000034,8.310888293833472
2153.0,2.1529999999999987,8.313388293833448
2153.5,2.153500000000001,8.31588829383346
2154.0,2.1539999999999964,8.313567232925116
2154.5,2.1544999999999987,8.316067232925128
2155.0,2.155000000000001,8.31856723292514
2155.5,2.1555000000000035,8.316443884379474
2156.0,2.155999999999999,8.31894388437945
2156.5,2.156500000000001,8.321443884379462
2157.0,2.1569999999999965,8.319535706634085
2157.5,2.157499999999999,8.322035706634097
2158.0,2.1580000000000013,8.324535706634109
2158.5,2.1585000000000036,8.322823541071784
2159.0,2.158999999999999,8.32532354107176
2159.5,2.1595000000000013,8.327823541071773
2160.0,2.1599999999999966,8.326279263120888
2160.5,2.160499999999999,8.3287792631209
2161.0,2.1610000000000014,8.331279263120912
2161.5,2.1615000000000038,8.32984289364557
2162.0,2.161999999999999,8.332342893645546
2162.5,2.1625000000000014,8.334842893645558
2163.0,2.1629999999999967,8.333459000618078
2163.5,2.163499999999999,8.33595900061809
2164.0,2.1640000000000015,8.338459000618101
2164.5,2.1644999999999968,8.337051395875221
2165.0,2.164999999999999,8.339551395875233
2165.5,2.1655000000000015,8.342051395875245
2166.0,2.165999999999997,8.340562691451652
2166.5,2.166499999999999,8.343062691451664
2167.0,2.1670000000000016,8.345562691451676
2167.5,2.167499999999997,8.343943873311197
2168.0,2.1679999999999993,8.346443873311209
2168.5,2.1685000000000016,8.348943873311221
2169.0,2.168999999999997,8.34716973248998
2169.5,2.1694999999999993,8.349669732489993
2170.0,2.1700000000000017,8.352169732490005
2170.5,2.170499999999997,8.350231693687071
2171.0,2.1709999999999994,8.352731693687083
2171.5,2.1715000000000018,8.355231693687095
2172.0,2.171999999999997,8.353123078104332
2172.5,2.1724999999999994,8.355623078104344
2173.0,2.173000000000002,8.358123078104356
2173.5,2.173499999999997,8.355826849271324
2174.0,2.1739999999999995,8.358326849271336
2174.5,2.174500000000002,8.360826849271348
2175.0,2.174999999999997,8.358350136207662
2175.5,2.1754999999999995,8.360850136207674
2176.0,2.176000000000002,8.363350136207686
2176.5,2.176499999999997,8.360708581397311
2177.0,2.1769999999999996,8.363208581397323
2177.5,2.177500000000002,8.365708581397335
2178.0,2.1779999999999973,8.362937612355772
2178.5,2.1784999999999997,8.365437612355784
2179.0,2.179000000000002,8.367937612355796
2179.5,2.1794999999999973,8.365071793325
2180.0,2.1799999999999997,8.367571793325013
2180.5,2.180500000000002,8.370071793325025
2181.0,2.1809999999999974,8.36715528202582
2181.5,2.1814999999999998,8.369655282025832
2182.0,2.182000000000002,8.372155282025844
2182.5,2.1824999999999974,8.36924069191177
2183.0,2.183,8.371740691911782
2183.5,2.183500000000002,8.374240691911794
2184.0,2.1839999999999975,8.371373147420833
2184.5,2.1845,8.373873147420845
2185.0,2.1850000000000023,8.376373147420857
2185.5,2.1854999999999976,8.373578361689908
2186.0,2.186,8.37607836168992
2186.5,2.1865000000000023,8.378578361689932
2187.0,2.1869999999999976,8.37590236328694
2187.5,2.1875,8.378402363286952
2188.0,2.1880000000000024,8.380902363286964
2188.5,2.1884999999999977,8.378359736658467
2189.0,2.189,8.38085973665848
2189.5,2.1895000000000024,8.383359736658491
2190.0,2.1899999999999977,8.385859736658468
2190.5,2.1905,8.383447466228304
2191.0,2.1910000000000025,8.385947466228316
2191.5,2.191499999999998,8.388447466228293
2192.0,2.192,8.386127097483467
2192.5,2.1925000000000026,8.388627097483479
2193.0,2.192999999999998,8.391127097483455
2193.5,2.1935000000000002,8.388886154667112
2194.0,2.1940000000000026,8.391386154667124
2194.5,2.194499999999998,8.3938861546671
2195.0,2.1950000000000003,8.391698126165892
2195.5,2.1955000000000027,8.394198126165904
2196.0,2.195999999999998,8.39669812616588
2196.5,2.1965000000000003,8.39454342127162
2197.0,2.1970000000000027,8.397043421271633
2197.5,2.197499999999998,8.39954342127161
2198.0,2.1980000000000004,8.397417366452267
2198.5,2.198500000000003,8.399917366452279
2199.0,2.198999999999998,8.402417366452255
2199.5,2.1995000000000005,8.400276005714602
2200.0,2.200000000000003,8.402776005714614
2200.5,2.200499999999998,8.40527600571459
2201.0,2.2010000000000005,8.403084430379941
2201.5,2.201500000000003,8.405584430379953
2202.0,2.201999999999998,8.40808443037993
2202.5,2.2025000000000006,8.405820433342228
2203.0,2.203000000000003,8.40832043334224
2203.5,2.2034999999999982,8.410820433342217
2204.0,2.2040000000000006,8.408461527782443
2204.5,2.204500000000003,8.410961527782455
2205.0,2.2049999999999983,8.413461527782431
2205.5,2.2055000000000007,8.410995452118364
2206.0,2.206000000000003,8.413495452118376
2206.5,2.2064999999999984,8.415995452118352
2207.0,2.2070000000000007,8.413393633735708
2207.5,2.207500000000003,8.41589363373572
2208.0,2.2079999999999984,8.418393633735697
2208.5,2.208500000000001,8.415662239090445
2209.0,2.209000000000003,8.418162239090456
2209.5,2.2094999999999985,8.420662239090433
2210.0,2.210000000000001,8.417807695512494
2210.5,2.2105000000000032,8.420307695512506
2211.0,2.2109999999999985,8.422807695512482
2211.5,2.211500000000001,8.41986545445355
2212.0,2.2120000000000033,8.422365454453562
2212.5,2.2124999999999986,8.424865454453538
2213.0,2.213000000000001,8.421882313403621
2213.5,2.2135000000000034,8.424382313403633
2214.0,2.2139999999999986,8.42688231340361
2214.5,2.214500000000001,8.423896569215898
2215.0,2.2150000000000034,8.42639656921591
2215.5,2.2154999999999987,8.428896569215887
2216.0,2.216000000000001,8.425913765983815
2216.5,2.2164999999999964,8.428413765983791
2217.0,2.2169999999999987,8.430913765983803
2217.5,2.217500000000001,8.427949973168012
2218.0,2.2180000000000035,8.430449973168024
2218.5,2.218499999999999,8.432949973168
2219.0,2.219000000000001,8.429996102343189
2219.5,2.2194999999999965,8.432496102343165
2220.0,2.219999999999999,8.434996102343177
2220.5,2.2205000000000013,8.432059787876938
2221.0,2.2210000000000036,8.43455978787695
2221.5,2.221499999999999,8.437059787876926
2222.0,2.2220000000000013,8.434151101687135
2222.5,2.2224999999999966,8.436651101687112
2223.0,2.222999999999999,8.439151101687123
2223.5,2.2235000000000014,8.436282851264068
2224.0,2.2240000000000038,8.43878285126408
2224.5,2.224499999999999,8.441282851264056
2225.0,2.2250000000000014,8.438470023879248
2225.5,2.2254999999999967,8.440970023879224
2226.0,2.225999999999999,8.443470023879236
2226.5,2.2265000000000015,8.440727703117936
2227.0,2.2269999999999968,8.443227703117913
2227.5,2.227499999999999,8.445727703117925
2228.0,2.2280000000000015,8.44306971388015
2228.5,2.228499999999997,8.445569713880126
2229.0,2.228999999999999,8.448069713880137
2229.5,2.2295000000000016,8.445509668715054
2230.0,2.229999999999997,8.44800966871503
2230.5,2.2304999999999993,8.450509668715043
2231.0,2.2310000000000016,8.448065881741371
2231.5,2.231499999999997,8.450565881741348
2232.0,2.2319999999999993,8.45306588174136
2232.5,2.2325000000000017,8.450751141188455
2233.0,2.232999999999997,8.453251141188431
2233.5,2.2334999999999994,8.455751141188443
2234.0,2.2340000000000018,8.453530839166312
2234.5,2.234499999999997,8.456030839166289
2235.0,2.2349999999999994,8.4585308391663
2235.5,2.235500000000002,8.456380436958675
2236.0,2.235999999999997,8.458880436958651
2236.5,2.2364999999999995,8.461380436958663
2237.0,2.237000000000002,8.459277373155984
2237.5,2.237499999999997,8.461777373155961
2238.0,2.2379999999999995,8.464277373155973
2238.5,2.238500000000002,8.462203822835015
2239.0,2.238999999999997,8.464703822834991
2239.5,2.2394999999999996,8.467203822835003
2240.0,2.240000000000002,8.465139837804614
2240.5,2.2404999999999973,8.46763983780459
2241.0,2.2409999999999997,8.470139837804602
2241.5,2.241500000000002,8.468114780895597
2242.0,2.2419999999999973,8.470614780895573
2242.5,2.2424999999999997,8.473114780895585
2243.0,2.243000000000002,8.471139346368979
2243.5,2.2434999999999974,8.473639346368955
2244.0,2.2439999999999998,8.476139346368967
2244.5,2.244500000000002,8.474240550117536
2245.0,2.2449999999999974,8.476740550117512
2245.5,2.2455,8.479240550117524
2246.0,2.246000000000002,8.477433588901171
2246.5,2.2464999999999975,8.479933588901147
2247.0,2.247,8.48243358890116
2247.5,2.2475000000000023,8.480722774735447
2248.0,2.2479999999999976,8.483222774735424
2248.5,2.2485,8.485722774735436
2249.0,2.2490000000000023,8.484119990814136
2249.5,2.2494999999999976,8.486619990814113
2250.0,2.25,8.489119990814125
2250.5,2.2505000000000024,8.487629201017945
2251.0,2.2509999999999977,8.490129201017922
2251.5,2.2515,8.492629201017934
2252.0,2.2520000000000024,8.491252313385651
2252.5,2.2524999999999977,8.493752313385627
2253.0,2.253,8.49625231338564
2253.5,2.2535000000000025,8.494979959031994
2254.0,2.253999999999998,8.49747995903197
2254.5,2.2545,8.499979959031982
2255.0,2.2550000000000026,8.498811347150443
2255.5,2.255499999999998,8.50131134715042
2256.0,2.2560000000000002,8.503811347150432
2256.5,2.2565000000000026,8.502718642624991
2257.0,2.256999999999998,8.505218642624968
2257.5,2.2575000000000003,8.50771864262498
2258.0,2.2580000000000027,8.506677139882548
2258.5,2.258499999999998,8.509177139882524
2259.0,2.2590000000000003,8.511677139882536
2259.5,2.2595000000000027,8.510657028796729
2260.0,2.259999999999998,8.513157028796705
2260.5,2.2605000000000004,8.515657028796717
2261.0,2.261000000000003,8.514602269293974
2261.5,2.261499999999998,8.51710226929395
2262.0,2.2620000000000005,8.519602269293962
2262.5,2.262500000000003,8.518463385151271
2263.0,2.262999999999998,8.520963385151248
2263.5,2.2635000000000005,8.52346338515126
2264.0,2.264000000000003,8.522194654574129
2264.5,2.264499999999998,8.524694654574105
2265.0,2.2650000000000006,8.527194654574117
2265.5,2.265500000000003,8.52969465457413
2266.0,2.2659999999999982,8.528266785404632
2266.5,2.2665000000000006,8.530766785404644
2267.0,2.267000000000003,8.533266785404656
2267.5,2.2674999999999983,8.531657512117725
2268.0,2.2680000000000007,8.534157512117737
2268.5,2.268500000000003,8.536657512117749
2269.0,2.2689999999999984,8.5348505923713
2269.5,2.2695000000000007,8.537350592371311
2270.0,2.270000000000003,8.539850592371323
2270.5,2.2704999999999984,8.537823669309894
2271.0,2.271000000000001,8.540323669309906
2271.5,2.271500000000003,8.542823669309918
2272.0,2.2719999999999985,8.540566183797687
2272.5,2.272500000000001,8.543066183797698
2273.0,2.2730000000000032,8.54556618379771
2273.5,2.2734999999999985,8.54307497016574
2274.0,2.274000000000001,8.545574970165752
2274.5,2.2745000000000033,8.548074970165764
2275.0,2.2749999999999986,8.545342250215597
2275.5,2.275500000000001,8.54784225021561
2276.0,2.2760000000000034,8.550342250215621
2276.5,2.2764999999999986,8.547412722743672
2277.0,2.277000000000001,8.549912722743684
2277.5,2.2775000000000034,8.552412722743696
2278.0,2.2779999999999987,8.549327438791785
2278.5,2.278500000000001,8.551827438791797
2279.0,2.2789999999999964,8.554327438791773
2279.5,2.2794999999999987,8.551103653749017
2280.0,2.280000000000001,8.553603653749029
2280.5,2.2805000000000035,8.556103653749041
2281.0,2.280999999999999,8.552773935906117
2281.5,2.281500000000001,8.55527393590613
2282.0,2.2819999999999965,8.557773935906106
2282.5,2.282499999999999,8.554386104702125
2283.0,2.2830000000000013,8.556886104702137
2283.5,2.2835000000000036,8.559386104702149
2284.0,2.283999999999999,8.555968494250905
2284.5,2.2845000000000013,8.558468494250917
2285.0,2.2849999999999966,8.560968494250893
2285.5,2.285499999999999,8.557533011504965
2286.0,2.2860000000000014,8.560033011504977
2286.5,2.2865000000000038,8.56253301150499
2287.0,2.286999999999999,8.55909675114475
2287.5,2.2875000000000014,8.561596751144762
2288.0,2.2879999999999967,8.564096751144739
2288.5,2.288499999999999,8.560666802612182
2289.0,2.2890000000000015,8.563166802612194
2289.5,2.2894999999999968,8.56566680261217
2290.0,2.289999999999999,8.562241208094541
2290.5,2.2905000000000015,8.564741208094553
2291.0,2.290999999999997,8.56724120809453
2291.5,2.291499999999999,8.563806600512933
2292.0,2.2920000000000016,8.566306600512945
2292.5,2.292499999999997,8.568806600512922
2293.0,2.2929999999999993,8.565361394668507
2293.5,2.2935000000000016,8.567861394668519
2294.0,2.293999999999997,8.570361394668495
2294.5,2.2944999999999993,8.56691688068448
2295.0,2.2950000000000017,8.569416880684493
2295.5,2.295499999999997,8.57191688068447
2296.0,2.2959999999999994,8.568480868009054
2296.5,2.2965000000000018,8.570980868009066
2297.0,2.296999999999997,8.573480868009042
2297.5,2.2974999999999994,8.57006951792485
2298.0,2.298000000000002,8.572569517924862
2298.5,2.298499999999997,8.575069517924838
2299.0,2.2989999999999995,8.571692785134282
2299.5,2.299500000000002,8.574192785134294
2300.0,2.299999999999997,8.57669278513427
2300.5,2.3004999999999995,8.573372308096623
2301.0,2.301000000000002,8.575872308096635
2301.5,2.301499999999997,8.578372308096611
2302.0,2.3019999999999996,8.575133924091176
2302.5,2.302500000000002,8.577633924091188
2303.0,2.3029999999999973,8.580133924091164
2303.5,2.3034999999999997,8.576969928049891
2304.0,2.304000000000002,8.579469928049903
2304.5,2.3044999999999973,8.58196992804988
2305.0,2.3049999999999997,8.578869988476718
2305.5,2.305500000000002,8.58136998847673
2306.0,2.3059999999999974,8.583869988476707
2306.5,2.3064999999999998,8.580814524411764
2307.0,2.307000000000002,8.583314524411776
2307.5,2.3074999999999974,8.585814524411752
2308.0,2.308,8.582772994363168
2308.5,2.308500000000002,8.58527299436318
2309.0,2.3089999999999975,8.587772994363156
2309.5,2.3095,8.584729043018626
2310.0,2.3100000000000023,8.587229043018638
2310.5,2.3104999999999976,8.589729043018615
2311.0,2.311,8.5866702264817
2311.5,2.3115000000000023,8.589170226481713
2312.0,2.3119999999999976,8.591670226481689
2312.5,2.3125,8.588584741137169
2313.0,2.3130000000000024,8.59108474113718
2313.5,2.3134999999999977,8.593584741137157
2314.0,2.314,8.590460600775955
2314.5,2.3145000000000024,8.592960600775967
2315.0,2.3149999999999977,8.595460600775944
2315.5,2.3155,8.59231398359249
2316.0,2.3160000000000025,8.594813983592502
2316.5,2.316499999999998,8.597313983592478
2317.0,2.317,8.594151061622952
2317.5,2.3175000000000026,8.596651061622964
2318.0,2.317999999999998,8.59915106162294
2318.5,2.3185000000000002,8.59599577617491
2319.0,2.3190000000000026,8.598495776174921
2319.5,2.319499999999998,8.600995776174898
2320.0,2.3200000000000003,8.597854288804498
2320.5,2.3205000000000027,8.60035428880451
2321.0,2.320999999999998,8.602854288804487
2321.5,2.3215000000000003,8.599734109325468
2322.0,2.3220000000000027,8.60223410932548
2322.5,2.322499999999998,8.604734109325456
2323.0,2.3230000000000004,8.601637796930817
2323.5,2.323500000000003,8.604137796930829
2324.0,2.323999999999998,8.606637796930805
2324.5,2.3245000000000005,8.603591448688057
2325.0,2.325000000000003,8.606091448688069
2325.5,2.325499999999998,8.608591448688045
2326.0,2.3260000000000005,8.605625703260316
2326.5,2.326500000000003,8.608125703260328
2327.0,2.326999999999998,8.610625703260304
2327.5,2.3275000000000006,8.60775894140449
2328.0,2.328000000000003,8.610258941404503
2328.5,2.3284999999999982,8.61275894140448
2329.0,2.3290000000000006,8.610035611307545
2329.5,2.329500000000003,8.612535611307557
2330.0,2.3299999999999983,8.615035611307533
2330.5,2.3305000000000007,8.612453844618493
2331.0,2.331000000000003,8.614953844618505
2331.5,2.3314999999999984,8.617453844618481
2332.0,2.3320000000000007,8.61501539942882
2332.5,2.332500000000003,8.617515399428832
2333.0,2.3329999999999984,8.620015399428809
2333.5,2.333500000000001,8.617708939339401
2334.0,2.334000000000003,8.620208939339413
2334.5,2.3344999999999985,8.62270893933939
2335.0,2.335000000000001,8.620536328091646
2335.5,2.3355000000000032,8.623036328091658
2336.0,2.3359999999999985,8.625536328091634
2336.5,2.336500000000001,8.623489840405547
2337.0,2.3370000000000033,8.625989840405559
2337.5,2.3374999999999986,8.628489840405535
2338.0,2.338000000000001,8.626527108795123
2338.5,2.3385000000000034,8.629027108795135
2339.0,2.3389999999999986,8.631527108795112
2339.5,2.339500000000001,8.629617933318237
2340.0,2.3400000000000034,8.632117933318249
2340.5,2.3404999999999987,8.634617933318225
2341.0,2.341000000000001,8.637117933318237
2341.5,2.3414999999999964,8.635211295923142
2342.0,2.3419999999999987,8.637711295923154
2342.5,2.342500000000001,8.640211295923166
2343.0,2.3430000000000035,8.638262140577595
2343.5,2.343499999999999,8.640762140577571
2344.0,2.344000000000001,8.643262140577583
2344.5,2.3444999999999965,8.641195700403621
2345.0,2.344999999999999,8.643695700403633
2345.5,2.3455000000000013,8.646195700403645
2346.0,2.3460000000000036,8.64397284245559
2346.5,2.346499999999999,8.646472842455566
2347.0,2.3470000000000013,8.648972842455578
2347.5,2.3474999999999966,8.64656871527302
2348.0,2.347999999999999,8.649068715273032
2348.5,2.3485000000000014,8.651568715273044
2349.0,2.3490000000000038,8.648952748412633
2349.5,2.349499999999999,8.65145274841261
2350.0,2.3500000000000014,8.653952748412621
2350.5,2.3504999999999967,8.651142366643327
2351.0,2.350999999999999,8.65364236664334
2351.5,2.3515000000000015,8.656142366643351
2352.0,2.3519999999999968,8.653160598611613
2352.5,2.352499999999999,8.655660598611625
2353.0,2.3530000000000015,8.658160598611637
2353.5,2.353499999999997,8.65505695596159
2354.0,2.353999999999999,8.657556955961603
2354.5,2.3545000000000016,8.660056955961615
2355.0,2.354999999999997,8.656870816109574
2355.5,2.3554999999999993,8.659370816109586
2356.0,2.3560000000000016,8.661870816109598
2356.5,2.356499999999997,8.658633829491045
2357.0,2.3569999999999993,8.661133829491057
2357.5,2.3575000000000017,8.663633829491069
2358.0,2.357999999999997,8.660363022284727
2358.5,2.3584999999999994,8.66286302228474
2359.0,2.3590000000000018,8.665363022284751
2359.5,2.359499999999997,8.662051561452024
2360.0,2.3599999999999994,8.664551561452036
2360.5,2.360500000000002,8.667051561452048
2361.0,2.360999999999997,8.663710329099672
2361.5,2.3614999999999995,8.666210329099684
2362.0,2.362000000000002,8.668710329099696
2362.5,2.362499999999997,8.66534434324329
2363.0,2.3629999999999995,8.667844343243303
2363.5,2.363500000000002,8.670344343243315
2364.0,2.363999999999997,8.666961287095134
2364.5,2.3644999999999996,8.669461287095146
2365.0,2.365000000000002,8.671961287095158
2365.5,2.3654999999999973,8.6685749751123
2366.0,2.3659999999999997,8.671074975112312
2366.5,2.366500000000002,8.673574975112324
2367.0,2.3669999999999973,8.670214932719631
2367.5,2.3674999999999997,8.672714932719643
2368.0,2.368000000000002,8.675214932719655
2368.5,2.3684999999999974,8.67187581954223
2369.0,2.3689999999999998,8.674375819542242
2369.5,2.369500000000002,8.676875819542254
2370.0,2.3699999999999974,8.673536638317287
2370.5,2.3705,8.6760366383173
2371.0,2.371000000000002,8.678536638317311
2371.5,2.3714999999999975,8.675158279924275
2372.0,2.372,8.677658279924287
2372.5,2.3725000000000023,8.6801582799243
2373.0,2.3729999999999976,8.676709377421119
2373.5,2.3735,8.679209377421131
2374.0,2.3740000000000023,8.681709377421143
2374.5,2.3744999999999976,8.678153035790075
2375.0,2.375,8.680653035790087
2375.5,2.3755000000000024,8.683153035790099
2376.0,2.3759999999999977,8.679444915648915
2376.5,2.3765,8.681944915648927
2377.0,2.3770000000000024,8.684444915648939
2377.5,2.3774999999999977,8.680565802439233
2378.0,2.378,8.683065802439245
2378.5,2.3785000000000025,8.685565802439257
2379.0,2.378999999999998,8.681511557238366
2379.5,2.3795,8.684011557238378
2380.0,2.3800000000000026,8.68651155723839
2380.5,2.380499999999998,8.682270461418256
2381.0,2.3810000000000002,8.684770461418267
2381.5,2.3815000000000026,8.68727046141828
2382.0,2.381999999999998,8.68287636419403
2382.5,2.3825000000000003,8.685376364194042
2383.0,2.3830000000000027,8.687876364194054
2383.5,2.383499999999998,8.68337776945566
2384.0,2.3840000000000003,8.685877769455672
2384.5,2.3845000000000027,8.688377769455684
2385.0,2.384999999999998,8.683830123070706
2385.5,2.3855000000000004,8.686330123070718
2386.0,2.386000000000003,8.68883012307073
2386.5,2.386499999999998,8.684290268946597
2387.0,2.3870000000000005,8.68679026894661
2387.5,2.387500000000003,8.689290268946621
2388.0,2.387999999999998,8.684795889847514
2388.5,2.3885000000000005,8.687295889847526
2389.0,2.389000000000003,8.689795889847538
2389.5,2.389499999999998,8.68536920365127
2390.0,2.3900000000000006,8.687869203651282
2390.5,2.390500000000003,8.690369203651294
2391.0,2.3909999999999982,8.686038651437897
2391.5,2.3915000000000006,8.68853865143791
2392.0,2.392000000000003,8.691038651437921
2392.5,2.3924999999999983,8.68684610288092
2393.0,2.3930000000000007,8.689346102880933
2393.5,2.393500000000003,8.691846102880945
2394.0,2.3939999999999984,8.687827845121205
2394.5,2.3945000000000007,8.690327845121217
2395.0,2.395000000000003,8.69282784512123
2395.5,2.3954999999999984,8.689025234602248
2396.0,2.396000000000001,8.69152523460226
2396.5,2.396500000000003,8.694025234602272
2397.0,2.3969999999999985,8.690459945332378
2397.5,2.397500000000001,8.69295994533239
2398.0,2.3980000000000032,8.695459945332402
2398.5,2.3984999999999985,8.69213230595033
2399.0,2.399000000000001,8.694632305950343
2399.5,2.3995000000000033,8.697132305950355
2400.0,2.3999999999999986,8.69400881282143
2400.5,2.400500000000001,8.696508812821442
2401.0,2.4010000000000034,8.699008812821454
2401.5,2.4014999999999986,8.6960412901308
2402.0,2.402000000000001,8.698541290130812
2402.5,2.4025000000000034,8.701041290130824
2403.0,2.4029999999999987,8.698193376625625
2403.5,2.403500000000001,8.700693376625637
2404.0,2.4039999999999964,8.703193376625613
2404.5,2.4044999999999987,8.700420677289351
2405.0,2.405000000000001,8.702920677289363
2405.5,2.4055000000000035,8.705420677289375
2406.0,2.405999999999999,8.702657630803436
2406.5,2.406500000000001,8.705157630803448
2407.0,2.4069999999999965,8.707657630803425
2407.5,2.407499999999999,8.704870090383068
2408.0,2.4080000000000013,8.70737009038308
2408.5,2.4085000000000036,8.709870090383092
2409.0,2.408999999999999,8.707049897020909
2409.5,2.4095000000000013,8.70954989702092
2410.0,2.4099999999999966,8.712049897020897
2410.5,2.410499999999999,8.709161203402935
2411.0,2.4110000000000014,8.711661203402947
2411.5,2.4115000000000038,8.71416120340296
2412.0,2.411999999999999,8.711181077914176
2412.5,2.4125000000000014,8.713681077914188
2413.0,2.4129999999999967,8.716181077914165
2413.5,2.413499999999999,8.713123981654078
2414.0,2.4140000000000015,8.71562398165409
2414.5,2.4144999999999968,8.718123981654067
2415.0,2.414999999999999,8.715003729816182
2415.5,2.4155000000000015,8.717503729816194
2416.0,2.415999999999997,8.72000372981617
2416.5,2.416499999999999,8.722503729816182
2417.0,2.4170000000000016,8.719330818924185
2417.5,2.417499999999997,8.721830818924161
2418.0,2.4179999999999993,8.724330818924173
2418.5,2.4185000000000016,8.721126241346617
2419.0,2.418999999999997,8.723626241346594
2419.5,2.4194999999999993,8.726126241346606
2420.0,2.4200000000000017,8.722905167018844
2420.5,2.420499999999997,8.72540516701882
2421.0,2.4209999999999994,8.727905167018832
2421.5,2.4215000000000018,8.724676647636684
2422.0,2.421999999999997,8.72717664763666
2422.5,2.4224999999999994,8.729676647636673
2423.0,2.423000000000002,8.726483899291786
2423.5,2.423499999999997,8.728983899291762
2424.0,2.4239999999999995,8.731483899291774
2424.5,2.424500000000002,8.728385315164076
2425.0,2.424999999999997,8.730885315164052
2425.5,2.4254999999999995,8.733385315164064
2426.0,2.426000000000002,8.730397307399897
2426.5,2.426499999999997,8.732897307399874
2427.0,2.4269999999999996,8.735397307399886
2427.5,2.427500000000002,8.73253116234359
2428.0,2.4279999999999973,8.735031162343567
2428.5,2.4284999999999997,8.73753116234358
2429.0,2.429000000000002,8.73476853339163
2429.5,2.4294999999999973,8.737268533391607
2430.0,2.4299999999999997,8.739768533391619
2430.5,2.430500000000002,8.737091023385801
2431.0,2.4309999999999974,8.739591023385778
2431.5,2.4314999999999998,8.74209102338579
2432.0,2.432000000000002,8.73946884590012
2432.5,2.4324999999999974,8.741968845900097
2433.0,2.433,8.744468845900109
2433.5,2.433500000000002,8.741861021175446
2434.0,2.4339999999999975,8.744361021175422
2434.5,2.4345,8.746861021175434
2435.0,2.4350000000000023,8.744221024431589
2435.5,2.4354999999999976,8.746721024431565
2436.0,2.436,8.749221024431577
2436.5,2.4365000000000023,8.746509799134827
2437.0,2.4369999999999976,8.749009799134804
2437.5,2.4375,8.751509799134816
2438.0,2.4380000000000024,8.748697073061997
2438.5,2.4384999999999977,8.751197073061974
2439.0,2.439,8.753697073061986
2439.5,2.4395000000000024,8.750754444716904
2440.0,2.4399999999999977,8.75325444471688
2440.5,2.4405,8.755754444716892
2441.0,2.4410000000000025,8.75266626885086
2441.5,2.441499999999998,8.755166268850836
2442.0,2.442,8.757666268850848
2442.5,2.4425000000000026,8.754438508824833
2443.0,2.442999999999998,8.75693850882481
2443.5,2.4435000000000002,8.759438508824822
2444.0,2.4440000000000026,8.756062258713477
2444.5,2.444499999999998,8.758562258713454
2445.0,2.4450000000000003,8.761062258713466
2445.5,2.4455000000000027,8.757526784036394
2446.0,2.445999999999998,8.76002678403637
2446.5,2.4465000000000003,8.762526784036382
2447.0,2.4470000000000027,8.758832011978832
2447.5,2.447499999999998,8.761332011978809
2448.0,2.4480000000000004,8.76383201197882
2448.5,2.448500000000003,8.759970140978233
2449.0,2.448999999999998,8.762470140978209
2449.5,2.4495000000000005,8.764970140978221
2450.0,2.450000000000003,8.760954660701934
2450.5,2.450499999999998,8.76345466070191
2451.0,2.4510000000000005,8.765954660701922
2451.5,2.451500000000003,8.761819459910072
2452.0,2.451999999999998,8.764319459910048
2452.5,2.4525000000000006,8.76681945991006
2453.0,2.453000000000003,8.762613344575279
2453.5,2.4534999999999982,8.765113344575255
2454.0,2.4540000000000006,8.767613344575267
2454.5,2.454500000000003,8.763370287770869
2455.0,2.4549999999999983,8.765870287770845
2455.5,2.4555000000000007,8.768370287770857
2456.0,2.456000000000003,8.764123450528487
2456.5,2.4564999999999984,8.766623450528463
2457.0,2.4570000000000007,8.769123450528475
2457.5,2.457500000000003,8.76490964116698
2458.0,2.4579999999999984,8.767409641166957
2458.5,2.458500000000001,8.769909641166969
2459.0,2.459000000000003,8.765736383655494
2459.5,2.4594999999999985,8.76823638365547
2460.0,2.460000000000001,8.770736383655482
2460.5,2.4605000000000032,8.766591959128043
2461.0,2.4609999999999985,8.76909195912802
2461.5,2.461500000000001,8.771591959128031
2462.0,2.4620000000000033,8.767482949687988
2462.5,2.4624999999999986,8.769982949687964
2463.0,2.463000000000001,8.772482949687976
2463.5,2.4635000000000034,8.768436654392637
2464.0,2.4639999999999986,8.770936654392614
2464.5,2.464500000000001,8.773436654392626
2465.0,2.4650000000000034,8.769466690662249
2465.5,2.4654999999999987,8.771966690662225
2466.0,2.466000000000001,8.774466690662237
2466.5,2.4664999999999964,8.770589634838366
2467.0,2.4669999999999987,8.773089634838378
2467.5,2.467500000000001,8.77558963483839
2468.0,2.4680000000000035,8.771841598432708
2468.5,2.468499999999999,8.774341598432684
2469.0,2.469000000000001,8.776841598432696
2469.5,2.4694999999999965,8.773242421008014
2470.0,2.469999999999999,8.775742421008026
2470.5,2.4705000000000013,8.778242421008038
2471.0,2.4710000000000036,8.774783407494837
2471.5,2.471499999999999,8.777283407494814
2472.0,2.4720000000000013,8.779783407494826
2472.5,2.4724999999999966,8.776422228484293
2473.0,2.472999999999999,8.778922228484305
2473.5,2.4735000000000014,8.781422228484317
2474.0,2.4740000000000038,8.778117648488788
2474.5,2.474499999999999,8.780617648488764
2475.0,2.4750000000000014,8.783117648488776
2475.5,2.4754999999999967,8.77982300130892
2476.0,2.475999999999999,8.782323001308932
2476.5,2.4765000000000015,8.784823001308943
2477.0,2.4769999999999968,8.781500646041245
2477.5,2.477499999999999,8.784000646041257
2478.0,2.4780000000000015,8.786500646041269
2478.5,2.478499999999997,8.783118450709857
2479.0,2.478999999999999,8.785618450709869
2479.5,2.4795000000000016,8.78811845070988
2480.0,2.479999999999997,8.784690145835938
2480.5,2.4804999999999993,8.78719014583595
2481.0,2.4810000000000016,8.789690145835962
2481.5,2.481499999999997,8.786220503023543
2482.0,2.4819999999999993,8.788720503023555
2482.5,2.4825000000000017,8.791220503023567
2483.0,2.482999999999997,8.787711131093836
2483.5,2.4834999999999994,8.790211131093848
2484.0,2.4840000000000018,8.79271113109386
2484.5,2.484499999999997,8.789178712770607
2485.0,2.4849999999999994,8.791678712770619
2485.5,2.485500000000002,8.79417871277063
2486.0,2.485999999999997,8.790632430926735
2486.5,2.4864999999999995,8.793132430926747
2487.0,2.487000000000002,8.795632430926759
2487.5,2.487499999999997,8.79207115056957
2488.0,2.4879999999999995,8.794571150569581
2488.5,2.488500000000002,8.797071150569593
2489.0,2.488999999999997,8.793509536658703
2489.5,2.4894999999999996,8.796009536658715
2490.0,2.490000000000002,8.798509536658727
2490.5,2.4904999999999973,8.794948315505522
2491.0,2.4909999999999997,8.797448315505534
2491.5,2.491500000000002,8.799948315505546
2492.0,2.4919999999999973,8.802448315505522
2492.5,2.4924999999999997,8.798905032720228
2493.0,2.493000000000002,8.80140503272024
2493.5,2.4934999999999974,8.803905032720216
2494.0,2.4939999999999998,8.800371711641333
2494.5,2.494500000000002,8.802871711641345
2495.0,2.4949999999999974,8.805371711641321
2495.5,2.4955,8.801860698803345
2496.0,2.496000000000002,8.804360698803357
2496.5,2.4964999999999975,8.806860698803334
2497.0,2.497,8.803385400673065
2497.5,2.4975000000000023,8.805885400673077
2498.0,2.4979999999999976,8.808385400673053
2498.5,2.4985,8.804974791260634
2499.0,2.4990000000000023,8.807474791260645
2499.5,2.4994999999999976,8.809974791260622
2500.0,2.5,8.80665220013924
2500.5,2.5005000000000024,8.809152200139252
2501.0,2.5009999999999977,8.811652200139228
2501.5,2.5015,8.808425548092167
2502.0,2.5020000000000024,8.810925548092179
2502.5,2.5024999999999977,8.813425548092155
2503.0,2.503,8.810293389566688
2503.5,2.5035000000000025,8.8127933895667
2504.0,2.503999999999998,8.815293389566676
2504.5,2.5045,8.812242978593048
2505.0,2.5050000000000026,8.81474297859306
2505.5,2.505499999999998,8.817242978593036
2506.0,2.5060000000000002,8.814258588270008
2506.5,2.5065000000000026,8.81675858827002
2507.0,2.506999999999998,8.819258588269996
2507.5,2.5075000000000003,8.816337274749877
2508.0,2.5080000000000027,8.818837274749889
2508.5,2.508499999999998,8.821337274749865
2509.0,2.5090000000000003,8.818454070343371
2509.5,2.5095000000000027,8.820954070343383
2510.0,2.509999999999998,8.82345407034336
2510.5,2.5105000000000004,8.820568482176157
2511.0,2.511000000000003,8.823068482176168
2511.5,2.511499999999998,8.825568482176145
2512.0,2.5120000000000005,8.822658051618362
2512.5,2.512500000000003,8.825158051618374
2513.0,2.512999999999998,8.82765805161835
2513.5,2.5135000000000005,8.824670293774126
2514.0,2.514000000000003,8.827170293774138
2514.5,2.514499999999998,8.829670293774114
2515.0,2.5150000000000006,8.826543961826516
2515.5,2.515500000000003,8.829043961826528
2516.0,2.5159999999999982,8.831543961826505
2516.5,2.5165000000000006,8.828240102314027
2517.0,2.517000000000003,8.830740102314039
2517.5,2.5174999999999983,8.833240102314015
2518.0,2.5180000000000007,8.829735469855606
2518.5,2.518500000000003,8.832235469855618
2519.0,2.5189999999999984,8.834735469855595
2519.5,2.5195000000000007,8.831016203175324
2520.0,2.520000000000003,8.833516203175336
2520.5,2.5204999999999984,8.836016203175312
2521.0,2.521000000000001,8.832077898361455
2521.5,2.521500000000003,8.834577898361466
2522.0,2.5219999999999985,8.837077898361443
2522.5,2.522500000000001,8.8329431857359
2523.0,2.5230000000000032,8.835443185735912
2523.5,2.5234999999999985,8.837943185735888
2524.0,2.524000000000001,8.83363673523835
2524.5,2.5245000000000033,8.836136735238362
2525.0,2.5249999999999986,8.838636735238339
2525.5,2.525500000000001,8.83420323364387
2526.0,2.5260000000000034,8.836703233643881
2526.5,2.5264999999999986,8.839203233643858
2527.0,2.527000000000001,8.834691501734007
2527.5,2.5275000000000034,8.837191501734019
2528.0,2.5279999999999987,8.839691501733995
2528.5,2.528500000000001,8.83514550024099
2529.0,2.5289999999999964,8.837645500240967
2529.5,2.5294999999999987,8.840145500240979
2530.0,2.530000000000001,8.835582124672534
2530.5,2.5305000000000035,8.838082124672546
2531.0,2.530999999999999,8.840582124672522
2531.5,2.531500000000001,8.83600294720189
2532.0,2.5319999999999965,8.838502947201867
2532.5,2.532499999999999,8.84100294720188
2533.0,2.5330000000000013,8.836425441779632
2533.5,2.5335000000000036,8.838925441779644
2534.0,2.533999999999999,8.84142544177962
2534.5,2.5345000000000013,8.8368657251986
2535.0,2.5349999999999966,8.839365725198576
2535.5,2.535499999999999,8.841865725198588
2536.0,2.5360000000000014,8.837358619029985
2536.5,2.5365000000000038,8.839858619029997
2537.0,2.536999999999999,8.842358619029973
2537.5,2.5375000000000014,8.837936209219315
2538.0,2.5379999999999967,8.840436209219291
2538.5,2.538499999999999,8.842936209219303
2539.0,2.5390000000000015,8.83862857919432
2539.5,2.5394999999999968,8.841128579194297
2540.0,2.539999999999999,8.84362857919431
2540.5,2.5405000000000015,8.839443706486136
2541.0,2.540999999999997,8.841943706486113
2541.5,2.541499999999999,8.844443706486125
2542.0,2.5420000000000016,8.840355999946432
2542.5,2.542499999999997,8.842855999946408
2543.0,2.5429999999999993,8.84535599994642
2543.5,2.5435000000000016,8.841326702002128
2544.0,2.543999999999997,8.843826702002104
2544.5,2.5444999999999993,8.846326702002116
2545.0,2.5450000000000017,8.842307611920006
2545.5,2.545499999999997,8.844807611919983
2546.0,2.5459999999999994,8.847307611919994
2546.5,2.5465000000000018,8.843263715730458
2547.0,2.546999999999997,8.845763715730435
2547.5,2.5474999999999994,8.848263715730447
2548.0,2.548000000000002,8.844162860245142
2548.5,2.548499999999997,8.846662860245118
2549.0,2.5489999999999995,8.84916286024513
2549.5,2.549500000000002,8.844975879935362
2550.0,2.549999999999997,8.847475879935338
2550.5,2.5504999999999995,8.84997587993535
2551.0,2.551000000000002,8.845693470802196
2551.5,2.551499999999997,8.848193470802173
2552.0,2.5519999999999996,8.850693470802184
2552.5,2.552500000000002,8.846316852859637
2553.0,2.5529999999999973,8.848816852859613
2553.5,2.5534999999999997,8.851316852859625
2554.0,2.554000000000002,8.84685464871211
2554.5,2.5544999999999973,8.849354648712087
2555.0,2.5549999999999997,8.851854648712099
2555.5,2.555500000000002,8.847331494687438
2556.0,2.5559999999999974,8.849831494687415
2556.5,2.5564999999999998,8.852331494687427
2557.0,2.557000000000002,8.847778724013615
2557.5,2.5574999999999974,8.850278724013592
2558.0,2.558,8.852778724013604
2558.5,2.558500000000002,8.848226666249701
2559.0,2.5589999999999975,8.850726666249678
2559.5,2.5595,8.85322666624969
2560.0,2.5600000000000023,8.848699271083191
2560.5,2.5604999999999976,8.851199271083168
2561.0,2.561,8.85369927108318
2561.5,2.5615000000000023,8.849253310515657
2562.0,2.5619999999999976,8.851753310515633
2562.5,2.5625,8.854253310515645
2563.0,2.5630000000000024,8.849958219150409
2563.5,2.5634999999999977,8.852458219150385
2564.0,2.564,8.854958219150397
2564.5,2.5645000000000024,8.850866695042967
2565.0,2.5649999999999977,8.853366695042943
2565.5,2.5655,8.855866695042955
2566.0,2.5660000000000025,8.852014722293902
2566.5,2.566499999999998,8.854514722293878
2567.0,2.567,8.85701472229389
2567.5,2.5675000000000026,8.859514722293902
2568.0,2.567999999999998,8.85593598915328
2568.5,2.5685000000000002,8.858435989153293
2569.0,2.5690000000000026,8.860935989153305
2569.5,2.569499999999998,8.857642360778861
2570.0,2.5700000000000003,8.860142360778873
2570.5,2.5705000000000027,8.862642360778885
2571.0,2.570999999999998,8.859633859516016
2571.5,2.5715000000000003,8.862133859516028
2572.0,2.5720000000000027,8.86463385951604
2572.5,2.572499999999998,8.861867056130635
2573.0,2.5730000000000004,8.864367056130646
2573.5,2.573500000000003,8.866867056130658
2574.0,2.573999999999998,8.864293085160249
2574.5,2.5745000000000005,8.86679308516026
2575.0,2.575000000000003,8.869293085160272
2575.5,2.575499999999998,8.866868092189328
2576.0,2.5760000000000005,8.86936809218934
2576.5,2.576500000000003,8.871868092189352
2577.0,2.576999999999998,8.869529116743387
2577.5,2.5775000000000006,8.872029116743398
2578.0,2.578000000000003,8.87452911674341
2578.5,2.5784999999999982,8.872231657319567
2579.0,2.5790000000000006,8.874731657319579
2579.5,2.579500000000003,8.87723165731959
2580.0,2.5799999999999983,8.874934798074818
2580.5,2.5805000000000007,8.87743479807483
2581.0,2.581000000000003,8.879934798074842
2581.5,2.5814999999999984,8.877591031289853
2582.0,2.5820000000000007,8.880091031289865
2582.5,2.582500000000003,8.882591031289877
2583.0,2.5829999999999984,8.880134215179964
2583.5,2.583500000000001,8.882634215179976
2584.0,2.584000000000003,8.885134215179988
2584.5,2.5844999999999985,8.88251414185099
2585.0,2.585000000000001,8.885014141851002
2585.5,2.5855000000000032,8.887514141851014
2586.0,2.5859999999999985,8.884681119703401
2586.5,2.586500000000001,8.887181119703413
2587.0,2.5870000000000033,8.889681119703425
2587.5,2.5874999999999986,8.886577900983603
2588.0,2.588000000000001,8.889077900983615
2588.5,2.5885000000000034,8.891577900983627
2589.0,2.5889999999999986,8.888179021068439
2589.5,2.589500000000001,8.89067902106845
2590.0,2.5900000000000034,8.893179021068462
2590.5,2.5904999999999987,8.88948314295586
2591.0,2.591000000000001,8.891983142955873
2591.5,2.5914999999999964,8.894483142955849
2592.0,2.5919999999999987,8.890538264890147
2592.5,2.592500000000001,8.893038264890158
2593.0,2.5930000000000035,8.89553826489017
2593.5,2.593499999999999,8.891426943764742
2594.0,2.594000000000001,8.893926943764754
2594.5,2.5944999999999965,8.89642694376473
2595.0,2.594999999999999,8.892244709632315
2595.5,2.5955000000000013,8.894744709632327
2596.0,2.5960000000000036,8.89724470963234
2596.5,2.596499999999999,8.893098232669274
2597.0,2.5970000000000013,8.895598232669286
2597.5,2.5974999999999966,8.898098232669263
2598.0,2.597999999999999,8.894048835485684
2598.5,2.5985000000000014,8.896548835485696
2599.0,2.5990000000000038,8.899048835485708
2599.5,2.599499999999999,8.895147911825738
2600.0,2.6000000000000014,8.89764791182575
2600.5,2.6004999999999967,8.900147911825727
2601.0,2.600999999999999,8.896410064484108
2601.5,2.6015000000000015,8.89891006448412
2602.0,2.6019999999999968,8.901410064484097
2602.5,2.602499999999999,8.897840705950841
2603.0,2.6030000000000015,8.900340705950853
2603.5,2.603499999999997,8.90284070595083
2604.0,2.603999999999999,8.899434337397203
2604.5,2.6045000000000016,8.901934337397215
2605.0,2.604999999999997,8.904434337397191
2605.5,2.6054999999999993,8.90116206978206
2606.0,2.6060000000000016,8.903662069782072
2606.5,2.606499999999997,8.906162069782049
2607.0,2.6069999999999993,8.903003582594593
2607.5,2.6075000000000017,8.905503582594605
2608.0,2.607999999999997,8.908003582594581
2608.5,2.6084999999999994,8.904912702440093
2609.0,2.6090000000000018,8.907412702440105
2609.5,2.609499999999997,8.909912702440081
2610.0,2.6099999999999994,8.906848586125129
2610.5,2.610500000000002,8.909348586125141
2611.0,2.610999999999997,8.911848586125117
2611.5,2.6114999999999995,8.908767388809089
2612.0,2.612000000000002,8.911267388809101
2612.5,2.612499999999997,8.913767388809077
2613.0,2.6129999999999995,8.910612926758112
2613.5,2.613500000000002,8.913112926758124
2614.0,2.613999999999997,8.9156129267581
2614.5,2.6144999999999996,8.912331957343653
2615.0,2.615000000000002,8.914831957343665
2615.5,2.6154999999999973,8.917331957343642
2616.0,2.6159999999999997,8.913838965381515
2616.5,2.616500000000002,8.916338965381527
2617.0,2.6169999999999973,8.918838965381504
2617.5,2.6174999999999997,8.915084494997316
2618.0,2.618000000000002,8.917584494997328
2618.5,2.6184999999999974,8.920084494997305
2619.0,2.6189999999999998,8.916041814725375
2619.5,2.619500000000002,8.918541814725387
2620.0,2.6199999999999974,8.921041814725363
2620.5,2.6205,8.916708361323344
2621.0,2.621000000000002,8.919208361323356
2621.5,2.6214999999999975,8.921708361323333
2622.0,2.622,8.917104482740363
2622.5,2.6225000000000023,8.919604482740375
2623.0,2.6229999999999976,8.922104482740352
2623.5,2.6235,8.917274860392297
2624.0,2.6240000000000023,8.919774860392309
2624.5,2.6244999999999976,8.922274860392285
2625.0,2.625,8.91728649575601
2625.5,2.6255000000000024,8.919786495756021
2626.0,2.6259999999999977,8.922286495755998
2626.5,2.6265,8.917207044864668
2627.0,2.6270000000000024,8.91970704486468
2627.5,2.6274999999999977,8.922207044864656
2628.0,2.628,8.91710441191826
2628.5,2.6285000000000025,8.919604411918272
2629.0,2.628999999999998,8.922104411918248
2629.5,2.6295,8.917084419035568
2630.0,2.6300000000000026,8.91958441903558
2630.5,2.630499999999998,8.922084419035556
2631.0,2.6310000000000002,8.917224305002698
2631.5,2.6315000000000026,8.91972430500271
2632.0,2.631999999999998,8.922224305002686
2632.5,2.6325000000000003,8.917572077043907
2633.0,2.6330000000000027,8.920072077043919
2633.5,2.633499999999998,8.922572077043895
2634.0,2.6340000000000003,8.918167375532029
2634.5,2.6345000000000027,8.920667375532041
2635.0,2.634999999999998,8.923167375532017
2635.5,2.6355000000000004,8.919038262040075
2636.0,2.636000000000003,8.921538262040087
2636.5,2.636499999999998,8.924038262040064
2637.0,2.6370000000000005,8.920190236308976
2637.5,2.637500000000003,8.922690236308988
2638.0,2.637999999999998,8.925190236308964
2638.5,2.6385000000000005,8.921600493309398
2639.0,2.639000000000003,8.92410049330941
2639.5,2.639499999999998,8.926600493309387
2640.0,2.6400000000000006,8.923232649605204
2640.5,2.640500000000003,8.925732649605216
2641.0,2.6409999999999982,8.928232649605192
2641.5,2.6415000000000006,8.925022568418335
2642.0,2.642000000000003,8.927522568418347
2642.5,2.6424999999999983,8.930022568418323
2643.0,2.6430000000000007,8.932522568418335
2643.5,2.643500000000003,8.929400654683732
2644.0,2.6439999999999984,8.931900654683709
2644.5,2.6445000000000007,8.93440065468372
2645.0,2.645000000000003,8.931295485122313
2645.5,2.6454999999999984,8.933795485122289
2646.0,2.646000000000001,8.9362954851223
2646.5,2.646500000000003,8.933119081928389
2647.0,2.6469999999999985,8.935619081928365
2647.5,2.647500000000001,8.938119081928377
2648.0,2.6480000000000032,8.934815974221841
2648.5,2.6484999999999985,8.937315974221818
2649.0,2.649000000000001,8.93981597422183
2649.5,2.6495000000000033,8.93635278716765
2650.0,2.6499999999999986,8.938852787167626
2650.5,2.650500000000001,8.941352787167638
2651.0,2.6510000000000034,8.937716640596385
2651.5,2.6514999999999986,8.940216640596361
2652.0,2.652000000000001,8.942716640596373
2652.5,2.6525000000000034,8.93887798235113
2653.0,2.6529999999999987,8.941377982351106
2653.5,2.653500000000001,8.943877982351118
2654.0,2.6539999999999964,8.939827724953489
2654.5,2.6544999999999987,8.9423277249535
2655.0,2.655000000000001,8.944827724953512
2655.5,2.6555000000000035,8.94057429043702
2656.0,2.655999999999999,8.943074290436996
2656.5,2.656500000000001,8.945574290437008
2657.0,2.6569999999999965,8.941160579076808
2657.5,2.657499999999999,8.94366057907682
2658.0,2.6580000000000013,8.946160579076832
2658.5,2.6585000000000036,8.941628255685927
2659.0,2.658999999999999,8.944128255685904
2659.5,2.6595000000000013,8.946628255685916
2660.0,2.6599999999999966,8.942026696863188
2660.5,2.660499999999999,8.9445266968632
2661.0,2.6610000000000014,8.947026696863212
2661.5,2.6615000000000038,8.942429706820079
2662.0,2.661999999999999,8.944929706820055
2662.5,2.6625000000000014,8.947429706820067
2663.0,2.6629999999999967,8.942888161745266
2663.5,2.663499999999999,8.945388161745278
2664.0,2.6640000000000015,8.94788816174529
2664.5,2.6644999999999968,8.9434585274077
2665.0,2.664999999999999,8.945958527407711
2665.5,2.6655000000000015,8.948458527407723
2666.0,2.665999999999997,8.94418949802418
2666.5,2.666499999999999,8.946689498024192
2667.0,2.6670000000000016,8.949189498024204
2667.5,2.667499999999997,8.945126689675398
2668.0,2.6679999999999993,8.94762668967541
2668.5,2.6685000000000016,8.950126689675422
2669.0,2.668999999999997,8.946295009034912
2669.5,2.6694999999999993,8.948795009034924
2670.0,2.6700000000000017,8.951295009034936
2670.5,2.670499999999997,8.94767409343526
2671.0,2.6709999999999994,8.950174093435272
2671.5,2.6715000000000018,8.952674093435284
2672.0,2.671999999999997,8.94921589961669
2672.5,2.6724999999999994,8.951715899616701
2673.0,2.673000000000002,8.954215899616713
2673.5,2.673499999999997,8.950846731803352
2674.0,2.6739999999999995,8.953346731803364
2674.5,2.674500000000002,8.955846731803376
2675.0,2.674999999999997,8.952500543807744
2675.5,2.6754999999999995,8.955000543807756
2676.0,2.676000000000002,8.957500543807768
2676.5,2.676499999999997,8.954114616454234
2677.0,2.6769999999999996,8.956614616454246
2677.5,2.677500000000002,8.959114616454258
2678.0,2.6779999999999973,8.955660589590018
2678.5,2.6784999999999997,8.95816058959003
2679.0,2.679000000000002,8.960660589590042
2679.5,2.6794999999999973,8.957138291196323
2680.0,2.6799999999999997,8.959638291196335
2680.5,2.680500000000002,8.962138291196347
2681.0,2.6809999999999974,8.95853659435204
2681.5,2.6814999999999998,8.961036594352052
2682.0,2.682000000000002,8.963536594352064
2682.5,2.6824999999999974,8.959840037511704
2683.0,2.683,8.962340037511716
2683.5,2.683500000000002,8.964840037511728
2684.0,2.6839999999999975,8.96103157003747
2684.5,2.6845,8.963531570037482
2685.0,2.6850000000000023,8.966031570037494
2685.5,2.6854999999999976,8.962091724978265
2686.0,2.686,8.964591724978277
2686.5,2.6865000000000023,8.967091724978289
2687.0,2.6869999999999976,8.96301540531315
2687.5,2.6875,8.965515405313162
2688.0,2.6880000000000024,8.968015405313174
2688.5,2.6884999999999977,8.96378864761651
2689.0,2.689,8.966288647616523
2689.5,2.6895000000000024,8.968788647616535
2690.0,2.6899999999999977,8.96442939777014
2690.5,2.6905,8.966929397770151
2691.0,2.6910000000000025,8.969429397770163
2691.5,2.691499999999998,8.964985332171551
2692.0,2.692,8.967485332171563
2692.5,2.6925000000000026,8.969985332171575
2693.0,2.692999999999998,8.965484382268691
2693.5,2.6935000000000002,8.967984382268703
2694.0,2.6940000000000026,8.970484382268715
2694.5,2.694499999999998,8.96600025498195
2695.0,2.6950000000000003,8.968500254981961
2695.5,2.6955000000000027,8.971000254981973
2696.0,2.695999999999998,8.966596494800214
2696.5,2.6965000000000003,8.969096494800226
2697.0,2.6970000000000027,8.971596494800238
2697.5,2.697499999999998,8.967332049874237
2698.0,2.6980000000000004,8.969832049874249
2698.5,2.698500000000003,8.972332049874261
2699.0,2.698999999999998,8.968229776245487
2699.5,2.6995000000000005,8.970729776245498
2700.0,2.700000000000003,8.97322977624551
2700.5,2.700499999999998,8.96928616853728
2701.0,2.7010000000000005,8.971786168537292
2701.5,2.701500000000003,8.974286168537304
2702.0,2.701999999999998,8.970482038857206
2702.5,2.7025000000000006,8.972982038857218
2703.0,2.703000000000003,8.97548203885723
2703.5,2.7034999999999982,8.971815557393548
2704.0,2.7040000000000006,8.97431555739356
2704.5,2.704500000000003,8.976815557393572
2705.0,2.7049999999999983,8.97326148468757
2705.5,2.7055000000000007,8.975761484687581
2706.0,2.706000000000003,8.978261484687593
2706.5,2.7064999999999984,8.974791272101044
2707.0,2.7070000000000007,8.977291272101056
2707.5,2.707500000000003,8.979791272101068
2708.0,2.7079999999999984,8.976389164545857
2708.5,2.708500000000001,8.978889164545869
2709.0,2.709000000000003,8.981389164545881
2709.5,2.7094999999999985,8.978033181684424
2710.0,2.710000000000001,8.980533181684436
2710.5,2.7105000000000032,8.983033181684448
2711.0,2.7109999999999985,8.979692747180685
2711.5,2.711500000000001,8.982192747180697
2712.0,2.7120000000000033,8.98469274718071
2712.5,2.7124999999999986,8.981354843078755
2713.0,2.713000000000001,8.983854843078767
2713.5,2.7135000000000034,8.986354843078779
2714.0,2.7139999999999986,8.983027104357255
2714.5,2.714500000000001,8.985527104357267
2715.0,2.7150000000000034,8.988027104357279
2715.5,2.7154999999999987,8.984662485960158
2716.0,2.716000000000001,8.98716248596017
2716.5,2.7164999999999964,8.989662485960146
2717.0,2.7169999999999987,8.986236504402676
2717.5,2.717500000000001,8.988736504402688
2718.0,2.7180000000000035,8.9912365044027
2718.5,2.718499999999999,8.993736504402676
2719.0,2.719000000000001,8.990241849876881
2719.5,2.7194999999999965,8.992741849876857
2720.0,2.719999999999999,8.99524184987687
2720.5,2.7205000000000013,8.991646152077841
2721.0,2.7210000000000036,8.994146152077853
2721.5,2.721499999999999,8.99664615207783
2722.0,2.7220000000000013,8.992935266796351
2722.5,2.7224999999999966,8.995435266796328
2723.0,2.722999999999999,8.99793526679634
2723.5,2.7235000000000014,8.994123074386984
2724.0,2.7240000000000038,8.996623074386996
2724.5,2.724499999999999,8.999123074386972
2725.0,2.7250000000000014,8.995235968569126
2725.5,2.7254999999999967,8.997735968569103
2726.0,2.725999999999999,9.000235968569115
2726.5,2.7265000000000015,8.996298512580267
2727.0,2.7269999999999968,8.998798512580244
2727.5,2.727499999999999,9.001298512580256
2728.0,2.7280000000000015,8.997321590153078
2728.5,2.728499999999997,8.999821590153054
2729.0,2.728999999999999,9.002321590153066
2729.5,2.7295000000000016,8.99829038247816
2730.0,2.729999999999997,9.000790382478137
2730.5,2.7304999999999993,9.003290382478149
2731.0,2.7310000000000016,8.999191101266888
2731.5,2.731499999999997,9.001691101266864
2732.0,2.7319999999999993,9.004191101266876
2732.5,2.7325000000000017,9.000010365627453
2733.0,2.732999999999997,9.00251036562743
2733.5,2.7334999999999994,9.005010365627442
2734.0,2.7340000000000018,9.000737229355593
2734.5,2.734499999999997,9.00323722935557
2735.0,2.7349999999999994,9.005737229355582
2735.5,2.735500000000002,9.001374122795873
2736.0,2.735999999999997,9.00387412279585
2736.5,2.7364999999999995,9.006374122795862
2737.0,2.737000000000002,9.001921047138737
2737.5,2.737499999999997,9.004421047138713
2738.0,2.7379999999999995,9.006921047138725
2738.5,2.738500000000002,9.002369207002232
2739.0,2.738999999999997,9.004869207002208
2739.5,2.7394999999999996,9.00736920700222
2740.0,2.740000000000002,9.002727423898307
2740.5,2.7404999999999973,9.005227423898283
2741.0,2.7409999999999997,9.007727423898295
2741.5,2.741500000000002,9.003001114759357
2742.0,2.7419999999999973,9.005501114759333
2742.5,2.7424999999999997,9.008001114759345
2743.0,2.743000000000002,9.003173219813405
2743.5,2.7434999999999974,9.005673219813382
2744.0,2.7439999999999998,9.008173219813393
2744.5,2.744500000000002,9.003256208943782
2745.0,2.7449999999999974,9.005756208943758
2745.5,2.7455,9.00825620894377
2746.0,2.746000000000002,9.003239343537004
2746.5,2.7464999999999975,9.00573934353698
2747.0,2.747,9.008239343536992
2747.5,2.7475000000000023,9.003119396867874
2748.0,2.7479999999999976,9.00561939686785
2748.5,2.7485,9.008119396867862
2749.0,2.7490000000000023,9.002908994323988
2749.5,2.7494999999999976,9.005408994323965
2750.0,2.75,9.007908994323977
2750.5,2.7505000000000024,9.002619858770373
2751.0,2.7509999999999977,9.00511985877035
2751.5,2.7515,9.007619858770362
2752.0,2.7520000000000024,9.00225937141137
2752.5,2.7524999999999977,9.004759371411346
2753.0,2.753,9.007259371411358
2753.5,2.7535000000000025,9.001849096832473
2754.0,2.753999999999998,9.004349096832449
2754.5,2.7545,9.006849096832461
2755.0,2.7550000000000026,9.001412352159868
2755.5,2.755499999999998,9.003912352159844
2756.0,2.7560000000000002,9.006412352159856
2756.5,2.7565000000000026,9.000979865266387
2757.0,2.756999999999998,9.003479865266364
2757.5,2.7575000000000003,9.005979865266376
2758.0,2.7580000000000027,9.000554617389795
2758.5,2.758499999999998,9.003054617389772
2759.0,2.7590000000000003,9.005554617389784
2759.5,2.7595000000000027,9.000151835952792
2760.0,2.759999999999998,9.002651835952769
2760.5,2.7605000000000004,9.00515183595278
2761.0,2.761000000000003,8.999766648149148
2761.5,2.761499999999998,9.002266648149124
2762.0,2.7620000000000005,9.004766648149136
2762.5,2.762500000000003,8.999406526597014
2763.0,2.762999999999998,9.00190652659699
2763.5,2.7635000000000005,9.004406526597002
2764.0,2.764000000000003,8.99911165682191
2764.5,2.764499999999998,9.001611656821886
2765.0,2.7650000000000006,9.004111656821898
2765.5,2.765500000000003,8.998913844846008
2766.0,2.7659999999999982,9.001413844845985
2766.5,2.7665000000000006,9.003913844845997
2767.0,2.767000000000003,8.998843978395925
2767.5,2.7674999999999983,9.001343978395902
2768.0,2.7680000000000007,9.003843978395913
2768.5,2.768500000000003,8.998931798773242
2769.0,2.7689999999999984,9.001431798773218
2769.5,2.7695000000000007,9.00393179877323
2770.0,2.770000000000003,8.99920675521173
2770.5,2.7704999999999984,9.001706755211707
2771.0,2.771000000000001,9.004206755211719
2771.5,2.771500000000003,8.999676735191535
2772.0,2.7719999999999985,9.002176735191512
2772.5,2.772500000000001,9.004676735191524
2773.0,2.7730000000000032,9.000326365479836
2773.5,2.7734999999999985,9.002826365479812
2774.0,2.774000000000001,9.005326365479824
2774.5,2.7745000000000033,9.00111703708209
2775.0,2.7749999999999986,9.003617037082066
2775.5,2.775500000000001,9.006117037082078
2776.0,2.7760000000000034,9.002005939953257
2776.5,2.7764999999999986,9.004505939953233
2777.0,2.777000000000001,9.007005939953245
2777.5,2.7775000000000034,9.002962336575635
2778.0,2.7779999999999987,9.005462336575611
2778.5,2.778500000000001,9.007962336575623
2779.0,2.7789999999999964,9.003931806712373
2779.5,2.7794999999999987,9.006431806712385
2780.0,2.780000000000001,9.008931806712397
2780.5,2.7805000000000035,9.004867656400144
2781.0,2.780999999999999,9.00736765640012
2781.5,2.781500000000001,9.009867656400132
2782.0,2.7819999999999965,9.005746883204218
2782.5,2.782499999999999,9.00824688320423
2783.0,2.7830000000000013,9.010746883204241
2783.5,2.7835000000000036,9.006553171220233
2784.0,2.783999999999999,9.00905317122021
2784.5,2.7845000000000013,9.011553171220221
2785.0,2.7849999999999966,9.007265004754785
2785.5,2.785499999999999,9.009765004754797
2786.0,2.7860000000000014,9.01226500475481
2786.5,2.7865000000000038,9.007896022083841
2787.0,2.786999999999999,9.010396022083818
2787.5,2.7875000000000014,9.01289602208383
2788.0,2.7879999999999967,9.00845936547693
2788.5,2.788499999999999,9.010959365476943
2789.0,2.7890000000000015,9.013459365476955
2789.5,2.7894999999999968,9.008958981267234
2790.0,2.789999999999999,9.011458981267246
2790.5,2.7905000000000015,9.013958981267258
2791.0,2.790999999999997,9.009444456814606
2791.5,2.791499999999999,9.011944456814618
2792.0,2.7920000000000016,9.01444445681463
2792.5,2.792499999999997,9.009966741264037
2793.0,2.7929999999999993,9.01246674126405
2793.5,2.7935000000000016,9.014966741264061
2794.0,2.793999999999997,9.017466741264037
2794.5,2.7944999999999993,9.01308572577559
2795.0,2.7950000000000017,9.015585725775601
2795.5,2.795499999999997,9.018085725775578
2796.0,2.7959999999999994,9.013855255935859
2796.5,2.7965000000000018,9.01635525593587
2797.0,2.796999999999997,9.018855255935847
2797.5,2.7974999999999994,9.014829671773192
2798.0,2.798000000000002,9.017329671773204
2798.5,2.798499999999997,9.01982967177318
2799.0,2.7989999999999995,9.01605156818917
2799.5,2.799500000000002,9.018551568189181
2800.0,2.799999999999997,9.021051568189158
2800.5,2.8004999999999995,9.01754836642855
2801.0,2.801000000000002,9.020048366428561
2801.5,2.801499999999997,9.022548366428538
2802.0,2.8019999999999996,9.019314641380092
2802.5,2.802500000000002,9.021814641380104
2803.0,2.8029999999999973,9.02431464138008
2803.5,2.8034999999999997,9.021305458800768
2804.0,2.804000000000002,9.02380545880078
2804.5,2.8044999999999973,9.026305458800756
2805.0,2.8049999999999997,9.023462284313695
2805.5,2.805500000000002,9.025962284313707
2806.0,2.8059999999999974,9.028462284313683
2806.5,2.8064999999999998,9.025716115053974
2807.0,2.807000000000002,9.028216115053986
2807.5,2.8074999999999974,9.030716115053963
2808.0,2.808,9.02800151556061
2808.5,2.808500000000002,9.030501515560623
2809.0,2.8089999999999975,9.0330015155606
2809.5,2.8095,9.030226588555443
2810.0,2.8100000000000023,9.032726588555455
2810.5,2.8104999999999976,9.035226588555432
2811.0,2.811,9.032316862614387
2811.5,2.8115000000000023,9.034816862614399
2812.0,2.8119999999999976,9.037316862614375
2812.5,2.8125,9.034214847538635
2813.0,2.8130000000000024,9.036714847538647
2813.5,2.8134999999999977,9.039214847538624
2814.0,2.814,9.035893839154632
2814.5,2.8145000000000024,9.038393839154644
2815.0,2.8149999999999977,9.04089383915462
2815.5,2.8155,9.037304072407615
2816.0,2.8160000000000025,9.039804072407627
2816.5,2.816499999999998,9.042304072407603
2817.0,2.817,9.038405071663611
2817.5,2.8175000000000026,9.040905071663623
2818.0,2.817999999999998,9.0434050716636
2818.5,2.8185000000000002,9.039178252307423
2819.0,2.8190000000000026,9.041678252307435
2819.5,2.819499999999998,9.044178252307411
2820.0,2.8200000000000003,9.039643859663506
2820.5,2.8205000000000027,9.042143859663518
2821.0,2.820999999999998,9.044643859663495
2821.5,2.8215000000000003,9.039843332161901
2822.0,2.8220000000000027,9.042343332161913
2822.5,2.822499999999998,9.04484333216189
2823.0,2.8230000000000004,9.039815487865965
2823.5,2.823500000000003,9.042315487865977
2824.0,2.823999999999998,9.044815487865954
2824.5,2.8245000000000005,9.03963049624295
2825.0,2.825000000000003,9.042130496242962
2825.5,2.825499999999998,9.044630496242938
2826.0,2.8260000000000005,9.039365506059731
2826.5,2.826500000000003,9.041865506059743
2827.0,2.826999999999998,9.04436550605972
2827.5,2.8275000000000006,9.039131624158117
2828.0,2.828000000000003,9.041631624158128
2828.5,2.8284999999999982,9.044131624158105
2829.0,2.8290000000000006,9.039014251478612
2829.5,2.829500000000003,9.041514251478624
2830.0,2.8299999999999983,9.0440142514786
2830.5,2.8305000000000007,9.039089943784937
2831.0,2.831000000000003,9.041589943784949
2831.5,2.8314999999999984,9.044089943784925
2832.0,2.8320000000000007,9.039405560058462
2832.5,2.832500000000003,9.041905560058474
2833.0,2.8329999999999984,9.04440556005845
2833.5,2.833500000000001,9.039973190925181
2834.0,2.834000000000003,9.042473190925193
2834.5,2.8344999999999985,9.04497319092517
2835.0,2.835000000000001,9.040773399218232
2835.5,2.8355000000000032,9.043273399218243
2836.0,2.8359999999999985,9.04577339921822
2836.5,2.836500000000001,9.041766762939929
2837.0,2.8370000000000033,9.044266762939941
2837.5,2.8374999999999986,9.046766762939917
2838.0,2.838000000000001,9.042878761923028
2838.5,2.8385000000000034,9.04537876192304
2839.0,2.8389999999999986,9.047878761923016
2839.5,2.839500000000001,9.044017423050263
2840.0,2.8400000000000034,9.046517423050275
2840.5,2.8404999999999987,9.049017423050252
2841.0,2.841000000000001,9.045088262422567
2841.5,2.8414999999999964,9.047588262422543
2842.0,2.8419999999999987,9.050088262422555
2842.5,2.842500000000001,9.046010907172253
2843.0,2.8430000000000035,9.048510907172265
2843.5,2.843499999999999,9.051010907172241
2844.0,2.844000000000001,9.046687944206688
2844.5,2.8444999999999965,9.049187944206665
2845.0,2.844999999999999,9.051687944206677
2845.5,2.8455000000000013,9.047033171369456
2846.0,2.8460000000000036,9.049533171369468
2846.5,2.846499999999999,9.052033171369445
2847.0,2.8470000000000013,9.047009809065614
2847.5,2.8474999999999966,9.04950980906559
2848.0,2.847999999999999,9.052009809065602
2848.5,2.8485000000000014,9.046625196206506
2849.0,2.8490000000000038,9.049125196206518
2849.5,2.849499999999999,9.051625196206494
2850.0,2.8500000000000014,9.04588361970557
2850.5,2.8504999999999967,9.048383619705547
2851.0,2.850999999999999,9.050883619705559
2851.5,2.8515000000000015,9.044835118900032
2852.0,2.8519999999999968,9.047335118900008
2852.5,2.852499999999999,9.04983511890002
2853.0,2.8530000000000015,9.04356204831501
2853.5,2.853499999999997,9.046062048314987
2854.0,2.853999999999999,9.048562048314999
2854.5,2.8545000000000016,9.04214512915491
2855.0,2.854999999999997,9.044645129154887
2855.5,2.8554999999999993,9.047145129154899
2856.0,2.8560000000000016,9.040700850338652
2856.5,2.856499999999997,9.043200850338629
2857.0,2.8569999999999993,9.04570085033864
2857.5,2.8575000000000017,9.039331913096902
2858.0,2.857999999999997,9.041831913096878
2858.5,2.8584999999999994,9.04433191309689
2859.0,2.8590000000000018,9.038137392103671
2859.5,2.859499999999997,9.040637392103648
2860.0,2.8599999999999994,9.04313739210366
2860.5,2.860500000000002,9.03721282219486
2861.0,2.860999999999997,9.039712822194836
2861.5,2.8614999999999995,9.042212822194848
2862.0,2.862000000000002,9.036614544800976
2862.5,2.862499999999997,9.039114544800952
2863.0,2.8629999999999995,9.041614544800964
2863.5,2.863500000000002,9.036406583847594
2864.0,2.863999999999997,9.03890658384757
2864.5,2.8644999999999996,9.041406583847582
2865.0,2.865000000000002,9.036613655852506
2865.5,2.8654999999999973,9.039113655852482
2866.0,2.8659999999999997,9.041613655852494
2866.5,2.866500000000002,9.037246569550952
2867.0,2.8669999999999973,9.039746569550928
2867.5,2.8674999999999997,9.04224656955094
2868.0,2.868000000000002,9.03826715361216
2868.5,2.8684999999999974,9.040767153612137
2869.0,2.8689999999999998,9.043267153612149
2869.5,2.869500000000002,9.04576715361216
2870.0,2.8699999999999974,9.042095620125608
2870.5,2.8705,9.04459562012562
2871.0,2.871000000000002,9.047095620125631
2871.5,2.8714999999999975,9.043636090790663
2872.0,2.872,9.046136090790675
2872.5,2.8725000000000023,9.048636090790687
2873.0,2.8729999999999976,9.045245501437549
2873.5,2.8735,9.04774550143756
2874.0,2.8740000000000023,9.050245501437573
2874.5,2.8744999999999976,9.046801562534874
2875.0,2.875,9.049301562534886
2875.5,2.8755000000000024,9.051801562534898
2876.0,2.8759999999999977,9.048205977471753
2876.5,2.8765,9.050705977471765
2877.0,2.8770000000000024,9.053205977471777
2877.5,2.8774999999999977,9.049402882670421
2878.0,2.878,9.051902882670433
2878.5,2.8785000000000025,9.054402882670445
2879.0,2.878999999999998,9.050357449413085
2879.5,2.8795,9.052857449413096
2880.0,2.8800000000000026,9.055357449413108
2880.5,2.880499999999998,9.051061081226663
2881.0,2.8810000000000002,9.053561081226675
2881.5,2.8815000000000026,9.056061081226687
2882.0,2.881999999999998,9.051513019810038
2882.5,2.8825000000000003,9.05401301981005
2883.0,2.8830000000000027,9.056513019810062
2883.5,2.883499999999998,9.051776480648535
2884.0,2.8840000000000003,9.054276480648547
2884.5,2.8845000000000027,9.056776480648558
2885.0,2.884999999999998,9.051909731695922
2885.5,2.8855000000000004,9.054409731695934
2886.0,2.886000000000003,9.056909731695946
2886.5,2.886499999999998,9.051964572119111
2887.0,2.8870000000000005,9.054464572119123
2887.5,2.887500000000003,9.056964572119135
2888.0,2.887999999999998,9.051987917799522
2888.5,2.8885000000000005,9.054487917799534
2889.0,2.889000000000003,9.056987917799546
2889.5,2.889499999999998,9.052044466329612
2890.0,2.8900000000000006,9.054544466329624
2890.5,2.890500000000003,9.057044466329636
2891.0,2.8909999999999982,9.052176304688118
2891.5,2.8915000000000006,9.05467630468813
2892.0,2.892000000000003,9.057176304688141
2892.5,2.8924999999999983,9.052416350841668
2893.0,2.8930000000000007,9.05491635084168
2893.5,2.893500000000003,9.057416350841692
2894.0,2.8939999999999984,9.052806038085528
2894.5,2.8945000000000007,9.05530603808554
2895.0,2.895000000000003,9.057806038085552
2895.5,2.8954999999999984,9.05336648957622
2896.0,2.896000000000001,9.055866489576232
2896.5,2.896500000000003,9.058366489576244
2897.0,2.8969999999999985,9.054135223791633
2897.5,2.897500000000001,9.056635223791645
2898.0,2.8980000000000032,9.059135223791657
2898.5,2.8984999999999985,9.055106744409542
2899.0,2.899000000000001,9.057606744409554
2899.5,2.8995000000000033,9.060106744409566
2900.0,2.8999999999999986,9.056232408356593
2900.5,2.900500000000001,9.058732408356605
2901.0,2.9010000000000034,9.061232408356616
2901.5,2.9014999999999986,9.057480282017103
2902.0,2.902000000000001,9.059980282017115
2902.5,2.9025000000000034,9.062480282017127
2903.0,2.9029999999999987,9.058773717782174
2903.5,2.903500000000001,9.061273717782186
2904.0,2.9039999999999964,9.063773717782162
2904.5,2.9044999999999987,9.060021628246666
2905.0,2.905000000000001,9.062521628246678
2905.5,2.9055000000000035,9.06502162824669
2906.0,2.905999999999999,9.061155664155827
2906.5,2.906500000000001,9.063655664155839
2907.0,2.9069999999999965,9.066155664155815
2907.5,2.907499999999999,9.062119030842872
2908.0,2.9080000000000013,9.064619030842884
2908.5,2.9085000000000036,9.067119030842896
2909.0,2.908999999999999,9.062864285475918
2909.5,2.9095000000000013,9.06536428547593
2910.0,2.9099999999999966,9.067864285475906
2910.5,2.910499999999999,9.063375248226357
2911.0,2.9110000000000014,9.06587524822637
2911.5,2.9115000000000038,9.068375248226381
2912.0,2.911999999999999,9.06366689755604
2912.5,2.9125000000000014,9.066166897556052
2913.0,2.9129999999999967,9.068666897556028
2913.5,2.913499999999999,9.063764339338718
2914.0,2.9140000000000015,9.06626433933873
2914.5,2.9144999999999968,9.068764339338706
2915.0,2.914999999999999,9.063725378940077
2915.5,2.9155000000000015,9.06622537894009
2916.0,2.915999999999997,9.068725378940066
2916.5,2.916499999999999,9.063596723893603
2917.0,2.9170000000000016,9.066096723893615
2917.5,2.917499999999997,9.068596723893592
2918.0,2.9179999999999993,9.063419465553828
2918.5,2.9185000000000016,9.06591946555384
2919.0,2.918999999999997,9.068419465553816
2919.5,2.9194999999999993,9.063228515043988
2920.0,2.9200000000000017,9.065728515044
2920.5,2.920499999999997,9.068228515043977
2921.0,2.9209999999999994,9.063055954373205
2921.5,2.9215000000000018,9.065555954373217
2922.0,2.921999999999997,9.068055954373193
2922.5,2.9224999999999994,9.062919985160107
2923.0,2.923000000000002,9.06541998516012
2923.5,2.923499999999997,9.067919985160096
2924.0,2.9239999999999995,9.06284306508681
2924.5,2.924500000000002,9.065343065086822
2925.0,2.924999999999997,9.067843065086798
2925.5,2.9254999999999995,9.06283272824389
2926.0,2.926000000000002,9.065332728243902
2926.5,2.926499999999997,9.067832728243879
2927.0,2.9269999999999996,9.062922790149628
2927.5,2.927500000000002,9.06542279014964
2928.0,2.9279999999999973,9.067922790149616
2928.5,2.9284999999999997,9.063121238338923
2929.0,2.929000000000002,9.065621238338935
2929.5,2.9294999999999973,9.068121238338911
2930.0,2.9299999999999997,9.063442048966834
2930.5,2.930500000000002,9.065942048966846
2931.0,2.9309999999999974,9.068442048966823
2931.5,2.9314999999999998,9.063868589271777
2932.0,2.932000000000002,9.06636858927179
2932.5,2.9324999999999974,9.068868589271766
2933.0,2.933,9.064393704940521
2933.5,2.933500000000002,9.066893704940533
2934.0,2.9339999999999975,9.06939370494051
2934.5,2.9345,9.065015244514392
2935.0,2.9350000000000023,9.067515244514404
2935.5,2.9354999999999976,9.07001524451438
2936.0,2.936,9.065702604709038
2936.5,2.9365000000000023,9.06820260470905
2937.0,2.9369999999999976,9.070702604709027
2937.5,2.9375,9.066407055480639
2938.0,2.9380000000000024,9.06890705548065
2938.5,2.9384999999999977,9.071407055480627
2939.0,2.939,9.067073563921788
2939.5,2.9395000000000024,9.0695735639218
2940.0,2.9399999999999977,9.072073563921776
2940.5,2.9405,9.06763901390498
2941.0,2.9410000000000025,9.070139013904992
2941.5,2.941499999999998,9.072639013904968
2942.0,2.942,9.068073544659931
2942.5,2.9425000000000026,9.070573544659943
2943.0,2.942999999999998,9.07307354465992
2943.5,2.9435000000000002,9.06836946808923
2944.0,2.9440000000000026,9.070869468089242
2944.5,2.944499999999998,9.073369468089219
2945.0,2.9450000000000003,9.07586946808923
2945.5,2.9455000000000027,9.071056502385275
2946.0,2.945999999999998,9.073556502385252
2946.5,2.9465000000000003,9.076056502385264
2947.0,2.9470000000000027,9.071148076698456
2947.5,2.947499999999998,9.073648076698433
2948.0,2.9480000000000004,9.076148076698445
2948.5,2.948500000000003,9.07117767424456
2949.0,2.948999999999998,9.073677674244536
2949.5,2.9495000000000005,9.076177674244548
2950.0,2.950000000000003,9.071170776618587
2950.5,2.950499999999998,9.073670776618563
2951.0,2.9510000000000005,9.076170776618575
2951.5,2.951500000000003,9.071129045509707
2952.0,2.951999999999998,9.073629045509684
2952.5,2.9525000000000006,9.076129045509695
2953.0,2.953000000000003,9.071051957229699
2953.5,2.9534999999999982,9.073551957229675
2954.0,2.9540000000000006,9.076051957229687
2954.5,2.954500000000003,9.07095733209239
2955.0,2.9549999999999983,9.073457332092367
2955.5,2.9555000000000007,9.07595733209238
2956.0,2.956000000000003,9.07085073774816
2956.5,2.9564999999999984,9.073350737748136
2957.0,2.9570000000000007,9.075850737748148
2957.5,2.957500000000003,9.070753922884123
2958.0,2.9579999999999984,9.0732539228841
2958.5,2.958500000000001,9.075753922884111
2959.0,2.959000000000003,9.070690863427942
2959.5,2.9594999999999985,9.073190863427918
2960.0,2.960000000000001,9.07569086342793
2960.5,2.9605000000000032,9.070661805381164
2961.0,2.9609999999999985,9.07316180538114
2961.5,2.961500000000001,9.075661805381152
2962.0,2.9620000000000033,9.070692195091823
2962.5,2.9624999999999986,9.0731921950918
2963.0,2.963000000000001,9.075692195091811
2963.5,2.9635000000000034,9.07081469200218
2964.0,2.9639999999999986,9.073314692002157
2964.5,2.964500000000001,9.075814692002169
2965.0,2.9650000000000034,9.071045257143666
2965.5,2.9654999999999987,9.073545257143643
2966.0,2.966000000000001,9.076045257143655
2966.5,2.9664999999999964,9.071389080586059
2967.0,2.9669999999999987,9.07388908058607
2967.5,2.967500000000001,9.076389080586083
2968.0,2.9680000000000035,9.071845866376584
2968.5,2.968499999999999,9.07434586637656
2969.0,2.969000000000001,9.076845866376573
2969.5,2.9694999999999965,9.072390979647018
2970.0,2.969999999999999,9.07489097964703
2970.5,2.9705000000000013,9.077390979647042
2971.0,2.9710000000000036,9.072982874785502
2971.5,2.971499999999999,9.075482874785479
2972.0,2.9720000000000013,9.07798287478549
2972.5,2.9724999999999966,9.073596105713833
2973.0,2.972999999999999,9.076096105713845
2973.5,2.9735000000000014,9.078596105713856
2974.0,2.9740000000000038,9.074221281940602
2974.5,2.974499999999999,9.076721281940578
2975.0,2.9750000000000014,9.07922128194059
2975.5,2.9754999999999967,9.074800808478827
2976.0,2.975999999999999,9.077300808478839
2976.5,2.9765000000000015,9.07980080847885
2977.0,2.9769999999999968,9.075307804551649
2977.5,2.977499999999999,9.07780780455166
2978.0,2.9780000000000015,9.080307804551673
2978.5,2.978499999999997,9.0757180975503
2979.0,2.978999999999999,9.078218097550312
2979.5,2.9795000000000016,9.080718097550324
2980.0,2.979999999999997,9.076038001986504
2980.5,2.9804999999999993,9.078538001986516
2981.0,2.9810000000000016,9.081038001986528
2981.5,2.981499999999997,9.076266912680993
2982.0,2.9819999999999993,9.078766912681004
2982.5,2.9825000000000017,9.081266912681016
2983.0,2.982999999999997,9.07637924227874
2983.5,2.9834999999999994,9.078879242278752
2984.0,2.9840000000000018,9.081379242278764
2984.5,2.984499999999997,9.076366771925137
2985.0,2.9849999999999994,9.07886677192515
2985.5,2.985500000000002,9.081366771925161
2986.0,2.985999999999997,9.076221933284643
2986.5,2.9864999999999995,9.078721933284655
2987.0,2.987000000000002,9.081221933284667
2987.5,2.987499999999997,9.075964939380334
2988.0,2.9879999999999995,9.078464939380346
2988.5,2.988500000000002,9.080964939380358
2989.0,2.988999999999997,9.07563736886356
2989.5,2.9894999999999996,9.078137368863572
2990.0,2.990000000000002,9.080637368863584
2990.5,2.9904999999999973,9.075292351791866
2991.0,2.9909999999999997,9.077792351791878
2991.5,2.991500000000002,9.08029235179189
2992.0,2.9919999999999973,9.074979113147172
2992.5,2.9924999999999997,9.077479113147184
2993.0,2.993000000000002,9.079979113147196
2993.5,2.9934999999999974,9.074739965836436
2994.0,2.9939999999999998,9.077239965836448
2994.5,2.994500000000002,9.07973996583646
2995.0,2.9949999999999974,9.07461858077653
2995.5,2.9955,9.077118580776542
2996.0,2.996000000000002,9.079618580776554
2996.5,2.9964999999999975,9.074633797500162
2997.0,2.997,9.077133797500174
2997.5,2.9975000000000023,9.079633797500186
2998.0,2.9979999999999976,9.074793203764315
2998.5,2.9985,9.077293203764327
2999.0,2.9990000000000023,9.07979320376434
2999.5,2.9994999999999976,9.075091730927802
3000.0,3.0,9.077591730927814
3000.5,3.0005000000000024,9.080091730927826
3001.0,3.0009999999999977,9.075501987130572
3001.5,3.0015,9.078001987130584
3002.0,3.0020000000000024,9.080501987130596
3002.5,3.0024999999999977,9.076015433391404
3003.0,3.003,9.078515433391416
3003.5,3.0035000000000025,9.081015433391428
3004.0,3.003999999999998,9.076608972011684
3004.5,3.0045,9.079108972011696
3005.0,3.0050000000000026,9.081608972011708
3005.5,3.005499999999998,9.077232386358922
3006.0,3.0060000000000002,9.079732386358934
3006.5,3.0065000000000026,9.082232386358946
3007.0,3.006999999999998,9.077842417206021
3007.5,3.0075000000000003,9.080342417206033
3008.0,3.0080000000000027,9.082842417206045
3008.5,3.008499999999998,9.078380525886303
3009.0,3.0090000000000003,9.080880525886315
3009.5,3.0095000000000027,9.083380525886326
3010.0,3.009999999999998,9.07880747711502
3010.5,3.0105000000000004,9.081307477115033
3011.0,3.011000000000003,9.083807477115045
3011.5,3.011499999999998,9.079117404531942
3012.0,3.0120000000000005,9.081617404531954
3012.5,3.012500000000003,9.084117404531966
3013.0,3.012999999999998,9.079306034845018
3013.5,3.0135000000000005,9.08180603484503
3014.0,3.014000000000003,9.084306034845042
3014.5,3.014499999999998,9.079361903362546
3015.0,3.0150000000000006,9.081861903362558
3015.5,3.015500000000003,9.08436190336257
3016.0,3.0159999999999982,9.079289949412193
3016.5,3.0165000000000006,9.081789949412205
3017.0,3.017000000000003,9.084289949412216
3017.5,3.0174999999999983,9.079114139819886
3018.0,3.0180000000000007,9.081614139819898
3018.5,3.018500000000003,9.08411413981991
3019.0,3.0189999999999984,9.078856509241042
3019.5,3.0195000000000007,9.081356509241054
3020.0,3.020000000000003,9.083856509241066
3020.5,3.0204999999999984,9.086356509241043
3021.0,3.021000000000001,9.081069392135639
3021.5,3.021500000000003,9.08356939213565
3022.0,3.0219999999999985,9.086069392135627
3022.5,3.022500000000001,9.080780428150135
3023.0,3.0230000000000032,9.083280428150147
3023.5,3.0234999999999985,9.085780428150123
3024.0,3.024000000000001,9.0805265092283
3024.5,3.0245000000000033,9.083026509228311
3025.0,3.0249999999999986,9.085526509228288
3025.5,3.025500000000001,9.08033703782781
3026.0,3.0260000000000034,9.082837037827822
3026.5,3.0264999999999986,9.085337037827799
3027.0,3.027000000000001,9.080209706620721
3027.5,3.0275000000000034,9.082709706620733
3028.0,3.0279999999999987,9.08520970662071
3028.5,3.028500000000001,9.080140639450285
3029.0,3.0289999999999964,9.082640639450261
3029.5,3.0294999999999987,9.085140639450273
3030.0,3.030000000000001,9.080138028057263
3030.5,3.0305000000000035,9.082638028057275
3031.0,3.030999999999999,9.085138028057251
3031.5,3.031500000000001,9.080168241642603
3032.0,3.0319999999999965,9.08266824164258
3032.5,3.032499999999999,9.085168241642592
3033.0,3.0330000000000013,9.080190024386887
3033.5,3.0335000000000036,9.082690024386899
3034.0,3.033999999999999,9.085190024386876
3034.5,3.0345000000000013,9.080173840434043
3035.0,3.0349999999999966,9.082673840434019
3035.5,3.035499999999999,9.085173840434031
3036.0,3.0360000000000014,9.080104834776463
3036.5,3.0365000000000038,9.082604834776475
3037.0,3.036999999999999,9.085104834776452
3037.5,3.0375000000000014,9.079959531324526
3038.0,3.0379999999999967,9.082459531324503
3038.5,3.038499999999999,9.084959531324515
3039.0,3.0390000000000015,9.079712148075032
3039.5,3.0394999999999968,9.082212148075008
3040.0,3.039999999999999,9.08471214807502
3040.5,3.0405000000000015,9.07936886139698
3041.0,3.040999999999997,9.081868861396956
3041.5,3.041499999999999,9.084368861396968
3042.0,3.0420000000000016,9.078939120973821
3042.5,3.042499999999997,9.081439120973798
3043.0,3.0429999999999993,9.08393912097381
3043.5,3.0435000000000016,9.078391751345976
3044.0,3.043999999999997,9.080891751345952
3044.5,3.0444999999999993,9.083391751345964
3045.0,3.0450000000000017,9.077734716997412
3045.5,3.045499999999997,9.080234716997388
3046.0,3.0459999999999994,9.0827347169974
3046.5,3.0465000000000018,9.076978964932891
3047.0,3.046999999999997,9.079478964932868
3047.5,3.0474999999999994,9.08197896493288
3048.0,3.048000000000002,9.076150594035575
3048.5,3.048499999999997,9.078650594035551
3049.0,3.0489999999999995,9.081150594035563
3049.5,3.049500000000002,9.075261517325757
3050.0,3.049999999999997,9.077761517325733
3050.5,3.0504999999999995,9.080261517325745
3051.0,3.051000000000002,9.07432398914814
3051.5,3.051499999999997,9.076823989148117
3052.0,3.0519999999999996,9.07932398914813
3052.5,3.052500000000002,9.07337028845685
3053.0,3.0529999999999973,9.075870288456827
3053.5,3.0534999999999997,9.078370288456838
3054.0,3.054000000000002,9.072421299928557
3054.5,3.0544999999999973,9.074921299928533
3055.0,3.0549999999999997,9.077421299928545
3055.5,3.055500000000002,9.071481805797248
3056.0,3.0559999999999974,9.073981805797224
3056.5,3.0564999999999998,9.076481805797236
3057.0,3.057000000000002,9.07055681223003
3057.5,3.0574999999999974,9.073056812230007
3058.0,3.058,9.075556812230019
3058.5,3.058500000000002,9.069640518934499
3059.0,3.0589999999999975,9.072140518934475
3059.5,3.0595,9.074640518934487
3060.0,3.0600000000000023,9.068698208958281
3060.5,3.0604999999999976,9.071198208958258
3061.0,3.061,9.07369820895827
3061.5,3.0615000000000023,9.067709987809742
3062.0,3.0619999999999976,9.070209987809719
3062.5,3.0625,9.07270998780973
3063.0,3.0630000000000024,9.066675441407206
3063.5,3.0634999999999977,9.069175441407182
3064.0,3.064,9.071675441407194
3064.5,3.0645000000000024,9.065584742635764
3065.0,3.0649999999999977,9.06808474263574
3065.5,3.0655,9.070584742635752
3066.0,3.0660000000000025,9.064439731486864
3066.5,3.066499999999998,9.06693973148684
3067.0,3.067,9.069439731486852
3067.5,3.0675000000000026,9.06321075715848
3068.0,3.067999999999998,9.065710757158456
3068.5,3.0685000000000002,9.068210757158468
3069.0,3.0690000000000026,9.061900108289045
3069.5,3.069499999999998,9.064400108289021
3070.0,3.0700000000000003,9.066900108289033
3070.5,3.0705000000000027,9.060535448671772
3071.0,3.070999999999998,9.063035448671748
3071.5,3.0715000000000003,9.06553544867176
3072.0,3.0720000000000027,9.059142638623818
3072.5,3.072499999999998,9.061642638623795
3073.0,3.0730000000000004,9.064142638623807
3073.5,3.073500000000003,9.05772727434524
3074.0,3.073999999999998,9.060227274345216
3074.5,3.0745000000000005,9.062727274345228
3075.0,3.075000000000003,9.056305269648028
3075.5,3.075499999999998,9.058805269648005
3076.0,3.0760000000000005,9.061305269648017
3076.5,3.076500000000003,9.054886757974963
3077.0,3.076999999999998,9.057386757974939
3077.5,3.0775000000000006,9.059886757974951
3078.0,3.078000000000003,9.05346630858304
3078.5,3.0784999999999982,9.055966308583017
3079.0,3.0790000000000006,9.058466308583029
3079.5,3.079500000000003,9.052054893986039
3080.0,3.0799999999999983,9.054554893986015
3080.5,3.0805000000000007,9.057054893986027
3081.0,3.081000000000003,9.050647706747341
3081.5,3.0814999999999984,9.053147706747318
3082.0,3.0820000000000007,9.05564770674733
3082.5,3.082500000000003,9.049251746001161
3083.0,3.0829999999999984,9.051751746001138
3083.5,3.083500000000001,9.05425174600115
3084.0,3.084000000000003,9.047855455534126
3084.5,3.0844999999999985,9.050355455534103
3085.0,3.085000000000001,9.052855455534115
3085.5,3.0855000000000032,9.046445520616686
3086.0,3.0859999999999985,9.048945520616662
3086.5,3.086500000000001,9.051445520616674
3087.0,3.0870000000000033,9.045030229455122
3087.5,3.0874999999999986,9.047530229455099
3088.0,3.088000000000001,9.05003022945511
3088.5,3.0885000000000034,9.043588914475862
3089.0,3.0889999999999986,9.046088914475838
3089.5,3.089500000000001,9.04858891447585
3090.0,3.0900000000000034,9.042118006555206
3090.5,3.0904999999999987,9.044618006555183
3091.0,3.091000000000001,9.047118006555195
3091.5,3.0914999999999964,9.040602121671242
3092.0,3.0919999999999987,9.043102121671254
3092.5,3.092500000000001,9.045602121671266
3093.0,3.0930000000000035,9.039039192579601
3093.5,3.093499999999999,9.041539192579577
3094.0,3.094000000000001,9.04403919257959
3094.5,3.0944999999999965,9.037417301176554
3095.0,3.094999999999999,9.039917301176565
3095.5,3.0955000000000013,9.042417301176577
3096.0,3.0960000000000036,9.04491730117659
3096.5,3.096499999999999,9.038262474973848
3097.0,3.0970000000000013,9.04076247497386
3097.5,3.0974999999999966,9.043262474973837
3098.0,3.097999999999999,9.036581096206753
3098.5,3.0985000000000014,9.039081096206765
3099.0,3.0990000000000038,9.041581096206777
3099.5,3.099499999999999,9.034924457509916
3100.0,3.1000000000000014,9.037424457509928
3100.5,3.1004999999999967,9.039924457509905
3101.0,3.100999999999999,9.033326453580948
3101.5,3.1015000000000015,9.03582645358096
3102.0,3.1019999999999968,9.038326453580936
3102.5,3.102499999999999,9.031819532165315
3103.0,3.1030000000000015,9.034319532165327
3103.5,3.103499999999997,9.036819532165303
3104.0,3.103999999999999,9.030441493276129
3104.5,3.1045000000000016,9.032941493276141
3105.0,3.104999999999997,9.035441493276117
3105.5,3.1054999999999993,9.02919063168138
3106.0,3.1060000000000016,9.031690631681393
3106.5,3.106499999999997,9.03419063168137
3107.0,3.1069999999999993,9.028062552351521
3107.5,3.1075000000000017,9.030562552351533
3108.0,3.107999999999997,9.03306255235151
3108.5,3.1084999999999994,9.027055778351922
3109.0,3.1090000000000018,9.029555778351934
3109.5,3.109499999999997,9.03205577835191
3110.0,3.1099999999999994,9.02613761055676
3110.5,3.110500000000002,9.028637610556771
3111.0,3.110999999999997,9.031137610556748
3111.5,3.1114999999999995,9.025292789412518
3112.0,3.112000000000002,9.02779278941253
3112.5,3.112499999999997,9.030292789412506
3113.0,3.1129999999999995,9.02448219718103
3113.5,3.113500000000002,9.026982197181042
3114.0,3.113999999999997,9.029482197181018
3114.5,3.1144999999999996,9.023663064454546
3115.0,3.115000000000002,9.026163064454558
3115.5,3.1154999999999973,9.028663064454534
3116.0,3.1159999999999997,9.022809327602559
3116.5,3.116500000000002,9.02530932760257
3117.0,3.1169999999999973,9.027809327602547
3117.5,3.1174999999999997,9.021899206962871
3118.0,3.118000000000002,9.024399206962883
3118.5,3.1184999999999974,9.02689920696286
3119.0,3.1189999999999998,9.020905712811178
3119.5,3.119500000000002,9.02340571281119
3120.0,3.1199999999999974,9.025905712811166
3120.5,3.1205,9.0198330012743
3121.0,3.121000000000002,9.022333001274312
3121.5,3.1214999999999975,9.024833001274288
3122.0,3.122,9.01867530490005
3122.5,3.1225000000000023,9.021175304900062
3123.0,3.1229999999999976,9.023675304900038
3123.5,3.1235,9.017453816644938
3124.0,3.1240000000000023,9.01995381664495
3124.5,3.1244999999999976,9.022453816644926
3125.0,3.125,9.016175332555072
3125.5,3.1255000000000024,9.018675332555084
3126.0,3.1259999999999977,9.02117533255506
3126.5,3.1265,9.014874139646913
3127.0,3.1270000000000024,9.017374139646925
3127.5,3.1274999999999977,9.019874139646902
3128.0,3.128,9.013568978545727
3128.5,3.1285000000000025,9.01606897854574
3129.0,3.128999999999998,9.018568978545716
3129.5,3.1295,9.012280939033133
3130.0,3.1300000000000026,9.014780939033145
3130.5,3.130499999999998,9.017280939033121
3131.0,3.1310000000000002,9.011028620306156
3131.5,3.1315000000000026,9.013528620306168
3132.0,3.131999999999998,9.016028620306145
3132.5,3.1325000000000003,9.009818290808376
3133.0,3.1330000000000027,9.012318290808388
3133.5,3.133499999999998,9.014818290808364
3134.0,3.1340000000000003,9.008660128695603
3134.5,3.1345000000000027,9.011160128695614
3135.0,3.134999999999998,9.01366012869559
3135.5,3.1355000000000004,9.007559506499518
3136.0,3.136000000000003,9.01005950649953
3136.5,3.136499999999998,9.012559506499507
3137.0,3.1370000000000005,9.006508310370052
3137.5,3.137500000000003,9.009008310370064
3138.0,3.137999999999998,9.01150831037004
3138.5,3.1385000000000005,9.00548802476326
3139.0,3.139000000000003,9.007988024763272
3139.5,3.139499999999998,9.010488024763248
3140.0,3.1400000000000006,9.004467036897879
3140.5,3.140500000000003,9.00696703689789
3141.0,3.1409999999999982,9.009467036897867
3141.5,3.1415000000000006,9.003398462038739
3142.0,3.142000000000003,9.00589846203875
3142.5,3.1424999999999983,9.008398462038727
3143.0,3.1430000000000007,9.002250070554716
3143.5,3.143500000000003,9.004750070554728
3144.0,3.1439999999999984,9.007250070554704
3144.5,3.1445000000000007,9.000985859338364
3145.0,3.145000000000003,9.003485859338376
3145.5,3.1454999999999984,9.005985859338352
3146.0,3.146000000000001,8.99957129897139
3146.5,3.146500000000003,9.002071298971401
3147.0,3.1469999999999985,9.004571298971378
3147.5,3.147500000000001,8.99797988897113
3148.0,3.1480000000000032,9.000479888971142
3148.5,3.1484999999999985,9.002979888971119
3149.0,3.149000000000001,8.996237990533942
3149.5,3.1495000000000033,8.998737990533954
3150.0,3.1499999999999986,9.00123799053393
3150.5,3.150500000000001,8.994361059220566
3151.0,3.1510000000000034,8.996861059220578
3151.5,3.1514999999999986,8.999361059220554
3152.0,3.152000000000001,8.992359215354853
3152.5,3.1525000000000034,8.994859215354865
3153.0,3.1529999999999987,8.997359215354841
3153.5,3.153500000000001,8.990283324689976
3154.0,3.1539999999999964,8.992783324689952
3154.5,3.1544999999999987,8.995283324689964
3155.0,3.155000000000001,8.988188005046958
3155.5,3.1555000000000035,8.99068800504697
3156.0,3.155999999999999,8.993188005046946
3156.5,3.156500000000001,8.986113969732585
3157.0,3.1569999999999965,8.988613969732562
3157.5,3.157499999999999,8.991113969732574
3158.0,3.1580000000000013,8.984080526156468
3158.5,3.1585000000000036,8.98658052615648
3159.0,3.158999999999999,8.989080526156457
3159.5,3.1595000000000013,8.982126846885983
3160.0,3.1599999999999966,8.98462684688596
3160.5,3.160499999999999,8.987126846885971
3161.0,3.1610000000000014,8.980277078275414
3161.5,3.1615000000000038,8.982777078275426
3162.0,3.161999999999999,8.985277078275402
3162.5,3.1625000000000014,8.978554910988805
3163.0,3.1629999999999967,8.981054910988782
3163.5,3.163499999999999,8.983554910988794
3164.0,3.1640000000000015,8.97695306770082
3164.5,3.1644999999999968,8.979453067700796
3165.0,3.164999999999999,8.981953067700807
3165.5,3.1655000000000015,8.975452205817902
3166.0,3.165999999999997,8.977952205817878
3166.5,3.166499999999999,8.98045220581789
3167.0,3.1670000000000016,8.974025967748887
3167.5,3.167499999999997,8.976525967748863
3168.0,3.1679999999999993,8.979025967748875
3168.5,3.1685000000000016,8.972653574846206
3169.0,3.168999999999997,8.975153574846182
3169.5,3.1694999999999993,8.977653574846194
3170.0,3.1700000000000017,8.971310116511049
3170.5,3.170499999999997,8.973810116511025
3171.0,3.1709999999999994,8.976310116511037
3171.5,3.1715000000000018,8.978810116511049
3172.0,3.171999999999997,8.972473394371576
3172.5,3.1724999999999994,8.974973394371588
3173.0,3.173000000000002,8.9774733943716
3173.5,3.173499999999997,8.971104104421528
3174.0,3.1739999999999995,8.97360410442154
3174.5,3.174500000000002,8.976104104421552
3175.0,3.174999999999997,8.969684836336995
3175.5,3.1754999999999995,8.972184836337007
3176.0,3.176000000000002,8.974684836337019
3176.5,3.176499999999997,8.968215676443734
3177.0,3.1769999999999996,8.970715676443746
3177.5,3.177500000000002,8.973215676443758
3178.0,3.1779999999999973,8.966691011999828
3178.5,3.1784999999999997,8.96919101199984
3179.0,3.179000000000002,8.971691011999852
3179.5,3.1794999999999973,8.965100411997291
3180.0,3.1799999999999997,8.967600411997303
3180.5,3.180500000000002,8.970100411997315
3181.0,3.1809999999999974,8.963458320920381
3181.5,3.1814999999999998,8.965958320920393
3182.0,3.182000000000002,8.968458320920405
3182.5,3.1824999999999974,8.961791625201165
3183.0,3.183,8.964291625201177
3183.5,3.183500000000002,8.96679162520119
3184.0,3.1839999999999975,8.960127637010018
3184.5,3.1845,8.96262763701003
3185.0,3.1850000000000023,8.965127637010042
3185.5,3.1854999999999976,8.958482627544022
3186.0,3.186,8.960982627544034
3186.5,3.1865000000000023,8.963482627544046
3187.0,3.1869999999999976,8.956871645543742
3187.5,3.1875,8.959371645543754
3188.0,3.1880000000000024,8.961871645543766
3188.5,3.1884999999999977,8.955315749086665
3189.0,3.189,8.957815749086677
3189.5,3.1895000000000024,8.96031574908669
3190.0,3.1899999999999977,8.953830406854273
3190.5,3.1905,8.956330406854285
3191.0,3.1910000000000025,8.958830406854297
3191.5,3.191499999999998,8.952415126989983
3192.0,3.192,8.954915126989995
3192.5,3.1925000000000026,8.957415126990007
3193.0,3.192999999999998,8.95106854560396
3193.5,3.1935000000000002,8.953568545603972
3194.0,3.1940000000000026,8.956068545603983
3194.5,3.194499999999998,8.949772180242661
3195.0,3.1950000000000003,8.952272180242673
3195.5,3.1955000000000027,8.954772180242685
3196.0,3.195999999999998,8.948493459879927
3196.5,3.1965000000000003,8.950993459879939
3197.0,3.1970000000000027,8.953493459879951
3197.5,3.197499999999998,8.947218399112806
3198.0,3.1980000000000004,8.949718399112818
3198.5,3.198500000000003,8.95221839911283
3199.0,3.198999999999998,8.945912558012026
3199.5,3.1995000000000005,8.948412558012038
3200.0,3.200000000000003,8.95091255801205
3200.5,3.200499999999998,8.944558233215965
3201.0,3.2010000000000005,8.947058233215976
3201.5,3.201500000000003,8.949558233215988
3202.0,3.201999999999998,8.943167143628834
3202.5,3.2025000000000006,8.945667143628846
3203.0,3.203000000000003,8.948167143628858
3203.5,3.2034999999999982,8.941751199168664
3204.0,3.2040000000000006,8.944251199168676
3204.5,3.204500000000003,8.946751199168688
3205.0,3.2049999999999983,8.940312581667946
3205.5,3.2055000000000007,8.942812581667958
3206.0,3.206000000000003,8.94531258166797
3206.5,3.2064999999999984,8.938864269481783
3207.0,3.2070000000000007,8.941364269481795
3207.5,3.207500000000003,8.943864269481807
3208.0,3.2079999999999984,8.937403058132531
3208.5,3.208500000000001,8.939903058132543
3209.0,3.209000000000003,8.942403058132555
3209.5,3.2094999999999985,8.935946749940804
3210.0,3.210000000000001,8.938446749940816
3210.5,3.2105000000000032,8.940946749940828
3211.0,3.2109999999999985,8.934498931345729
3211.5,3.211500000000001,8.936998931345741
3212.0,3.2120000000000033,8.939498931345753
3212.5,3.2124999999999986,8.933047371905296
3213.0,3.213000000000001,8.935547371905308
3213.5,3.2135000000000034,8.93804737190532
3214.0,3.2139999999999986,8.931582615685372
3214.5,3.214500000000001,8.934082615685384
3215.0,3.2150000000000034,8.936582615685396
3215.5,3.2154999999999987,8.930083103506874
3216.0,3.216000000000001,8.932583103506886
3216.5,3.2164999999999964,8.935083103506862
3217.0,3.2169999999999987,8.928546777913944
3217.5,3.217500000000001,8.931046777913956
3218.0,3.2180000000000035,8.933546777913968
3218.5,3.218499999999999,8.926971543874451
3219.0,3.219000000000001,8.929471543874463
3219.5,3.2194999999999965,8.93197154387444
3220.0,3.219999999999999,8.925352814633953
3220.5,3.2205000000000013,8.927852814633965
3221.0,3.2210000000000036,8.930352814633977
3221.5,3.221499999999999,8.923718852749616
3222.0,3.2220000000000013,8.926218852749628
3222.5,3.2224999999999966,8.928718852749604
3223.0,3.222999999999999,8.922065461185262
3223.5,3.2235000000000014,8.924565461185274
3224.0,3.2240000000000038,8.927065461185286
3224.5,3.224499999999999,8.920390434328525
3225.0,3.2250000000000014,8.922890434328536
3225.5,3.2254999999999967,8.925390434328513
3226.0,3.225999999999999,8.918699644753652
3226.5,3.2265000000000015,8.921199644753663
3227.0,3.2269999999999968,8.92369964475364
3227.5,3.227499999999999,8.916994137112013
3228.0,3.2280000000000015,8.919494137112025
3228.5,3.228499999999997,8.921994137112002
3229.0,3.228999999999999,8.915279158628167
3229.5,3.2295000000000016,8.917779158628178
3230.0,3.229999999999997,8.920279158628155
3230.5,3.2304999999999993,8.913567601359311
3231.0,3.2310000000000016,8.916067601359323
3231.5,3.231499999999997,8.9185676013593
3232.0,3.2319999999999993,8.91187277902219
3232.5,3.2325000000000017,8.914372779022202
3233.0,3.232999999999997,8.916872779022178
3233.5,3.2334999999999994,8.910210983891105
3234.0,3.2340000000000018,8.912710983891117
3234.5,3.234499999999997,8.915210983891093
3235.0,3.2349999999999994,8.908606777383739
3235.5,3.235500000000002,8.91110677738375
3236.0,3.235999999999997,8.913606777383727
3236.5,3.2364999999999995,8.907079322579747
3237.0,3.237000000000002,8.90957932257976
3237.5,3.237499999999997,8.912079322579736
3238.0,3.2379999999999995,8.905637850000048
3238.5,3.238500000000002,8.90813785000006
3239.0,3.238999999999997,8.910637850000036
3239.5,3.2394999999999996,8.904297867094506
3240.0,3.240000000000002,8.906797867094518
3240.5,3.2404999999999973,8.909297867094494
3241.0,3.2409999999999997,8.903052248709606
3241.5,3.241500000000002,8.905552248709618
3242.0,3.2419999999999973,8.908052248709595
3242.5,3.2424999999999997,8.901890098567158
3243.0,3.243000000000002,8.90439009856717
3243.5,3.2434999999999974,8.906890098567146
3244.0,3.2439999999999998,8.900774574635157
3244.5,3.244500000000002,8.90327457463517
3245.0,3.2449999999999974,8.905774574635146
3245.5,3.2455,8.899671101636777
3246.0,3.246000000000002,8.902171101636789
3246.5,3.2464999999999975,8.904671101636765
3247.0,3.247,8.907171101636777
3247.5,3.2475000000000023,8.9010447402012
3248.0,3.2479999999999976,8.903544740201177
3248.5,3.2485,8.906044740201189
3249.0,3.2490000000000023,8.899835692896403
3249.5,3.2494999999999976,8.90233569289638
3250.0,3.25,8.904835692896391
3250.5,3.2505000000000024,8.898502951925948
3251.0,3.2509999999999977,8.901002951925925
3251.5,3.2515,8.903502951925937
3252.0,3.2520000000000024,8.897045884135402
3252.5,3.2524999999999977,8.899545884135378
3253.0,3.253,8.90204588413539
3253.5,3.2535000000000025,8.8954515792744
3254.0,3.253999999999998,8.897951579274377
3254.5,3.2545,8.900451579274389
3255.0,3.2550000000000026,8.893714291532788
3255.5,3.255499999999998,8.896214291532765
3256.0,3.2560000000000002,8.898714291532777
3256.5,3.2565000000000026,8.891868873237208
3257.0,3.256999999999998,8.894368873237184
3257.5,3.2575000000000003,8.896868873237196
3258.0,3.2580000000000027,8.889940883637806
3258.5,3.258499999999998,8.892440883637782
3259.0,3.2590000000000003,8.894940883637794
3259.5,3.2595000000000027,8.887961999495637
3260.0,3.259999999999998,8.890461999495614
3260.5,3.2605000000000004,8.892961999495625
3261.0,3.261000000000003,8.885949948744951
3261.5,3.261499999999998,8.888449948744928
3262.0,3.2620000000000005,8.89094994874494
3262.5,3.262500000000003,8.883948424945984
3263.0,3.262999999999998,8.88644842494596
3263.5,3.2635000000000005,8.888948424945973
3264.0,3.264000000000003,8.882003130458038
3264.5,3.264499999999998,8.884503130458015
3265.0,3.2650000000000006,8.887003130458027
3265.5,3.265500000000003,8.880164669586819
3266.0,3.2659999999999982,8.882664669586795
3266.5,3.2665000000000006,8.885164669586807
3267.0,3.267000000000003,8.878455284089846
3267.5,3.2674999999999983,8.880955284089822
3268.0,3.2680000000000007,8.883455284089834
3268.5,3.268500000000003,8.87690289449754
3269.0,3.2689999999999984,8.879402894497517
3269.5,3.2695000000000007,8.881902894497529
3270.0,3.270000000000003,8.875515853033846
3270.5,3.2704999999999984,8.878015853033823
3271.0,3.271000000000001,8.880515853033835
3271.5,3.271500000000003,8.874289615374593
3272.0,3.2719999999999985,8.87678961537457
3272.5,3.272500000000001,8.879289615374582
3273.0,3.2730000000000032,8.873209279160967
3273.5,3.2734999999999985,8.875709279160944
3274.0,3.274000000000001,8.878209279160956
3274.5,3.2745000000000033,8.8722381204418
3275.0,3.2749999999999986,8.874738120441776
3275.5,3.275500000000001,8.877238120441788
3276.0,3.2760000000000034,8.871325761684474
3276.5,3.2764999999999986,8.87382576168445
3277.0,3.277000000000001,8.876325761684463
3277.5,3.2775000000000034,8.870417337288039
3278.0,3.2779999999999987,8.872917337288015
3278.5,3.278500000000001,8.875417337288027
3279.0,3.2789999999999964,8.869454786118851
3279.5,3.2794999999999987,8.871954786118863
3280.0,3.280000000000001,8.874454786118875
3280.5,3.2805000000000035,8.868394024645276
3281.0,3.280999999999999,8.870894024645253
3281.5,3.281500000000001,8.873394024645265
3282.0,3.2819999999999965,8.867200916418945
3282.5,3.282499999999999,8.869700916418957
3283.0,3.2830000000000013,8.872200916418969
3283.5,3.2835000000000036,8.865855601542734
3284.0,3.283999999999999,8.86835560154271
3284.5,3.2845000000000013,8.870855601542722
3285.0,3.2849999999999966,8.864303636807271
3285.5,3.285499999999999,8.866803636807283
3286.0,3.2860000000000014,8.869303636807295
3286.5,3.2865000000000038,8.862537845535492
3287.0,3.286999999999999,8.865037845535468
3287.5,3.2875000000000014,8.86753784553548
3288.0,3.2879999999999967,8.860568516574432
3288.5,3.288499999999999,8.863068516574444
3289.0,3.2890000000000015,8.865568516574456
3289.5,3.2894999999999968,8.858385214674769
3290.0,3.289999999999999,8.86088521467478
3290.5,3.2905000000000015,8.863385214674793
3291.0,3.290999999999997,8.855996127841017
3291.5,3.291499999999999,8.858496127841029
3292.0,3.2920000000000016,8.860996127841041
3292.5,3.292499999999997,8.853420172340307
3293.0,3.2929999999999993,8.85592017234032
3293.5,3.2935000000000016,8.858420172340331
3294.0,3.293999999999997,8.850723340848958
3294.5,3.2944999999999993,8.85322334084897
3295.0,3.2950000000000017,8.855723340848982
3295.5,3.295499999999997,8.847981692439753
3296.0,3.2959999999999994,8.850481692439764
3296.5,3.2965000000000018,8.852981692439776
3297.0,3.296999999999997,8.845267853624534
3297.5,3.2974999999999994,8.847767853624546
3298.0,3.298000000000002,8.850267853624558
3298.5,3.298499999999997,8.842655751189135
3299.0,3.2989999999999995,8.845155751189147
3299.5,3.299500000000002,8.847655751189158
3300.0,3.299999999999997,8.840203772134778
3300.5,3.3004999999999995,8.84270377213479
3301.0,3.301000000000002,8.845203772134802
3301.5,3.301499999999997,8.837956045375428
3302.0,3.3019999999999996,8.84045604537544
3302.5,3.302500000000002,8.842956045375452
3303.0,3.3029999999999973,8.835919985174279
3303.5,3.3034999999999997,8.83841998517429
3304.0,3.304000000000002,8.840919985174303
3304.5,3.3044999999999973,8.834080111074556
3305.0,3.3049999999999997,8.836580111074568
3305.5,3.305500000000002,8.83908011107458
3306.0,3.3059999999999974,8.832416977370734
3306.5,3.3064999999999998,8.834916977370746
3307.0,3.307000000000002,8.837416977370758
3307.5,3.3074999999999974,8.830922665412935
3308.0,3.308,8.833422665412947
3308.5,3.308500000000002,8.835922665412959
3309.0,3.3089999999999975,8.829567726330865
3309.5,3.3095,8.832067726330877
3310.0,3.3100000000000023,8.834567726330889
3310.5,3.3104999999999976,8.82829771013018
3311.0,3.311,8.830797710130192
3311.5,3.3115000000000023,8.833297710130203
3312.0,3.3119999999999976,8.827078481580166
3312.5,3.3125,8.829578481580178
3313.0,3.3130000000000024,8.83207848158019
3313.5,3.3134999999999977,8.82586133037929
3314.0,3.314,8.828361330379302
3314.5,3.3145000000000024,8.830861330379314
3315.0,3.3149999999999977,8.824584362141259
3315.5,3.3155,8.827084362141271
3316.0,3.3160000000000025,8.829584362141283
3316.5,3.316499999999998,8.823175024732883
3317.0,3.317,8.825675024732895
3317.5,3.3175000000000026,8.828175024732907
3318.0,3.317999999999998,8.821596416442965
3318.5,3.3185000000000002,8.824096416442977
3319.0,3.3190000000000026,8.826596416442989
3319.5,3.319499999999998,8.8198268989618
3320.0,3.3200000000000003,8.822326898961812
3320.5,3.3205000000000027,8.824826898961824
3321.0,3.320999999999998,8.817885838781478
3321.5,3.3215000000000003,8.82038583878149
3322.0,3.3220000000000027,8.822885838781502
3322.5,3.322499999999998,8.825385838781479
3323.0,3.3230000000000004,8.818316025276225
3323.5,3.323500000000003,8.820816025276237
3324.0,3.323999999999998,8.823316025276213
3324.5,3.3245000000000005,8.816164197033416
3325.0,3.325000000000003,8.818664197033428
3325.5,3.325499999999998,8.821164197033404
3326.0,3.3260000000000005,8.813985468941112
3326.5,3.326500000000003,8.816485468941124
3327.0,3.326999999999998,8.8189854689411
3327.5,3.3275000000000006,8.811826535764702
3328.0,3.328000000000003,8.814326535764714
3328.5,3.3284999999999982,8.81682653576469
3329.0,3.3290000000000006,8.80976049818262
3329.5,3.329500000000003,8.812260498182631
3330.0,3.3299999999999983,8.814760498182608
3330.5,3.3305000000000007,8.807835077774158
3331.0,3.331000000000003,8.81033507777417
3331.5,3.3314999999999984,8.812835077774146
3332.0,3.3320000000000007,8.80607566344171
3332.5,3.332500000000003,8.808575663441722
3333.0,3.3329999999999984,8.811075663441699
3333.5,3.333500000000001,8.804493447863422
3334.0,3.334000000000003,8.806993447863434
3334.5,3.3344999999999985,8.80949344786341
3335.0,3.335000000000001,8.803097395991344
3335.5,3.3355000000000032,8.805597395991356
3336.0,3.3359999999999985,8.808097395991332
3336.5,3.336500000000001,8.80185928121417
3337.0,3.3370000000000033,8.804359281214182
3337.5,3.3374999999999986,8.806859281214159
3338.0,3.338000000000001,8.800752947712596
3338.5,3.3385000000000034,8.803252947712608
3339.0,3.3389999999999986,8.805752947712584
3339.5,3.339500000000001,8.799741336992142
3340.0,3.3400000000000034,8.802241336992154
3340.5,3.3404999999999987,8.80474133699213
3341.0,3.341000000000001,8.798771441941327
3341.5,3.3414999999999964,8.801271441941303
3342.0,3.3419999999999987,8.803771441941315
3342.5,3.342500000000001,8.797795030614921
3343.0,3.3430000000000035,8.800295030614933
3343.5,3.343499999999999,8.80279503061491
3344.0,3.344000000000001,8.796735962050235
3344.5,3.3444999999999965,8.799235962050211
3345.0,3.344999999999999,8.801735962050223
3345.5,3.3455000000000013,8.795557803025957
3346.0,3.3460000000000036,8.79805780302597
3346.5,3.346499999999999,8.800557803025946
3347.0,3.3470000000000013,8.794223753667687
3347.5,3.3474999999999966,8.796723753667663
3348.0,3.347999999999999,8.799223753667675
3348.5,3.3485000000000014,8.79273507913588
3349.0,3.3490000000000038,8.795235079135892
3349.5,3.349499999999999,8.797735079135869
3350.0,3.3500000000000014,8.791091628836796
3350.5,3.3504999999999967,8.793591628836772
3351.0,3.350999999999999,8.796091628836784
3351.5,3.3515000000000015,8.789298284331046
3352.0,3.3519999999999968,8.791798284331023
3352.5,3.352499999999999,8.794298284331035
3353.0,3.3530000000000015,8.787372949095733
3353.5,3.353499999999997,8.78987294909571
3354.0,3.353999999999999,8.792372949095721
3354.5,3.3545000000000016,8.785343321930021
3355.0,3.354999999999997,8.787843321929998
3355.5,3.3554999999999993,8.79034332193001
3356.0,3.3560000000000016,8.783220068671795
3356.5,3.356499999999997,8.785720068671772
3357.0,3.3569999999999993,8.788220068671784
3357.5,3.3575000000000017,8.781050755711206
3358.0,3.357999999999997,8.783550755711182
3358.5,3.3584999999999994,8.786050755711194
3359.0,3.3590000000000018,8.778849173147627
3359.5,3.359499999999997,8.781349173147603
3360.0,3.3599999999999994,8.783849173147615
3360.5,3.360500000000002,8.776620200840597
3361.0,3.360999999999997,8.779120200840573
3361.5,3.3614999999999995,8.781620200840585
3362.0,3.362000000000002,8.77438984011949
3362.5,3.362499999999997,8.776889840119466
3363.0,3.3629999999999995,8.779389840119478
3363.5,3.363500000000002,8.772162563959185
3364.0,3.363999999999997,8.774662563959161
3364.5,3.3644999999999996,8.777162563959173
3365.0,3.365000000000002,8.769961869467835
3365.5,3.3654999999999973,8.772461869467811
3366.0,3.3659999999999997,8.774961869467823
3366.5,3.366500000000002,8.767793917077569
3367.0,3.3669999999999973,8.770293917077545
3367.5,3.3674999999999997,8.772793917077557
3368.0,3.368000000000002,8.765660625468357
3368.5,3.3684999999999974,8.768160625468333
3369.0,3.3689999999999998,8.770660625468345
3369.5,3.369500000000002,8.763551816248878
3370.0,3.3699999999999974,8.766051816248854
3370.5,3.3705,8.768551816248866
3371.0,3.371000000000002,8.761466692622726
3371.5,3.3714999999999975,8.763966692622702
3372.0,3.372,8.766466692622714
3372.5,3.3725000000000023,8.759373980443783
3373.0,3.3729999999999976,8.76187398044376
3373.5,3.3735,8.764373980443771
3374.0,3.3740000000000023,8.757234434569057
3374.5,3.3744999999999976,8.759734434569033
3375.0,3.375,8.762234434569045
3375.5,3.3755000000000024,8.755030746118457
3376.0,3.3759999999999977,8.757530746118434
3376.5,3.3765,8.760030746118446
3377.0,3.3770000000000024,8.752773419605795
3377.5,3.3774999999999977,8.755273419605771
3378.0,3.378,8.757773419605783
3378.5,3.3785000000000025,8.750490432736306
3379.0,3.378999999999998,8.752990432736283
3379.5,3.3795,8.755490432736295
3380.0,3.3800000000000026,8.748199715002691
3380.5,3.380499999999998,8.750699715002668
3381.0,3.3810000000000002,8.75319971500268
3381.5,3.3815000000000026,8.745878986574454
3382.0,3.381999999999998,8.74837898657443
3382.5,3.3825000000000003,8.750878986574442
3383.0,3.3830000000000027,8.743514418467342
3383.5,3.383499999999998,8.746014418467318
3384.0,3.3840000000000003,8.74851441846733
3384.5,3.3845000000000027,8.741101539378135
3385.0,3.384999999999998,8.743601539378112
3385.5,3.3855000000000004,8.746101539378124
3386.0,3.386000000000003,8.73863493605377
3386.5,3.386499999999998,8.741134936053747
3387.0,3.3870000000000005,8.743634936053759
3387.5,3.387500000000003,8.736104233956894
3388.0,3.387999999999998,8.73860423395687
3388.5,3.3885000000000005,8.741104233956882
3389.0,3.389000000000003,8.73350503479763
3389.5,3.389499999999998,8.736005034797607
3390.0,3.3900000000000006,8.738505034797619
3390.5,3.390500000000003,8.730870890651943
3391.0,3.3909999999999982,8.73337089065192
3391.5,3.3915000000000006,8.735870890651931
3392.0,3.392000000000003,8.728223461707962
3392.5,3.3924999999999983,8.730723461707939
3393.0,3.3930000000000007,8.73322346170795
3393.5,3.393500000000003,8.725586711480844
3394.0,3.3939999999999984,8.72808671148082
3394.5,3.3945000000000007,8.730586711480832
3395.0,3.395000000000003,8.723004442667772
3395.5,3.3954999999999984,8.725504442667749
3396.0,3.396000000000001,8.72800444266776
3396.5,3.396500000000003,8.720509371737855
3397.0,3.3969999999999985,8.723009371737831
3397.5,3.397500000000001,8.725509371737843
3398.0,3.3980000000000032,8.728009371737855
3398.5,3.3984999999999985,8.720642166874768
3399.0,3.399000000000001,8.72314216687478
3399.5,3.3995000000000033,8.725642166874792
3400.0,3.3999999999999986,8.718425027346015
3400.5,3.400500000000001,8.720925027346027
3401.0,3.4010000000000034,8.723425027346039
3401.5,3.4014999999999986,8.716360694792193
3402.0,3.402000000000001,8.718860694792205
3402.5,3.4025000000000034,8.721360694792217
3403.0,3.4029999999999987,8.714444403097836
3403.5,3.403500000000001,8.716944403097848
3404.0,3.4039999999999964,8.719444403097825
3404.5,3.4044999999999987,8.712706481559742
3405.0,3.405000000000001,8.715206481559754
3405.5,3.4055000000000035,8.717706481559766
3406.0,3.405999999999999,8.711191031072758
3406.5,3.406500000000001,8.71369103107277
3407.0,3.4069999999999965,8.716191031072746
3407.5,3.407499999999999,8.709922368641863
3408.0,3.4080000000000013,8.712422368641874
3408.5,3.4085000000000036,8.714922368641886
3409.0,3.408999999999999,8.708880956614422
3409.5,3.4095000000000013,8.711380956614434
3410.0,3.4099999999999966,8.71388095661441
3410.5,3.410499999999999,8.708033293748159
3411.0,3.4110000000000014,8.71053329374817
3411.5,3.4115000000000038,8.713033293748182
3412.0,3.411999999999999,8.707322793746464
3412.5,3.4125000000000014,8.709822793746476
3413.0,3.4129999999999967,8.712322793746452
3413.5,3.413499999999999,8.706679520624192
3414.0,3.4140000000000015,8.709179520624204
3414.5,3.4144999999999968,8.71167952062418
3415.0,3.414999999999999,8.706046076664578
3415.5,3.4155000000000015,8.70854607666459
3416.0,3.415999999999997,8.711046076664566
3416.5,3.416499999999999,8.705360283622277
3417.0,3.4170000000000016,8.707860283622288
3417.5,3.417499999999997,8.710360283622265
3418.0,3.4179999999999993,8.704586015366473
3418.5,3.4185000000000016,8.707086015366485
3419.0,3.418999999999997,8.709586015366462
3419.5,3.4194999999999993,8.703674591989348
3420.0,3.4200000000000017,8.70617459198936
3420.5,3.420499999999997,8.708674591989336
3421.0,3.4209999999999994,8.702576158118625
3421.5,3.4215000000000018,8.705076158118636
3422.0,3.421999999999997,8.707576158118613
3422.5,3.4224999999999994,8.701272444221821
3423.0,3.423000000000002,8.703772444221833
3423.5,3.423499999999997,8.70627244422181
3424.0,3.4239999999999995,8.699765062173164
3424.5,3.424500000000002,8.702265062173176
3425.0,3.424999999999997,8.704765062173152
3425.5,3.4254999999999995,8.698076574296607
3426.0,3.426000000000002,8.700576574296619
3426.5,3.426499999999997,8.703076574296595
3427.0,3.4269999999999996,8.696237215946212
3427.5,3.427500000000002,8.698737215946224
3428.0,3.4279999999999973,8.7012372159462
3428.5,3.4284999999999997,8.694298779711715
3429.0,3.429000000000002,8.696798779711727
3429.5,3.4294999999999973,8.699298779711704
3430.0,3.4299999999999997,8.692328883974696
3430.5,3.430500000000002,8.694828883974708
3431.0,3.4309999999999974,8.697328883974684
3431.5,3.4314999999999998,8.690428064468172
3432.0,3.432000000000002,8.692928064468184
3432.5,3.4324999999999974,8.69542806446816
3433.0,3.433,8.688671792749254
3433.5,3.433500000000002,8.691171792749266
3434.0,3.4339999999999975,8.693671792749242
3434.5,3.4345,8.68709255926575
3435.0,3.4350000000000023,8.689592559265762
3435.5,3.4354999999999976,8.692092559265738
3436.0,3.436,8.685725711909242
3436.5,3.4365000000000023,8.688225711909254
3437.0,3.4369999999999976,8.69072571190923
3437.5,3.4375,8.684566753335474
3438.0,3.4380000000000024,8.687066753335486
3438.5,3.4384999999999977,8.689566753335463
3439.0,3.439,8.683581439695587
3439.5,3.4395000000000024,8.686081439695599
3440.0,3.4399999999999977,8.688581439695575
3440.5,3.4405,8.682748473311186
3441.0,3.4410000000000025,8.685248473311198
3441.5,3.441499999999998,8.687748473311174
3442.0,3.442,8.68201509269472
3442.5,3.4425000000000026,8.684515092694731
3443.0,3.442999999999998,8.687015092694708
3443.5,3.4435000000000002,8.681340910649062
3444.0,3.4440000000000026,8.683840910649074
3444.5,3.444499999999998,8.68634091064905
3445.0,3.4450000000000003,8.680688819368463
3445.5,3.4455000000000027,8.683188819368475
3446.0,3.445999999999998,8.685688819368451
3446.5,3.4465000000000003,8.680018039681592
3447.0,3.4470000000000027,8.682518039681604
3447.5,3.447499999999998,8.68501803968158
3448.0,3.4480000000000004,8.67925546663276
3448.5,3.448500000000003,8.681755466632772
3449.0,3.448999999999998,8.684255466632749
3449.5,3.4495000000000005,8.678341495444748
3450.0,3.450000000000003,8.68084149544476
3450.5,3.450499999999998,8.683341495444736
3451.0,3.4510000000000005,8.677215406772234
3451.5,3.451500000000003,8.679715406772246
3452.0,3.451999999999998,8.682215406772222
3452.5,3.4525000000000006,8.675820952315156
3453.0,3.453000000000003,8.678320952315168
3453.5,3.4534999999999982,8.680820952315145
3454.0,3.4540000000000006,8.674122032874365
3454.5,3.454500000000003,8.676622032874377
3455.0,3.4549999999999983,8.679122032874353
3455.5,3.4555000000000007,8.672119461581183
3456.0,3.456000000000003,8.674619461581194
3456.5,3.4564999999999984,8.67711946158117
3457.0,3.4570000000000007,8.66979916620231
3457.5,3.457500000000003,8.672299166202322
3458.0,3.4579999999999984,8.674799166202298
3458.5,3.458500000000001,8.667202897418669
3459.0,3.459000000000003,8.66970289741868
3459.5,3.4594999999999985,8.672202897418657
3460.0,3.460000000000001,8.664416258229508
3460.5,3.4605000000000032,8.66691625822952
3461.0,3.4609999999999985,8.669416258229496
3461.5,3.461500000000001,8.661528077508187
3462.0,3.4620000000000033,8.664028077508199
3462.5,3.4624999999999986,8.666528077508175
3463.0,3.463000000000001,8.658586122362308
3463.5,3.4635000000000034,8.66108612236232
3464.0,3.4639999999999986,8.663586122362297
3464.5,3.464500000000001,8.655637496679063
3465.0,3.4650000000000034,8.658137496679075
3465.5,3.4654999999999987,8.660637496679051
3466.0,3.466000000000001,8.652712252700923
3466.5,3.4664999999999964,8.655212252700899
3467.0,3.4669999999999987,8.657712252700911
3467.5,3.467500000000001,8.64980376430239
3468.0,3.4680000000000035,8.652303764302403
3468.5,3.468499999999999,8.654803764302379
3469.0,3.469000000000001,8.646885381857032
3469.5,3.4694999999999965,8.649385381857009
3470.0,3.469999999999999,8.65188538185702
3470.5,3.4705000000000013,8.643948285297753
3471.0,3.4710000000000036,8.646448285297765
3471.5,3.471499999999999,8.648948285297742
3472.0,3.4720000000000013,8.640989715141885
3472.5,3.4724999999999966,8.643489715141861
3473.0,3.472999999999999,8.645989715141873
3473.5,3.4735000000000014,8.648489715141885
3474.0,3.4740000000000038,8.640501875544828
3474.5,3.474499999999999,8.643001875544805
3475.0,3.4750000000000014,8.645501875544817
3475.5,3.4754999999999967,8.63749278653291
3476.0,3.475999999999999,8.639992786532922
3476.5,3.4765000000000015,8.642492786532934
3477.0,3.4769999999999968,8.634462475334779
3477.5,3.477499999999999,8.63696247533479
3478.0,3.4780000000000015,8.639462475334803
3478.5,3.478499999999997,8.631377743187656
3479.0,3.478999999999999,8.633877743187668
3479.5,3.4795000000000016,8.63637774318768
3480.0,3.479999999999997,8.628236785370262
3480.5,3.4804999999999993,8.630736785370274
3481.0,3.4810000000000016,8.633236785370286
3481.5,3.481499999999997,8.625015896132062
3482.0,3.4819999999999993,8.627515896132074
3482.5,3.4825000000000017,8.630015896132086
3483.0,3.482999999999997,8.621707482638001
3483.5,3.4834999999999994,8.624207482638013
3484.0,3.4840000000000018,8.626707482638025
3484.5,3.484499999999997,8.618310283917268
3485.0,3.4849999999999994,8.62081028391728
3485.5,3.485500000000002,8.623310283917291
3486.0,3.485999999999997,8.614848900716936
3486.5,3.4864999999999995,8.617348900716948
3487.0,3.487000000000002,8.61984890071696
3487.5,3.487499999999997,8.611361787977323
3488.0,3.4879999999999995,8.613861787977335
3488.5,3.488500000000002,8.616361787977347
3489.0,3.488999999999997,8.607906379463195
3489.5,3.4894999999999996,8.610406379463207
3490.0,3.490000000000002,8.612906379463219
3490.5,3.4904999999999973,8.604522800112626
3491.0,3.4909999999999997,8.607022800112638
3491.5,3.491500000000002,8.60952280011265
3492.0,3.4919999999999973,8.601200831193907
3492.5,3.4924999999999997,8.603700831193919
3493.0,3.493000000000002,8.60620083119393
3493.5,3.4934999999999974,8.597931101547722
3494.0,3.4939999999999998,8.600431101547734
3494.5,3.494500000000002,8.602931101547746
3495.0,3.4949999999999974,8.594711335729066
3495.5,3.4955,8.597211335729078
3496.0,3.496000000000002,8.59971133572909
3496.5,3.4964999999999975,8.59152800860116
3497.0,3.497,8.594028008601171
3497.5,3.4975000000000023,8.596528008601183
3498.0,3.4979999999999976,8.588394477350825
3498.5,3.4985,8.590894477350837
3499.0,3.4990000000000023,8.593394477350849
3499.5,3.4994999999999976,8.585319100545838
3500.0,3.5,8.58781910054585
3500.5,3.5005000000000024,8.590319100545862
3501.0,3.5009999999999977,8.582297514825257
3501.5,3.5015,8.584797514825269
3502.0,3.5020000000000024,8.58729751482528
3502.5,3.5024999999999977,8.579341021712388
3503.0,3.503,8.5818410217124
3503.5,3.5035000000000025,8.584341021712412
3504.0,3.503999999999998,8.576473197338714
3504.5,3.5045,8.578973197338726
3505.0,3.5050000000000026,8.581473197338738
3505.5,3.505499999999998,8.573716291769209
3506.0,3.5060000000000002,8.57621629176922
3506.5,3.5065000000000026,8.578716291769233
3507.0,3.506999999999998,8.571071473497547
3507.5,3.5075000000000003,8.573571473497559
3508.0,3.5080000000000027,8.57607147349757
3508.5,3.508499999999998,8.568511456242405
3509.0,3.5090000000000003,8.571011456242417
3509.5,3.5095000000000027,8.573511456242429
3510.0,3.509999999999998,8.566033395318868
3510.5,3.5105000000000004,8.56853339531888
3511.0,3.511000000000003,8.571033395318892
3511.5,3.511499999999998,8.563647484648698
3512.0,3.5120000000000005,8.56614748464871
3512.5,3.512500000000003,8.568647484648722
3513.0,3.512999999999998,8.561353778169902
3513.5,3.5135000000000005,8.563853778169914
3514.0,3.514000000000003,8.566353778169926
3514.5,3.514499999999998,8.559147617710465
3515.0,3.5150000000000006,8.561647617710477
3515.5,3.515500000000003,8.56414761771049
3516.0,3.5159999999999982,8.557070049478241
3516.5,3.5165000000000006,8.559570049478253
3517.0,3.517000000000003,8.562070049478265
3517.5,3.5174999999999983,8.55516168610098
3518.0,3.5180000000000007,8.557661686100992
3518.5,3.518500000000003,8.560161686101004
3519.0,3.5189999999999984,8.553427593434968
3519.5,3.5195000000000007,8.55592759343498
3520.0,3.520000000000003,8.558427593434992
3520.5,3.5204999999999984,8.551857018633093
3521.0,3.521000000000001,8.554357018633105
3521.5,3.521500000000003,8.556857018633117
3522.0,3.5219999999999985,8.55042725701022
3522.5,3.522500000000001,8.552927257010232
3523.0,3.5230000000000032,8.555427257010244
3523.5,3.5234999999999985,8.54907169987193
3524.0,3.524000000000001,8.551571699871943
3524.5,3.5245000000000033,8.554071699871955
3525.0,3.5249999999999986,8.547756177263715
3525.5,3.525500000000001,8.550256177263726
3526.0,3.5260000000000034,8.552756177263738
3526.5,3.5264999999999986,8.546483356999914
3527.0,3.527000000000001,8.548983356999926
3527.5,3.5275000000000034,8.551483356999938
3528.0,3.5279999999999987,8.545242461234288
3528.5,3.528500000000001,8.5477424612343
3529.0,3.5289999999999964,8.550242461234276
3529.5,3.5294999999999987,8.544030614828486
3530.0,3.530000000000001,8.546530614828498
3530.5,3.5305000000000035,8.54903061482851
3531.0,3.530999999999999,8.54282731590743
3531.5,3.531500000000001,8.545327315907443
3532.0,3.5319999999999965,8.54782731590742
3532.5,3.532499999999999,8.541632057697832
3533.0,3.5330000000000013,8.544132057697844
3533.5,3.5335000000000036,8.546632057697856
3534.0,3.533999999999999,8.540435554918346
3534.5,3.5345000000000013,8.542935554918358
3535.0,3.5349999999999966,8.545435554918335
3535.5,3.535499999999999,8.53921926050571
3536.0,3.5360000000000014,8.541719260505722
3536.5,3.5365000000000038,8.544219260505734
3537.0,3.536999999999999,8.537960201974144
3537.5,3.5375000000000014,8.540460201974156
3538.0,3.5379999999999967,8.542960201974132
3538.5,3.538499999999999,8.536613788619078
3539.0,3.5390000000000015,8.53911378861909
3539.5,3.5394999999999968,8.541613788619067
3540.0,3.539999999999999,8.53515653958933
3540.5,3.5405000000000015,8.537656539589342
3541.0,3.540999999999997,8.540156539589319
3541.5,3.541499999999999,8.533604623316045
3542.0,3.5420000000000016,8.536104623316056
3542.5,3.542499999999997,8.538604623316033
3543.0,3.5429999999999993,8.53196941996437
3543.5,3.5435000000000016,8.534469419964381
3544.0,3.543999999999997,8.536969419964358
3544.5,3.5444999999999993,8.530277792880518
3545.0,3.5450000000000017,8.53277779288053
3545.5,3.545499999999997,8.535277792880507
3546.0,3.5459999999999994,8.528549600999504
3546.5,3.5465000000000018,8.531049600999516
3547.0,3.546999999999997,8.533549600999493
3547.5,3.5474999999999994,8.526790009113832
3548.0,3.548000000000002,8.529290009113843
3548.5,3.548499999999997,8.53179000911382
3549.0,3.5489999999999995,8.534290009113832
3549.5,3.549500000000002,8.527478483411244
3550.0,3.549999999999997,8.52997848341122
3550.5,3.5504999999999995,8.532478483411232
3551.0,3.551000000000002,8.525591013262108
3551.5,3.551499999999997,8.528091013262085
3552.0,3.5519999999999996,8.530591013262097
3552.5,3.552500000000002,8.523619640466649
3553.0,3.5529999999999973,8.526119640466625
3553.5,3.5534999999999997,8.528619640466637
3554.0,3.554000000000002,8.521535434081215
3554.5,3.5544999999999973,8.524035434081192
3555.0,3.5549999999999997,8.526535434081204
3555.5,3.555500000000002,8.519330477370595
3556.0,3.5559999999999974,8.521830477370571
3556.5,3.5564999999999998,8.524330477370583
3557.0,3.557000000000002,8.517001928668826
3557.5,3.5574999999999974,8.519501928668802
3558.0,3.558,8.522001928668814
3558.5,3.558500000000002,8.51453235499843
3559.0,3.5589999999999975,8.517032354998406
3559.5,3.5595,8.519532354998418
3560.0,3.5600000000000023,8.511909483245574
3560.5,3.5604999999999976,8.51440948324555
3561.0,3.561,8.516909483245563
3561.5,3.5615000000000023,8.50913270176953
3562.0,3.5619999999999976,8.511632701769507
3562.5,3.5625,8.514132701769519
3563.0,3.5630000000000024,8.506208479284432
3563.5,3.5634999999999977,8.508708479284408
3564.0,3.564,8.51120847928442
3564.5,3.5645000000000024,8.503143934457
3565.0,3.5649999999999977,8.505643934456977
3565.5,3.5655,8.508143934456989
3566.0,3.5660000000000025,8.499931524580369
3566.5,3.566499999999998,8.502431524580345
3567.0,3.567,8.504931524580357
3567.5,3.5675000000000026,8.496552649800222
3568.0,3.567999999999998,8.499052649800198
3568.5,3.5685000000000002,8.50155264980021
3569.0,3.5690000000000026,8.493045870422655
3569.5,3.569499999999998,8.495545870422632
3570.0,3.5700000000000003,8.498045870422644
3570.5,3.5705000000000027,8.489458983558507
3571.0,3.570999999999998,8.491958983558483
3571.5,3.5715000000000003,8.494458983558495
3572.0,3.5720000000000027,8.4858410462326
3572.5,3.572499999999998,8.488341046232577
3573.0,3.5730000000000004,8.490841046232589
3573.5,3.573500000000003,8.482237152294907
3574.0,3.573999999999998,8.484737152294883
3574.5,3.5745000000000005,8.487237152294895
3575.0,3.575000000000003,8.478676052562832
3575.5,3.575499999999998,8.481176052562809
3576.0,3.5760000000000005,8.48367605256282
3576.5,3.576500000000003,8.475159339316143
3577.0,3.576999999999998,8.47765933931612
3577.5,3.5775000000000006,8.480159339316131
3578.0,3.578000000000003,8.47168291222065
3578.5,3.5784999999999982,8.474182912220627
3579.0,3.5790000000000006,8.476682912220639
3579.5,3.579500000000003,8.46824146326533
3580.0,3.5799999999999983,8.470741463265306
3580.5,3.5805000000000007,8.473241463265317
3581.0,3.581000000000003,8.464830219839463
3581.5,3.5814999999999984,8.46733021983944
3582.0,3.5820000000000007,8.469830219839452
3582.5,3.582500000000003,8.46146563224444
3583.0,3.5829999999999984,8.463965632244417
3583.5,3.583500000000001,8.466465632244429
3584.0,3.584000000000003,8.458148245029733
3584.5,3.5844999999999985,8.46064824502971
3585.0,3.585000000000001,8.463148245029721
3585.5,3.5855000000000032,8.454879391126369
3586.0,3.5859999999999985,8.457379391126345
3586.5,3.586500000000001,8.459879391126357
3587.0,3.5870000000000033,8.451653242838617
3587.5,3.5874999999999986,8.454153242838593
3588.0,3.588000000000001,8.456653242838605
3588.5,3.5885000000000034,8.448454042367501
3589.0,3.5889999999999986,8.450954042367478
3589.5,3.589500000000001,8.45345404236749
3590.0,3.5900000000000034,8.44529361794784
3590.5,3.5904999999999987,8.447793617947816
3591.0,3.591000000000001,8.450293617947828
3591.5,3.5914999999999964,8.442186522248605
3592.0,3.5919999999999987,8.444686522248617
3592.5,3.592500000000001,8.447186522248629
3593.0,3.5930000000000035,8.439135675772462
3593.5,3.593499999999999,8.441635675772439
3594.0,3.594000000000001,8.44413567577245
3594.5,3.5944999999999965,8.436153421581203
3595.0,3.594999999999999,8.438653421581215
3595.5,3.5955000000000013,8.441153421581227
3596.0,3.5960000000000036,8.433272931634832
3596.5,3.596499999999999,8.435772931634808
3597.0,3.5970000000000013,8.43827293163482
3597.5,3.5974999999999966,8.430541247890702
3598.0,3.597999999999999,8.433041247890714
3598.5,3.5985000000000014,8.435541247890725
3599.0,3.5990000000000038,8.427990637893608
3599.5,3.599499999999999,8.430490637893584
3600.0,3.6000000000000014,8.432990637893596
3600.5,3.6004999999999967,8.425650655451449
3601.0,3.600999999999999,8.42815065545146
3601.5,3.6015000000000015,8.430650655451473
3602.0,3.6019999999999968,8.423515306326799
3602.5,3.602499999999999,8.42601530632681
3603.0,3.6030000000000015,8.428515306326823
3603.5,3.603499999999997,8.421553267494808
3604.0,3.603999999999999,8.42405326749482
3604.5,3.6045000000000016,8.426553267494832
3605.0,3.604999999999997,8.419733015547024
3605.5,3.6054999999999993,8.422233015547036
3606.0,3.6060000000000016,8.424733015547048
3606.5,3.606499999999997,8.418008563931956
3607.0,3.6069999999999993,8.420508563931968
3607.5,3.6075000000000017,8.42300856393198
3608.0,3.607999999999997,8.416340409486907
3608.5,3.6084999999999994,8.418840409486918
3609.0,3.6090000000000018,8.42134040948693
3609.5,3.609499999999997,8.414692120072829
3610.0,3.6099999999999994,8.41719212007284
3610.5,3.610500000000002,8.419692120072853
3611.0,3.610999999999997,8.413041951045912
3611.5,3.6114999999999995,8.415541951045924
3612.0,3.612000000000002,8.418041951045936
3612.5,3.612499999999997,8.41137981916777
3613.0,3.6129999999999995,8.413879819167782
3613.5,3.613500000000002,8.416379819167794
3614.0,3.613999999999997,8.409725026089738
3614.5,3.6144999999999996,8.41222502608975
3615.0,3.615000000000002,8.414725026089762
3615.5,3.6154999999999973,8.40808509269852
3616.0,3.6159999999999997,8.410585092698533
3616.5,3.616500000000002,8.413085092698545
3617.0,3.6169999999999973,8.406459572819855
3617.5,3.6174999999999997,8.408959572819867
3618.0,3.618000000000002,8.41145957281988
3618.5,3.6184999999999974,8.404849250073916
3619.0,3.6189999999999998,8.407349250073928
3619.5,3.619500000000002,8.40984925007394
3620.0,3.6199999999999974,8.40321511219873
3620.5,3.6205,8.405715112198742
3621.0,3.621000000000002,8.408215112198754
3621.5,3.6214999999999975,8.40153091309098
3622.0,3.622,8.404030913090992
3622.5,3.6225000000000023,8.406530913091004
3623.0,3.6229999999999976,8.399776818550855
3623.5,3.6235,8.402276818550867
3624.0,3.6240000000000023,8.404776818550879
3624.5,3.6244999999999976,8.407276818550855
3625.0,3.625,8.400449483136185
3625.5,3.6255000000000024,8.402949483136197
3626.0,3.6259999999999977,8.405449483136174
3626.5,3.6265,8.39860015576594
3627.0,3.6270000000000024,8.401100155765953
3627.5,3.6274999999999977,8.403600155765929
3628.0,3.628,8.396752276150252
3628.5,3.6285000000000025,8.399252276150264
3629.0,3.628999999999998,8.40175227615024
3629.5,3.6295,8.39491141725901
3630.0,3.6300000000000026,8.397411417259022
3630.5,3.630499999999998,8.399911417258998
3631.0,3.6310000000000002,8.393098158729444
3631.5,3.6315000000000026,8.395598158729456
3632.0,3.631999999999998,8.398098158729432
3632.5,3.6325000000000003,8.391312735693575
3633.0,3.6330000000000027,8.393812735693587
3633.5,3.633499999999998,8.396312735693563
3634.0,3.6340000000000003,8.389531312417589
3634.5,3.6345000000000027,8.3920313124176
3635.0,3.634999999999998,8.394531312417577
3635.5,3.6355000000000004,8.387710667078636
3636.0,3.636000000000003,8.390210667078648
3636.5,3.636499999999998,8.392710667078624
3637.0,3.6370000000000005,8.385813668123916
3637.5,3.637500000000003,8.388313668123928
3638.0,3.637999999999998,8.390813668123904
3638.5,3.6385000000000005,8.383815466091171
3639.0,3.639000000000003,8.386315466091183
3639.5,3.639499999999998,8.38881546609116
3640.0,3.6400000000000006,8.381687603650647
3640.5,3.640500000000003,8.384187603650659
3641.0,3.6409999999999982,8.386687603650635
3641.5,3.6415000000000006,8.379407065608042
3642.0,3.642000000000003,8.381907065608054
3642.5,3.6424999999999983,8.38440706560803
3643.0,3.6430000000000007,8.376987866507477
3643.5,3.643500000000003,8.379487866507489
3644.0,3.6439999999999984,8.381987866507465
3644.5,3.6445000000000007,8.374454188313436
3645.0,3.645000000000003,8.376954188313448
3645.5,3.6454999999999984,8.379454188313424
3646.0,3.646000000000001,8.371824465356994
3646.5,3.646500000000003,8.374324465357006
3647.0,3.6469999999999985,8.376824465356982
3647.5,3.647500000000001,8.369140991584132
3648.0,3.6480000000000032,8.371640991584144
3648.5,3.6484999999999985,8.37414099158412
3649.0,3.649000000000001,8.366440645086684
3649.5,3.6495000000000033,8.368940645086695
3650.0,3.6499999999999986,8.371440645086672
3650.5,3.650500000000001,8.363771133925013
3651.0,3.6510000000000034,8.366271133925025
3651.5,3.6514999999999986,8.368771133925001
3652.0,3.652000000000001,8.361153275006856
3652.5,3.6525000000000034,8.363653275006868
3653.0,3.6529999999999987,8.366153275006845
3653.5,3.653500000000001,8.358598803886004
3654.0,3.6539999999999964,8.36109880388598
3654.5,3.6544999999999987,8.363598803885992
3655.0,3.655000000000001,8.356115384139784
3655.5,3.6555000000000035,8.358615384139796
3656.0,3.655999999999999,8.361115384139772
3656.5,3.656500000000001,8.35369590877022
3657.0,3.6569999999999965,8.356195908770196
3657.5,3.657499999999999,8.358695908770208
3658.0,3.6580000000000013,8.351330486586406
3658.5,3.6585000000000036,8.353830486586418
3659.0,3.658999999999999,8.356330486586394
3659.5,3.6595000000000013,8.349002243664287
3660.0,3.6599999999999966,8.351502243664264
3660.5,3.660499999999999,8.354002243664276
3661.0,3.6610000000000014,8.346714534664557
3661.5,3.6615000000000038,8.349214534664569
3662.0,3.661999999999999,8.351714534664545
3662.5,3.6625000000000014,8.344461815672872
3663.0,3.6629999999999967,8.346961815672849
3663.5,3.663499999999999,8.34946181567286
3664.0,3.6640000000000015,8.342201286021975
3664.5,3.6644999999999968,8.344701286021952
3665.0,3.664999999999999,8.347201286021964
3665.5,3.6655000000000015,8.339913548223024
3666.0,3.665999999999997,8.342413548223
3666.5,3.666499999999999,8.344913548223012
3667.0,3.6670000000000016,8.33757081535257
3667.5,3.667499999999997,8.340070815352547
3668.0,3.6679999999999993,8.342570815352559
3668.5,3.6685000000000016,8.335147372005096
3669.0,3.668999999999997,8.337647372005073
3669.5,3.6694999999999993,8.340147372005084
3670.0,3.6700000000000017,8.33260761976156
3670.5,3.670499999999997,8.335107619761537
3671.0,3.6709999999999994,8.337607619761549
3671.5,3.6715000000000018,8.329927069966558
3672.0,3.671999999999997,8.332427069966535
3672.5,3.6724999999999994,8.334927069966547
3673.0,3.673000000000002,8.327104290521987
3673.5,3.673499999999997,8.329604290521964
3674.0,3.6739999999999995,8.332104290521976
3674.5,3.674500000000002,8.324152810235823
3675.0,3.674999999999997,8.3266528102358
3675.5,3.6754999999999995,8.329152810235811
3676.0,3.676000000000002,8.321111367442455
3676.5,3.676499999999997,8.323611367442432
3677.0,3.6769999999999996,8.326111367442444
3677.5,3.677500000000002,8.318032202285579
3678.0,3.6779999999999973,8.320532202285555
3678.5,3.6784999999999997,8.323032202285567
3679.0,3.679000000000002,8.314958876592442
3679.5,3.6794999999999973,8.317458876592418
3680.0,3.6799999999999997,8.31995887659243
3680.5,3.680500000000002,8.311948526233977
3681.0,3.6809999999999974,8.314448526233953
3681.5,3.6814999999999998,8.316948526233965
3682.0,3.682000000000002,8.309073177683892
3682.5,3.6824999999999974,8.311573177683869
3683.0,3.683,8.31407317768388
3683.5,3.683500000000002,8.306378137519879
3684.0,3.6839999999999975,8.308878137519855
3684.5,3.6845,8.311378137519867
3685.0,3.6850000000000023,8.303900432886167
3685.5,3.6854999999999976,8.306400432886143
3686.0,3.686,8.308900432886155
3686.5,3.6865000000000023,8.301652811440583
3687.0,3.6869999999999976,8.30415281144056
3687.5,3.6875,8.306652811440571
3688.0,3.6880000000000024,8.299624221232484
3688.5,3.6884999999999977,8.30212422123246
3689.0,3.689,8.304624221232473
3689.5,3.6895000000000024,8.297771841667867
3690.0,3.6899999999999977,8.300271841667843
3690.5,3.6905,8.302771841667855
3691.0,3.6910000000000025,8.29603593887196
3691.5,3.691499999999998,8.298535938871936
3692.0,3.692,8.301035938871948
3692.5,3.6925000000000026,8.294353066234024
3693.0,3.692999999999998,8.296853066234
3693.5,3.6935000000000002,8.299353066234012
3694.0,3.6940000000000026,8.292669123593548
3694.5,3.694499999999998,8.295169123593524
3695.0,3.6950000000000003,8.297669123593536
3695.5,3.6955000000000027,8.290931929909178
3696.0,3.695999999999998,8.293431929909154
3696.5,3.6965000000000003,8.295931929909166
3697.0,3.6970000000000027,8.289085177542077
3697.5,3.697499999999998,8.291585177542053
3698.0,3.6980000000000004,8.294085177542065
3698.5,3.698500000000003,8.287104223022297
3699.0,3.698999999999998,8.289604223022273
3699.5,3.6995000000000005,8.292104223022285
3700.0,3.700000000000003,8.294604223022297
3700.5,3.700499999999998,8.287461246909444
3701.0,3.7010000000000005,8.289961246909456
3701.5,3.701500000000003,8.292461246909468
3702.0,3.701999999999998,8.285141858197882
3702.5,3.7025000000000006,8.287641858197894
3703.0,3.703000000000003,8.290141858197906
3703.5,3.7034999999999982,8.282634543068639
3704.0,3.7040000000000006,8.28513454306865
3704.5,3.704500000000003,8.287634543068663
3705.0,3.7049999999999983,8.279943904532061
3705.5,3.7055000000000007,8.282443904532073
3706.0,3.706000000000003,8.284943904532085
3706.5,3.7064999999999984,8.277048826008873
3707.0,3.7070000000000007,8.279548826008885
3707.5,3.707500000000003,8.282048826008896
3708.0,3.7079999999999984,8.273974707717606
3708.5,3.708500000000001,8.276474707717618
3709.0,3.709000000000003,8.27897470771763
3709.5,3.7094999999999985,8.270764558433576
3710.0,3.710000000000001,8.273264558433588
3710.5,3.7105000000000032,8.2757645584336
3711.0,3.7109999999999985,8.267451644029151
3711.5,3.711500000000001,8.269951644029163
3712.0,3.7120000000000033,8.272451644029175
3712.5,3.7124999999999986,8.264086378843274
3713.0,3.713000000000001,8.266586378843286
3713.5,3.7135000000000034,8.269086378843298
3714.0,3.7139999999999986,8.260714458146374
3714.5,3.714500000000001,8.263214458146386
3715.0,3.7150000000000034,8.265714458146398
3715.5,3.7154999999999987,8.257381098557524
3716.0,3.716000000000001,8.259881098557535
3716.5,3.7164999999999964,8.262381098557512
3717.0,3.7169999999999987,8.254117094687317
3717.5,3.717500000000001,8.256617094687329
3718.0,3.7180000000000035,8.25911709468734
3718.5,3.718499999999999,8.250949243124168
3719.0,3.719000000000001,8.25344924312418
3719.5,3.7194999999999965,8.255949243124157
3720.0,3.719999999999999,8.247872162282484
3720.5,3.7205000000000013,8.250372162282495
3721.0,3.7210000000000036,8.252872162282507
3721.5,3.721499999999999,8.24487701913501
3722.0,3.7220000000000013,8.247377019135023
3722.5,3.7224999999999966,8.249877019134999
3723.0,3.722999999999999,8.241920563992302
3723.5,3.7235000000000014,8.244420563992314
3724.0,3.7240000000000038,8.246920563992326
3724.5,3.724499999999999,8.238977933935132
3725.0,3.7250000000000014,8.241477933935144
3725.5,3.7254999999999967,8.24397793393512
3726.0,3.725999999999999,8.235987580053994
3726.5,3.7265000000000015,8.238487580054006
3727.0,3.7269999999999968,8.240987580053982
3727.5,3.727499999999999,8.232883050813697
3728.0,3.7280000000000015,8.23538305081371
3728.5,3.728499999999997,8.237883050813686
3729.0,3.728999999999999,8.229639546614571
3729.5,3.7295000000000016,8.232139546614583
3730.0,3.729999999999997,8.23463954661456
3730.5,3.7304999999999993,8.226267531807387
3731.0,3.7310000000000016,8.2287675318074
3731.5,3.731499999999997,8.231267531807376
3732.0,3.7319999999999993,8.222782201197845
3732.5,3.7325000000000017,8.225282201197857
3733.0,3.732999999999997,8.227782201197833
3733.5,3.7334999999999994,8.219197985256521
3734.0,3.7340000000000018,8.221697985256533
3734.5,3.734499999999997,8.22419798525651
3735.0,3.7349999999999994,8.215532415028655
3735.5,3.735500000000002,8.218032415028667
3736.0,3.735999999999997,8.220532415028643
3736.5,3.7364999999999995,8.211787542399485
3737.0,3.737000000000002,8.214287542399497
3737.5,3.737499999999997,8.216787542399473
3738.0,3.7379999999999995,8.20799491134693
3738.5,3.738500000000002,8.210494911346942
3739.0,3.738999999999997,8.212994911346918
3739.5,3.7394999999999996,8.204158651623814
3740.0,3.740000000000002,8.206658651623826
3740.5,3.7404999999999973,8.209158651623802
3741.0,3.7409999999999997,8.200272049611605
3741.5,3.741500000000002,8.202772049611617
3742.0,3.7419999999999973,8.205272049611594
3742.5,3.7424999999999997,8.196358914279216
3743.0,3.743000000000002,8.198858914279228
3743.5,3.7434999999999974,8.201358914279204
3744.0,3.7439999999999998,8.192443330928967
3744.5,3.744500000000002,8.194943330928979
3745.0,3.7449999999999974,8.197443330928955
3745.5,3.7455,8.188541192497034
3746.0,3.746000000000002,8.191041192497046
3746.5,3.7464999999999975,8.193541192497023
3747.0,3.747,8.184689519493809
3747.5,3.7475000000000023,8.18718951949382
3748.0,3.7479999999999976,8.189689519493797
3748.5,3.7485,8.180909313438285
3749.0,3.7490000000000023,8.183409313438297
3749.5,3.7494999999999976,8.185909313438273
3750.0,3.75,8.177244098358827
3750.5,3.7505000000000024,8.179744098358839
3751.0,3.7509999999999977,8.182244098358815
3751.5,3.7515,8.173714830625727
3752.0,3.7520000000000024,8.176214830625739
3752.5,3.7524999999999977,8.178714830625715
3753.0,3.753,8.170338157617891
3753.5,3.7535000000000025,8.172838157617903
3754.0,3.753999999999998,8.17533815761788
3754.5,3.7545,8.16712564857827
3755.0,3.7550000000000026,8.169625648578283
3755.5,3.755499999999998,8.172125648578259
3756.0,3.7560000000000002,8.164046387835917
3756.5,3.7565000000000026,8.166546387835929
3757.0,3.756999999999998,8.169046387835905
3757.5,3.7575000000000003,8.161083477163373
3758.0,3.7580000000000027,8.163583477163385
3758.5,3.758499999999998,8.166083477163362
3759.0,3.7590000000000003,8.1582150539721
3759.5,3.7595000000000027,8.160715053972112
3760.0,3.759999999999998,8.163215053972088
3760.5,3.7605000000000004,8.155431562444093
3761.0,3.761000000000003,8.157931562444105
3761.5,3.761499999999998,8.160431562444082
3762.0,3.7620000000000005,8.15272909303097
3762.5,3.762500000000003,8.155229093030982
3763.0,3.762999999999998,8.157729093030959
3763.5,3.7635000000000005,8.150098944440032
3764.0,3.764000000000003,8.152598944440044
3764.5,3.764499999999998,8.15509894444002
3765.0,3.7650000000000006,8.147533480051194
3765.5,3.765500000000003,8.150033480051206
3766.0,3.7659999999999982,8.152533480051183
3766.5,3.7665000000000006,8.145051796346152
3767.0,3.767000000000003,8.147551796346164
3767.5,3.7674999999999983,8.15005179634614
3768.0,3.7680000000000007,8.142652547100155
3768.5,3.768500000000003,8.145152547100167
3769.0,3.7689999999999984,8.147652547100144
3769.5,3.7695000000000007,8.14032510662905
3770.0,3.770000000000003,8.142825106629061
3770.5,3.7704999999999984,8.145325106629038
3771.0,3.771000000000001,8.138037426944003
3771.5,3.771500000000003,8.140537426944014
3772.0,3.7719999999999985,8.143037426943991
3772.5,3.772500000000001,8.135754513894256
3773.0,3.7730000000000032,8.138254513894267
3773.5,3.7734999999999985,8.140754513894244
3774.0,3.774000000000001,8.133438976510021
3774.5,3.7745000000000033,8.135938976510033
3775.0,3.7749999999999986,8.13843897651001
3775.5,3.775500000000001,8.140938976510022
3776.0,3.7760000000000034,8.133564493411889
3776.5,3.7764999999999986,8.136064493411865
3777.0,3.777000000000001,8.138564493411877
3777.5,3.7775000000000034,8.131103892776217
3778.0,3.7779999999999987,8.133603892776193
3778.5,3.778500000000001,8.136103892776205
3779.0,3.7789999999999964,8.128520918818225
3779.5,3.7794999999999987,8.131020918818237
3780.0,3.780000000000001,8.133520918818249
3780.5,3.7805000000000035,8.125817768119248
3781.0,3.780999999999999,8.128317768119224
3781.5,3.781500000000001,8.130817768119236
3782.0,3.7819999999999965,8.123005019194842
3782.5,3.782499999999999,8.125505019194854
3783.0,3.7830000000000013,8.128005019194866
3783.5,3.7835000000000036,8.120106435042658
3784.0,3.783999999999999,8.122606435042634
3784.5,3.7845000000000013,8.125106435042646
3785.0,3.7849999999999966,8.117144577813491
3785.5,3.785499999999999,8.119644577813503
3786.0,3.7860000000000014,8.122144577813515
3786.5,3.7865000000000038,8.114126298519793
3787.0,3.786999999999999,8.116626298519769
3787.5,3.7875000000000014,8.119126298519781
3788.0,3.7879999999999967,8.11108906895317
3788.5,3.788499999999999,8.113589068953182
3789.0,3.7890000000000015,8.116089068953194
3789.5,3.7894999999999968,8.1080493029744
3790.0,3.789999999999999,8.110549302974412
3790.5,3.7905000000000015,8.113049302974424
3791.0,3.790999999999997,8.105023379043637
3791.5,3.791499999999999,8.107523379043649
3792.0,3.7920000000000016,8.11002337904366
3792.5,3.792499999999997,8.102020807451886
3793.0,3.7929999999999993,8.104520807451898
3793.5,3.7935000000000016,8.10702080745191
3794.0,3.793999999999997,8.099046351563892
3794.5,3.7944999999999993,8.101546351563904
3795.0,3.7950000000000017,8.104046351563916
3795.5,3.795499999999997,8.096099889028139
3796.0,3.7959999999999994,8.09859988902815
3796.5,3.7965000000000018,8.101099889028163
3797.0,3.796999999999997,8.093174997323196
3797.5,3.7974999999999994,8.095674997323208
3798.0,3.798000000000002,8.09817499732322
3798.5,3.798499999999997,8.090269532842065
3799.0,3.7989999999999995,8.092769532842077
3799.5,3.799500000000002,8.095269532842089
3800.0,3.799999999999997,8.087384425140876
3800.5,3.8004999999999995,8.089884425140887
3801.0,3.801000000000002,8.0923844251409
3801.5,3.801499999999997,8.084511243638879
3802.0,3.8019999999999996,8.08701124363889
3802.5,3.802500000000002,8.089511243638903
3803.0,3.8029999999999973,8.081656910638202
3803.5,3.8034999999999997,8.084156910638214
3804.0,3.804000000000002,8.086656910638226
3804.5,3.8044999999999973,8.078832856701297
3805.0,3.8049999999999997,8.081332856701309
3805.5,3.805500000000002,8.08383285670132
3806.0,3.8059999999999974,8.076046672955464
3806.5,3.8064999999999998,8.078546672955476
3807.0,3.807000000000002,8.081046672955488
3807.5,3.8074999999999974,8.073263669380637
3808.0,3.808,8.075763669380649
3808.5,3.808500000000002,8.07826366938066
3809.0,3.8089999999999975,8.070446867815946
3809.5,3.8095,8.072946867815958
3810.0,3.8100000000000023,8.07544686781597
3810.5,3.8104999999999976,8.06758021771806
3811.0,3.811,8.070080217718072
3811.5,3.8115000000000023,8.072580217718084
3812.0,3.8119999999999976,8.064663848199736
3812.5,3.8125,8.067163848199748
3813.0,3.8130000000000024,8.06966384819976
3813.5,3.8134999999999977,8.06169335249944
3814.0,3.814,8.064193352499451
3814.5,3.8145000000000024,8.066693352499463
3815.0,3.8149999999999977,8.05868133036057
3815.5,3.8155,8.061181330360583
3816.0,3.8160000000000025,8.063681330360595
3816.5,3.816499999999998,8.055659683170688
3817.0,3.817,8.0581596831707
3817.5,3.8175000000000026,8.060659683170712
3818.0,3.817999999999998,8.052649867419781
3818.5,3.8185000000000002,8.055149867419793
3819.0,3.8190000000000026,8.057649867419805
3819.5,3.819499999999998,8.049680216409136
3820.0,3.8200000000000003,8.052180216409148
3820.5,3.8205000000000027,8.05468021640916
3821.0,3.820999999999998,8.046745195814466
3821.5,3.8215000000000003,8.049245195814478
3822.0,3.8220000000000027,8.05174519581449
3822.5,3.822499999999998,8.043808448484633
3823.0,3.8230000000000004,8.046308448484645
3823.5,3.823500000000003,8.048808448484657
3824.0,3.823999999999998,8.040835590704312
3824.5,3.8245000000000005,8.043335590704324
3825.0,3.825000000000003,8.045835590704336
3825.5,3.825499999999998,8.037826590045896
3826.0,3.8260000000000005,8.040326590045908
3826.5,3.826500000000003,8.04282659004592
3827.0,3.826999999999998,8.034772165449766
3827.5,3.8275000000000006,8.037272165449778
3828.0,3.828000000000003,8.03977216544979
3828.5,3.8284999999999982,8.03167034028128
3829.0,3.8290000000000006,8.034170340281293
3829.5,3.829500000000003,8.036670340281304
3830.0,3.8299999999999983,8.028522044640702
3830.5,3.8305000000000007,8.031022044640714
3831.0,3.831000000000003,8.033522044640726
3831.5,3.8314999999999984,8.025334842538108
3832.0,3.8320000000000007,8.02783484253812
3832.5,3.832500000000003,8.030334842538132
3833.0,3.8329999999999984,8.02215102178863
3833.5,3.833500000000001,8.024651021788642
3834.0,3.834000000000003,8.027151021788654
3834.5,3.8344999999999985,8.018974261902088
3835.0,3.835000000000001,8.0214742619021
3835.5,3.8355000000000032,8.023974261902111
3836.0,3.8359999999999985,8.015823392624135
3836.5,3.836500000000001,8.018323392624147
3837.0,3.8370000000000033,8.020823392624159
3837.5,3.8374999999999986,8.012689879057753
3838.0,3.838000000000001,8.015189879057765
3838.5,3.8385000000000034,8.017689879057777
3839.0,3.8389999999999986,8.009569242287817
3839.5,3.839500000000001,8.01206924228783
3840.0,3.8400000000000034,8.014569242287841
3840.5,3.8404999999999987,8.006452939408462
3841.0,3.841000000000001,8.008952939408474
3841.5,3.8414999999999964,8.01145293940845
3842.0,3.8419999999999987,8.003331775826652
3842.5,3.842500000000001,8.005831775826664
3843.0,3.8430000000000035,8.008331775826676
3843.5,3.843499999999999,8.00021206162139
3844.0,3.844000000000001,8.002712061621402
3844.5,3.8444999999999965,8.005212061621378
3845.0,3.844999999999999,7.99709106635035
3845.5,3.8455000000000013,7.999591066350362
3846.0,3.8460000000000036,8.002091066350374
3846.5,3.846499999999999,7.993977285823277
3847.0,3.8470000000000013,7.996477285823289
3847.5,3.8474999999999966,7.9989772858232655
3848.0,3.847999999999999,7.990876335500765
3848.5,3.8485000000000014,7.993376335500777
3849.0,3.8490000000000038,7.995876335500789
3849.5,3.849499999999999,7.987796314598583
3850.0,3.8500000000000014,7.990296314598595
3850.5,3.8504999999999967,7.992796314598571
3851.0,3.850999999999999,7.995296314598583
3851.5,3.8515000000000015,7.98723415263801
3852.0,3.8519999999999968,7.989734152637986
3852.5,3.852499999999999,7.992234152637998
3853.0,3.8530000000000015,7.98418606015705
3853.5,3.853499999999997,7.986686060157027
3854.0,3.853999999999999,7.989186060157039
3854.5,3.8545000000000016,7.981145657452444
3855.0,3.854999999999997,7.983645657452421
3855.5,3.8554999999999993,7.9861456574524325
3856.0,3.8560000000000016,7.978099432023349
3856.5,3.856499999999997,7.980599432023325
3857.0,3.8569999999999993,7.983099432023337
3857.5,3.8575000000000017,7.97505829084411
3858.0,3.857999999999997,7.977558290844087
3858.5,3.8584999999999994,7.980058290844099
3859.0,3.8590000000000018,7.972002833741811
3859.5,3.859499999999997,7.974502833741788
3860.0,3.8599999999999994,7.9770028337418
3860.5,3.860500000000002,7.968913227495484
3861.0,3.860999999999997,7.971413227495461
3861.5,3.8614999999999995,7.973913227495473
3862.0,3.862000000000002,7.965800381003234
3862.5,3.862499999999997,7.9683003810032105
3863.0,3.8629999999999995,7.970800381003222
3863.5,3.863500000000002,7.96267074745618
3864.0,3.863999999999997,7.965170747456156
3864.5,3.8644999999999996,7.967670747456168
3865.0,3.865000000000002,7.959534564942139
3865.5,3.8654999999999973,7.962034564942115
3866.0,3.8659999999999997,7.964534564942127
3866.5,3.866500000000002,7.956385717579444
3867.0,3.8669999999999973,7.95888571757942
3867.5,3.8674999999999997,7.961385717579432
3868.0,3.868000000000002,7.95323438374151
3868.5,3.8684999999999974,7.955734383741486
3869.0,3.8689999999999998,7.958234383741498
3869.5,3.869500000000002,7.95010065924604
3870.0,3.8699999999999974,7.952600659246016
3870.5,3.8705,7.955100659246028
3871.0,3.871000000000002,7.946995398269792
3871.5,3.8714999999999975,7.949495398269768
3872.0,3.872,7.95199539826978
3872.5,3.8725000000000023,7.94395407938552
3873.0,3.8729999999999976,7.9464540793854965
3873.5,3.8735,7.9489540793855085
3874.0,3.8740000000000023,7.940995416882508
3874.5,3.8744999999999976,7.9434954168824845
3875.0,3.875,7.945995416882496
3875.5,3.8755000000000024,7.938131579551424
3876.0,3.8759999999999977,7.9406315795514
3876.5,3.8765,7.943131579551412
3877.0,3.8770000000000024,7.935361948946351
3877.5,3.8774999999999977,7.937861948946328
3878.0,3.878,7.9403619489463395
3878.5,3.8785000000000025,7.932662263966037
3879.0,3.878999999999998,7.9351622639660135
3879.5,3.8795,7.9376622639660255
3880.0,3.8800000000000026,7.930025682592969
3880.5,3.880499999999998,7.932525682592946
3881.0,3.8810000000000002,7.935025682592958
3881.5,3.8815000000000026,7.927442130644664
3882.0,3.881999999999998,7.9299421306446405
3882.5,3.8825000000000003,7.932442130644652
3883.0,3.8830000000000027,7.924914123989915
3883.5,3.883499999999998,7.927414123989891
3884.0,3.8840000000000003,7.929914123989903
3884.5,3.8845000000000027,7.922448317170883
3885.0,3.884999999999998,7.924948317170859
3885.5,3.8855000000000004,7.927448317170871
3886.0,3.886000000000003,7.9200616926946665
3886.5,3.886499999999998,7.922561692694643
3887.0,3.8870000000000005,7.925061692694655
3887.5,3.887500000000003,7.917746479289818
3888.0,3.887999999999998,7.920246479289794
3888.5,3.8885000000000005,7.922746479289806
3889.0,3.889000000000003,7.91547638775139
3889.5,3.889499999999998,7.9179763877513665
3890.0,3.8900000000000006,7.920476387751378
3890.5,3.890500000000003,7.913233849825119
3891.0,3.8909999999999982,7.915733849825095
3891.5,3.8915000000000006,7.918233849825107
3892.0,3.892000000000003,7.910984333550886
3892.5,3.8924999999999983,7.913484333550862
3893.0,3.8930000000000007,7.915984333550874
3893.5,3.893500000000003,7.9086968131739255
3894.0,3.8939999999999984,7.911196813173902
3894.5,3.8945000000000007,7.913696813173914
3895.0,3.895000000000003,7.90635333154988
3895.5,3.8954999999999984,7.908853331549857
3896.0,3.896000000000001,7.9113533315498685
3896.5,3.896500000000003,7.903907411826303
3897.0,3.8969999999999985,7.9064074118262795
3897.5,3.897500000000001,7.908907411826291
3898.0,3.8980000000000032,7.9013706127602745
3898.5,3.8984999999999985,7.903870612760251
3899.0,3.899000000000001,7.906370612760263
3899.5,3.8995000000000033,7.898769661240799
3900.0,3.8999999999999986,7.901269661240775
3900.5,3.900500000000001,7.903769661240787
3901.0,3.9010000000000034,7.896116078335105
3901.5,3.9014999999999986,7.898616078335081
3902.0,3.902000000000001,7.901116078335093
3902.5,3.9025000000000034,7.893417223935657
3903.0,3.9029999999999987,7.8959172239356334
3903.5,3.903500000000001,7.898417223935645
3904.0,3.9039999999999964,7.890648861697933
3904.5,3.9044999999999987,7.893148861697945
3905.0,3.905000000000001,7.895648861697957
3905.5,3.9055000000000035,7.887826247736207
3906.0,3.905999999999999,7.8903262477361835
3906.5,3.906500000000001,7.8928262477361955
3907.0,3.9069999999999965,7.884946697667665
3907.5,3.907499999999999,7.887446697667677
3908.0,3.9080000000000013,7.889946697667689
3908.5,3.9085000000000036,7.88200032136114
3909.0,3.908999999999999,7.8845003213611164
3909.5,3.9095000000000013,7.887000321361128
3910.0,3.9099999999999966,7.878996790165189
3910.5,3.910499999999999,7.881496790165201
3911.0,3.9110000000000014,7.883996790165213
3911.5,3.9115000000000038,7.875921585160981
3912.0,3.911999999999999,7.878421585160957
3912.5,3.9125000000000014,7.880921585160969
3913.0,3.9129999999999967,7.872793306219137
3913.5,3.913499999999999,7.875293306219149
3914.0,3.9140000000000015,7.877793306219161
3914.5,3.9144999999999968,7.869621334425467
3915.0,3.914999999999999,7.872121334425479
3915.5,3.9155000000000015,7.874621334425491
3916.0,3.915999999999997,7.866394596620481
3916.5,3.916499999999999,7.868894596620493
3917.0,3.9170000000000016,7.871394596620505
3917.5,3.917499999999997,7.863134743931219
3918.0,3.9179999999999993,7.865634743931231
3918.5,3.9185000000000016,7.868134743931243
3919.0,3.918999999999997,7.859861833719535
3919.5,3.9194999999999993,7.862361833719547
3920.0,3.9200000000000017,7.864861833719559
3920.5,3.920499999999997,7.856582015843685
3921.0,3.9209999999999994,7.859082015843697
3921.5,3.9215000000000018,7.861582015843709
3922.0,3.921999999999997,7.853288473880475
3922.5,3.9224999999999994,7.855788473880487
3923.0,3.923000000000002,7.858288473880499
3923.5,3.923499999999997,7.849975792931367
3924.0,3.9239999999999995,7.852475792931379
3924.5,3.924500000000002,7.854975792931391
3925.0,3.924999999999997,7.846610651088319
3925.5,3.9254999999999995,7.849110651088331
3926.0,3.926000000000002,7.851610651088343
3926.5,3.926499999999997,7.85411065108832
3927.0,3.9269999999999996,7.845672444698728
3927.5,3.927500000000002,7.84817244469874
3928.0,3.9279999999999973,7.850672444698716
3928.5,3.9284999999999997,7.842144073474984
3929.0,3.929000000000002,7.844644073474996
3929.5,3.9294999999999973,7.847144073474972
3930.0,3.9299999999999997,7.838488182547145
3930.5,3.930500000000002,7.840988182547157
3931.0,3.9309999999999974,7.843488182547134
3931.5,3.9314999999999998,7.834668294489617
3932.0,3.932000000000002,7.837168294489629
3932.5,3.9324999999999974,7.839668294489606
3933.0,3.933,7.830646154859231
3933.5,3.933500000000002,7.833146154859243
3934.0,3.9339999999999975,7.835646154859219
3934.5,3.9345,7.826395319179689
3935.0,3.9350000000000023,7.828895319179701
3935.5,3.9354999999999976,7.831395319179677
3936.0,3.936,7.821934719778589
3936.5,3.9365000000000023,7.824434719778601
3937.0,3.9369999999999976,7.826934719778578
3937.5,3.9375,7.817300158287992
3938.0,3.9380000000000024,7.819800158288004
3938.5,3.9384999999999977,7.82230015828798
3939.0,3.939,7.812527709267165
3939.5,3.9395000000000024,7.815027709267177
3940.0,3.9399999999999977,7.817527709267154
3940.5,3.9405,7.807642647932447
3941.0,3.9410000000000025,7.810142647932459
3941.5,3.941499999999998,7.812642647932435
3942.0,3.942,7.8026949821959235
3942.5,3.9425000000000026,7.805194982195935
3943.0,3.942999999999998,7.807694982195912
3943.5,3.9435000000000002,7.797747117466436
3944.0,3.9440000000000026,7.800247117466448
3944.5,3.944499999999998,7.802747117466424
3945.0,3.9450000000000003,7.79288752694967
3945.5,3.9455000000000027,7.795387526949682
3946.0,3.945999999999998,7.797887526949658
3946.5,3.9465000000000003,7.7881637817788985
3947.0,3.9470000000000027,7.79066378177891
3947.5,3.947499999999998,7.793163781778887
3948.0,3.9480000000000004,7.783630798527987
3948.5,3.948500000000003,7.786130798527999
3949.0,3.948999999999998,7.788630798527976
3949.5,3.9495000000000005,7.779346195237906
3950.0,3.950000000000003,7.781846195237918
3950.5,3.950499999999998,7.7843461952378945
3951.0,3.9510000000000005,7.77533419251391
3951.5,3.951500000000003,7.777834192513922
3952.0,3.951999999999998,7.780334192513898
3952.5,3.9525000000000006,7.771624365988288
3953.0,3.953000000000003,7.7741243659883
3953.5,3.9534999999999982,7.776624365988276
3954.0,3.9540000000000006,7.768222450572146
3954.5,3.954500000000003,7.770722450572158
3955.0,3.9549999999999983,7.773222450572135
3955.5,3.9555000000000007,7.765108802668088
3956.0,3.956000000000003,7.7676088026681
3956.5,3.9564999999999984,7.7701088026680765
3957.0,3.9570000000000007,7.7622521045903525
3957.5,3.957500000000003,7.7647521045903645
3958.0,3.9579999999999984,7.767252104590341
3958.5,3.958500000000001,7.759584904994021
3959.0,3.959000000000003,7.762084904994033
3959.5,3.9594999999999985,7.76458490499401
3960.0,3.960000000000001,7.757033840399821
3960.5,3.9605000000000032,7.759533840399833
3961.0,3.9609999999999985,7.762033840399809
3961.5,3.961500000000001,7.754530716291548
3962.0,3.9620000000000033,7.75703071629156
3962.5,3.9624999999999986,7.759530716291536
3963.0,3.963000000000001,7.751975035810297
3963.5,3.9635000000000034,7.754475035810309
3964.0,3.9639999999999986,7.756975035810285
3964.5,3.964500000000001,7.749302298307619
3965.0,3.9650000000000034,7.751802298307631
3965.5,3.9654999999999987,7.754302298307607
3966.0,3.966000000000001,7.74649410104832
3966.5,3.9664999999999964,7.748994101048297
3967.0,3.9669999999999987,7.7514941010483085
3967.5,3.967500000000001,7.743538461760977
3968.0,3.9680000000000035,7.746038461760989
3968.5,3.968499999999999,7.748538461760965
3969.0,3.969000000000001,7.740439770572998
3969.5,3.9694999999999965,7.742939770572974
3970.0,3.969999999999999,7.745439770572986
3970.5,3.9705000000000013,7.737223571382614
3971.0,3.9710000000000036,7.739723571382626
3971.5,3.971499999999999,7.742223571382603
3972.0,3.9720000000000013,7.733928238937793
3972.5,3.9724999999999966,7.736428238937769
3973.0,3.972999999999999,7.738928238937781
3973.5,3.9735000000000014,7.7305721184621135
3974.0,3.9740000000000038,7.733072118462125
3974.5,3.974499999999999,7.735572118462102
3975.0,3.9750000000000014,7.727206561341831
3975.5,3.9754999999999967,7.729706561341807
3976.0,3.975999999999999,7.732206561341819
3976.5,3.9765000000000015,7.723875237924567
3977.0,3.9769999999999968,7.726375237924543
3977.5,3.977499999999999,7.728875237924555
3978.0,3.9780000000000015,7.720648900467459
3978.5,3.978499999999997,7.723148900467436
3979.0,3.978999999999999,7.725648900467448
3979.5,3.9795000000000016,7.717570248258383
3980.0,3.979999999999997,7.720070248258359
3980.5,3.9804999999999993,7.722570248258371
3981.0,3.9810000000000016,7.714706523238171
3981.5,3.981499999999997,7.717206523238147
3982.0,3.9819999999999993,7.719706523238159
3982.5,3.9825000000000017,7.712082494489181
3983.0,3.982999999999997,7.714582494489157
3983.5,3.9834999999999994,7.717082494489169
3984.0,3.9840000000000018,7.709697459149147
3984.5,3.984499999999997,7.712197459149124
3985.0,3.9849999999999994,7.714697459149136
3985.5,3.985500000000002,7.707531700444505
3986.0,3.985999999999997,7.710031700444482
3986.5,3.9864999999999995,7.712531700444494
3987.0,3.987000000000002,7.7055332106318275
3987.5,3.987499999999997,7.708033210631804
3988.0,3.9879999999999995,7.710533210631816
3988.5,3.988500000000002,7.703633448923348
3989.0,3.988999999999997,7.706133448923325
3989.5,3.9894999999999996,7.708633448923337
3990.0,3.990000000000002,7.701764238652977
3990.5,3.9904999999999973,7.704264238652954
3991.0,3.9909999999999997,7.706764238652966
3991.5,3.991500000000002,7.699862441899441
3992.0,3.9919999999999973,7.702362441899417
3992.5,3.9924999999999997,7.704862441899429
3993.0,3.993000000000002,7.6978653209773995
3993.5,3.9934999999999974,7.700365320977376
3994.0,3.9939999999999998,7.702865320977388
3994.5,3.994500000000002,7.695743349327806
3995.0,3.9949999999999974,7.698243349327782
3995.5,3.9955,7.700743349327794
3996.0,3.996000000000002,7.693464494704045
3996.5,3.9964999999999975,7.695964494704022
3997.0,3.997,7.698464494704034
3997.5,3.9975000000000023,7.690994772671509
3998.0,3.9979999999999976,7.693494772671485
3998.5,3.9985,7.695994772671497
3999.0,3.9990000000000023,7.688316912355262
3999.5,3.9994999999999976,7.690816912355238
4000.0,4.0,7.69331691235525
4000.5,4.000500000000002,7.685398739564491
4001.0,4.000999999999998,7.687898739564467
4001.5,4.0015,7.690398739564479
4002.0,4.0020000000000024,7.692898739564491
4002.5,4.002499999999998,7.684713007644923
4003.0,4.003,7.687213007644935
4003.5,4.0035000000000025,7.689713007644947
4004.0,4.003999999999998,7.681252115744712
4004.5,4.0045,7.683752115744724
4005.0,4.005000000000003,7.686252115744736
4005.5,4.005499999999998,7.677544913535677
4006.0,4.006,7.6800449135356885
4006.5,4.006500000000003,7.6825449135357005
4007.0,4.006999999999998,7.673635206706422
4007.5,4.0075,7.676135206706434
4008.0,4.008000000000003,7.678635206706446
4008.5,4.008499999999998,7.669570523463882
4009.0,4.009,7.672070523463894
4009.5,4.009500000000003,7.674570523463906
4010.0,4.009999999999998,7.665425745427612
4010.5,4.0105,7.667925745427624
4011.0,4.011000000000003,7.670425745427636
4011.5,4.011499999999998,7.661261128366519
4012.0,4.0120000000000005,7.663761128366531
4012.5,4.012500000000003,7.666261128366543
4013.0,4.012999999999998,7.657139712908325
4013.5,4.0135000000000005,7.659639712908337
4014.0,4.014000000000003,7.662139712908349
4014.5,4.014499999999998,7.6531032358010265
4015.0,4.015000000000001,7.655603235801038
4015.5,4.015500000000003,7.65810323580105
4016.0,4.015999999999998,7.6491566798162935
4016.5,4.016500000000001,7.6516566798163055
4017.0,4.017000000000003,7.654156679816317
4017.5,4.017499999999998,7.645306979458901
4018.0,4.018000000000001,7.647806979458913
4018.5,4.018500000000003,7.650306979458925
4019.0,4.018999999999998,7.641530922166986
4019.5,4.019500000000001,7.644030922166998
4020.0,4.020000000000003,7.64653092216701
4020.5,4.020499999999998,7.6378147610794045
4021.0,4.021000000000001,7.640314761079416
4021.5,4.021500000000003,7.642814761079428
4022.0,4.0219999999999985,7.634136701652103
4022.5,4.022500000000001,7.636636701652115
4023.0,4.022999999999996,7.639136701652092
4023.5,4.0234999999999985,7.630469931979498
4024.0,4.024000000000001,7.63296993197951
4024.5,4.024500000000003,7.635469931979522
4025.0,4.024999999999999,7.626804540458707
4025.5,4.025500000000001,7.629304540458719
4026.0,4.025999999999996,7.631804540458695
4026.5,4.026499999999999,7.623091915870539
4027.0,4.027000000000001,7.625591915870551
4027.5,4.027500000000003,7.628091915870563
4028.0,4.027999999999999,7.619303983968031
4028.5,4.028500000000001,7.621803983968043
4029.0,4.028999999999996,7.624303983968019
4029.5,4.029499999999999,7.6154043333985655
4030.0,4.030000000000001,7.617904333398577
4030.5,4.0305000000000035,7.620404333398589
4031.0,4.030999999999999,7.611404781329547
4031.5,4.031500000000001,7.613904781329559
4032.0,4.0319999999999965,7.6164047813295355
4032.5,4.032499999999999,7.607340986393609
4033.0,4.033000000000001,7.609840986393621
4033.5,4.033500000000004,7.612340986393633
4034.0,4.033999999999999,7.603235389324858
4034.5,4.034500000000001,7.60573538932487
4035.0,4.034999999999997,7.608235389324847
4035.5,4.035499999999999,7.599092385797768
4036.0,4.036000000000001,7.60159238579778
4036.5,4.036500000000004,7.604092385797792
4037.0,4.036999999999999,7.594950179247846
4037.5,4.037500000000001,7.597450179247858
4038.0,4.037999999999997,7.599950179247834
4038.5,4.038499999999999,7.590855205952529
4039.0,4.0390000000000015,7.593355205952541
4039.5,4.039500000000004,7.595855205952553
4040.0,4.039999999999999,7.586833576387164
4040.5,4.0405000000000015,7.589333576387176
4041.0,4.040999999999997,7.5918335763871525
4041.5,4.041499999999999,7.582919539250703
4042.0,4.042000000000002,7.585419539250715
4042.5,4.042500000000004,7.587919539250727
4043.0,4.042999999999999,7.5791363478581175
4043.5,4.043500000000002,7.5816363478581295
4044.0,4.043999999999997,7.584136347858106
4044.5,4.044499999999999,7.575513719109921
4045.0,4.045000000000002,7.578013719109933
4045.5,4.045499999999997,7.580513719109909
4046.0,4.045999999999999,7.572082349853382
4046.5,4.046500000000002,7.574582349853394
4047.0,4.046999999999997,7.57708234985337
4047.5,4.047499999999999,7.568873558755307
4048.0,4.048000000000002,7.571373558755319
4048.5,4.048499999999997,7.573873558755295
4049.0,4.0489999999999995,7.565895655148758
4049.5,4.049500000000002,7.56839565514877
4050.0,4.049999999999997,7.570895655148746
4050.5,4.0504999999999995,7.563135917773636
4051.0,4.051000000000002,7.565635917773648
4051.5,4.051499999999997,7.568135917773624
4052.0,4.052,7.560565867471887
4052.5,4.052500000000002,7.563065867471899
4053.0,4.052999999999997,7.565565867471875
4053.5,4.0535,7.5581558871583
4054.0,4.054000000000002,7.560655887158312
4054.5,4.054499999999997,7.563155887158288
4055.0,4.055,7.555847441465495
4055.5,4.055500000000002,7.558347441465507
4056.0,4.055999999999997,7.560847441465484
4056.5,4.0565,7.553596592156389
4057.0,4.057000000000002,7.5560965921564005
4057.5,4.057499999999997,7.558596592156377
4058.0,4.058,7.55133996010418
4058.5,4.058500000000002,7.553839960104192
4059.0,4.0589999999999975,7.556339960104168
4059.5,4.0595,7.549045361691782
4060.0,4.060000000000002,7.551545361691794
4060.5,4.0604999999999976,7.55404536169177
4061.0,4.061,7.546676865102739
4061.5,4.061500000000002,7.549176865102751
4062.0,4.061999999999998,7.551676865102728
4062.5,4.0625,7.544181247034807
4063.0,4.063000000000002,7.546681247034819
4063.5,4.063499999999998,7.549181247034795
4064.0,4.064,7.541552022234619
4064.5,4.0645000000000024,7.544052022234631
4065.0,4.064999999999998,7.546552022234607
4065.5,4.0655,7.538778062628815
4066.0,4.0660000000000025,7.541278062628827
4066.5,4.066499999999998,7.543778062628803
4067.0,4.067,7.535834456195154
4067.5,4.067500000000003,7.538334456195166
4068.0,4.067999999999998,7.540834456195142
4068.5,4.0685,7.532732797806254
4069.0,4.069000000000003,7.535232797806266
4069.5,4.069499999999998,7.5377327978062425
4070.0,4.07,7.529494614615189
4070.5,4.070500000000003,7.531994614615201
4071.0,4.070999999999998,7.534494614615177
4071.5,4.0715,7.526142140488652
4072.0,4.072000000000003,7.528642140488664
4072.5,4.072499999999998,7.53114214048864
4073.0,4.073,7.522699540231486
4073.5,4.073500000000003,7.5251995402314975
4074.0,4.073999999999998,7.527699540231474
4074.5,4.0745000000000005,7.5191964931388
4075.0,4.075000000000003,7.521696493138812
4075.5,4.075499999999998,7.524196493138788
4076.0,4.0760000000000005,7.5156714432214855
4076.5,4.076500000000003,7.518171443221497
4077.0,4.076999999999998,7.520671443221474
4077.5,4.077500000000001,7.523171443221486
4078.0,4.078000000000003,7.5146314020740235
4078.5,4.078499999999998,7.517131402074
4079.0,4.079000000000001,7.519631402074012
4079.5,4.079500000000003,7.511073112489441
4080.0,4.079999999999998,7.513573112489418
4080.5,4.080500000000001,7.51607311248943
4081.0,4.081000000000003,7.5075154019205215
4081.5,4.081499999999998,7.510015401920498
4082.0,4.082000000000001,7.51251540192051
4082.5,4.082500000000003,7.5039394182769925
4083.0,4.082999999999998,7.506439418276969
4083.5,4.083500000000001,7.508939418276981
4084.0,4.084000000000003,7.500320161851732
4084.5,4.0844999999999985,7.502820161851709
4085.0,4.085000000000001,7.505320161851721
4085.5,4.085499999999996,7.496607007398488
4086.0,4.0859999999999985,7.4991070073985
4086.5,4.086500000000001,7.501607007398512
4087.0,4.087000000000003,7.492788057848188
4087.5,4.087499999999999,7.495288057848164
4088.0,4.088000000000001,7.497788057848176
4088.5,4.088499999999996,7.488846236897686
4089.0,4.088999999999999,7.491346236897698
4089.5,4.089500000000001,7.49384623689771
4090.0,4.090000000000003,7.48477409693816
4090.5,4.090499999999999,7.487274096938137
4091.0,4.091000000000001,7.489774096938149
4091.5,4.091499999999996,7.480559951095707
4092.0,4.091999999999999,7.4830599510957185
4092.5,4.092500000000001,7.4855599510957305
4093.0,4.0930000000000035,7.476212410767964
4093.5,4.093499999999999,7.47871241076794
4094.0,4.094000000000001,7.481212410767952
4094.5,4.0944999999999965,7.471751843389782
4095.0,4.094999999999999,7.474251843389794
4095.5,4.095500000000001,7.476751843389806
4096.0,4.096000000000004,7.467179781528479
4096.5,4.096499999999999,7.4696797815284555
4097.0,4.097000000000001,7.472179781528467
4097.5,4.097499999999997,7.46248729612919
4098.0,4.097999999999999,7.464987296129202
4098.5,4.098500000000001,7.467487296129214
4099.0,4.099000000000004,7.457707198674619
4099.5,4.099499999999999,7.4602071986745955
4100.0,4.100000000000001,7.462707198674607
4100.5,4.100499999999997,7.45286514952241
4101.0,4.100999999999999,7.455365149522422
4101.5,4.1015000000000015,7.4578651495224335
4102.0,4.102000000000004,7.448001058241225
4102.5,4.102499999999999,7.450501058241201
4103.0,4.1030000000000015,7.453001058241213
4103.5,4.103499999999997,7.44314822869562
4104.0,4.103999999999999,7.445648228695632
4104.5,4.104500000000002,7.4481482286956435
4105.0,4.105000000000004,7.438353608825388
4105.5,4.105499999999999,7.440853608825364
4106.0,4.106000000000002,7.443353608825376
4106.5,4.106499999999997,7.433662840151278
4107.0,4.106999999999999,7.43616284015129
4107.5,4.107500000000002,7.438662840151302
4108.0,4.107999999999997,7.429116228574344
4108.5,4.108499999999999,7.431616228574356
4109.0,4.109000000000002,7.434116228574368
4109.5,4.109499999999997,7.4247478102116915
4110.0,4.109999999999999,7.427247810211703
4110.5,4.110500000000002,7.429747810211715
4111.0,4.110999999999997,7.420578072148487
4111.5,4.1114999999999995,7.423078072148499
4112.0,4.112000000000002,7.425578072148511
4112.5,4.112499999999997,7.416614889388633
4113.0,4.1129999999999995,7.419114889388645
4113.5,4.113500000000002,7.421614889388657
4114.0,4.113999999999997,7.4128987021144965
4114.5,4.1145,7.4153987021145085
4115.0,4.115000000000002,7.41789870211452
4115.5,4.115499999999997,7.409400503327355
4116.0,4.116,7.411900503327367
4116.5,4.116500000000002,7.4144005033273785
4117.0,4.116999999999997,7.406082444741742
4117.5,4.1175,7.408582444741754
4118.0,4.118000000000002,7.411082444741766
4118.5,4.118499999999997,7.402913950433252
4119.0,4.119,7.405413950433264
4119.5,4.119500000000002,7.407913950433276
4120.0,4.119999999999997,7.399864058116279
4120.5,4.1205,7.402364058116291
4121.0,4.121000000000002,7.404864058116303
4121.5,4.1214999999999975,7.396896166405256
4122.0,4.122,7.399396166405268
4122.5,4.122500000000002,7.40189616640528
4123.0,4.1229999999999976,7.3939763983220885
4123.5,4.1235,7.3964763983221005
4124.0,4.124000000000002,7.398976398322112
4124.5,4.124499999999998,7.391089110015621
4125.0,4.125,7.393589110015633
4125.5,4.125500000000002,7.3960891100156445
4126.0,4.125999999999998,7.388228515168365
4126.5,4.1265,7.390728515168377
4127.0,4.1270000000000024,7.3932285151683885
4127.5,4.127499999999998,7.385400100025912
4128.0,4.128,7.387900100025924
4128.5,4.1285000000000025,7.390400100025936
4129.0,4.128999999999998,7.3826030713276936
4129.5,4.1295,7.3851030713277055
4130.0,4.130000000000003,7.387603071327717
4130.5,4.130499999999998,7.379833004115923
4131.0,4.131,7.382333004115935
4131.5,4.131500000000003,7.384833004115947
4132.0,4.131999999999998,7.377103917971084
4132.5,4.1325,7.379603917971096
4133.0,4.133000000000003,7.382103917971108
4133.5,4.133499999999998,7.3744014740533
4134.0,4.134,7.376901474053312
4134.5,4.134500000000003,7.379401474053324
4135.0,4.134999999999998,7.371706493021897
4135.5,4.1355,7.374206493021909
4136.0,4.136000000000003,7.376706493021921
4136.5,4.136499999999998,7.368983637011013
4137.0,4.1370000000000005,7.371483637011025
4137.5,4.137500000000003,7.373983637011037
4138.0,4.137999999999998,7.3662241329208555
4138.5,4.1385000000000005,7.3687241329208675
4139.0,4.139000000000003,7.371224132920879
4139.5,4.139499999999998,7.36344813817567
4140.0,4.140000000000001,7.365948138175682
4140.5,4.140500000000003,7.368448138175694
4141.0,4.140999999999998,7.360669578488803
4141.5,4.141500000000001,7.363169578488815
4142.0,4.142000000000003,7.365669578488827
4142.5,4.142499999999998,7.35789389065026
4143.0,4.143000000000001,7.360393890650272
4143.5,4.143500000000003,7.362893890650284
4144.0,4.143999999999998,7.355134035662445
4144.5,4.144500000000001,7.357634035662457
4145.0,4.145000000000003,7.360134035662469
4145.5,4.145499999999998,7.352389310748926
4146.0,4.146000000000001,7.354889310748938
4146.5,4.146500000000003,7.35738931074895
4147.0,4.1469999999999985,7.3496764118651114
4147.5,4.147500000000001,7.352176411865123
4148.0,4.147999999999996,7.3546764118651
4148.5,4.1484999999999985,7.346957938690295
4149.0,4.149000000000001,7.349457938690307
4149.5,4.149500000000003,7.351957938690319
4150.0,4.149999999999999,7.3442192556978725
4150.5,4.150500000000001,7.346719255697884
4151.0,4.150999999999996,7.349219255697861
4151.5,4.151499999999999,7.34142090064708
4152.0,4.152000000000001,7.343920900647092
4152.5,4.152500000000003,7.346420900647104
4153.0,4.152999999999999,7.34892090064708
4153.5,4.153500000000001,7.341039112020056
4154.0,4.153999999999996,7.343539112020032
4154.5,4.154499999999999,7.346039112020044
4155.0,4.155000000000001,7.338034708355963
4155.5,4.1555000000000035,7.340534708355975
4156.0,4.155999999999999,7.343034708355951
4156.5,4.156500000000001,7.334881825836277
4157.0,4.1569999999999965,7.337381825836253
4157.5,4.157499999999999,7.339881825836265
4158.0,4.158000000000001,7.331568850559194
4158.5,4.158500000000004,7.3340688505592055
4159.0,4.158999999999999,7.336568850559182
4159.5,4.159500000000001,7.3280760835980985
4160.0,4.159999999999997,7.330576083598075
4160.5,4.160499999999999,7.333076083598087
4161.0,4.161000000000001,7.324387508641408
4161.5,4.161500000000004,7.32688750864142
4162.0,4.161999999999999,7.329387508641396
4162.5,4.162500000000001,7.320490343567307
4163.0,4.162999999999997,7.322990343567284
4163.5,4.163499999999999,7.325490343567296
4164.0,4.1640000000000015,7.316372622576246
4164.5,4.164500000000004,7.318872622576258
4165.0,4.164999999999999,7.321372622576234
4165.5,4.1655000000000015,7.312007026125791
4166.0,4.165999999999997,7.314507026125767
4166.5,4.166499999999999,7.317007026125779
4167.0,4.167000000000002,7.307400584776609
4167.5,4.167500000000004,7.309900584776621
4168.0,4.167999999999999,7.312400584776597
4168.5,4.168500000000002,7.302562728713511
4169.0,4.168999999999997,7.305062728713487
4169.5,4.169499999999999,7.307562728713499
4170.0,4.170000000000002,7.297539022722681
4170.5,4.170499999999997,7.3000390227226575
4171.0,4.170999999999999,7.302539022722669
4171.5,4.171500000000002,7.292340409264568
4172.0,4.171999999999997,7.294840409264545
4172.5,4.172499999999999,7.297340409264557
4173.0,4.173000000000002,7.28699669544369
4173.5,4.173499999999997,7.289496695443667
4174.0,4.1739999999999995,7.291996695443679
4174.5,4.174500000000002,7.281551664679604
4175.0,4.174999999999997,7.2840516646795805
4175.5,4.1754999999999995,7.2865516646795925
4176.0,4.176000000000002,7.27604789268856
4176.5,4.176499999999997,7.278547892688536
4177.0,4.177,7.281047892688548
4177.5,4.177500000000002,7.27052303227282
4178.0,4.177999999999997,7.273023032272796
4178.5,4.1785,7.275523032272808
4179.0,4.179000000000002,7.26501942697741
4179.5,4.179499999999997,7.267519426977387
4180.0,4.18,7.270019426977399
4180.5,4.180500000000002,7.259565034850084
4181.0,4.180999999999997,7.26206503485006
4181.5,4.1815,7.264565034850072
4182.0,4.182000000000002,7.254190327585981
4182.5,4.182499999999997,7.256690327585957
4183.0,4.183,7.259190327585969
4183.5,4.183500000000002,7.248895313736554
4184.0,4.1839999999999975,7.251395313736531
4184.5,4.1845,7.2538953137365425
4185.0,4.185000000000002,7.243689575791379
4185.5,4.1854999999999976,7.246189575791355
4186.0,4.186,7.248689575791367
4186.5,4.186500000000002,7.238561869638573
4187.0,4.186999999999998,7.24106186963855
4187.5,4.1875,7.243561869638562
4188.0,4.188000000000002,7.233501907040392
4188.5,4.188499999999998,7.236001907040368
4189.0,4.189,7.23850190704038
4189.5,4.1895000000000024,7.228506120467735
4190.0,4.189999999999998,7.231006120467711
4190.5,4.1905,7.233506120467723
4191.0,4.1910000000000025,7.223546745495746
4191.5,4.191499999999998,7.226046745495722
4192.0,4.192,7.228546745495734
4192.5,4.192500000000003,7.218599787161715
4193.0,4.192999999999998,7.221099787161691
4193.5,4.1935,7.223599787161703
4194.0,4.194000000000003,7.213647747315406
4194.5,4.194499999999998,7.216147747315382
4195.0,4.195,7.218647747315394
4195.5,4.195500000000003,7.208664038754442
4196.0,4.195999999999998,7.2111640387544185
4196.5,4.1965,7.21366403875443
4197.0,4.197000000000003,7.2036482181203
4197.5,4.197499999999998,7.206148218120276
4198.0,4.198,7.208648218120288
4198.5,4.198500000000003,7.198618354280839
4199.0,4.198999999999998,7.2011183542808155
4199.5,4.1995000000000005,7.203618354280827
4200.0,4.200000000000003,7.193586145772208
4200.5,4.200499999999998,7.196086145772185
4201.0,4.2010000000000005,7.198586145772197
4201.5,4.201500000000003,7.188572502846142
4202.0,4.201999999999998,7.191072502846119
4202.5,4.202500000000001,7.193572502846131
4203.0,4.203000000000003,7.1836280070584735
4203.5,4.203499999999998,7.18612800705845
4204.0,4.204000000000001,7.188628007058462
4204.5,4.204500000000003,7.178787512718046
4205.0,4.204999999999998,7.181287512718022
4205.5,4.205500000000001,7.183787512718034
4206.0,4.206000000000003,7.174071446569776
4206.5,4.206499999999998,7.176571446569753
4207.0,4.207000000000001,7.179071446569765
4207.5,4.207500000000003,7.1694976135304955
4208.0,4.207999999999998,7.171997613530472
4208.5,4.208500000000001,7.174497613530484
4209.0,4.209000000000003,7.165073472121648
4209.5,4.2094999999999985,7.167573472121624
4210.0,4.210000000000001,7.170073472121636
4210.5,4.210499999999996,7.160809035393463
4211.0,4.2109999999999985,7.163309035393475
4211.5,4.211500000000001,7.165809035393487
4212.0,4.212000000000003,7.156717472918359
4212.5,4.212499999999999,7.1592174729183355
4213.0,4.213000000000001,7.1617174729183475
4213.5,4.213499999999996,7.152792912626893
4214.0,4.213999999999999,7.155292912626905
4214.5,4.214500000000001,7.157792912626917
4215.0,4.215000000000003,7.149027377922792
4215.5,4.215499999999999,7.151527377922768
4216.0,4.216000000000001,7.15402737792278
4216.5,4.216499999999996,7.145388125674437
4217.0,4.216999999999999,7.147888125674449
4217.5,4.217500000000001,7.150388125674461
4218.0,4.2180000000000035,7.141829946100664
4218.5,4.218499999999999,7.14432994610064
4219.0,4.219000000000001,7.146829946100652
4219.5,4.2194999999999965,7.138326525127816
4220.0,4.219999999999999,7.140826525127828
4220.5,4.220500000000001,7.14332652512784
4221.0,4.221000000000004,7.134827675794604
4221.5,4.221499999999999,7.13732767579458
4222.0,4.222000000000001,7.139827675794592
4222.5,4.222499999999997,7.131300912723972
4223.0,4.222999999999999,7.133800912723984
4223.5,4.223500000000001,7.136300912723996
4224.0,4.224000000000004,7.127729307121484
4224.5,4.224499999999999,7.130229307121461
4225.0,4.225000000000001,7.132729307121473
4225.5,4.225499999999997,7.124099320901784
4226.0,4.225999999999999,7.126599320901796
4226.5,4.2265000000000015,7.129099320901808
4227.0,4.227000000000004,7.120396088613781
4227.5,4.227499999999999,7.122896088613757
4228.0,4.2280000000000015,7.125396088613769
4228.5,4.228499999999997,7.1278960886137455
4229.0,4.228999999999999,7.119115957603164
4229.5,4.229500000000002,7.121615957603176
4230.0,4.230000000000004,7.124115957603188
4230.5,4.230499999999999,7.115282853880984
4231.0,4.231000000000002,7.117782853880996
4231.5,4.231499999999997,7.120282853880973
4232.0,4.231999999999999,7.111425473501853
4232.5,4.232500000000002,7.113925473501865
4233.0,4.232999999999997,7.116425473501842
4233.5,4.233499999999999,7.107582171810307
4234.0,4.234000000000002,7.110082171810319
4234.5,4.234499999999997,7.1125821718102955
4235.0,4.234999999999999,7.103778820075384
4235.5,4.235500000000002,7.106278820075396
4236.0,4.235999999999997,7.108778820075372
4236.5,4.2364999999999995,7.100023762147529
4237.0,4.237000000000002,7.102523762147541
4237.5,4.237499999999997,7.105023762147518
4238.0,4.2379999999999995,7.09634859685071
4238.5,4.238500000000002,7.098848596850722
4239.0,4.238999999999997,7.101348596850698
4239.5,4.2395,7.092758418066012
4240.0,4.240000000000002,7.095258418066024
4240.5,4.240499999999997,7.097758418066
4241.0,4.241,7.089264402384572
4241.5,4.241500000000002,7.091764402384584
4242.0,4.241999999999997,7.09426440238456
4242.5,4.2425,7.085855606790581
4243.0,4.243000000000002,7.088355606790593
4243.5,4.243499999999997,7.090855606790569
4244.0,4.244,7.082539408105468
4244.5,4.244500000000002,7.08503940810548
4245.0,4.244999999999997,7.087539408105457
4245.5,4.2455,7.079317966767604
4246.0,4.246000000000002,7.081817966767616
4246.5,4.2464999999999975,7.084317966767593
4247.0,4.247,7.076161654906379
4247.5,4.247500000000002,7.078661654906391
4248.0,4.2479999999999976,7.081161654906367
4248.5,4.2485,7.0730620879304595
4249.0,4.249000000000002,7.0755620879304715
4249.5,4.249499999999998,7.078062087930448
4250.0,4.25,7.069971131844426
4250.5,4.250500000000002,7.072471131844438
4251.0,4.250999999999998,7.074971131844414
4251.5,4.2515,7.066839898255672
4252.0,4.2520000000000024,7.069339898255684
4252.5,4.252499999999998,7.071839898255661
4253.0,4.253,7.063630141698596
4253.5,4.2535000000000025,7.066130141698608
4254.0,4.253999999999998,7.068630141698584
4254.5,4.2545,7.060263265740403
4255.0,4.255000000000003,7.062763265740415
4255.5,4.255499999999998,7.065263265740391
4256.0,4.256,7.056673044305981
4256.5,4.256500000000003,7.059173044305993
4257.0,4.256999999999998,7.061673044305969
4257.5,4.2575,7.052826726424897
4258.0,4.258000000000003,7.055326726424909
4258.5,4.258499999999998,7.057826726424885
4259.0,4.259,7.048720594111515
4259.5,4.259500000000003,7.051220594111527
4260.0,4.259999999999998,7.053720594111503
4260.5,4.2605,7.044361531540204
4261.0,4.261000000000003,7.046861531540216
4261.5,4.261499999999998,7.0493615315401925
4262.0,4.2620000000000005,7.039781954648987
4262.5,4.262500000000003,7.042281954648999
4263.0,4.262999999999998,7.044781954648975
4263.5,4.2635000000000005,7.0349757360165555
4264.0,4.264000000000003,7.037475736016567
4264.5,4.264499999999998,7.039975736016544
4265.0,4.265000000000001,7.0299878931592374
4265.5,4.265500000000003,7.032487893159249
4266.0,4.265999999999998,7.034987893159226
4266.5,4.266500000000001,7.024873239339442
4267.0,4.267000000000003,7.027373239339454
4267.5,4.267499999999998,7.02987323933943
4268.0,4.268000000000001,7.019664564700641
4268.5,4.268500000000003,7.0221645647006525
4269.0,4.268999999999998,7.024664564700629
4269.5,4.269500000000001,7.014421480006483
4270.0,4.270000000000003,7.016921480006495
4270.5,4.270499999999998,7.019421480006471
4271.0,4.271000000000001,7.0091818772398184
4271.5,4.271500000000003,7.01168187723983
4272.0,4.2719999999999985,7.014181877239807
4272.5,4.272500000000001,7.003990282642114
4273.0,4.272999999999996,7.0064902826420905
4273.5,4.2734999999999985,7.008990282642102
4274.0,4.274000000000001,6.998876235628906
4274.5,4.274500000000003,7.001376235628918
4275.0,4.274999999999999,7.003876235628894
4275.5,4.275500000000001,6.993865929389678
4276.0,4.275999999999996,6.996365929389654
4276.5,4.276499999999999,6.998865929389666
4277.0,4.277000000000001,6.988978925077376
4277.5,4.277500000000003,6.991478925077388
4278.0,4.277999999999999,6.993978925077364
4278.5,4.278500000000001,6.9842021231199425
4279.0,4.278999999999996,6.986702123119919
4279.5,4.279499999999999,6.989202123119931
4280.0,4.280000000000001,6.97953026473872
4280.5,4.2805000000000035,6.982030264738732
4281.0,4.280999999999999,6.984530264738709
4281.5,4.281500000000001,6.974946965912707
4282.0,4.2819999999999965,6.977446965912684
4282.5,4.282499999999999,6.979946965912696
4283.0,4.283000000000001,6.970428571232823
4283.5,4.283500000000004,6.972928571232835
4284.0,4.283999999999999,6.975428571232811
4284.5,4.284500000000001,6.965954527409828
4285.0,4.284999999999997,6.968454527409804
4285.5,4.285499999999999,6.970954527409816
4286.0,4.286000000000001,6.961503116390411
4286.5,4.286500000000004,6.964003116390423
4287.0,4.286999999999999,6.966503116390399
4287.5,4.287500000000001,6.957072080133244
4288.0,4.287999999999997,6.959572080133221
4288.5,4.288499999999999,6.9620720801332325
4289.0,4.2890000000000015,6.952636713371447
4289.5,4.289500000000004,6.955136713371459
4290.0,4.289999999999999,6.957636713371436
4290.5,4.2905000000000015,6.948178704965109
4291.0,4.290999999999997,6.950678704965085
4291.5,4.291499999999999,6.953178704965097
4292.0,4.292000000000002,6.943673536372295
4292.5,4.292500000000004,6.9461735363723065
4293.0,4.292999999999999,6.948673536372283
4293.5,4.293500000000002,6.939103466647971
4294.0,4.293999999999997,6.941603466647948
4294.5,4.294499999999999,6.9441034666479595
4295.0,4.295000000000002,6.934446955064502
4295.5,4.295499999999997,6.936946955064478
4296.0,4.295999999999999,6.93944695506449
4296.5,4.296500000000002,6.929696295787089
4297.0,4.296999999999997,6.932196295787065
4297.5,4.297499999999999,6.934696295787077
4298.0,4.298000000000002,6.924876758729042
4298.5,4.298499999999997,6.927376758729018
4299.0,4.2989999999999995,6.92987675872903
4299.5,4.299500000000002,6.920021170441544
4300.0,4.299999999999997,6.92252117044152
4300.5,4.3004999999999995,6.925021170441532
4301.0,4.301000000000002,6.915156631534103
4301.5,4.301499999999997,6.917656631534079
4302.0,4.302,6.920156631534091
4302.5,4.302500000000002,6.910331770208842
4303.0,4.302999999999997,6.912831770208818
4303.5,4.3035,6.91533177020883
4304.0,4.304000000000002,6.917831770208842
4304.5,4.304499999999997,6.908061398511869
4305.0,4.305,6.910561398511881
4305.5,4.305500000000002,6.913061398511893
4306.0,4.305999999999997,6.903370720985507
4306.5,4.3065,6.905870720985519
4307.0,4.307000000000002,6.9083707209855305
4307.5,4.307499999999997,6.898787763482517
4308.0,4.308,6.901287763482529
4308.5,4.308500000000002,6.903787763482541
4309.0,4.3089999999999975,6.894333710101144
4309.5,4.3095,6.896833710101156
4310.0,4.310000000000002,6.899333710101168
4310.5,4.3104999999999976,6.89001949258099
4311.0,4.311,6.892519492581002
4311.5,4.311500000000002,6.895019492581014
4312.0,4.311999999999998,6.885860102343635
4312.5,4.3125,6.888360102343647
4313.0,4.313000000000002,6.890860102343659
4313.5,4.313499999999998,6.881861685281692
4314.0,4.314,6.884361685281704
4314.5,4.3145000000000024,6.8868616852817155
4315.0,4.314999999999998,6.878023872652719
4315.5,4.3155,6.880523872652731
4316.0,4.3160000000000025,6.883023872652743
4316.5,4.316499999999998,6.874346835618006
4317.0,4.317,6.876846835618018
4317.5,4.317500000000003,6.87934683561803
4318.0,4.317999999999998,6.870801040778574
4318.5,4.3185,6.8733010407785855
4319.0,4.319000000000003,6.875801040778597
4319.5,4.319499999999998,6.867356537992819
4320.0,4.32,6.869856537992831
4320.5,4.320500000000003,6.872356537992843
4321.0,4.320999999999998,6.863986647332823
4321.5,4.3215,6.8664866473328345
4322.0,4.322000000000003,6.8689866473328465
4322.5,4.322499999999998,6.860638639114427
4323.0,4.323,6.863138639114439
4323.5,4.323500000000003,6.865638639114451
4324.0,4.323999999999998,6.857243264217914
4324.5,4.3245000000000005,6.859743264217926
4325.0,4.325000000000003,6.862243264217938
4325.5,4.325499999999998,6.853751407255686
4326.0,4.3260000000000005,6.856251407255698
4326.5,4.326500000000003,6.85875140725571
4327.0,4.326999999999998,6.8501268928328685
4327.5,4.327500000000001,6.85262689283288
4328.0,4.328000000000003,6.855126892832892
4328.5,4.328499999999998,6.846298471235954
4329.0,4.329000000000001,6.848798471235966
4329.5,4.329500000000003,6.851298471235978
4330.0,4.329999999999998,6.842254520947009
4330.5,4.330500000000001,6.844754520947021
4331.0,4.331000000000003,6.847254520947033
4331.5,4.331499999999998,6.837990966687606
4332.0,4.332000000000001,6.840490966687618
4332.5,4.332500000000003,6.84299096668763
4333.0,4.332999999999998,6.833524079818929
4333.5,4.333500000000001,6.836024079818941
4334.0,4.334000000000003,6.838524079818953
4334.5,4.3344999999999985,6.828879512479027
4335.0,4.335000000000001,6.831379512479039
4335.5,4.335499999999996,6.833879512479015
4336.0,4.3359999999999985,6.824066317519524
4336.5,4.336500000000001,6.826566317519536
4337.0,4.337000000000003,6.829066317519548
4337.5,4.337499999999999,6.819164191960816
4338.0,4.338000000000001,6.821664191960828
4338.5,4.338499999999996,6.824164191960804
4339.0,4.338999999999999,6.814221983029363
4339.5,4.339500000000001,6.816721983029375
4340.0,4.340000000000003,6.8192219830293865
4340.5,4.340499999999999,6.809311289963205
4341.0,4.341000000000001,6.811811289963217
4341.5,4.341499999999996,6.814311289963193
4342.0,4.341999999999999,6.804514566539268
4342.5,4.342500000000001,6.80701456653928
4343.0,4.3430000000000035,6.809514566539292
4343.5,4.343499999999999,6.799875246783991
4344.0,4.344000000000001,6.802375246784003
4344.5,4.3444999999999965,6.804875246783979
4345.0,4.344999999999999,6.795434128117499
4345.5,4.345500000000001,6.797934128117511
4346.0,4.346000000000004,6.800434128117523
4346.5,4.346499999999999,6.791200357793805
4347.0,4.347000000000001,6.793700357793817
4347.5,4.347499999999997,6.7962003577937935
4348.0,4.347999999999999,6.7871728534612785
4348.5,4.348500000000001,6.7896728534612905
4349.0,4.349000000000004,6.792172853461302
4349.5,4.349499999999999,6.7833446918070806
4350.0,4.350000000000001,6.7858446918070925
4350.5,4.350499999999997,6.788344691807069
4351.0,4.350999999999999,6.77969849079183
4351.5,4.3515000000000015,6.782198490791842
4352.0,4.352000000000004,6.784698490791854
4352.5,4.352499999999999,6.776182982031145
4353.0,4.3530000000000015,6.778682982031157
4353.5,4.353499999999997,6.781182982031133
4354.0,4.353999999999999,6.772728827843331
4354.5,4.354500000000002,6.775228827843343
4355.0,4.355000000000004,6.7777288278433545
4355.5,4.355499999999999,6.769301506291114
4356.0,4.356000000000002,6.771801506291126
4356.5,4.356499999999997,6.774301506291103
4357.0,4.356999999999999,6.765821197531423
4357.5,4.357500000000002,6.768321197531435
4358.0,4.357999999999997,6.770821197531411
4358.5,4.358499999999999,6.762237862536864
4359.0,4.359000000000002,6.764737862536876
4359.5,4.359499999999997,6.767237862536852
4360.0,4.359999999999999,6.758485715379976
4360.5,4.360500000000002,6.760985715379988
4361.0,4.360999999999997,6.763485715379964
4361.5,4.3614999999999995,6.754514066324191
4362.0,4.362000000000002,6.757014066324203
4362.5,4.362499999999997,6.759514066324179
4363.0,4.3629999999999995,6.75030486510142
4363.5,4.363500000000002,6.752804865101432
4364.0,4.363999999999997,6.755304865101408
4364.5,4.3645,6.745833242282906
4365.0,4.365000000000002,6.748333242282918
4365.5,4.365499999999997,6.750833242282894
4366.0,4.366,6.741124905588514
4366.5,4.366500000000002,6.743624905588526
4367.0,4.366999999999997,6.746124905588502
4367.5,4.3675,6.7362156424583475
4368.0,4.368000000000002,6.738715642458359
4368.5,4.368499999999997,6.741215642458336
4369.0,4.369,6.731170605890462
4369.5,4.369500000000002,6.733670605890474
4370.0,4.369999999999997,6.73617060589045
4370.5,4.3705,6.726040999688365
4371.0,4.371000000000002,6.728540999688377
4371.5,4.3714999999999975,6.731040999688354
4372.0,4.372,6.72087479899691
4372.5,4.372500000000002,6.723374798996922
4373.0,4.3729999999999976,6.725874798996898
4373.5,4.3735,6.71572911678993
4374.0,4.374000000000002,6.718229116789942
4374.5,4.374499999999998,6.720729116789919
4375.0,4.375,6.710667922715494
4375.5,4.375500000000002,6.713167922715506
4376.0,4.375999999999998,6.7156679227154825
4376.5,4.3765,6.705732944008496
4377.0,4.3770000000000024,6.708232944008508
4377.5,4.377499999999998,6.710732944008484
4378.0,4.378,6.700948029862239
4378.5,4.3785000000000025,6.703448029862251
4379.0,4.378999999999998,6.705948029862228
4379.5,4.3795,6.7084480298622395
4380.0,4.380000000000003,6.698827790298054
4380.5,4.380499999999998,6.701327790298031
4381.0,4.381,6.7038277902980425
4381.5,4.381500000000003,6.694398278240961
4382.0,4.381999999999998,6.696898278240937
4382.5,4.3825,6.699398278240949
4383.0,4.383000000000003,6.690152723428682
4383.5,4.383499999999998,6.692652723428658
4384.0,4.384,6.69515272342867
4384.5,4.384500000000003,6.686070598626976
4385.0,4.384999999999998,6.688570598626953
4385.5,4.3855,6.691070598626965
4386.0,4.386000000000003,6.682134513062152
4386.5,4.386499999999998,6.684634513062129
4387.0,4.3870000000000005,6.687134513062141
4387.5,4.387500000000003,6.678307083316284
4388.0,4.387999999999998,6.68080708331626
4388.5,4.3885000000000005,6.683307083316272
4389.0,4.389000000000003,6.674518439269761
4389.5,4.389499999999998,6.677018439269737
4390.0,4.390000000000001,6.679518439269749
4390.5,4.390500000000003,6.670708098001477
4391.0,4.390999999999998,6.673208098001453
4391.5,4.391500000000001,6.675708098001465
4392.0,4.392000000000003,6.666815740564616
4392.5,4.392499999999998,6.669315740564592
4393.0,4.393000000000001,6.671815740564604
4393.5,4.393500000000003,6.662809281689341
4394.0,4.393999999999998,6.665309281689318
4394.5,4.394500000000001,6.66780928168933
4395.0,4.395000000000003,6.6586220518057
4395.5,4.395499999999998,6.661122051805677
4396.0,4.396000000000001,6.663622051805689
4396.5,4.396500000000003,6.654224816527403
4397.0,4.3969999999999985,6.65672481652738
4397.5,4.397500000000001,6.6592248165273915
4398.0,4.397999999999996,6.649607729759666
4398.5,4.3984999999999985,6.652107729759678
4399.0,4.399000000000001,6.6546077297596895
4399.5,4.399500000000003,6.644785599742278
4400.0,4.399999999999999,6.647285599742254
4400.5,4.400500000000001,6.649785599742266
4401.0,4.400999999999996,6.639776071830816
4401.5,4.401499999999999,6.642276071830828
4402.0,4.402000000000001,6.64477607183084
4402.5,4.402500000000003,6.634638984506012
4403.0,4.402999999999999,6.637138984505988
4403.5,4.403500000000001,6.639638984506
4404.0,4.403999999999996,6.629429239483997
4404.5,4.404499999999999,6.631929239484009
4405.0,4.405000000000001,6.634429239484021
4405.5,4.4055000000000035,6.624195106695012
4406.0,4.405999999999999,6.626695106694989
4406.5,4.406500000000001,6.629195106695001
4407.0,4.4069999999999965,6.6189704234934155
4407.5,4.407499999999999,6.621470423493427
4408.0,4.408000000000001,6.623970423493439
4408.5,4.408500000000004,6.613779301527991
4409.0,4.408999999999999,6.6162793015279675
4409.5,4.409500000000001,6.618779301527979
4410.0,4.409999999999997,6.608644436562798
4410.5,4.410499999999999,6.61114443656281
4411.0,4.411000000000001,6.613644436562822
4411.5,4.411500000000004,6.6035879500484285
4412.0,4.411999999999999,6.606087950048405
4412.5,4.412500000000001,6.608587950048417
4413.0,4.412999999999997,6.598632800455881
4413.5,4.413499999999999,6.601132800455893
4414.0,4.4140000000000015,6.603632800455905
4414.5,4.414500000000004,6.593786540059661
4415.0,4.414999999999999,6.596286540059637
4415.5,4.4155000000000015,6.598786540059649
4416.0,4.415999999999997,6.589049350290352
4416.5,4.416499999999999,6.591549350290364
4417.0,4.417000000000002,6.594049350290376
4417.5,4.417500000000004,6.584429216427523
4418.0,4.417999999999999,6.5869292164274995
4418.5,4.418500000000002,6.5894292164275114
4419.0,4.418999999999997,6.579973229767937
4419.5,4.419499999999999,6.582473229767949
4420.0,4.420000000000002,6.584973229767961
4420.5,4.420499999999997,6.575678584822668
4421.0,4.420999999999999,6.57817858482268
4421.5,4.421500000000002,6.580678584822692
4422.0,4.421999999999997,6.571496393498002
4422.5,4.422499999999999,6.573996393498014
4423.0,4.423000000000002,6.576496393498026
4423.5,4.423499999999997,6.567385508216219
4424.0,4.4239999999999995,6.569885508216231
4424.5,4.424500000000002,6.572385508216243
4425.0,4.424999999999997,6.563281508472194
4425.5,4.4254999999999995,6.565781508472206
4426.0,4.426000000000002,6.568281508472218
4426.5,4.426499999999997,6.559082401421392
4427.0,4.427,6.561582401421404
4427.5,4.427500000000002,6.564082401421416
4428.0,4.427999999999997,6.55473615592161
4428.5,4.4285,6.557236155921622
4429.0,4.429000000000002,6.559736155921634
4429.5,4.429499999999997,6.550189366933665
4430.0,4.43,6.552689366933677
4430.5,4.430500000000002,6.555189366933689
4431.0,4.430999999999997,6.545397321094377
4431.5,4.4315,6.547897321094389
4432.0,4.432000000000002,6.550397321094401
4432.5,4.432499999999997,6.540362826009449
4433.0,4.433,6.542862826009461
4433.5,4.433500000000002,6.545362826009473
4434.0,4.4339999999999975,6.535102437457212
4434.5,4.4345,6.537602437457224
4435.0,4.435000000000002,6.540102437457236
4435.5,4.4354999999999976,6.529672727924485
4436.0,4.436,6.532172727924497
4436.5,4.436500000000002,6.534672727924509
4437.0,4.436999999999998,6.52409645913238
4437.5,4.4375,6.526596459132392
4438.0,4.438000000000002,6.529096459132404
4438.5,4.438499999999998,6.518405547649628
4439.0,4.439,6.52090554764964
4439.5,4.4395000000000024,6.523405547649652
4440.0,4.439999999999998,6.51262900368117
4440.5,4.4405,6.5151290036811815
4441.0,4.4410000000000025,6.5176290036811935
4441.5,4.441499999999998,6.50679977546563
4442.0,4.442,6.509299775465642
4442.5,4.442500000000003,6.511799775465654
4443.0,4.442999999999998,6.500966627439055
4443.5,4.4435,6.503466627439067
4444.0,4.444000000000003,6.505966627439079
4444.5,4.444499999999998,6.495186443493104
4445.0,4.445,6.497686443493116
4445.5,4.445500000000003,6.500186443493128
4446.0,4.445999999999998,6.489520522083403
4446.5,4.4465,6.492020522083415
4447.0,4.447000000000003,6.494520522083427
4447.5,4.447499999999998,6.484025315836881
4448.0,4.448,6.486525315836893
4448.5,4.448500000000003,6.489025315836905
4449.0,4.448999999999998,6.478777851592241
4449.5,4.4495000000000005,6.481277851592253
4450.0,4.450000000000003,6.483777851592265
4450.5,4.450499999999998,6.473794198739071
4451.0,4.4510000000000005,6.476294198739083
4451.5,4.451500000000003,6.478794198739095
4452.0,4.451999999999998,6.469067521321321
4452.5,4.452500000000001,6.471567521321333
4453.0,4.453000000000003,6.474067521321345
4453.5,4.453499999999998,6.464555087509893
4454.0,4.454000000000001,6.467055087509905
4454.5,4.454500000000003,6.469555087509917
4455.0,4.454999999999998,6.472055087509894
4455.5,4.455500000000001,6.462715373022299
4456.0,4.456000000000003,6.4652153730223105
4456.5,4.456499999999998,6.467715373022287
4457.0,4.457000000000001,6.458509417053371
4457.5,4.457500000000003,6.461009417053383
4458.0,4.457999999999998,6.463509417053359
4458.5,4.458500000000001,6.4543771012201745
4459.0,4.459000000000003,6.456877101220186
4459.5,4.4594999999999985,6.459377101220163
4460.0,4.460000000000001,6.45024336569044
4460.5,4.460499999999996,6.4527433656904165
4461.0,4.4609999999999985,6.4552433656904284
4461.5,4.461500000000001,6.446046128572611
4462.0,4.462000000000003,6.448546128572623
4462.5,4.462499999999999,6.4510461285725995
4463.0,4.463000000000001,6.441743429081654
4463.5,4.463499999999996,6.444243429081631
4464.0,4.463999999999999,6.446743429081643
4464.5,4.464500000000001,6.437297336069392
4465.0,4.465000000000003,6.439797336069404
4465.5,4.465499999999999,6.44229733606938
4466.0,4.466000000000001,6.432687050524706
4466.5,4.466499999999996,6.435187050524682
4467.0,4.466999999999999,6.437687050524694
4467.5,4.467500000000001,6.427896706126184
4468.0,4.4680000000000035,6.430396706126196
4468.5,4.468499999999999,6.432896706126172
4469.0,4.469000000000001,6.422923344883635
4469.5,4.4694999999999965,6.425423344883612
4470.0,4.469999999999999,6.427923344883624
4470.5,4.470500000000001,6.417808598876178
4471.0,4.471000000000004,6.42030859887619
4471.5,4.471499999999999,6.422808598876166
4472.0,4.472000000000001,6.412569454336747
4472.5,4.472499999999997,6.415069454336724
4473.0,4.472999999999999,6.417569454336736
4473.5,4.473500000000001,6.40728382982072
4474.0,4.474000000000004,6.409783829820732
4474.5,4.474499999999999,6.4122838298207085
4475.0,4.475000000000001,6.402029040396826
4475.5,4.475499999999997,6.4045290403968025
4476.0,4.475999999999999,6.407029040396814
4476.5,4.4765000000000015,6.3968665094395405
4477.0,4.477000000000004,6.399366509439552
4477.5,4.477499999999999,6.401866509439529
4478.0,4.4780000000000015,6.3918296279640785
4478.5,4.478499999999997,6.394329627964055
4479.0,4.478999999999999,6.396829627964067
4479.5,4.479500000000002,6.3869676527730945
4480.0,4.480000000000004,6.3894676527731065
4480.5,4.480499999999999,6.391967652773083
4481.0,4.481000000000002,6.382271729815088
4481.5,4.481499999999997,6.384771729815064
4482.0,4.481999999999999,6.387271729815076
4482.5,4.482500000000002,6.3777362820177075
4483.0,4.482999999999997,6.380236282017684
4483.5,4.483499999999999,6.382736282017696
4484.0,4.484000000000002,6.373365862922711
4484.5,4.484499999999997,6.375865862922687
4485.0,4.484999999999999,6.378365862922699
4485.5,4.485500000000002,6.369142581886038
4486.0,4.485999999999997,6.3716425818860145
4486.5,4.4864999999999995,6.3741425818860264
4487.0,4.487000000000002,6.365066972573139
4487.5,4.487499999999997,6.367566972573115
4488.0,4.4879999999999995,6.370066972573127
4488.5,4.488500000000002,6.361115196566267
4489.0,4.488999999999997,6.3636151965662435
4489.5,4.4895,6.3661151965662555
4490.0,4.490000000000002,6.357252650164149
4490.5,4.490499999999997,6.3597526501641255
4491.0,4.491,6.362252650164137
4491.5,4.491500000000002,6.353442665414697
4492.0,4.491999999999997,6.355942665414673
4492.5,4.4925,6.358442665414685
4493.0,4.493000000000002,6.349627054717537
4493.5,4.493499999999997,6.3521270547175135
4494.0,4.494,6.354627054717525
4494.5,4.494500000000002,6.345762007863804
4495.0,4.494999999999997,6.348262007863781
4495.5,4.4955,6.350762007863793
4496.0,4.496000000000002,6.341789665753197
4496.5,4.4964999999999975,6.344289665753173
4497.0,4.497,6.346789665753185
4497.5,4.497500000000002,6.337695028203143
4498.0,4.4979999999999976,6.340195028203119
4498.5,4.4985,6.342695028203131
4499.0,4.499000000000002,6.333478553882941
4499.5,4.499499999999998,6.335978553882917
4500.0,4.5,6.338478553882929
4500.5,4.500500000000002,6.3291363452894345
4501.0,4.500999999999998,6.331636345289411
4501.5,4.5015,6.334136345289423
4502.0,4.5020000000000024,6.324690297000295
4502.5,4.502499999999998,6.327190297000271
4503.0,4.503,6.329690297000283
4503.5,4.5035000000000025,6.320186865868216
4504.0,4.503999999999998,6.322686865868192
4504.5,4.5045,6.325186865868204
4505.0,4.505000000000003,6.315645221409838
4505.5,4.505499999999998,6.318145221409814
4506.0,4.506,6.320645221409826
4506.5,4.506500000000003,6.311077633061082
4507.0,4.506999999999998,6.313577633061058
4507.5,4.5075,6.31607763306107
4508.0,4.508000000000003,6.306478653429508
4508.5,4.508499999999998,6.3089786534294845
4509.0,4.509,6.311478653429496
4509.5,4.509500000000003,6.301839365525872
4510.0,4.509999999999998,6.304339365525848
4510.5,4.5105,6.30683936552586
4511.0,4.511000000000003,6.297154597455936
4511.5,4.511499999999998,6.299654597455913
4512.0,4.5120000000000005,6.3021545974559245
4512.5,4.512500000000003,6.292398313944574
4513.0,4.512999999999998,6.29489831394455
4513.5,4.5135000000000005,6.297398313944562
4514.0,4.514000000000003,6.28757016274065
4514.5,4.514499999999998,6.290070162740626
4515.0,4.515000000000001,6.292570162740638
4515.5,4.515500000000003,6.282653847952844
4516.0,4.515999999999998,6.28515384795282
4516.5,4.516500000000001,6.287653847952832
4517.0,4.517000000000003,6.277640926056485
4517.5,4.517499999999998,6.280140926056461
4518.0,4.518000000000001,6.282640926056473
4518.5,4.518500000000003,6.272530648160348
4519.0,4.518999999999998,6.275030648160325
4519.5,4.519500000000001,6.277530648160337
4520.0,4.520000000000003,6.267365375523788
4520.5,4.520499999999998,6.269865375523764
4521.0,4.521000000000001,6.272365375523776
4521.5,4.521500000000003,6.26216004452484
4522.0,4.5219999999999985,6.264660044524817
4522.5,4.522500000000001,6.267160044524829
4523.0,4.522999999999996,6.256923409126749
4523.5,4.5234999999999985,6.259423409126761
4524.0,4.524000000000001,6.261923409126773
4524.5,4.524500000000003,6.251670417714408
4525.0,4.524999999999999,6.254170417714384
4525.5,4.525500000000001,6.256670417714396
4526.0,4.525999999999996,6.246383858195124
4526.5,4.526499999999999,6.248883858195136
4527.0,4.527000000000001,6.2513838581951475
4527.5,4.527500000000003,6.241040034599266
4528.0,4.527999999999999,6.243540034599242
4528.5,4.528500000000001,6.246040034599254
4529.0,4.528999999999996,6.235627500606533
4529.5,4.529499999999999,6.238127500606545
4530.0,4.530000000000001,6.240627500606557
4530.5,4.5305000000000035,6.243127500606569
4531.0,4.530999999999999,6.232640018704849
4531.5,4.531500000000001,6.235140018704861
4532.0,4.5319999999999965,6.2376400187048375
4532.5,4.532499999999999,6.227070072293408
4533.0,4.533000000000001,6.22957007229342
4533.5,4.533500000000004,6.232070072293432
4534.0,4.533999999999999,6.221423402639914
4534.5,4.534500000000001,6.223923402639926
4535.0,4.534999999999997,6.226423402639902
4535.5,4.535499999999999,6.215721050939322
4536.0,4.536000000000001,6.218221050939334
4536.5,4.536500000000004,6.220721050939346
4537.0,4.536999999999999,6.209976858204982
4537.5,4.537500000000001,6.212476858204994
4538.0,4.537999999999997,6.21497685820497
4538.5,4.538499999999999,6.204204649845764
4539.0,4.5390000000000015,6.206704649845776
4539.5,4.539500000000004,6.209204649845788
4540.0,4.539999999999999,6.198438467548897
4540.5,4.5405000000000015,6.200938467548909
4541.0,4.540999999999997,6.203438467548885
4541.5,4.541499999999999,6.192695055524027
4542.0,4.542000000000002,6.195195055524039
4542.5,4.542500000000004,6.197695055524051
4543.0,4.542999999999999,6.18698220695002
4543.5,4.543500000000002,6.189482206950032
4544.0,4.543999999999997,6.191982206950009
4544.5,4.544499999999999,6.181313122401697
4545.0,4.545000000000002,6.183813122401709
4545.5,4.545499999999997,6.186313122401685
4546.0,4.545999999999999,6.175683863142325
4546.5,4.546500000000002,6.178183863142337
4547.0,4.546999999999997,6.180683863142313
4547.5,4.547499999999999,6.170093441218931
4548.0,4.548000000000002,6.172593441218943
4548.5,4.548499999999997,6.17509344121892
4549.0,4.5489999999999995,6.164570445312236
4549.5,4.549500000000002,6.167070445312248
4550.0,4.549999999999997,6.169570445312225
4550.5,4.5504999999999995,6.159112075487663
4551.0,4.551000000000002,6.161612075487675
4551.5,4.551499999999997,6.164112075487651
4552.0,4.552,6.153728420999194
4552.5,4.552500000000002,6.156228420999206
4553.0,4.552999999999997,6.158728420999182
4553.5,4.5535,6.148423112569077
4554.0,4.554000000000002,6.150923112569089
4554.5,4.554499999999997,6.153423112569065
4555.0,4.555,6.143181880445034
4555.5,4.555500000000002,6.145681880445046
4556.0,4.555999999999997,6.148181880445023
4556.5,4.5565,6.138007561328251
4557.0,4.557000000000002,6.140507561328263
4557.5,4.557499999999997,6.14300756132824
4558.0,4.558,6.132911909409771
4558.5,4.558500000000002,6.1354119094097825
4559.0,4.5589999999999975,6.137911909409759
4559.5,4.5595,6.1278547461065
4560.0,4.560000000000002,6.130354746106512
4560.5,4.5604999999999976,6.132854746106489
4561.0,4.561,6.122799105582892
4561.5,4.561500000000002,6.125299105582904
4562.0,4.561999999999998,6.127799105582881
4562.5,4.5625,6.117722598313549
4563.0,4.563000000000002,6.1202225983135605
4563.5,4.563499999999998,6.122722598313537
4564.0,4.564,6.112603328521118
4564.5,4.5645000000000024,6.11510332852113
4565.0,4.564999999999998,6.117603328521106
4565.5,4.5655,6.10742599763622
4566.0,4.5660000000000025,6.109925997636232
4566.5,4.566499999999998,6.112425997636208
4567.0,4.567,6.10218528266131
4567.5,4.567500000000003,6.104685282661322
4568.0,4.567999999999998,6.107185282661298
4568.5,4.5685,6.096903195687915
4569.0,4.569000000000003,6.099403195687927
4569.5,4.569499999999998,6.101903195687903
4570.0,4.57,6.091602323595282
4570.5,4.570500000000003,6.094102323595294
4571.0,4.570999999999998,6.09660232359527
4571.5,4.5715,6.086324946122943
4572.0,4.572000000000003,6.088824946122955
4572.5,4.572499999999998,6.091324946122931
4573.0,4.573,6.081107578380163
4573.5,4.573500000000003,6.083607578380175
4574.0,4.573999999999998,6.086107578380151
4574.5,4.5745000000000005,6.075980858142245
4575.0,4.575000000000003,6.078480858142257
4575.5,4.575499999999998,6.080980858142233
4576.0,4.5760000000000005,6.0709755370189455
4576.5,4.576500000000003,6.0734755370189575
4577.0,4.576999999999998,6.075975537018934
4577.5,4.577500000000001,6.066096879038376
4578.0,4.578000000000003,6.068596879038388
4578.5,4.578499999999998,6.071096879038365
4579.0,4.579000000000001,6.061354228509046
4579.5,4.579500000000003,6.063854228509058
4580.0,4.579999999999998,6.066354228509034
4580.5,4.580500000000001,6.056759417335762
4581.0,4.581000000000003,6.059259417335774
4581.5,4.581499999999998,6.06175941733575
4582.0,4.582000000000001,6.052332935015343
4582.5,4.582500000000003,6.054832935015355
4583.0,4.582999999999998,6.0573329350153315
4583.5,4.583500000000001,6.048071754022466
4584.0,4.584000000000003,6.050571754022478
4584.5,4.5844999999999985,6.053071754022454
4585.0,4.585000000000001,6.043963235405094
4585.5,4.585499999999996,6.046463235405071
4586.0,4.5859999999999985,6.048963235405083
4586.5,4.586500000000001,6.040003056297607
4587.0,4.587000000000003,6.042503056297619
4587.5,4.587499999999999,6.045003056297595
4588.0,4.588000000000001,6.036158364982391
4588.5,4.588499999999996,6.038658364982368
4589.0,4.588999999999999,6.04115836498238
4589.5,4.589500000000001,6.032387059522009
4590.0,4.590000000000003,6.0348870595220205
4590.5,4.590499999999999,6.037387059521997
4591.0,4.591000000000001,6.028642106899333
4591.5,4.591499999999996,6.03114210689931
4592.0,4.591999999999999,6.033642106899322
4592.5,4.592500000000001,6.024855312261224
4593.0,4.5930000000000035,6.0273553122612356
4593.5,4.593499999999999,6.029855312261212
4594.0,4.594000000000001,6.020952923747274
4594.5,4.5944999999999965,6.02345292374725
4595.0,4.594999999999999,6.025952923747262
4595.5,4.595500000000001,6.016901922155746
4596.0,4.596000000000004,6.019401922155758
4596.5,4.596499999999999,6.021901922155735
4597.0,4.597000000000001,6.012679437906279
4597.5,4.597499999999997,6.015179437906255
4598.0,4.597999999999999,6.017679437906267
4598.5,4.598500000000001,6.008265220197337
4599.0,4.599000000000004,6.010765220197349
4599.5,4.599499999999999,6.013265220197326
4600.0,4.600000000000001,6.003665379128833
4600.5,4.600499999999997,6.006165379128809
4601.0,4.600999999999999,6.008665379128821
4601.5,4.6015000000000015,5.998905520142017
4602.0,4.602000000000004,6.001405520142029
4602.5,4.602499999999999,6.0039055201420055
4603.0,4.6030000000000015,5.994050376912803
4603.5,4.603499999999997,5.996550376912779
4604.0,4.603999999999999,5.999050376912791
4604.5,4.604500000000002,5.9891189213094975
4605.0,4.605000000000004,5.9916189213095095
4605.5,4.605499999999999,5.994118921309486
4606.0,4.606000000000002,5.996618921309498
4606.5,4.606499999999997,5.986675650368269
4607.0,4.606999999999999,5.989175650368281
4607.5,4.607500000000002,5.991675650368293
4608.0,4.608000000000004,5.981776483698376
4608.5,4.608499999999999,5.984276483698352
4609.0,4.609000000000002,5.986776483698364
4609.5,4.609499999999997,5.97696081917757
4610.0,4.609999999999999,5.979460819177582
4610.5,4.610500000000002,5.981960819177594
4611.0,4.610999999999997,5.972270127787276
4611.5,4.6114999999999995,5.974770127787288
4612.0,4.612000000000002,5.9772701277873
4612.5,4.612499999999997,5.967730238984537
4613.0,4.6129999999999995,5.9702302389845485
4613.5,4.613500000000002,5.9727302389845605
4614.0,4.613999999999997,5.963337260420047
4614.5,4.6145,5.965837260420059
4615.0,4.615000000000002,5.968337260420071
4615.5,4.615499999999997,5.959053885120795
4616.0,4.616,5.961553885120807
4616.5,4.616500000000002,5.964053885120819
4617.0,4.616999999999997,5.954852629858287
4617.5,4.6175,5.957352629858299
4618.0,4.618000000000002,5.959852629858311
4618.5,4.618499999999997,5.950703274668641
4619.0,4.619,5.9532032746686525
4619.5,4.619500000000002,5.9557032746686644
4620.0,4.619999999999997,5.9465684754756865
4620.5,4.6205,5.949068475475698
4621.0,4.621000000000002,5.95156847547571
4621.5,4.6214999999999975,5.942421358878676
4622.0,4.622,5.944921358878688
4622.5,4.622500000000002,5.9474213588786995
4623.0,4.6229999999999976,5.938236197493474
4623.5,4.6235,5.940736197493486
4624.0,4.624000000000002,5.943236197493498
4624.5,4.624499999999998,5.933986436615015
4625.0,4.625,5.936486436615027
4625.5,4.625500000000002,5.938986436615039
4626.0,4.625999999999998,5.929655457773393
4626.5,4.6265,5.932155457773405
4627.0,4.6270000000000024,5.934655457773417
4627.5,4.627499999999998,5.925215461725273
4628.0,4.628,5.927715461725285
4628.5,4.6285000000000025,5.930215461725297
4629.0,4.628999999999998,5.92062752397716
4629.5,4.6295,5.923127523977172
4630.0,4.630000000000003,5.925627523977184
4630.5,4.630499999999998,5.91586724033732
4631.0,4.631,5.918367240337332
4631.5,4.631500000000003,5.920867240337344
4632.0,4.631999999999998,5.910913161315747
4632.5,4.6325,5.913413161315759
4633.0,4.633000000000003,5.915913161315771
4633.5,4.633499999999998,5.9057525154034
4634.0,4.634,5.908252515403412
4634.5,4.634500000000003,5.9107525154034235
4635.0,4.634999999999998,5.900409392114376
4635.5,4.6355,5.902909392114388
4636.0,4.636000000000003,5.9054093921144
4636.5,4.636499999999998,5.89492054994512
4637.0,4.6370000000000005,5.8974205499451315
4637.5,4.637500000000003,5.8999205499451435
4638.0,4.637999999999998,5.889356238930112
4638.5,4.6385000000000005,5.891856238930124
4639.0,4.639000000000003,5.894356238930136
4639.5,4.639499999999998,5.883804733785034
4640.0,4.640000000000001,5.886304733785046
4640.5,4.640500000000003,5.888804733785058
4641.0,4.640999999999998,5.878326585761577
4641.5,4.641500000000001,5.880826585761589
4642.0,4.642000000000003,5.883326585761601
4642.5,4.642499999999998,5.872990562046674
4643.0,4.643000000000001,5.875490562046686
4643.5,4.643500000000003,5.877990562046698
4644.0,4.643999999999998,5.867841066811046
4644.5,4.644500000000001,5.870341066811058
4645.0,4.645000000000003,5.87284106681107
4645.5,4.645499999999998,5.862905614974245
4646.0,4.646000000000001,5.865405614974257
4646.5,4.646500000000003,5.867905614974269
4647.0,4.6469999999999985,5.858208837010679
4647.5,4.647500000000001,5.860708837010691
4648.0,4.647999999999996,5.863208837010667
4648.5,4.6484999999999985,5.853762802459208
4649.0,4.649000000000001,5.85626280245922
4649.5,4.649500000000003,5.858762802459232
4650.0,4.649999999999999,5.849549176819515
4650.5,4.650500000000001,5.852049176819527
4651.0,4.650999999999996,5.8545491768195035
4651.5,4.651499999999999,5.845543370622472
4652.0,4.652000000000001,5.848043370622484
4652.5,4.652500000000003,5.850543370622496
4653.0,4.652999999999999,5.841711425785725
4653.5,4.653500000000001,5.844211425785737
4654.0,4.653999999999996,5.846711425785713
4654.5,4.654499999999999,5.837999468803794
4655.0,4.655000000000001,5.840499468803806
4655.5,4.6555000000000035,5.842999468803818
4656.0,4.655999999999999,5.834342091395648
4656.5,4.656500000000001,5.83684209139566
4657.0,4.6569999999999965,5.839342091395636
4657.5,4.657499999999999,5.830668231761216
4658.0,4.658000000000001,5.833168231761228
4658.5,4.658500000000004,5.83566823176124
4659.0,4.658999999999999,5.826904856041075
4659.5,4.659500000000001,5.829404856041087
4660.0,4.659999999999997,5.831904856041064
4660.5,4.660499999999999,5.822999782972076
4661.0,4.661000000000001,5.825499782972088
4661.5,4.661500000000004,5.8279997829721
4662.0,4.661999999999999,5.818930835224059
4662.5,4.662500000000001,5.821430835224071
4663.0,4.662999999999997,5.823930835224047
4663.5,4.663499999999999,5.814682196189551
4664.0,4.6640000000000015,5.817182196189563
4664.5,4.664500000000004,5.819682196189575
4665.0,4.664999999999999,5.810224119868401
4665.5,4.6655000000000015,5.812724119868413
4666.0,4.665999999999997,5.81522411986839
4666.5,4.666499999999999,5.805560771162099
4667.0,4.667000000000002,5.808060771162111
4667.5,4.667500000000004,5.810560771162123
4668.0,4.667999999999999,5.80066308587881
4668.5,4.668500000000002,5.803163085878822
4669.0,4.668999999999997,5.805663085878798
4669.5,4.669499999999999,5.795505329960626
4670.0,4.670000000000002,5.798005329960638
4670.5,4.670500000000004,5.80050532996065
4671.0,4.670999999999999,5.790091926822356
4671.5,4.671500000000002,5.792591926822368
4672.0,4.671999999999997,5.795091926822344
4672.5,4.672499999999999,5.784474549979457
4673.0,4.673000000000002,5.786974549979469
4673.5,4.673499999999997,5.789474549979445
4674.0,4.6739999999999995,5.7786993981860135
4674.5,4.674500000000002,5.7811993981860255
4675.0,4.674999999999997,5.783699398186002
4675.5,4.6754999999999995,5.772861924612194
4676.0,4.676000000000002,5.775361924612206
4676.5,4.676499999999997,5.777861924612182
4677.0,4.677,5.767039058557373
4677.5,4.677500000000002,5.769539058557385
4678.0,4.677999999999997,5.772039058557361
4678.5,4.6785,5.761305079640202
4679.0,4.679000000000002,5.763805079640214
4679.5,4.679499999999997,5.7663050796401905
4680.0,4.68,5.755697759390657
4680.5,4.680500000000002,5.758197759390669
4681.0,4.680999999999997,5.760697759390645
4681.5,4.6815,5.763197759390657
4682.0,4.682000000000002,5.752723613799304
4682.5,4.682499999999997,5.755223613799281
4683.0,4.683,5.757723613799293
4683.5,4.683500000000002,5.747376754438918
4684.0,4.6839999999999975,5.749876754438894
4684.5,4.6845,5.752376754438906
4685.0,4.685000000000002,5.742129201486641
4685.5,4.6854999999999976,5.744629201486617
4686.0,4.686,5.747129201486629
4686.5,4.686500000000002,5.736930490049943
4687.0,4.686999999999998,5.739430490049919
4687.5,4.6875,5.741930490049931
4688.0,4.688000000000002,5.731728907948828
4688.5,4.688499999999998,5.734228907948804
4689.0,4.689,5.736728907948816
4689.5,4.6895000000000024,5.726488759164283
4690.0,4.689999999999998,5.72898875916426
4690.5,4.6905,5.731488759164272
4691.0,4.6910000000000025,5.7211933272338555
4691.5,4.691499999999998,5.723693327233832
4692.0,4.692,5.726193327233844
4692.5,4.692500000000003,5.715846463417229
4693.0,4.692999999999998,5.718346463417205
4693.5,4.6935,5.720846463417217
4694.0,4.694000000000003,5.710437710637812
4694.5,4.694499999999998,5.712937710637789
4695.0,4.695,5.715437710637801
4695.5,4.695500000000003,5.704950648303573
4696.0,4.695999999999998,5.707450648303549
4696.5,4.6965,5.709950648303561
4697.0,4.697000000000003,5.699369394336884
4697.5,4.697499999999998,5.70186939433686
4698.0,4.698,5.704369394336872
4698.5,4.698500000000003,5.693697877922332
4699.0,4.698999999999998,5.696197877922309
4699.5,4.6995000000000005,5.698697877922321
4700.0,4.700000000000003,5.687909412807137
4700.5,4.700499999999998,5.690409412807114
4701.0,4.7010000000000005,5.692909412807126
4701.5,4.701500000000003,5.6820063709931645
4702.0,4.701999999999998,5.684506370993141
4702.5,4.702500000000001,5.687006370993153
4703.0,4.703000000000003,5.675978284578811
4703.5,4.703499999999998,5.678478284578787
4704.0,4.704000000000001,5.680978284578799
4704.5,4.704500000000003,5.669850778462546
4705.0,4.704999999999998,5.672350778462523
4705.5,4.705500000000001,5.674850778462535
4706.0,4.706000000000003,5.663630504963741
4706.5,4.706499999999998,5.666130504963718
4707.0,4.707000000000001,5.66863050496373
4707.5,4.707500000000003,5.657344657727776
4708.0,4.707999999999998,5.659844657727753
4708.5,4.708500000000001,5.662344657727765
4709.0,4.709000000000003,5.651028067390769
4709.5,4.7094999999999985,5.653528067390745
4710.0,4.710000000000001,5.656028067390757
4710.5,4.710499999999996,5.644715006514431
4711.0,4.7109999999999985,5.647215006514443
4711.5,4.711500000000001,5.649715006514455
4712.0,4.712000000000003,5.63843551084279
4712.5,4.712499999999999,5.640935510842766
4713.0,4.713000000000001,5.643435510842778
4713.5,4.713499999999996,5.6322349143164985
4714.0,4.713999999999999,5.63473491431651
4714.5,4.714500000000001,5.637234914316522
4715.0,4.715000000000003,5.62610081503756
4715.5,4.715499999999999,5.628600815037537
4716.0,4.716000000000001,5.631100815037549
4716.5,4.716499999999996,5.620047265140862
4717.0,4.716999999999999,5.622547265140874
4717.5,4.717500000000001,5.625047265140886
4718.0,4.7180000000000035,5.614070521677448
4718.5,4.718499999999999,5.616570521677424
4719.0,4.719000000000001,5.619070521677436
4719.5,4.7194999999999965,5.60816091137692
4720.0,4.719999999999999,5.610660911376932
4720.5,4.720500000000001,5.613160911376944
4721.0,4.721000000000004,5.6023106989358595
4721.5,4.721499999999999,5.604810698935836
4722.0,4.722000000000001,5.607310698935848
4722.5,4.722499999999997,5.596493542679291
4723.0,4.722999999999999,5.5989935426793025
4723.5,4.723500000000001,5.601493542679314
4724.0,4.724000000000004,5.5906933593498565
4724.5,4.724499999999999,5.593193359349833
4725.0,4.725000000000001,5.595693359349845
4725.5,4.725499999999997,5.584885703526474
4726.0,4.725999999999999,5.587385703526486
4726.5,4.7265000000000015,5.589885703526498
4727.0,4.727000000000004,5.579035260273564
4727.5,4.727499999999999,5.58153526027354
4728.0,4.7280000000000015,5.584035260273552
4728.5,4.728499999999997,5.573114644695956
4729.0,4.728999999999999,5.575614644695968
4729.5,4.729500000000002,5.5781146446959795
4730.0,4.730000000000004,5.567126906031525
4730.5,4.730499999999999,5.569626906031502
4731.0,4.731000000000002,5.572126906031514
4731.5,4.731499999999997,5.561098526645267
4732.0,4.731999999999999,5.563598526645279
4732.5,4.732500000000002,5.566098526645291
4733.0,4.733000000000004,5.555051189307214
4733.5,4.733499999999999,5.5575511893071905
4734.0,4.734000000000002,5.560051189307202
4734.5,4.734499999999997,5.549024115735364
4735.0,4.734999999999999,5.551524115735376
4735.5,4.735500000000002,5.554024115735388
4736.0,4.735999999999997,5.543072817507486
4736.5,4.7364999999999995,5.545572817507498
4737.0,4.737000000000002,5.54807281750751
4737.5,4.737499999999997,5.537218819829057
4738.0,4.7379999999999995,5.539718819829069
4738.5,4.738500000000002,5.542218819829081
4739.0,4.738999999999997,5.531485415490991
4739.5,4.7395,5.533985415491003
4740.0,4.740000000000002,5.536485415491015
4740.5,4.740499999999997,5.52590292522293
4741.0,4.741,5.528402925222942
4741.5,4.741500000000002,5.530902925222954
4742.0,4.741999999999997,5.520495337751399
4742.5,4.7425,5.522995337751411
4743.0,4.743000000000002,5.525495337751423
4743.5,4.743499999999997,5.515251242433337
4744.0,4.744,5.517751242433349
4744.5,4.744500000000002,5.5202512424333605
4745.0,4.744999999999997,5.510183437903464
4745.5,4.7455,5.512683437903476
4746.0,4.746000000000002,5.515183437903488
4746.5,4.7464999999999975,5.5053086533406415
4747.0,4.747,5.507808653340653
4747.5,4.747500000000002,5.510308653340665
4748.0,4.7479999999999976,5.500614775020445
4748.5,4.7485,5.503114775020457
4749.0,4.749000000000002,5.505614775020469
4749.5,4.749499999999998,5.496084466777695
4750.0,4.75,5.498584466777707
4750.5,4.750500000000002,5.501084466777719
4751.0,4.750999999999998,5.49170216958224
4751.5,4.7515,5.494202169582252
4752.0,4.7520000000000024,5.496702169582264
4752.5,4.752499999999998,5.487423333678478
4753.0,4.753,5.48992333367849
4753.5,4.7535000000000025,5.492423333678502
4754.0,4.753999999999998,5.483206786721908
4754.5,4.7545,5.48570678672192
4755.0,4.755000000000003,5.488206786721932
4755.5,4.755499999999998,5.4790333656176315
4756.0,4.756,5.4815333656176435
4756.5,4.756500000000003,5.484033365617655
4757.0,4.756999999999998,5.486533365617632
4757.5,4.7575,5.477342056313184
4758.0,4.758000000000003,5.4798420563131955
4758.5,4.758499999999998,5.482342056313172
4759.0,4.759,5.473087837360531
4759.5,4.759500000000003,5.475587837360543
4760.0,4.759999999999998,5.478087837360519
4760.5,4.7605,5.4687307061344015
4761.0,4.761000000000003,5.471230706134413
4761.5,4.761499999999998,5.47373070613439
4762.0,4.7620000000000005,5.4642413812711155
4762.5,4.762500000000003,5.466741381271127
4763.0,4.762999999999998,5.469241381271104
4763.5,4.7635000000000005,5.4595926315866805
4764.0,4.764000000000003,5.4620926315866924
4764.5,4.764499999999998,5.464592631586669
4765.0,4.765000000000001,5.454807256531744
4765.5,4.765500000000003,5.457307256531756
4766.0,4.765999999999998,5.459807256531732
4766.5,4.766500000000001,5.449918931154265
4767.0,4.767000000000003,5.452418931154277
4767.5,4.767499999999998,5.454918931154253
4768.0,4.768000000000001,5.4449481739759165
4768.5,4.768500000000003,5.447448173975928
4769.0,4.768999999999998,5.449948173975905
4769.5,4.769500000000001,5.439933191198634
4770.0,4.770000000000003,5.442433191198646
4770.5,4.770499999999998,5.444933191198622
4771.0,4.771000000000001,5.434899585179203
4771.5,4.771500000000003,5.4373995851792145
4772.0,4.7719999999999985,5.439899585179191
4772.5,4.772500000000001,5.42987744384412
4773.0,4.772999999999996,5.432377443844096
4773.5,4.7734999999999985,5.434877443844108
4774.0,4.774000000000001,5.424914840063089
4774.5,4.774500000000003,5.427414840063101
4775.0,4.774999999999999,5.429914840063077
4775.5,4.775500000000001,5.420050471208313
4776.0,4.775999999999996,5.4225504712082895
4776.5,4.776499999999999,5.425050471208301
4777.0,4.777000000000001,5.41529115763332
4777.5,4.777500000000003,5.4177911576333315
4778.0,4.777999999999999,5.420291157633308
4778.5,4.778500000000001,5.410620386661762
4779.0,4.778999999999996,5.413120386661738
4779.5,4.779499999999999,5.41562038666175
4780.0,4.780000000000001,5.4060352039855175
4780.5,4.7805000000000035,5.4085352039855294
4781.0,4.780999999999999,5.411035203985506
4781.5,4.781500000000001,5.401529779444338
4782.0,4.7819999999999965,5.404029779444315
4782.5,4.782499999999999,5.406529779444327
4783.0,4.783000000000001,5.397109363286177
4783.5,4.783500000000004,5.399609363286189
4784.0,4.783999999999999,5.402109363286165
4784.5,4.784500000000001,5.392770659746873
4785.0,4.784999999999997,5.395270659746849
4785.5,4.785499999999999,5.397770659746861
4786.0,4.786000000000001,5.388500694014375
4786.5,4.786500000000004,5.391000694014387
4787.0,4.786999999999999,5.393500694014364
4787.5,4.787500000000001,5.384258845090812
4788.0,4.787999999999997,5.386758845090789
4788.5,4.788499999999999,5.389258845090801
4789.0,4.7890000000000015,5.380014470688259
4789.5,4.789500000000004,5.382514470688271
4790.0,4.789999999999999,5.3850144706882475
4790.5,4.7905000000000015,5.375749206968479
4791.0,4.790999999999997,5.378249206968455
4791.5,4.791499999999999,5.380749206968467
4792.0,4.792000000000002,5.37145009739465
4792.5,4.792500000000004,5.373950097394662
4793.0,4.792999999999999,5.376450097394638
4793.5,4.793500000000002,5.367087485400113
4794.0,4.793999999999997,5.369587485400089
4794.5,4.794499999999999,5.372087485400101
4795.0,4.795000000000002,5.362644530879805
4795.5,4.795500000000004,5.365144530879817
4796.0,4.795999999999999,5.367644530879794
4796.5,4.796500000000002,5.358069808278749
4797.0,4.796999999999997,5.360569808278726
4797.5,4.797499999999999,5.363069808278738
4798.0,4.798000000000002,5.353333152719273
4798.5,4.798499999999997,5.355833152719249
4799.0,4.7989999999999995,5.358333152719261
4799.5,4.799500000000002,5.348401826848601
4800.0,4.799999999999997,5.3509018268485775
4800.5,4.8004999999999995,5.3534018268485895
4801.0,4.801000000000002,5.343283780571753
4801.5,4.801499999999997,5.345783780571729
4802.0,4.802,5.348283780571741
4802.5,4.802500000000002,5.3379925670889605
4803.0,4.802999999999997,5.340492567088937
4803.5,4.8035,5.342992567088949
4804.0,4.804000000000002,5.332534293731541
4804.5,4.804499999999997,5.335034293731518
4805.0,4.805,5.3375342937315295
4805.5,4.805500000000002,5.326944904521227
4806.0,4.805999999999997,5.329444904521203
4806.5,4.8065,5.331944904521215
4807.0,4.807000000000002,5.321259200510369
4807.5,4.807499999999997,5.323759200510345
4808.0,4.808,5.326259200510357
4808.5,4.808500000000002,5.3155031625918525
4809.0,4.8089999999999975,5.318003162591829
4809.5,4.8095,5.320503162591841
4810.0,4.810000000000002,5.309713012100303
4810.5,4.8104999999999976,5.31221301210028
4811.0,4.811,5.314713012100292
4811.5,4.811500000000002,5.30391077538372
4812.0,4.811999999999998,5.306410775383696
4812.5,4.8125,5.308910775383708
4813.0,4.813000000000002,5.2981402849186665
4813.5,4.813499999999998,5.300640284918643
4814.0,4.814,5.303140284918655
4814.5,4.8145000000000024,5.292433998093209
4815.0,4.814999999999998,5.294933998093185
4815.5,4.8155,5.297433998093197
4816.0,4.8160000000000025,5.286832370297496
4816.5,4.816499999999998,5.289332370297473
4817.0,4.817,5.2918323702974845
4817.5,4.817500000000003,5.281352989533943
4818.0,4.817999999999998,5.283852989533919
4818.5,4.8185,5.286352989533931
4819.0,4.819000000000003,5.276007953487074
4819.5,4.819499999999998,5.2785079534870505
4820.0,4.82,5.281007953487062
4820.5,4.820500000000003,5.270824838726469
4821.0,4.820999999999998,5.273324838726445
4821.5,4.8215,5.275824838726457
4822.0,4.822000000000003,5.265784746254489
4822.5,4.822499999999998,5.268284746254466
4823.0,4.823,5.270784746254478
4823.5,4.823500000000003,5.260884140578845
4824.0,4.823999999999998,5.263384140578822
4824.5,4.8245000000000005,5.265884140578834
4825.0,4.825000000000003,5.25609142575469
4825.5,4.825499999999998,5.258591425754666
4826.0,4.8260000000000005,5.261091425754678
4826.5,4.826500000000003,5.251341275077941
4827.0,4.826999999999998,5.253841275077917
4827.5,4.827500000000001,5.256341275077929
4828.0,4.828000000000003,5.246556007513057
4828.5,4.828499999999998,5.249056007513033
4829.0,4.829000000000001,5.251556007513045
4829.5,4.829500000000003,5.241645657377703
4830.0,4.829999999999998,5.244145657377679
4830.5,4.830500000000001,5.246645657377691
4831.0,4.831000000000003,5.236539572261307
4831.5,4.831499999999998,5.239039572261284
4832.0,4.832000000000001,5.241539572261296
4832.5,4.832500000000003,5.244039572261308
4833.0,4.832999999999998,5.2337132646395546
4833.5,4.833500000000001,5.2362132646395665
4834.0,4.834000000000003,5.238713264639578
4834.5,4.8344999999999985,5.228137757535265
4835.0,4.835000000000001,5.230637757535277
4835.5,4.835499999999996,5.233137757535253
4836.0,4.8359999999999985,5.222316091434571
4836.5,4.836500000000001,5.224816091434583
4837.0,4.837000000000003,5.227316091434595
4837.5,4.837499999999999,5.216294395335517
4838.0,4.838000000000001,5.218794395335529
4838.5,4.838499999999996,5.221294395335505
4839.0,4.838999999999999,5.210105349306033
4839.5,4.839500000000001,5.212605349306045
4840.0,4.840000000000003,5.215105349306057
4840.5,4.840499999999999,5.20381037010619
4841.0,4.841000000000001,5.206310370106202
4841.5,4.841499999999996,5.208810370106178
4842.0,4.841999999999999,5.1974813401648845
4842.5,4.842500000000001,5.199981340164896
4843.0,4.8430000000000035,5.202481340164908
4843.5,4.843499999999999,5.191176505354598
4844.0,4.844000000000001,5.19367650535461
4844.5,4.8444999999999965,5.196176505354586
4845.0,4.844999999999999,5.184962528200039
4845.5,4.845500000000001,5.187462528200051
4846.0,4.846000000000004,5.189962528200063
4846.5,4.846499999999999,5.178920741874933
4847.0,4.847000000000001,5.181420741874945
4847.5,4.847499999999997,5.183920741874921
4848.0,4.847999999999999,5.173125642028182
4848.5,4.848500000000001,5.175625642028194
4849.0,4.849000000000004,5.178125642028206
4849.5,4.849499999999999,5.16761669137793
4850.0,4.850000000000001,5.170116691377942
4850.5,4.850499999999997,5.172616691377918
4851.0,4.850999999999999,5.162417895775242
4851.5,4.8515000000000015,5.164917895775254
4852.0,4.852000000000004,5.167417895775266
4852.5,4.852499999999999,5.157549522909228
4853.0,4.8530000000000015,5.16004952290924
4853.5,4.853499999999997,5.162549522909217
4854.0,4.853999999999999,5.153013032712188
4854.5,4.854500000000002,5.1555130327122
4855.0,4.855000000000004,5.158013032712212
4855.5,4.855499999999999,5.148783765660561
4856.0,4.856000000000002,5.1512837656605726
4856.5,4.856499999999997,5.153783765660549
4857.0,4.856999999999999,5.144804839216164
4857.5,4.857500000000002,5.147304839216176
4858.0,4.858000000000004,5.149804839216188
4858.5,4.858499999999999,5.140984029130422
4859.0,4.859000000000002,5.143484029130434
4859.5,4.859499999999997,5.14598402913041
4860.0,4.859999999999999,5.137209991993323
4860.5,4.860500000000002,5.139709991993335
4861.0,4.860999999999997,5.142209991993312
4861.5,4.8614999999999995,5.133386923072614
4862.0,4.862000000000002,5.135886923072626
4862.5,4.862499999999997,5.138386923072602
4863.0,4.8629999999999995,5.129425322456456
4863.5,4.863500000000002,5.131925322456468
4864.0,4.863999999999997,5.134425322456444
4864.5,4.8645,5.125247231790091
4865.0,4.865000000000002,5.127747231790103
4865.5,4.865499999999997,5.130247231790079
4866.0,4.866,5.12078278967639
4866.5,4.866500000000002,5.123282789676402
4867.0,4.866999999999997,5.125782789676379
4867.5,4.8675,5.11601461604652
4868.0,4.868000000000002,5.118514616046532
4868.5,4.868499999999997,5.121014616046509
4869.0,4.869,5.110933715015271
4869.5,4.869500000000002,5.113433715015283
4870.0,4.869999999999997,5.1159337150152595
4870.5,4.8705,5.105560800120763
4871.0,4.871000000000002,5.108060800120775
4871.5,4.8714999999999975,5.110560800120751
4872.0,4.872,5.099930103216899
4872.5,4.872500000000002,5.102430103216911
4873.0,4.8729999999999976,5.104930103216887
4873.5,4.8735,5.094086570068903
4874.0,4.874000000000002,5.096586570068915
4874.5,4.874499999999998,5.099086570068891
4875.0,4.875,5.0880778765948165
4875.5,4.875500000000002,5.090577876594828
4876.0,4.875999999999998,5.093077876594805
4876.5,4.8765,5.0819820386336545
4877.0,4.8770000000000024,5.084482038633666
4877.5,4.877499999999998,5.086982038633643
4878.0,4.878,5.075878554488078
4878.5,4.8785000000000025,5.07837855448809
4879.0,4.878999999999998,5.080878554488066
4879.5,4.8795,5.0698555689011116
4880.0,4.880000000000003,5.0723555689011235
4880.5,4.880499999999998,5.0748555689011
4881.0,4.881,5.06398178474857
4881.5,4.881500000000003,5.066481784748582
4882.0,4.881999999999998,5.0689817847485585
4882.5,4.8825,5.0583346232776805
4883.0,4.883000000000003,5.060834623277692
4883.5,4.883499999999998,5.063334623277669
4884.0,4.884,5.053004565013914
4884.5,4.884500000000003,5.055504565013926
4885.0,4.884999999999998,5.058004565013903
4885.5,4.8855,5.048036017805693
4886.0,4.886000000000003,5.050536017805705
4886.5,4.886499999999998,5.053036017805681
4887.0,4.8870000000000005,5.043436158207051
4887.5,4.887500000000003,5.045936158207063
4888.0,4.887999999999998,5.048436158207039
4888.5,4.8885000000000005,5.039169702771673
4889.0,4.889000000000003,5.041669702771685
4889.5,4.889499999999998,5.044169702771661
4890.0,4.890000000000001,5.035169410028075
4890.5,4.890500000000003,5.037669410028087
4891.0,4.890999999999998,5.040169410028064
4891.5,4.891500000000001,5.031348910489868
4892.0,4.892000000000003,5.03384891048988
4892.5,4.892499999999998,5.036348910489856
4893.0,4.893000000000001,5.027618557016105
4893.5,4.893500000000003,5.030118557016117
4894.0,4.893999999999998,5.032618557016093
4894.5,4.894500000000001,5.023884683521196
4895.0,4.895000000000003,5.026384683521208
4895.5,4.895499999999998,5.028884683521184
4896.0,4.896000000000001,5.020061168575758
4896.5,4.896500000000003,5.02256116857577
4897.0,4.8969999999999985,5.025061168575746
4897.5,4.897500000000001,5.01606672655722
4898.0,4.897999999999996,5.0185667265571965
4898.5,4.8984999999999985,5.021066726557208
4899.0,4.899000000000001,5.011834701688684
4899.5,4.899500000000003,5.014334701688696
4900.0,4.899999999999999,5.016834701688673
4900.5,4.900500000000001,5.00733586214654
4901.0,4.900999999999996,5.009835862146517
4901.5,4.901499999999999,5.012335862146529
4902.0,4.902000000000001,5.002577127825241
4902.5,4.902500000000003,5.005077127825253
4903.0,4.902999999999999,5.007577127825229
4903.5,4.903500000000001,4.997553421825529
4904.0,4.903999999999996,5.0000534218255055
4904.5,4.904499999999999,5.002553421825517
4905.0,4.905000000000001,4.992264277836824
4905.5,4.9055000000000035,4.994764277836836
4906.0,4.905999999999999,4.997264277836813
4906.5,4.906500000000001,4.986727209951773
4907.0,4.9069999999999965,4.98922720995175
4907.5,4.907499999999999,4.991727209951762
4908.0,4.908000000000001,4.994227209951774
4908.5,4.908500000000004,4.983455071781826
4909.0,4.908999999999999,4.985955071781802
4909.5,4.909500000000001,4.988455071781814
4910.0,4.909999999999997,4.977503659232312
4910.5,4.910499999999999,4.980003659232324
4911.0,4.911000000000001,4.982503659232336
4911.5,4.911500000000004,4.971442883998662
4912.0,4.911999999999999,4.973942883998639
4912.5,4.912500000000001,4.976442883998651
4913.0,4.912999999999997,4.965352515853674
4913.5,4.913499999999999,4.967852515853686
4914.0,4.9140000000000015,4.970352515853698
4914.5,4.914500000000004,4.9593133485658925
4915.0,4.914999999999999,4.961813348565869
4915.5,4.9155000000000015,4.964313348565881
4916.0,4.915999999999997,4.953396078536976
4916.5,4.916499999999999,4.955896078536988
4917.0,4.917000000000002,4.958396078537
4917.5,4.917500000000004,4.947658066685001
4918.0,4.917999999999999,4.950158066684978
4918.5,4.918500000000002,4.9526580666849895
4919.0,4.918999999999997,4.942158353066901
4919.5,4.919499999999999,4.944658353066913
4920.0,4.920000000000002,4.947158353066925
4920.5,4.920500000000004,4.936910609242169
4921.0,4.920999999999999,4.939410609242145
4921.5,4.921500000000002,4.941910609242157
4922.0,4.921999999999997,4.931889326793062
4922.5,4.922499999999999,4.934389326793074
4923.0,4.923000000000002,4.936889326793086
4923.5,4.923499999999997,4.927071295441259
4924.0,4.9239999999999995,4.929571295441271
4924.5,4.924500000000002,4.932071295441283
4925.0,4.924999999999997,4.922404425686047
4925.5,4.9254999999999995,4.924904425686059
4926.0,4.926000000000002,4.9274044256860705
4926.5,4.926499999999997,4.91783013266641
4927.0,4.927,4.920330132666422
4927.5,4.927500000000002,4.922830132666434
4928.0,4.927999999999997,4.913299466285643
4928.5,4.9285,4.915799466285655
4929.0,4.929000000000002,4.918299466285667
4929.5,4.929499999999997,4.908754237411657
4930.0,4.93,4.9112542374116686
4930.5,4.930500000000002,4.9137542374116805
4931.0,4.930999999999997,4.904165940579226
4931.5,4.9315,4.906665940579238
4932.0,4.932000000000002,4.90916594057925
4932.5,4.932499999999997,4.899508035519915
4933.0,4.933,4.902008035519927
4933.5,4.933500000000002,4.904508035519939
4934.0,4.9339999999999975,4.8947357146956705
4934.5,4.9345,4.897235714695682
4935.0,4.935000000000002,4.899735714695694
4935.5,4.9354999999999976,4.8898344112893355
4936.0,4.936,4.892334411289347
4936.5,4.936500000000002,4.894834411289359
4937.0,4.936999999999998,4.8847907085385955
4937.5,4.9375,4.8872907085386075
4938.0,4.938000000000002,4.889790708538619
4938.5,4.938499999999998,4.879587036761492
4939.0,4.939,4.882087036761504
4939.5,4.9395000000000024,4.884587036761516
4940.0,4.939999999999998,4.874199757809272
4940.5,4.9405,4.876699757809284
4941.0,4.9410000000000025,4.879199757809296
4941.5,4.941499999999998,4.868639765119731
4942.0,4.942,4.871139765119743
4942.5,4.942500000000003,4.873639765119755
4943.0,4.942999999999998,4.86294741219961
4943.5,4.9435,4.865447412199622
4944.0,4.944000000000003,4.867947412199634
4944.5,4.944499999999998,4.857148896209047
4945.0,4.945,4.859648896209059
4945.5,4.945500000000003,4.862148896209071
4946.0,4.945999999999998,4.851293032729842
4946.5,4.9465,4.853793032729854
4947.0,4.947000000000003,4.856293032729866
4947.5,4.947499999999998,4.8454590612427495
4948.0,4.948,4.847959061242761
4948.5,4.948500000000003,4.850459061242773
4949.0,4.948999999999998,4.839716221486796
4949.5,4.9495000000000005,4.842216221486808
4950.0,4.950000000000003,4.84471622148682
4950.5,4.950499999999998,4.8341306930036865
4951.0,4.9510000000000005,4.836630693003698
4951.5,4.951500000000003,4.83913069300371
4952.0,4.951999999999998,4.828748424989442
4952.5,4.952500000000001,4.831248424989454
4953.0,4.953000000000003,4.833748424989466
4953.5,4.953499999999998,4.823603046571527
4954.0,4.954000000000001,4.826103046571539
4954.5,4.954500000000003,4.828603046571551
4955.0,4.954999999999998,4.818717850167218
4955.5,4.955500000000001,4.82121785016723
4956.0,4.956000000000003,4.823717850167242
4956.5,4.956499999999998,4.8140752529199204
4957.0,4.957000000000001,4.816575252919932
4957.5,4.957500000000003,4.819075252919944
4958.0,4.957999999999998,4.809612228380686
4958.5,4.958500000000001,4.812112228380698
4959.0,4.959000000000003,4.81461222838071
4959.5,4.9594999999999985,4.805240327536318
4960.0,4.960000000000001,4.8077403275363295
4960.5,4.960499999999996,4.810240327536306
4961.0,4.9609999999999985,4.800868820367334
4961.5,4.961500000000001,4.803368820367346
4962.0,4.962000000000003,4.805868820367358
4962.5,4.962499999999999,4.796424564202653
4963.0,4.963000000000001,4.7989245642026646
4963.5,4.963499999999996,4.801424564202641
4964.0,4.963999999999999,4.7918514959541625
4964.5,4.964500000000001,4.794351495954174
4965.0,4.965000000000003,4.796851495954186
4965.5,4.965499999999999,4.787114338681668
4966.0,4.966000000000001,4.78961433868168
4966.5,4.966499999999996,4.792114338681657
4967.0,4.966999999999999,4.7821966842710495
4967.5,4.967500000000001,4.784696684271061
4968.0,4.9680000000000035,4.787196684271073
4968.5,4.968499999999999,4.777093816117279
4969.0,4.969000000000001,4.779593816117291
4969.5,4.9694999999999965,4.782093816117268
4970.0,4.969999999999999,4.771804773571233
4970.5,4.970500000000001,4.774304773571245
4971.0,4.971000000000004,4.776804773571257
4971.5,4.971499999999999,4.7663304606415124
4972.0,4.972000000000001,4.768830460641524
4972.5,4.972499999999997,4.771330460641501
4973.0,4.972999999999999,4.76069116802158
4973.5,4.973500000000001,4.763191168021592
4974.0,4.974000000000004,4.765691168021604
4974.5,4.974499999999999,4.754918913484865
4975.0,4.975000000000001,4.7574189134848766
4975.5,4.975499999999997,4.759918913484853
4976.0,4.975999999999999,4.749032951793417
4976.5,4.9765000000000015,4.751532951793429
4977.0,4.977000000000004,4.754032951793441
4977.5,4.977499999999999,4.743052153177985
4978.0,4.9780000000000015,4.7455521531779965
4978.5,4.978499999999997,4.748052153177973
4979.0,4.978999999999999,4.737003831999296
4979.5,4.979500000000002,4.739503831999308
4980.0,4.980000000000004,4.74200383199932
4980.5,4.980499999999999,4.730941704292917
4981.0,4.981000000000002,4.733441704292929
4981.5,4.981499999999997,4.735941704292905
4982.0,4.981999999999999,4.724934866169832
4982.5,4.982500000000002,4.727434866169844
4983.0,4.983000000000004,4.729934866169856
4983.5,4.983499999999999,4.732434866169832
4984.0,4.984000000000002,4.721526539466474
4984.5,4.984499999999997,4.7240265394664505
4985.0,4.984999999999999,4.726526539466462
4985.5,4.985500000000002,4.715784648102641
4986.0,4.985999999999997,4.7182846481026175
4986.5,4.9864999999999995,4.720784648102629
4987.0,4.987000000000002,4.710247779492711
4987.5,4.987499999999997,4.7127477794926875
4988.0,4.9879999999999995,4.7152477794926995
4988.5,4.988500000000002,4.704925863277722
4989.0,4.988999999999997,4.707425863277699
4989.5,4.9895,4.709925863277711
4990.0,4.990000000000002,4.699803289152058
4990.5,4.990499999999997,4.702303289152034
4991.0,4.991,4.704803289152046
4991.5,4.991500000000002,4.694829716305975
4992.0,4.991999999999997,4.697329716305951
4992.5,4.9925,4.699829716305963
4993.0,4.993000000000002,4.6899476969785425
4993.5,4.993499999999997,4.692447696978519
4994.0,4.994,4.694947696978531
4994.5,4.994500000000002,4.685082080833247
4995.0,4.994999999999997,4.687582080833224
4995.5,4.9955,4.6900820808332355
4996.0,4.996000000000002,4.680149188523224
4996.5,4.9964999999999975,4.6826491885232
4997.0,4.997,4.685149188523212
4997.5,4.997500000000002,4.675115420884772
4998.0,4.9979999999999976,4.677615420884749
4998.5,4.9985,4.680115420884761
4999.0,4.999000000000002,4.669966054778989
4999.5,4.999499999999998,4.672466054778965
5000.0,5.0,4.674966054778977
5000.5,5.000500000000002,4.6646765070851615
5001.0,5.000999999999998,4.667176507085138
5001.5,5.0015,4.66967650708515
5002.0,5.0020000000000024,4.659251734654006
5002.5,5.002499999999998,4.661751734653983
5003.0,5.003,4.664251734653995
5003.5,5.0035000000000025,4.653694551703467
5004.0,5.003999999999998,4.656194551703443
5004.5,5.0045,4.658694551703455
5005.0,5.005000000000003,4.648023619510155
5005.5,5.005499999999998,4.650523619510132
5006.0,5.006,4.653023619510144
5006.5,5.006500000000003,4.642260654945822
5007.0,5.006999999999998,4.644760654945799
5007.5,5.0075,4.647260654945811
5008.0,5.008000000000003,4.636436383048945
5008.5,5.008499999999998,4.638936383048922
5009.0,5.009,4.641436383048934
5009.5,5.009500000000003,4.630590697663806
5010.0,5.009999999999998,4.633090697663782
5010.5,5.0105,4.635590697663794
5011.0,5.011000000000003,4.6247804438703
5011.5,5.011499999999998,4.627280443870276
5012.0,5.0120000000000005,4.629780443870288
5012.5,5.012500000000003,4.619082948548439
5013.0,5.012999999999998,4.621582948548415
5013.5,5.0135000000000005,4.624082948548427
5014.0,5.014000000000003,4.613551310393156
5014.5,5.014499999999998,4.616051310393132
5015.0,5.015000000000001,4.618551310393144
5015.5,5.015500000000003,4.608236426581769
5016.0,5.015999999999998,4.610736426581745
5016.5,5.016500000000001,4.613236426581757
5017.0,5.017000000000003,4.603173687497311
5017.5,5.017499999999998,4.605673687497287
5018.0,5.018000000000001,4.608173687497299
5018.5,5.018500000000003,4.598373098899309
5019.0,5.018999999999998,4.600873098899285
5019.5,5.019500000000001,4.603373098899297
5020.0,5.020000000000003,4.593811431629078
5020.5,5.020499999999998,4.596311431629054
5021.0,5.021000000000001,4.598811431629066
5021.5,5.021500000000003,4.58943353563896
5022.0,5.0219999999999985,4.591933535638937
5022.5,5.022500000000001,4.594433535638949
5023.0,5.022999999999996,4.585180889242437
5023.5,5.0234999999999985,4.587680889242449
5024.0,5.024000000000001,4.590180889242461
5024.5,5.024500000000003,4.580975127161153
5025.0,5.024999999999999,4.58347512716113
5025.5,5.025500000000001,4.5859751271611415
5026.0,5.025999999999996,4.576728923271922
5026.5,5.026499999999999,4.579228923271934
5027.0,5.027000000000001,4.581728923271946
5027.5,5.027500000000003,4.57236871316784
5028.0,5.027999999999999,4.574868713167817
5028.5,5.028500000000001,4.577368713167829
5029.0,5.028999999999996,4.567839309702855
5029.5,5.029499999999999,4.570339309702867
5030.0,5.030000000000001,4.5728393097028786
5030.5,5.0305000000000035,4.563091995256485
5031.0,5.030999999999999,4.565591995256462
5031.5,5.031500000000001,4.568091995256474
5032.0,5.0319999999999965,4.558093144264497
5032.5,5.032499999999999,4.560593144264509
5033.0,5.033000000000001,4.563093144264521
5033.5,5.033500000000004,4.552837689734659
5034.0,5.033999999999999,4.555337689734635
5034.5,5.034500000000001,4.557837689734647
5035.0,5.034999999999997,4.547338556332718
5035.5,5.035499999999999,4.54983855633273
5036.0,5.036000000000001,4.552338556332742
5036.5,5.036500000000004,4.541641645256753
5037.0,5.036999999999999,4.54414164525673
5037.5,5.037500000000001,4.5466416452567415
5038.0,5.037999999999997,4.535804064675837
5038.5,5.038499999999999,4.538304064675849
5039.0,5.0390000000000015,4.540804064675861
5039.5,5.039500000000004,4.529910721052168
5040.0,5.039999999999999,4.532410721052145
5040.5,5.0405000000000015,4.534910721052157
5041.0,5.040999999999997,4.524043697081623
5041.5,5.041499999999999,4.526543697081635
5042.0,5.042000000000002,4.529043697081647
5042.5,5.042500000000004,4.518258531121937
5043.0,5.042999999999999,4.520758531121913
5043.5,5.043500000000002,4.523258531121925
5044.0,5.043999999999997,4.512614382351963
5044.5,5.044499999999999,4.515114382351975
5045.0,5.045000000000002,4.5176143823519865
5045.5,5.045500000000004,4.507152433265205
5046.0,5.045999999999999,4.509652433265181
5046.5,5.046500000000002,4.512152433265193
5047.0,5.046999999999997,4.50187036076084
5047.5,5.047499999999999,4.504370360760852
5048.0,5.048000000000002,4.506870360760864
5048.5,5.048499999999997,4.496771671824149
5049.0,5.0489999999999995,4.499271671824161
5049.5,5.049500000000002,4.501771671824173
5050.0,5.049999999999997,4.4918376449905395
5050.5,5.0504999999999995,4.494337644990551
5051.0,5.051000000000002,4.496837644990563
5051.5,5.051499999999997,4.487020074735071
5052.0,5.052,4.489520074735083
5052.5,5.052500000000002,4.492020074735095
5053.0,5.052999999999997,4.482274603728982
5053.5,5.0535,4.484774603728994
5054.0,5.054000000000002,4.487274603729006
5054.5,5.054499999999997,4.477559790462244
5055.0,5.055,4.480059790462256
5055.5,5.055500000000002,4.482559790462268
5056.0,5.055999999999997,4.472847181341493
5056.5,5.0565,4.475347181341505
5057.0,5.057000000000002,4.477847181341517
5057.5,5.057499999999997,4.468085090574441
5058.0,5.058,4.470585090574453
5058.5,5.058500000000002,4.473085090574465
5059.0,5.0589999999999975,4.475585090574441
5059.5,5.0595,4.4657150247533295
5060.0,5.060000000000002,4.468215024753341
5060.5,5.0604999999999976,4.470715024753318
5061.0,5.061,4.460705196126504
5061.5,5.061500000000002,4.463205196126516
5062.0,5.061999999999998,4.465705196126493
5062.5,5.0625,4.455513449945521
5063.0,5.063000000000002,4.458013449945533
5063.5,5.063499999999998,4.460513449945509
5064.0,5.064,4.450100304172686
5064.5,5.0645000000000024,4.452600304172698
5065.0,5.064999999999998,4.455100304172674
5065.5,5.0655,4.444430797844134
5066.0,5.0660000000000025,4.446930797844146
5066.5,5.066499999999998,4.449430797844123
5067.0,5.067,4.438555956770784
5067.5,5.067500000000003,4.441055956770796
5068.0,5.067999999999998,4.443555956770773
5068.5,5.0685,4.432526968946284
5069.0,5.069000000000003,4.435026968946296
5069.5,5.069499999999998,4.437526968946273
5070.0,5.07,4.4263838105360165
5070.5,5.070500000000003,4.428883810536028
5071.0,5.070999999999998,4.431383810536005
5071.5,5.0715,4.420205407345961
5072.0,5.072000000000003,4.422705407345973
5072.5,5.072499999999998,4.425205407345949
5073.0,5.073,4.41406068639985
5073.5,5.073500000000003,4.416560686399862
5074.0,5.073999999999998,4.419060686399838
5074.5,5.0745000000000005,4.407993430274502
5075.0,5.075000000000003,4.410493430274514
5075.5,5.075499999999998,4.41299343027449
5076.0,5.0760000000000005,4.402065896058964
5076.5,5.076500000000003,4.404565896058976
5077.0,5.076999999999998,4.407065896058953
5077.5,5.077500000000001,4.396314999712736
5078.0,5.078000000000003,4.398814999712748
5078.5,5.078499999999998,4.401314999712724
5079.0,5.079000000000001,4.39076027981276
5079.5,5.079500000000003,4.393260279812772
5080.0,5.079999999999998,4.395760279812748
5080.5,5.080500000000001,4.385405684735133
5081.0,5.081000000000003,4.387905684735145
5081.5,5.081499999999998,4.390405684735121
5082.0,5.082000000000001,4.380243632483278
5082.5,5.082500000000003,4.38274363248329
5083.0,5.082999999999998,4.385243632483267
5083.5,5.083500000000001,4.3752456166607345
5084.0,5.084000000000003,4.3777456166607465
5084.5,5.0844999999999985,4.380245616660723
5085.0,5.085000000000001,4.3703505112878815
5085.5,5.085499999999996,4.372850511287858
5086.0,5.0859999999999985,4.37535051128787
5086.5,5.086500000000001,4.365515992857638
5087.0,5.087000000000003,4.36801599285765
5087.5,5.087499999999999,4.3705159928576265
5088.0,5.088000000000001,4.36070697916314
5088.5,5.088499999999996,4.363206979163117
5089.0,5.088999999999999,4.365706979163129
5089.5,5.089500000000001,4.355897889275475
5090.0,5.090000000000003,4.358397889275487
5090.5,5.090499999999999,4.3608978892754635
5091.0,5.091000000000001,4.3510688049623525
5091.5,5.091499999999996,4.353568804962329
5092.0,5.091999999999999,4.356068804962341
5092.5,5.092500000000001,4.3461923294619
5093.0,5.0930000000000035,4.348692329461912
5093.5,5.093499999999999,4.351192329461888
5094.0,5.094000000000001,4.341250132252021
5094.5,5.0944999999999965,4.343750132251998
5095.0,5.094999999999999,4.34625013225201
5095.5,5.095500000000001,4.336224318118305
5096.0,5.096000000000004,4.338724318118317
5096.5,5.096499999999999,4.341224318118293
5097.0,5.097000000000001,4.331097189944728
5097.5,5.097499999999997,4.3335971899447046
5098.0,5.097999999999999,4.3360971899447165
5098.5,5.098500000000001,4.325833865008057
5099.0,5.099000000000004,4.328333865008069
5099.5,5.099499999999999,4.330833865008046
5100.0,5.100000000000001,4.320400083628542
5100.5,5.100499999999997,4.322900083628518
5101.0,5.100999999999999,4.32540008362853
5101.5,5.1015000000000015,4.314784602100907
5102.0,5.102000000000004,4.317284602100919
5102.5,5.102499999999999,4.319784602100896
5103.0,5.1030000000000015,4.30899400353816
5103.5,5.103499999999997,4.311494003538137
5104.0,5.103999999999999,4.3139940035381485
5104.5,5.104500000000002,4.303066745766131
5105.0,5.105000000000004,4.305566745766143
5105.5,5.105499999999999,4.308066745766119
5106.0,5.106000000000002,4.29706712258259
5106.5,5.106499999999997,4.299567122582566
5107.0,5.106999999999999,4.302067122582578
5107.5,5.107500000000002,4.291088435492085
5108.0,5.108000000000004,4.293588435492097
5108.5,5.108499999999999,4.296088435492074
5109.0,5.109000000000002,4.285203072195962
5109.5,5.109499999999997,4.287703072195939
5110.0,5.109999999999999,4.2902030721959505
5110.5,5.110500000000002,4.279456638147856
5111.0,5.110999999999997,4.2819566381478325
5111.5,5.1114999999999995,4.284456638147844
5112.0,5.112000000000002,4.273901767903929
5112.5,5.112499999999997,4.276401767903906
5113.0,5.1129999999999995,4.278901767903918
5113.5,5.113500000000002,4.268546419658286
5114.0,5.113999999999997,4.271046419658262
5114.5,5.1145,4.273546419658274
5115.0,5.115000000000002,4.263399562008381
5115.5,5.115499999999997,4.265899562008357
5116.0,5.116,4.268399562008369
5116.5,5.116500000000002,4.258427035198729
5117.0,5.116999999999997,4.260927035198705
5117.5,5.1175,4.263427035198717
5118.0,5.118000000000002,4.2535961869274175
5118.5,5.118499999999997,4.256096186927394
5119.0,5.119,4.258596186927406
5119.5,5.119500000000002,4.248865565722824
5120.0,5.119999999999997,4.2513655657228
5120.5,5.1205,4.253865565722812
5121.0,5.121000000000002,4.244187664859211
5121.5,5.1214999999999975,4.246687664859188
5122.0,5.122,4.2491876648592
5122.5,5.122500000000002,4.239511037537582
5123.0,5.1229999999999976,4.242011037537559
5123.5,5.1235,4.2445110375375705
5124.0,5.124000000000002,4.234793695335952
5124.5,5.124499999999998,4.237293695335929
5125.0,5.125,4.2397936953359405
5125.5,5.125500000000002,4.229966429505048
5126.0,5.125999999999998,4.232466429505024
5126.5,5.1265,4.234966429505036
5127.0,5.1270000000000024,4.224978580074001
5127.5,5.127499999999998,4.227478580073978
5128.0,5.128,4.22997858007399
5128.5,5.1285000000000025,4.2197908422534525
5129.0,5.128999999999998,4.222290842253429
5129.5,5.1295,4.224790842253441
5130.0,5.130000000000003,4.21437380274309
5130.5,5.130499999999998,4.216873802743066
5131.0,5.131,4.219373802743078
5131.5,5.131500000000003,4.208710721550801
5132.0,5.131999999999998,4.211210721550778
5132.5,5.1325,4.21371072155079
5133.0,5.133000000000003,4.202793961465154
5133.5,5.133499999999998,4.205293961465131
5134.0,5.134,4.207793961465143
5134.5,5.134500000000003,4.210293961465155
5135.0,5.134999999999998,4.199166233082536
5135.5,5.1355,4.201666233082548
5136.0,5.136000000000003,4.20416623308256
5136.5,5.136499999999998,4.1928871947182955
5137.0,5.1370000000000005,4.1953871947183075
5137.5,5.137500000000003,4.197887194718319
5138.0,5.137999999999998,4.18649811353621
5138.5,5.1385000000000005,4.188998113536222
5139.0,5.139000000000003,4.191498113536234
5139.5,5.139499999999998,4.180090797614646
5140.0,5.140000000000001,4.182590797614658
5140.5,5.140500000000003,4.18509079761467
5141.0,5.140999999999998,4.173707662049466
5141.5,5.141500000000001,4.176207662049478
5142.0,5.142000000000003,4.17870766204949
5142.5,5.142499999999998,4.167435492330931
5143.0,5.143000000000001,4.169935492330943
5143.5,5.143500000000003,4.172435492330955
5144.0,5.143999999999998,4.161349099648142
5144.5,5.144500000000001,4.163849099648154
5145.0,5.145000000000003,4.166349099648166
5145.5,5.145499999999998,4.155491762498293
5146.0,5.146000000000001,4.157991762498305
5146.5,5.146500000000003,4.160491762498317
5147.0,5.1469999999999985,4.149903427733719
5147.5,5.147500000000001,4.152403427733731
5148.0,5.147999999999996,4.154903427733707
5148.5,5.1484999999999985,4.14460900900945
5149.0,5.149000000000001,4.147109009009462
5149.5,5.149500000000003,4.149609009009474
5150.0,5.149999999999999,4.139627333194511
5150.5,5.150500000000001,4.142127333194523
5151.0,5.150999999999996,4.144627333194499
5151.5,5.151499999999999,4.134939159896298
5152.0,5.152000000000001,4.13743915989631
5152.5,5.152500000000003,4.139939159896322
5153.0,5.152999999999999,4.1304949099668065
5153.5,5.153500000000001,4.132994909966818
5154.0,5.153999999999996,4.135494909966795
5154.5,5.154499999999999,4.126231026333507
5155.0,5.155000000000001,4.128731026333519
5155.5,5.1555000000000035,4.131231026333531
5156.0,5.155999999999999,4.122073837983642
5156.5,5.156500000000001,4.124573837983654
5157.0,5.1569999999999965,4.12707383798363
5157.5,5.157499999999999,4.117960305080466
5158.0,5.158000000000001,4.120460305080478
5158.5,5.158500000000004,4.12296030508049
5159.0,5.158999999999999,4.113822251697492
5159.5,5.159500000000001,4.116322251697504
5160.0,5.159999999999997,4.11882225169748
5160.5,5.160499999999999,4.1096044575059665
5161.0,5.161000000000001,4.112104457505978
5161.5,5.161500000000004,4.11460445750599
5162.0,5.161999999999999,4.105264403732107
5162.5,5.162500000000001,4.107764403732119
5163.0,5.162999999999997,4.110264403732096
5163.5,5.163499999999999,4.100779655443461
5164.0,5.1640000000000015,4.1032796554434725
5164.5,5.164500000000004,4.105779655443484
5165.0,5.164999999999999,4.096141017139452
5165.5,5.1655000000000015,4.098641017139464
5166.0,5.165999999999997,4.10114101713944
5166.5,5.166499999999999,4.091357402613021
5167.0,5.167000000000002,4.0938574026130325
5167.5,5.167500000000004,4.0963574026130445
5168.0,5.167999999999999,4.086447649979874
5168.5,5.168500000000002,4.088947649979886
5169.0,5.168999999999997,4.091447649979862
5169.5,5.169499999999999,4.081429754144565
5170.0,5.170000000000002,4.083929754144577
5170.5,5.170500000000004,4.086429754144589
5171.0,5.170999999999999,4.076343709107881
5171.5,5.171500000000002,4.078843709107893
5172.0,5.171999999999997,4.08134370910787
5172.5,5.172499999999999,4.071226377470971
5173.0,5.173000000000002,4.073726377470983
5173.5,5.173499999999997,4.0762263774709595
5174.0,5.1739999999999995,4.066093322230024
5174.5,5.174500000000002,4.068593322230036
5175.0,5.174999999999997,4.071093322230013
5175.5,5.1754999999999995,4.060982593833025
5176.0,5.176000000000002,4.063482593833037
5176.5,5.176499999999997,4.065982593833013
5177.0,5.177,4.05592518950435
5177.5,5.177500000000002,4.058425189504362
5178.0,5.177999999999997,4.060925189504339
5178.5,5.1785,4.050957878805583
5179.0,5.179000000000002,4.053457878805595
5179.5,5.179499999999997,4.055957878805572
5180.0,5.18,4.046112560368584
5180.5,5.180500000000002,4.048612560368596
5181.0,5.180999999999997,4.051112560368573
5181.5,5.1815,4.041417315446374
5182.0,5.182000000000002,4.043917315446386
5182.5,5.182499999999997,4.046417315446362
5183.0,5.183,4.036882431883448
5183.5,5.183500000000002,4.03938243188346
5184.0,5.1839999999999975,4.041882431883437
5184.5,5.1845,4.032519541003623
5185.0,5.185000000000002,4.035019541003635
5185.5,5.1854999999999976,4.037519541003611
5186.0,5.186,4.028274193203387
5186.5,5.186500000000002,4.030774193203399
5187.0,5.186999999999998,4.0332741932033755
5187.5,5.1875,4.024104024822179
5188.0,5.188000000000002,4.026604024822191
5188.5,5.188499999999998,4.029104024822168
5189.0,5.189,4.019964701263987
5189.5,5.1895000000000024,4.022464701263999
5190.0,5.189999999999998,4.0249647012639755
5190.5,5.1905,4.015807411990444
5191.0,5.1910000000000025,4.018307411990456
5191.5,5.191499999999998,4.0208074119904325
5192.0,5.192,4.011591214578196
5192.5,5.192500000000003,4.014091214578208
5193.0,5.192999999999998,4.016591214578185
5193.5,5.1935,4.007251785226451
5194.0,5.194000000000003,4.009751785226463
5194.5,5.194499999999998,4.012251785226439
5195.0,5.195,4.002718358029895
5195.5,5.195500000000003,4.005218358029907
5196.0,5.195999999999998,4.007718358029884
5196.5,5.1965,3.9979535373512576
5197.0,5.197000000000003,4.0004535373512695
5197.5,5.197499999999998,4.002953537351246
5198.0,5.198,3.9929540562783217
5198.5,5.198500000000003,3.9954540562783336
5199.0,5.198999999999998,3.99795405627831
5199.5,5.1995000000000005,3.987721581186463
5200.0,5.200000000000003,3.990221581186475
5200.5,5.200499999999998,3.9927215811864514
5201.0,5.2010000000000005,3.982272895221719
5201.5,5.201500000000003,3.984772895221731
5202.0,5.201999999999998,3.9872728952217074
5202.5,5.202500000000001,3.976639271247393
5203.0,5.203000000000003,3.979139271247405
5203.5,5.203499999999998,3.9816392712473814
5204.0,5.204000000000001,3.970863453189324
5204.5,5.204500000000003,3.973363453189336
5205.0,5.204999999999998,3.9758634531893122
5205.5,5.205500000000001,3.9649864576544758
5206.0,5.206000000000003,3.9674864576544877
5206.5,5.206499999999998,3.969986457654464
5207.0,5.207000000000001,3.9590761885335013
5207.5,5.207500000000003,3.9615761885335132
5208.0,5.207999999999998,3.9640761885334896
5208.5,5.208500000000001,3.953166962651835
5209.0,5.209000000000003,3.955666962651847
5209.5,5.2094999999999985,3.9581669626518234
5210.0,5.210000000000001,3.9606669626518354
5210.5,5.210499999999996,3.9497942317085943
5211.0,5.2109999999999985,3.9522942317086063
5211.5,5.211500000000001,3.954794231708618
5212.0,5.212000000000003,3.943976540491718
5212.5,5.212499999999999,3.9464765404916946
5213.0,5.213000000000001,3.9489765404917065
5213.5,5.213499999999996,3.93824168755625
5214.0,5.213999999999999,3.9407416875562618
5214.5,5.214500000000001,3.9432416875562737
5215.0,5.215000000000003,3.932603315108416
5215.5,5.215499999999999,3.9351033151083925
5216.0,5.216000000000001,3.9376033151084044
5216.5,5.216499999999996,3.9271027679015447
5217.0,5.216999999999999,3.9296027679015566
5217.5,5.217500000000001,3.9321027679015685
5218.0,5.2180000000000035,3.9217433613385566
5218.5,5.218499999999999,3.924243361338533
5219.0,5.219000000000001,3.926743361338545
5219.5,5.2194999999999965,3.9165299488467653
5220.0,5.219999999999999,3.9190299488467772
5220.5,5.220500000000001,3.921529948846789
5221.0,5.221000000000004,3.911456747276141
5221.5,5.221499999999999,3.913956747276117
5222.0,5.222000000000001,3.916456747276129
5222.5,5.222499999999997,3.9065037001074288
5223.0,5.222999999999999,3.9090037001074407
5223.5,5.223500000000001,3.9115037001074526
5224.0,5.224000000000004,3.9016484216893943
5224.5,5.224499999999999,3.9041484216893707
5225.0,5.225000000000001,3.9066484216893826
5225.5,5.225499999999997,3.8968764031222847
5226.0,5.225999999999999,3.8993764031222966
5226.5,5.2265000000000015,3.9018764031223085
5227.0,5.227000000000004,3.892167115997296
5227.5,5.227499999999999,3.8946671159972723
5228.0,5.2280000000000015,3.8971671159972843
5228.5,5.228499999999997,3.887499254496909
5229.0,5.228999999999999,3.889999254496921
5229.5,5.229500000000002,3.892499254496933
5230.0,5.230000000000004,3.8828635481199925
5230.5,5.230499999999999,3.885363548119969
5231.0,5.231000000000002,3.887863548119981
5231.5,5.231499999999997,3.878251157083561
5232.0,5.231999999999999,3.880751157083573
5232.5,5.232500000000002,3.883251157083585
5233.0,5.233000000000004,3.873632790389152
5233.5,5.233499999999999,3.8761327903891285
5234.0,5.234000000000002,3.8786327903891404
5234.5,5.234499999999997,3.8689878524330723
5235.0,5.234999999999999,3.8714878524330842
5235.5,5.235500000000002,3.873987852433096
5236.0,5.235999999999997,3.8643145029147874
5236.5,5.2364999999999995,3.8668145029147993
5237.0,5.237000000000002,3.8693145029148113
5237.5,5.237499999999997,3.859585436959101
5238.0,5.2379999999999995,3.862085436959113
5238.5,5.238500000000002,3.864585436959125
5239.0,5.238999999999997,3.8547961294413824
5239.5,5.2395,3.8572961294413943
5240.0,5.240000000000002,3.8597961294414063
5240.5,5.240499999999997,3.849951506265583
5241.0,5.241,3.852451506265595
5241.5,5.241500000000002,3.854951506265607
5242.0,5.241999999999997,3.845067416829444
5242.5,5.2425,3.847567416829456
5243.0,5.243000000000002,3.850067416829468
5243.5,5.243499999999997,3.840185634296809
5244.0,5.244,3.8426856342968208
5244.5,5.244500000000002,3.8451856342968327
5245.0,5.244999999999997,3.8353163928632483
5245.5,5.2455,3.8378163928632603
5246.0,5.246000000000002,3.840316392863272
5246.5,5.2464999999999975,3.8304795376811995
5247.0,5.247,3.8329795376812115
5247.5,5.247500000000002,3.8354795376812234
5248.0,5.2479999999999976,3.825698560538804
5248.5,5.2485,3.828198560538816
5249.0,5.249000000000002,3.8306985605388277
5249.5,5.249499999999998,3.8209625676902803
5250.0,5.25,3.8234625676902922
5250.5,5.250500000000002,3.825962567690304
5251.0,5.250999999999998,3.8162931488382057
5251.5,5.2515,3.8187931488382176
5252.0,5.2520000000000024,3.8212931488382296
5252.5,5.252499999999998,3.8117007558047433
5253.0,5.253,3.8142007558047553
5253.5,5.2535000000000025,3.816700755804767
5254.0,5.253999999999998,3.8071780982544112
5254.5,5.2545,3.809678098254423
5255.0,5.255000000000003,3.812178098254435
5255.5,5.255499999999998,3.802721560173481
5256.0,5.256,3.805221560173493
5256.5,5.256500000000003,3.807721560173505
5257.0,5.256999999999998,3.7983569491510494
5257.5,5.2575,3.8008569491510613
5258.0,5.258000000000003,3.8033569491510733
5258.5,5.258499999999998,3.7940589013970083
5259.0,5.259,3.7965589013970202
5259.5,5.259500000000003,3.799058901397032
5260.0,5.259999999999998,3.7898157959558887
5260.5,5.2605,3.7923157959559006
5261.0,5.261000000000003,3.7948157959559126
5261.5,5.261499999999998,3.785587896726561
5262.0,5.2620000000000005,3.788087896726573
5262.5,5.262500000000003,3.790587896726585
5263.0,5.262999999999998,3.7813380399543206
5263.5,5.2635000000000005,3.7838380399543325
5264.0,5.264000000000003,3.7863380399543445
5264.5,5.264499999999998,3.777006724295582
5265.0,5.265000000000001,3.7795067242955938
5265.5,5.265500000000003,3.7820067242956057
5266.0,5.265999999999998,3.7725469453777194
5266.5,5.266500000000001,3.7750469453777313
5267.0,5.267000000000003,3.7775469453777433
5267.5,5.267499999999998,3.7679131202717286
5268.0,5.268000000000001,3.7704131202717406
5268.5,5.268500000000003,3.7729131202717525
5269.0,5.268999999999998,3.7630799230448275
5269.5,5.269500000000001,3.7655799230448395
5270.0,5.270000000000003,3.7680799230448514
5270.5,5.270499999999998,3.758050471859633
5271.0,5.271000000000001,3.760550471859645
5271.5,5.271500000000003,3.763050471859657
5272.0,5.2719999999999985,3.752823458627894
5272.5,5.272500000000001,3.755323458627906
5273.0,5.272999999999996,3.7578234586278825
5273.5,5.2734999999999985,3.747417830032802
5274.0,5.274000000000001,3.749917830032814
5274.5,5.274500000000003,3.752417830032826
5275.0,5.274999999999999,3.7418472457248697
5275.5,5.275500000000001,3.7443472457248816
5276.0,5.275999999999996,3.746847245724858
5276.5,5.276499999999999,3.7361539538781585
5277.0,5.277000000000001,3.7386539538781705
5277.5,5.277500000000003,3.7411539538781824
5278.0,5.277999999999999,3.7303658385465965
5278.5,5.278500000000001,3.7328658385466085
5279.0,5.278999999999996,3.735365838546585
5279.5,5.279499999999999,3.724487390831932
5280.0,5.280000000000001,3.726987390831944
5280.5,5.2805000000000035,3.729487390831956
5281.0,5.280999999999999,3.718534125991475
5281.5,5.281500000000001,3.721034125991487
5282.0,5.2819999999999965,3.7235341259914634
5282.5,5.282499999999999,3.7125416263786803
5283.0,5.283000000000001,3.7150416263786923
5283.5,5.283500000000004,3.7175416263787042
5284.0,5.283999999999999,3.7065489299539323
5284.5,5.284500000000001,3.709048929953944
5285.0,5.284999999999997,3.7115489299539206
5285.5,5.285499999999999,3.7140489299539325
5286.0,5.286000000000001,3.7030993532058076
5286.5,5.286500000000004,3.7055993532058196
5287.0,5.286999999999999,3.708099353205796
5287.5,5.287500000000001,3.6972517125974846
5288.0,5.287999999999997,3.699751712597461
5288.5,5.288499999999999,3.702251712597473
5289.0,5.2890000000000015,3.6915434716539153
5289.5,5.289500000000004,3.694043471653927
5290.0,5.289999999999999,3.6965434716539036
5290.5,5.2905000000000015,3.68598737904577
5291.0,5.290999999999997,3.688487379045746
5291.5,5.291499999999999,3.690987379045758
5292.0,5.292000000000002,3.6805770125032566
5292.5,5.292500000000004,3.6830770125032686
5293.0,5.292999999999999,3.685577012503245
5293.5,5.293500000000002,3.675290604696073
5294.0,5.293999999999997,3.6777906046960496
5294.5,5.294499999999999,3.6802906046960615
5295.0,5.295000000000002,3.6700881274815345
5295.5,5.295500000000004,3.6725881274815464
5296.0,5.295999999999999,3.675088127481523
5296.5,5.296500000000002,3.6649285379759178
5297.0,5.296999999999997,3.667428537975894
5297.5,5.297499999999999,3.669928537975906
5298.0,5.298000000000002,3.6597624032413734
5298.5,5.298499999999997,3.6622624032413498
5299.0,5.2989999999999995,3.6647624032413617
5299.5,5.299500000000002,3.6545382346232813
5300.0,5.299999999999997,3.6570382346232577
5300.5,5.3004999999999995,3.6595382346232697
5301.0,5.301000000000002,3.6492124082307242
5301.5,5.301499999999997,3.6517124082307006
5302.0,5.302,3.6542124082307126
5302.5,5.302500000000002,3.6437670753649343
5303.0,5.302999999999997,3.6462670753649107
5303.5,5.3035,3.6487670753649226
5304.0,5.304000000000002,3.638199705382732
5304.5,5.304499999999997,3.6406997053827084
5305.0,5.305,3.6431997053827203
5305.5,5.305500000000002,3.6325162685652046
5306.0,5.305999999999997,3.635016268565181
5306.5,5.3065,3.637516268565193
5307.0,5.307000000000002,3.626734952076802
5307.5,5.307499999999997,3.6292349520767786
5308.0,5.308,3.6317349520767905
5308.5,5.308500000000002,3.6208733843309204
5309.0,5.3089999999999975,3.623373384330897
5309.5,5.3095,3.6258733843309088
5310.0,5.310000000000002,3.614978667594748
5310.5,5.3104999999999976,3.6174786675947246
5311.0,5.311,3.6199786675947365
5311.5,5.311500000000002,3.6090857341796934
5312.0,5.311999999999998,3.6115857341796698
5312.5,5.3125,3.6140857341796817
5313.0,5.313000000000002,3.6032343344947293
5313.5,5.313499999999998,3.6057343344947057
5314.0,5.314,3.6082343344947176
5314.5,5.3145000000000024,3.5974725741177593
5315.0,5.314999999999998,3.5999725741177357
5315.5,5.3155,3.6024725741177477
5316.0,5.3160000000000025,3.5917976861479417
5316.5,5.316499999999998,3.594297686147918
5317.0,5.317,3.59679768614793
5317.5,5.317500000000003,3.586213964949927
5318.0,5.317999999999998,3.5887139649499034
5318.5,5.3185,3.5912139649499153
5319.0,5.319000000000003,3.5807296006178646
5319.5,5.319499999999998,3.583229600617841
5320.0,5.32,3.585729600617853
5320.5,5.320500000000003,3.5753390260656914
5321.0,5.320999999999998,3.577839026065668
5321.5,5.3215,3.5803390260656798
5322.0,5.322000000000003,3.5700552256153273
5322.5,5.322499999999998,3.5725552256153037
5323.0,5.323,3.5750552256153156
5323.5,5.323500000000003,3.5648764792993504
5324.0,5.323999999999998,3.5673764792993268
5324.5,5.3245000000000005,3.5698764792993387
5325.0,5.325000000000003,3.5598017300125306
5325.5,5.325499999999998,3.562301730012507
5326.0,5.3260000000000005,3.564801730012519
5326.5,5.326500000000003,3.5548011799966517
5327.0,5.326999999999998,3.557301179996628
5327.5,5.327500000000001,3.55980117999664
5328.0,5.328000000000003,3.549831700592243
5328.5,5.328499999999998,3.5523317005922195
5329.0,5.329000000000001,3.5548317005922314
5329.5,5.329500000000003,3.5448345433700013
5330.0,5.329999999999998,3.5473345433699777
5330.5,5.330500000000001,3.5498345433699896
5331.0,5.331000000000003,3.539789920705303
5331.5,5.331499999999998,3.5422899207052794
5332.0,5.332000000000001,3.5447899207052913
5332.5,5.332500000000003,3.5346437578443712
5333.0,5.332999999999998,3.5371437578443476
5333.5,5.333500000000001,3.5396437578443596
5334.0,5.334000000000003,3.5293726473317477
5334.5,5.3344999999999985,3.531872647331724
5335.0,5.335000000000001,3.534372647331736
5335.5,5.335499999999996,3.5239499407535035
5336.0,5.3359999999999985,3.5264499407535155
5336.5,5.336500000000001,3.5289499407535274
5337.0,5.337000000000003,3.518389860573947
5337.5,5.337499999999999,3.5208898605739236
5338.0,5.338000000000001,3.5233898605739356
5338.5,5.338499999999996,3.512710334923419
5339.0,5.338999999999999,3.515210334923431
5339.5,5.339500000000001,3.517710334923443
5340.0,5.340000000000003,3.5069545079522513
5340.5,5.340499999999999,3.5094545079522277
5341.0,5.341000000000001,3.5119545079522396
5341.5,5.341499999999996,3.5011777854836623
5342.0,5.341999999999999,3.5036777854836743
5342.5,5.342500000000001,3.506177785483686
5343.0,5.3430000000000035,3.4954330043755633
5343.5,5.343499999999999,3.4979330043755397
5344.0,5.344000000000001,3.5004330043755516
5344.5,5.3444999999999965,3.489769915577554
5345.0,5.344999999999999,3.492269915577566
5345.5,5.345500000000001,3.494769915577578
5346.0,5.346000000000004,3.484206614129306
5346.5,5.346499999999999,3.4867066141292824
5347.0,5.347000000000001,3.4892066141292943
5347.5,5.347499999999997,3.4787776735894127
5348.0,5.347999999999999,3.4812776735894246
5348.5,5.348500000000001,3.4837776735894366
5349.0,5.349000000000004,3.473516380556383
5349.5,5.349499999999999,3.4760163805563593
5350.0,5.350000000000001,3.4785163805563712
5350.5,5.350499999999997,3.4684305651772718
5351.0,5.350999999999999,3.4709305651772837
5351.5,5.3515000000000015,3.4734305651772956
5352.0,5.352000000000004,3.4635061566542547
5352.5,5.352499999999999,3.466006156654231
5353.0,5.3530000000000015,3.468506156654243
5353.5,5.353499999999997,3.4587272686741244
5354.0,5.353999999999999,3.4612272686741363
5354.5,5.354500000000002,3.4637272686741483
5355.0,5.355000000000004,3.4540576224021535
5355.5,5.355499999999999,3.45655762240213
5356.0,5.356000000000002,3.459057622402142
5356.5,5.356499999999997,3.4494722371109887
5357.0,5.356999999999999,3.4519722371110007
5357.5,5.357500000000002,3.4544722371110126
5358.0,5.358000000000004,3.4449454574129845
5358.5,5.358499999999999,3.447445457412961
5359.0,5.359000000000002,3.449945457412973
5359.5,5.359499999999997,3.440447518970977
5360.0,5.359999999999999,3.442947518970989
5360.5,5.360500000000002,3.445447518971001
5361.0,5.360999999999997,3.4479475189709774
5361.5,5.3614999999999995,3.4384322575584747
5362.0,5.362000000000002,3.4409322575584866
5362.5,5.362499999999997,3.443432257558463
5363.0,5.3629999999999995,3.4338714268563564
5363.5,5.363500000000002,3.4363714268563683
5364.0,5.363999999999997,3.4388714268563447
5364.5,5.3645,3.4292292843150207
5365.0,5.365000000000002,3.4317292843150327
5365.5,5.365499999999997,3.434229284315009
5366.0,5.366,3.4245092444506398
5366.5,5.366500000000002,3.4270092444506517
5367.0,5.366999999999997,3.429509244450628
5367.5,5.3675,3.4196909730311376
5368.0,5.368000000000002,3.4221909730311495
5368.5,5.368499999999997,3.424690973031126
5369.0,5.369,3.4147752293653966
5369.5,5.369500000000002,3.4172752293654085
5370.0,5.369999999999997,3.419775229365385
5370.5,5.3705,3.4097511791695467
5371.0,5.371000000000002,3.4122511791695587
5371.5,5.3714999999999975,3.414751179169535
5372.0,5.372,3.4046213112316437
5372.5,5.372500000000002,3.4071213112316556
5373.0,5.3729999999999976,3.409621311231632
5373.5,5.3735,3.39939507392117
5374.0,5.374000000000002,3.4018950739211817
5374.5,5.374499999999998,3.404395073921158
5375.0,5.375,3.3940905520321962
5375.5,5.375500000000002,3.396590552032208
5376.0,5.375999999999998,3.3990905520321846
5376.5,5.3765,3.38871880794521
5377.0,5.3770000000000024,3.391218807945222
5377.5,5.377499999999998,3.3937188079451985
5378.0,5.378,3.383318376231159
5378.5,5.3785000000000025,3.385818376231171
5379.0,5.378999999999998,3.3883183762311475
5379.5,5.3795,3.3779466996336893
5380.0,5.380000000000003,3.3804466996337013
5380.5,5.380499999999998,3.3829466996336777
5381.0,5.381,3.372667317195379
5381.5,5.381500000000003,3.375167317195391
5382.0,5.381999999999998,3.3776673171953675
5382.5,5.3825,3.3675139878454985
5383.0,5.383000000000003,3.3700139878455104
5383.5,5.383499999999998,3.372513987845487
5384.0,5.384,3.362507711145142
5384.5,5.384500000000003,3.3650077111451537
5385.0,5.384999999999998,3.36750771114513
5385.5,5.3855,3.3576665532638117
5386.0,5.386000000000003,3.3601665532638236
5386.5,5.386499999999998,3.3626665532638
5387.0,5.3870000000000005,3.35299402842697
5387.5,5.387500000000003,3.355494028426982
5388.0,5.387999999999998,3.3579940284269583
5388.5,5.3885000000000005,3.348468332885446
5389.0,5.389000000000003,3.350968332885458
5389.5,5.389499999999998,3.3534683328854342
5390.0,5.390000000000001,3.344065315200986
5390.5,5.390500000000003,3.3465653152009978
5391.0,5.390999999999998,3.349065315200974
5391.5,5.391500000000001,3.339758664955639
5392.0,5.392000000000003,3.3422586649556507
5392.5,5.392499999999998,3.344758664955627
5393.0,5.393000000000001,3.3355305952963477
5393.5,5.393500000000003,3.3380305952963596
5394.0,5.393999999999998,3.340530595296336
5394.5,5.394500000000001,3.3313695312003944
5395.0,5.395000000000003,3.3338695312004063
5395.5,5.395499999999998,3.3363695312003827
5396.0,5.396000000000001,3.327256922573163
5396.5,5.396500000000003,3.329756922573175
5397.0,5.3969999999999985,3.3322569225731513
5397.5,5.397500000000001,3.323182157117124
5398.0,5.397999999999996,3.3256821571171002
5398.5,5.3984999999999985,3.328182157117112
5399.0,5.399000000000001,3.319096257391436
5399.5,5.399500000000003,3.321596257391448
5400.0,5.399999999999999,3.3240962573914246
5400.5,5.400500000000001,3.3149632682943064
5401.0,5.400999999999996,3.317463268294283
5401.5,5.401499999999999,3.319963268294295
5402.0,5.402000000000001,3.3107187363090063
5402.5,5.402500000000003,3.313218736309018
5403.0,5.402999999999999,3.3157187363089946
5403.5,5.403500000000001,3.3063118298876404
5404.0,5.403999999999996,3.308811829887617
5404.5,5.404499999999999,3.3113118298876287
5405.0,5.405000000000001,3.301717706104661
5405.5,5.4055000000000035,3.304217706104673
5406.0,5.405999999999999,3.3067177061046493
5406.5,5.406500000000001,3.2969325135922745
5407.0,5.4069999999999965,3.299432513592251
5407.5,5.407499999999999,3.301932513592263
5408.0,5.408000000000001,3.2919770316727437
5408.5,5.408500000000004,3.2944770316727556
5409.0,5.408999999999999,3.296977031672732
5409.5,5.409500000000001,3.2868830946711114
5410.0,5.409999999999997,3.289383094671088
5410.5,5.410499999999999,3.2918830946710997
5411.0,5.411000000000001,3.2817047636445906
5411.5,5.411500000000004,3.2842047636446026
5412.0,5.411999999999999,3.286704763644579
5412.5,5.412500000000001,3.2765037787316587
5413.0,5.412999999999997,3.279003778731635
5413.5,5.413499999999999,3.281503778731647
5414.0,5.4140000000000015,3.2713291098662722
5414.5,5.414500000000004,3.273829109866284
5415.0,5.414999999999999,3.2763291098662606
5415.5,5.4155000000000015,3.2662417857191883
5416.0,5.415999999999997,3.2687417857191647
5416.5,5.416499999999999,3.2712417857191767
5417.0,5.417000000000002,3.261249008912017
5417.5,5.417500000000004,3.263749008912029
5418.0,5.417999999999999,3.2662490089120055
5418.5,5.418500000000002,3.2563598699091756
5419.0,5.418999999999997,3.258859869909152
5419.5,5.419499999999999,3.261359869909164
5420.0,5.420000000000002,3.2515568433900555
5420.5,5.420500000000004,3.2540568433900674
5421.0,5.420999999999999,3.256556843390044
5421.5,5.421500000000002,3.2468294390005425
5422.0,5.421999999999997,3.249329439000519
5422.5,5.422499999999999,3.251829439000531
5423.0,5.423000000000002,3.2421490902740757
5423.5,5.423499999999997,3.244649090274052
5424.0,5.4239999999999995,3.247149090274064
5424.5,5.424500000000002,3.23748630471016
5425.0,5.424999999999997,3.2399863047101363
5425.5,5.4254999999999995,3.242486304710148
5426.0,5.426000000000002,3.2328075193963457
5426.5,5.426499999999997,3.235307519396322
5427.0,5.427,3.237807519396334
5427.5,5.427500000000002,3.2280807135360945
5428.0,5.427999999999997,3.230580713536071
5428.5,5.4285,3.233080713536083
5429.0,5.429000000000002,3.2232809792422756
5429.5,5.429499999999997,3.225780979242252
5430.0,5.43,3.228280979242264
5430.5,5.430500000000002,3.218353337260993
5431.0,5.430999999999997,3.2208533372609693
5431.5,5.4315,3.2233533372609813
5432.0,5.432000000000002,3.2132674513016823
5432.5,5.432499999999997,3.2157674513016588
5433.0,5.433,3.2182674513016707
5433.5,5.433500000000002,3.207997636709301
5434.0,5.4339999999999975,3.2104976367092775
5434.5,5.4345,3.2129976367092894
5435.0,5.435000000000002,3.20254038215797
5435.5,5.4354999999999976,3.2050403821579465
5436.0,5.436,3.2075403821579584
5436.5,5.436500000000002,3.2100403821579704
5437.0,5.436999999999998,3.1994252846831372
5437.5,5.4375,3.201925284683149
5438.0,5.438000000000002,3.204425284683161
5438.5,5.438499999999998,3.1936703082755713
5439.0,5.439,3.1961703082755832
5439.5,5.4395000000000024,3.198670308275595
5440.0,5.439999999999998,3.1878045019601586
5440.5,5.4405,3.1903045019601706
5441.0,5.4410000000000025,3.1928045019601825
5441.5,5.441499999999998,3.1818451019993788
5442.0,5.442,3.1843451019993907
5442.5,5.442500000000003,3.1868451019994026
5443.0,5.442999999999998,3.1758019481612365
5443.5,5.4435,3.1783019481612484
5444.0,5.444000000000003,3.1808019481612604
5444.5,5.444499999999998,3.1697040143722433
5445.0,5.445,3.172204014372255
5445.5,5.445500000000003,3.174704014372267
5446.0,5.445999999999998,3.163586683325832
5446.5,5.4465,3.166086683325844
5447.0,5.447000000000003,3.168586683325856
5447.5,5.447499999999998,3.1574712546375494
5448.0,5.448,3.1599712546375613
5448.5,5.448500000000003,3.1624712546375733
5449.0,5.448999999999998,3.1513930783740207
5449.5,5.4495000000000005,3.1538930783740327
5450.0,5.450000000000003,3.1563930783740446
5450.5,5.450499999999998,3.145391159469142
5451.0,5.4510000000000005,3.147891159469154
5451.5,5.451500000000003,3.150391159469166
5452.0,5.451999999999998,3.13950709892147
5452.5,5.452500000000001,3.142007098921482
5453.0,5.453000000000003,3.144507098921494
5453.5,5.453499999999998,3.133745696871486
5454.0,5.454000000000001,3.136245696871498
5454.5,5.454500000000003,3.13874569687151
5455.0,5.454999999999998,3.1281182386596385
5455.5,5.455500000000001,3.1306182386596504
5456.0,5.456000000000003,3.1331182386596623
5456.5,5.456499999999998,3.122598483379697
5457.0,5.457000000000001,3.125098483379709
5457.5,5.457500000000003,3.127598483379721
5458.0,5.457999999999998,3.1171595250968664
5458.5,5.458500000000001,3.1196595250968784
5459.0,5.459000000000003,3.1221595250968903
5459.5,5.4594999999999985,3.111770650374659
5460.0,5.460000000000001,3.114270650374671
5460.5,5.460499999999996,3.1167706503746473
5461.0,5.4609999999999985,3.106410222496443
5461.5,5.461500000000001,3.108910222496455
5462.0,5.462000000000003,3.111410222496467
5462.5,5.462499999999999,3.1010485316184955
5463.0,5.463000000000001,3.1035485316185074
5463.5,5.463499999999996,3.106048531618484
5464.0,5.463999999999999,3.0956824285390283
5464.5,5.464500000000001,3.0981824285390402
5465.0,5.465000000000003,3.100682428539052
5465.5,5.465499999999999,3.090329460549306
5466.0,5.466000000000001,3.092829460549318
5466.5,5.466499999999996,3.0953294605492943
5467.0,5.466999999999999,3.084999099949677
5467.5,5.467500000000001,3.0874990999496887
5468.0,5.4680000000000035,3.0899990999497007
5468.5,5.468499999999999,3.0797055181543698
5469.0,5.469000000000001,3.0822055181543817
5469.5,5.4694999999999965,3.084705518154358
5470.0,5.469999999999999,3.0744579059523147
5470.5,5.470500000000001,3.0769579059523267
5471.0,5.471000000000004,3.0794579059523386
5471.5,5.471499999999999,3.06928382978775
5472.0,5.472000000000001,3.071783829787762
5472.5,5.472499999999997,3.0742838297877384
5473.0,5.472999999999999,3.0641684341357234
5473.5,5.473500000000001,3.0666684341357353
5474.0,5.474000000000004,3.0691684341357472
5474.5,5.474499999999999,3.059103636575635
5475.0,5.475000000000001,3.061603636575647
5475.5,5.475499999999997,3.0641036365756236
5476.0,5.475999999999999,3.0540795658329856
5476.5,5.4765000000000015,3.0565795658329975
5477.0,5.477000000000004,3.0590795658330094
5477.5,5.477499999999999,3.049081582672457
5478.0,5.4780000000000015,3.051581582672469
5478.5,5.478499999999997,3.0540815826724454
5479.0,5.478999999999999,3.044098995573421
5479.5,5.479500000000002,3.046598995573433
5480.0,5.480000000000004,3.049098995573445
5480.5,5.480499999999999,3.039143250900942
5481.0,5.481000000000002,3.041643250900954
5481.5,5.481499999999997,3.0441432509009303
5482.0,5.481999999999999,3.03423224181536
5482.5,5.482500000000002,3.036732241815372
5483.0,5.483000000000004,3.039232241815384
5483.5,5.483499999999999,3.0293904895276924
5484.0,5.484000000000002,3.0318904895277043
5484.5,5.484499999999997,3.0343904895276808
5485.0,5.484999999999999,3.0246551971913505
5485.5,5.485500000000002,3.0271551971913624
5486.0,5.485999999999997,3.029655197191339
5486.5,5.4864999999999995,3.0200410345282336
5487.0,5.487000000000002,3.0225410345282455
5487.5,5.487499999999997,3.025041034528222
5488.0,5.4879999999999995,3.015540185889485
5488.5,5.488500000000002,3.0180401858894967
5489.0,5.488999999999997,3.020540185889473
5489.5,5.4895,3.011132537111152
5490.0,5.490000000000002,3.013632537111164
5490.5,5.490499999999997,3.0161325371111403
5491.0,5.491,3.0068080444329226
5491.5,5.491500000000002,3.0093080444329345
5492.0,5.491999999999997,3.011808044432911
5492.5,5.4925,3.002565942847042
5493.0,5.493000000000002,3.005065942847054
5493.5,5.493499999999997,3.0075659428470303
5494.0,5.494,2.9983677302482548
5494.5,5.494500000000002,3.0008677302482667
5495.0,5.494999999999997,3.003367730248243
5495.5,5.4955,2.994202614760688
5496.0,5.496000000000002,2.9967026147607
5496.5,5.4964999999999975,2.9992026147606765
5497.0,5.497,2.9900587439987447
5497.5,5.497500000000002,2.9925587439987567
5498.0,5.4979999999999976,2.995058743998733
5498.5,5.4985,2.9859390240511985
5499.0,5.499000000000002,2.9884390240512104
5499.5,5.499499999999998,2.990939024051187
5500.0,5.5,2.981854754794675
5500.5,5.500500000000002,2.984354754794687
5501.0,5.500999999999998,2.9868547547946633
5501.5,5.5015,2.977818037348925
5502.0,5.5020000000000024,2.980318037348937
5502.5,5.502499999999998,2.9828180373489133
5503.0,5.503,2.9738336763804085
5503.5,5.5035000000000025,2.9763336763804205
5504.0,5.503999999999998,2.978833676380397
5504.5,5.5045,2.969905936537671
5505.0,5.505000000000003,2.972405936537683
5505.5,5.505499999999998,2.9749059365376596
5506.0,5.506,2.9660245559442444
5506.5,5.506500000000003,2.9685245559442563
5507.0,5.506999999999998,2.9710245559442328
5507.5,5.5075,2.9621568948039823
5508.0,5.508000000000003,2.964656894803994
5508.5,5.508499999999998,2.9671568948039706
5509.0,5.509,2.958277292703677
5509.5,5.509500000000003,2.960777292703689
5510.0,5.509999999999998,2.9632772927036655
5510.5,5.5105,2.954356759641392
5511.0,5.511000000000003,2.956856759641404
5511.5,5.511499999999998,2.9593567596413806
5512.0,5.5120000000000005,2.9618567596413925
5512.5,5.512500000000003,2.9528722725649104
5513.0,5.512999999999998,2.9553722725648868
5513.5,5.5135000000000005,2.9578722725648987
5514.0,5.514000000000003,2.9487984556487135
5514.5,5.514499999999998,2.95129845564869
5515.0,5.515000000000001,2.953798455648702
5515.5,5.515500000000003,2.9446325782459937
5516.0,5.515999999999998,2.94713257824597
5516.5,5.516500000000001,2.949632578245982
5517.0,5.517000000000003,2.9403572315159465
5517.5,5.517499999999998,2.942857231515923
5518.0,5.518000000000001,2.945357231515935
5518.5,5.518500000000003,2.9359776969991813
5519.0,5.518999999999998,2.9384776969991577
5519.5,5.519500000000001,2.9409776969991697
5520.0,5.520000000000003,2.9314979436384903
5520.5,5.520499999999998,2.9339979436384667
5521.0,5.521000000000001,2.9364979436384786
5521.5,5.521500000000003,2.926898347001732
5522.0,5.5219999999999985,2.929398347001708
5522.5,5.522500000000001,2.93189834700172
5523.0,5.522999999999996,2.922161220114141
5523.5,5.5234999999999985,2.924661220114153
5524.0,5.524000000000001,2.927161220114165
5524.5,5.524500000000003,2.9172787174600145
5525.0,5.524999999999999,2.919778717459991
5525.5,5.525500000000001,2.922278717460003
5526.0,5.525999999999996,2.9122355969249725
5526.5,5.526499999999999,2.9147355969249844
5527.0,5.527000000000001,2.9172355969249963
5527.5,5.527500000000003,2.9070368409298197
5528.0,5.527999999999999,2.909536840929796
5528.5,5.528500000000001,2.912036840929808
5529.0,5.528999999999996,2.9016892493581636
5529.5,5.529499999999999,2.9041892493581756
5530.0,5.530000000000001,2.9066892493581875
5530.5,5.5305000000000035,2.8961975943146
5531.0,5.530999999999999,2.8986975943145765
5531.5,5.531500000000001,2.9011975943145885
5532.0,5.5319999999999965,2.8906004807099706
5532.5,5.532499999999999,2.8931004807099825
5533.0,5.533000000000001,2.8956004807099944
5533.5,5.533500000000004,2.884929508897791
5534.0,5.533999999999999,2.8874295088977675
5534.5,5.534500000000001,2.8899295088977794
5535.0,5.534999999999997,2.8792386303045703
5535.5,5.535499999999999,2.881738630304582
5536.0,5.536000000000001,2.884238630304594
5536.5,5.536500000000004,2.8735620325002387
5537.0,5.536999999999999,2.876062032500215
5537.5,5.537500000000001,2.878562032500227
5538.0,5.537999999999997,2.867950618657815
5538.5,5.538499999999999,2.870450618657827
5539.0,5.5390000000000015,2.872950618657839
5539.5,5.539500000000004,2.862430880410791
5540.0,5.539999999999999,2.8649308804107676
5540.5,5.5405000000000015,2.8674308804107795
5541.0,5.540999999999997,2.8570096068780515
5541.5,5.541499999999999,2.8595096068780634
5542.0,5.542000000000002,2.8620096068780754
5542.5,5.542500000000004,2.8516909448625327
5543.0,5.542999999999999,2.854190944862509
5543.5,5.543500000000002,2.856690944862521
5544.0,5.543999999999997,2.8464466853478143
5544.5,5.544499999999999,2.8489466853478262
5545.0,5.545000000000002,2.851446685347838
5545.5,5.545500000000004,2.8412475495514755
5546.0,5.545999999999999,2.843747549551452
5546.5,5.546500000000002,2.846247549551464
5547.0,5.546999999999997,2.8360726324310903
5547.5,5.547499999999999,2.8385726324311022
5548.0,5.548000000000002,2.841072632431114
5548.5,5.548499999999997,2.83089144446496
5549.0,5.5489999999999995,2.833391444464972
5549.5,5.549500000000002,2.835891444464984
5550.0,5.549999999999997,2.825665327735045
5550.5,5.5504999999999995,2.828165327735057
5551.0,5.551000000000002,2.830665327735069
5551.5,5.551499999999997,2.8203864038188797
5552.0,5.552,2.8228864038188917
5552.5,5.552500000000002,2.8253864038189036
5553.0,5.552999999999997,2.815037668941436
5553.5,5.5535,2.8175376689414477
5554.0,5.554000000000002,2.8200376689414597
5554.5,5.554499999999997,2.8096126620817685
5555.0,5.555,2.8121126620817805
5555.5,5.555500000000002,2.8146126620817924
5556.0,5.555999999999997,2.804114863515821
5556.5,5.5565,2.806614863515833
5557.0,5.557000000000002,2.8091148635158447
5557.5,5.557499999999997,2.7985451035065623
5558.0,5.558,2.801045103506574
5558.5,5.558500000000002,2.803545103506586
5559.0,5.5589999999999975,2.7928867324607154
5559.5,5.5595,2.7953867324607273
5560.0,5.560000000000002,2.7978867324607393
5560.5,5.5604999999999976,2.7871578220608484
5561.0,5.561,2.7896578220608603
5561.5,5.561500000000002,2.7921578220608723
5562.0,5.561999999999998,2.7813773630481364
5562.5,5.5625,2.7838773630481484
5563.0,5.563000000000002,2.7863773630481603
5563.5,5.563499999999998,2.7755403009419055
5564.0,5.564,2.7780403009419175
5564.5,5.5645000000000024,2.7805403009419294
5565.0,5.564999999999998,2.7696460804463996
5565.5,5.5655,2.7721460804464115
5566.0,5.5660000000000025,2.7746460804464235
5566.5,5.566499999999998,2.7637349976627235
5567.0,5.567,2.7662349976627354
5567.5,5.567500000000003,2.7687349976627473
5568.0,5.567999999999998,2.7578668488446922
5568.5,5.5685,2.760366848844704
5569.0,5.569000000000003,2.762866848844716
5569.5,5.569499999999998,2.7520891623488453
5570.0,5.57,2.754589162348857
5570.5,5.570500000000003,2.757089162348869
5571.0,5.570999999999998,2.746461922638339
5571.5,5.5715,2.748961922638351
5572.0,5.572000000000003,2.751461922638363
5572.5,5.572499999999998,2.7410423404532125
5573.0,5.573,2.7435423404532244
5573.5,5.573500000000003,2.7460423404532364
5574.0,5.573999999999998,2.735872301847877
5574.5,5.5745000000000005,2.738372301847889
5575.0,5.575000000000003,2.740872301847901
5575.5,5.575499999999998,2.7309691682015114
5576.0,5.5760000000000005,2.7334691682015233
5576.5,5.576500000000003,2.7359691682015352
5577.0,5.576999999999998,2.7263049086657887
5577.5,5.577500000000001,2.7288049086658006
5578.0,5.578000000000003,2.7313049086658125
5578.5,5.578499999999998,2.7218292632819896
5579.0,5.579000000000001,2.7243292632820015
5579.5,5.579500000000003,2.7268292632820135
5580.0,5.579999999999998,2.717503533653094
5580.5,5.580500000000001,2.720003533653106
5581.0,5.581000000000003,2.722503533653118
5581.5,5.581499999999998,2.7132734791251423
5582.0,5.582000000000001,2.715773479125154
5582.5,5.582500000000003,2.718273479125166
5583.0,5.582999999999998,2.7090958139618593
5583.5,5.583500000000001,2.711595813961871
5584.0,5.584000000000003,2.714095813961883
5584.5,5.5844999999999985,2.7049465649049154
5585.0,5.585000000000001,2.7074465649049273
5585.5,5.585499999999996,2.7099465649049037
5586.0,5.5859999999999985,2.7008052096290314
5586.5,5.586500000000001,2.7033052096290433
5587.0,5.587000000000003,2.7058052096290552
5587.5,5.587499999999999,2.7083052096290317
5588.0,5.588000000000001,2.6991619181523063
5588.5,5.588499999999996,2.7016619181522827
5589.0,5.588999999999999,2.7041619181522947
5589.5,5.589500000000001,2.6950163736831456
5590.0,5.590000000000003,2.6975163736831576
5590.5,5.590499999999999,2.700016373683134
5591.0,5.591000000000001,2.6908428528975037
5591.5,5.591499999999996,2.69334285289748
5592.0,5.591999999999999,2.695842852897492
5592.5,5.592500000000001,2.6866090043601076
5593.0,5.5930000000000035,2.6891090043601196
5593.5,5.593499999999999,2.691609004360096
5594.0,5.594000000000001,2.6823136295865524
5594.5,5.5944999999999965,2.684813629586529
5595.0,5.594999999999999,2.6873136295865407
5595.5,5.595500000000001,2.677928706214523
5596.0,5.596000000000004,2.680428706214535
5596.5,5.596499999999999,2.6829287062145113
5597.0,5.597000000000001,2.6734645650957134
5597.5,5.597499999999997,2.67596456509569
5598.0,5.597999999999999,2.6784645650957017
5598.5,5.598500000000001,2.668909316506358
5599.0,5.599000000000004,2.67140931650637
5599.5,5.599499999999999,2.6739093165063466
5600.0,5.600000000000001,2.6642911995802265
5600.5,5.600499999999997,2.666791199580203
5601.0,5.600999999999999,2.669291199580215
5601.5,5.6015000000000015,2.659673224120951
5602.0,5.602000000000004,2.662173224120963
5602.5,5.602499999999999,2.664673224120939
5603.0,5.6030000000000015,2.655122575699167
5603.5,5.603499999999997,2.6576225756991434
5604.0,5.603999999999999,2.6601225756991553
5604.5,5.604500000000002,2.6507013040244587
5605.0,5.605000000000004,2.6532013040244706
5605.5,5.605499999999999,2.655701304024447
5606.0,5.606000000000002,2.6464361994569785
5606.5,5.606499999999997,2.648936199456955
5607.0,5.606999999999999,2.651436199456967
5607.5,5.607500000000002,2.6423439915621927
5608.0,5.608000000000004,2.6448439915622046
5608.5,5.608499999999999,2.647343991562181
5609.0,5.609000000000002,2.6384210445294443
5609.5,5.609499999999997,2.6409210445294207
5610.0,5.609999999999999,2.6434210445294326
5610.5,5.610500000000002,2.634627128413811
5611.0,5.610999999999997,2.6371271284137876
5611.5,5.6114999999999995,2.6396271284137995
5612.0,5.612000000000002,2.6308910769950344
5612.5,5.612499999999997,2.633391076995011
5613.0,5.6129999999999995,2.635891076995023
5613.5,5.613500000000002,2.6271651144057273
5614.0,5.613999999999997,2.6296651144057037
5614.5,5.6145,2.6321651144057157
5615.0,5.615000000000002,2.623391595018205
5615.5,5.615499999999997,2.6258915950181816
5616.0,5.616,2.6283915950181935
5616.5,5.616500000000002,2.619503414698414
5617.0,5.616999999999997,2.6220034146983906
5617.5,5.6175,2.6245034146984025
5618.0,5.618000000000002,2.615456061623327
5618.5,5.618499999999997,2.6179560616233033
5619.0,5.619,2.6204560616233152
5619.5,5.619500000000002,2.611234435062677
5620.0,5.619999999999997,2.6137344350626535
5620.5,5.6205,2.6162344350626654
5621.0,5.621000000000002,2.606813465790765
5621.5,5.6214999999999975,2.6093134657907413
5622.0,5.622,2.6118134657907532
5622.5,5.622500000000002,2.602148181457693
5623.0,5.6229999999999976,2.6046481814576694
5623.5,5.6235,2.6071481814576813
5624.0,5.624000000000002,2.5972481823795235
5624.5,5.624499999999998,2.5997481823795
5625.0,5.625,2.602248182379512
5625.5,5.625500000000002,2.5920966030426484
5626.0,5.625999999999998,2.594596603042625
5626.5,5.6265,2.597096603042637
5627.0,5.6270000000000024,2.586701689648656
5627.5,5.627499999999998,2.5892016896486325
5628.0,5.628,2.5917016896486444
5628.5,5.6285000000000025,2.5810951865398835
5629.0,5.628999999999998,2.58359518653986
5629.5,5.6295,2.586095186539872
5630.0,5.630000000000003,2.575298416158418
5630.5,5.630499999999998,2.5777984161583944
5631.0,5.631,2.5802984161584064
5631.5,5.631500000000003,2.569366706975593
5632.0,5.631999999999998,2.5718667069755696
5632.5,5.6325,2.5743667069755816
5633.0,5.633000000000003,2.5633621366192116
5633.5,5.633499999999998,2.565862136619188
5634.0,5.634,2.5683621366192
5634.5,5.634500000000003,2.5573257236276348
5635.0,5.634999999999998,2.559825723627611
5635.5,5.6355,2.562325723627623
5636.0,5.636000000000003,2.5513136259309377
5636.5,5.636499999999998,2.553813625930914
5637.0,5.6370000000000005,2.556313625930926
5637.5,5.637500000000003,2.5453667030304317
5638.0,5.637999999999998,2.547866703030408
5638.5,5.6385000000000005,2.55036670303042
5639.0,5.639000000000003,2.5395393680284783
5639.5,5.639499999999998,2.5420393680284548
5640.0,5.640000000000001,2.5445393680284667
5640.5,5.640500000000003,2.5338552903198064
5641.0,5.640999999999998,2.536355290319783
5641.5,5.641500000000001,2.5388552903197947
5642.0,5.642000000000003,2.528323568728368
5642.5,5.642499999999998,2.5308235687283442
5643.0,5.643000000000001,2.533323568728356
5643.5,5.643500000000003,2.5229295588076184
5644.0,5.643999999999998,2.525429558807595
5644.5,5.644500000000001,2.5279295588076067
5645.0,5.645000000000003,2.5176440195699357
5645.5,5.645499999999998,2.520144019569912
5646.0,5.646000000000001,2.522644019569924
5646.5,5.646500000000003,2.5124411621221654
5647.0,5.6469999999999985,2.514941162122142
5647.5,5.647500000000001,2.5174411621221537
5648.0,5.647999999999996,2.5072839542723457
5648.5,5.6484999999999985,2.5097839542723577
5649.0,5.649000000000001,2.5122839542723696
5649.5,5.649500000000003,2.502129576274754
5650.0,5.649999999999999,2.5046295762747306
5650.5,5.650500000000001,2.5071295762747425
5651.0,5.650999999999996,2.4969460556860312
5651.5,5.651499999999999,2.499446055686043
5652.0,5.652000000000001,2.501946055686055
5652.5,5.652500000000003,2.4917019645032923
5653.0,5.652999999999999,2.4942019645032687
5653.5,5.653500000000001,2.4967019645032806
5654.0,5.653999999999996,2.486373008778955
5654.5,5.654499999999999,2.4888730087789668
5655.0,5.655000000000001,2.4913730087789787
5655.5,5.6555000000000035,2.4809345587348375
5656.0,5.655999999999999,2.483434558734814
5656.5,5.656500000000001,2.485934558734826
5657.0,5.6569999999999965,2.4753820973448626
5657.5,5.657499999999999,2.4778820973448745
5658.0,5.658000000000001,2.4803820973448865
5658.5,5.658500000000004,2.4697363141837414
5659.0,5.658999999999999,2.472236314183718
5659.5,5.659500000000001,2.4747363141837297
5660.0,5.659999999999997,2.4640262265571877
5660.5,5.660499999999999,2.4665262265571997
5661.0,5.661000000000001,2.4690262265572116
5661.5,5.661500000000004,2.4582760280843274
5662.0,5.661999999999999,2.460776028084304
5662.5,5.662500000000001,2.463276028084316
5663.0,5.662999999999997,2.465776028084292
5663.5,5.663499999999999,2.4550185119238677
5664.0,5.6640000000000015,2.4575185119238796
5664.5,5.664500000000004,2.4600185119238915
5665.0,5.664999999999999,2.449316500633749
5665.5,5.6655000000000015,2.451816500633761
5666.0,5.665999999999997,2.4543165006337375
5666.5,5.666499999999999,2.443706620421402
5667.0,5.667000000000002,2.446206620421414
5667.5,5.667500000000004,2.448706620421426
5668.0,5.667999999999999,2.438231967848239
5668.5,5.668500000000002,2.440731967848251
5669.0,5.668999999999997,2.4432319678482273
5669.5,5.669499999999999,2.4329290889491872
5670.0,5.670000000000002,2.435429088949199
5670.5,5.670500000000004,2.437929088949211
5671.0,5.670999999999999,2.427854247716894
5671.5,5.671500000000002,2.430354247716906
5672.0,5.671999999999997,2.4328542477168824
5672.5,5.672499999999999,2.423051551228248
5673.0,5.673000000000002,2.42555155122826
5673.5,5.673499999999997,2.4280515512282363
5674.0,5.6739999999999995,2.418575835513792
5674.5,5.674500000000002,2.421075835513804
5675.0,5.674999999999997,2.4235758355137804
5675.5,5.6754999999999995,2.4143974717852856
5676.0,5.676000000000002,2.4168974717852976
5676.5,5.676499999999997,2.419397471785274
5677.0,5.677,2.4105032153338257
5677.5,5.677500000000002,2.4130032153338377
5678.0,5.677999999999997,2.415503215333814
5678.5,5.6785,2.4068585331590953
5679.0,5.679000000000002,2.409358533159107
5679.5,5.679499999999997,2.4118585331590836
5680.0,5.68,2.403411307752741
5680.5,5.680500000000002,2.4059113077527527
5681.0,5.680999999999997,2.408411307752729
5681.5,5.6815,2.40009427152728
5682.0,5.682000000000002,2.402594271527292
5682.5,5.682499999999997,2.4050942715272683
5683.0,5.683,2.3968379860913913
5683.5,5.683500000000002,2.3993379860914033
5684.0,5.6839999999999975,2.4018379860913797
5684.5,5.6845,2.3935985816170557
5685.0,5.685000000000002,2.3960985816170677
5685.5,5.6854999999999976,2.398598581617044
5686.0,5.686,2.390316236516057
5686.5,5.686500000000002,2.392816236516069
5687.0,5.686999999999998,2.395316236516045
5687.5,5.6875,2.3869122782080865
5688.0,5.688000000000002,2.3894122782080984
5688.5,5.688499999999998,2.391912278208075
5689.0,5.689,2.38334006366145
5689.5,5.6895000000000024,2.385840063661462
5690.0,5.689999999999998,2.3883400636614383
5690.5,5.6905,2.3795786937508723
5691.0,5.6910000000000025,2.382078693750884
5691.5,5.691499999999998,2.3845786937508606
5692.0,5.692,2.3756158629569413
5692.5,5.692500000000003,2.378115862956953
5693.0,5.692999999999998,2.3806158629569296
5693.5,5.6935,2.371468791950022
5694.0,5.694000000000003,2.373968791950034
5694.5,5.694499999999998,2.3764687919500105
5695.0,5.695,2.3671775289713537
5695.5,5.695500000000003,2.3696775289713656
5696.0,5.695999999999998,2.372177528971342
5696.5,5.6965,2.362767978301079
5697.0,5.697000000000003,2.365267978301091
5697.5,5.697499999999998,2.3677679783010674
5698.0,5.698,2.358263288012381
5698.5,5.698500000000003,2.360763288012393
5699.0,5.698999999999998,2.3632632880123694
5699.5,5.6995000000000005,2.353714929026971
5700.0,5.700000000000003,2.356214929026983
5700.5,5.700499999999998,2.3587149290269593
5701.0,5.7010000000000005,2.3491775311261875
5701.5,5.701500000000003,2.3516775311261995
5702.0,5.701999999999998,2.354177531126176
5702.5,5.702500000000001,2.3447071754844018
5703.0,5.703000000000003,2.3472071754844137
5703.5,5.703499999999998,2.34970717548439
5704.0,5.704000000000001,2.340360184742636
5704.5,5.704500000000003,2.342860184742648
5705.0,5.704999999999998,2.345360184742624
5705.5,5.705500000000001,2.3361604180733764
5706.0,5.706000000000003,2.3386604180733883
5706.5,5.706499999999998,2.3411604180733647
5707.0,5.707000000000001,2.3321339054135137
5707.5,5.707500000000003,2.3346339054135257
5708.0,5.707999999999998,2.337133905413502
5708.5,5.708500000000001,2.328254926677502
5709.0,5.709000000000003,2.330754926677514
5709.5,5.7094999999999985,2.3332549266774905
5710.0,5.710000000000001,2.324481478716436
5710.5,5.710499999999996,2.3269814787164123
5711.0,5.7109999999999985,2.329481478716424
5711.5,5.711500000000001,2.320784486677532
5712.0,5.712000000000003,2.3232844866775437
5712.5,5.712499999999999,2.32578448667752
5713.0,5.713000000000001,2.3171450228542767
5713.5,5.713499999999996,2.319645022854253
5714.0,5.713999999999999,2.322145022854265
5714.5,5.714500000000001,2.3135124741560276
5715.0,5.715000000000003,2.3160124741560395
5715.5,5.715499999999999,2.318512474156016
5716.0,5.716000000000001,2.3098271314758634
5716.5,5.716499999999996,2.31232713147584
5717.0,5.716999999999999,2.3148271314758517
5717.5,5.717500000000001,2.3060551391186124
5718.0,5.7180000000000035,2.3085551391186243
5718.5,5.718499999999999,2.3110551391186007
5719.0,5.719000000000001,2.30217167685975
5719.5,5.7194999999999965,2.3046716768597264
5720.0,5.719999999999999,2.3071716768597383
5720.5,5.720500000000001,2.2981396288437494
5721.0,5.721000000000004,2.3006396288437614
5721.5,5.721499999999999,2.303139628843738
5722.0,5.722000000000001,2.293933543726787
5722.5,5.722499999999997,2.2964335437267636
5723.0,5.722999999999999,2.2989335437267755
5723.5,5.723500000000001,2.289533022865058
5724.0,5.724000000000004,2.29203302286507
5724.5,5.724499999999999,2.2945330228650462
5725.0,5.725000000000001,2.284947241009725
5725.5,5.725499999999997,2.2874472410097013
5726.0,5.725999999999999,2.2899472410097133
5726.5,5.7265000000000015,2.2801978280364565
5727.0,5.727000000000004,2.2826978280364685
5727.5,5.727499999999999,2.285197828036445
5728.0,5.7280000000000015,2.2752940911788855
5728.5,5.728499999999997,2.277794091178862
5729.0,5.728999999999999,2.280294091178874
5729.5,5.729500000000002,2.270272605435224
5730.0,5.730000000000004,2.272772605435236
5730.5,5.730499999999999,2.2752726054352124
5731.0,5.731000000000002,2.265159417343021
5731.5,5.731499999999997,2.2676594173429976
5732.0,5.731999999999999,2.2701594173430095
5732.5,5.732500000000002,2.25997955445262
5733.0,5.733000000000004,2.262479554452632
5733.5,5.733499999999999,2.2649795544526086
5734.0,5.734000000000002,2.2547598951825876
5734.5,5.734499999999997,2.257259895182564
5735.0,5.734999999999999,2.259759895182576
5735.5,5.735500000000002,2.2495229084718105
5736.0,5.735999999999997,2.252022908471787
5736.5,5.7364999999999995,2.254522908471799
5737.0,5.737000000000002,2.2443021353480574
5737.5,5.737499999999997,2.246802135348034
5738.0,5.7379999999999995,2.249302135348046
5738.5,5.738500000000002,2.2518021353480577
5739.0,5.738999999999997,2.241622430556305
5739.5,5.7395,2.2441224305563168
5740.0,5.740000000000002,2.2466224305563287
5740.5,5.740499999999997,2.2364851274873487
5741.0,5.741,2.2389851274873607
5741.5,5.741500000000002,2.2414851274873726
5742.0,5.741999999999997,2.2313836456696734
5742.5,5.7425,2.2338836456696853
5743.0,5.743000000000002,2.2363836456696973
5743.5,5.743499999999997,2.2263054391040527
5744.0,5.744,2.2288054391040646
5744.5,5.744500000000002,2.2313054391040765
5745.0,5.744999999999997,2.2212153874995266
5745.5,5.7455,2.2237153874995386
5746.0,5.746000000000002,2.2262153874995505
5746.5,5.7464999999999975,2.216103024056011
5747.0,5.747,2.218603024056023
5747.5,5.747500000000002,2.2211030240560348
5748.0,5.7479999999999976,2.210951733758648
5748.5,5.7485,2.21345173375866
5749.0,5.749000000000002,2.215951733758672
5749.5,5.749499999999998,2.20576406270812
5750.0,5.75,2.208264062708132
5750.5,5.750500000000002,2.2107640627081437
5751.0,5.750999999999998,2.200544864346732
5751.5,5.7515,2.2030448643467437
5752.0,5.7520000000000024,2.2055448643467557
5752.5,5.752499999999998,2.195297016784501
5753.0,5.753,2.197797016784513
5753.5,5.7535000000000025,2.200297016784525
5754.0,5.753999999999998,2.1900166025556445
5754.5,5.7545,2.1925166025556564
5755.0,5.755000000000003,2.1950166025556683
5755.5,5.755499999999998,2.184705018473565
5756.0,5.756,2.187205018473577
5756.5,5.756500000000003,2.189705018473589
5757.0,5.756999999999998,2.1793749925759442
5757.5,5.7575,2.181874992575956
5758.0,5.758000000000003,2.184374992575968
5758.5,5.758499999999998,2.173995355956464
5759.0,5.759,2.176495355956476
5759.5,5.759500000000003,2.178995355956488
5760.0,5.759999999999998,2.168564050274604
5760.5,5.7605,2.171064050274616
5761.0,5.761000000000003,2.173564050274628
5761.5,5.761499999999998,2.1630799522151634
5762.0,5.7620000000000005,2.1655799522151753
5762.5,5.762500000000003,2.1680799522151872
5763.0,5.762999999999998,2.1575389238143217
5763.5,5.7635000000000005,2.1600389238143336
5764.0,5.764000000000003,2.1625389238143455
5764.5,5.764499999999998,2.151948644794466
5765.0,5.765000000000001,2.1544486447944777
5765.5,5.765500000000003,2.1569486447944897
5766.0,5.765999999999998,2.146335927590286
5766.5,5.766500000000001,2.148835927590298
5767.0,5.767000000000003,2.15133592759031
5767.5,5.767499999999998,2.140763366051459
5768.0,5.768000000000001,2.143263366051471
5768.5,5.768500000000003,2.145763366051483
5769.0,5.768999999999998,2.135262867619794
5769.5,5.769500000000001,2.1377628676198057
5770.0,5.770000000000003,2.1402628676198177
5770.5,5.770499999999998,2.129880959179893
5771.0,5.771000000000001,2.132380959179905
5771.5,5.771500000000003,2.1348809591799167
5772.0,5.7719999999999985,2.1246356914007336
5772.5,5.772500000000001,2.1271356914007455
5773.0,5.772999999999996,2.129635691400722
5773.5,5.7734999999999985,2.119543597302993
5774.0,5.774000000000001,2.122043597303005
5774.5,5.774500000000003,2.124543597303017
5775.0,5.774999999999999,2.114620207940767
5775.5,5.775500000000001,2.117120207940779
5776.0,5.775999999999996,2.1196202079407556
5776.5,5.776499999999999,2.109871734939972
5777.0,5.777000000000001,2.112371734939984
5777.5,5.777500000000003,2.114871734939996
5778.0,5.777999999999999,2.1052845234769535
5778.5,5.778500000000001,2.1077845234769654
5779.0,5.778999999999996,2.110284523476942
5779.5,5.779499999999999,2.1008620829797664
5780.0,5.780000000000001,2.1033620829797783
5780.5,5.7805000000000035,2.1058620829797903
5781.0,5.780999999999999,2.0965886035159897
5781.5,5.781500000000001,2.0990886035160017
5782.0,5.7819999999999965,2.101588603515978
5782.5,5.782499999999999,2.0924640668109973
5783.0,5.783000000000001,2.094964066811009
5783.5,5.783500000000004,2.097464066811021
5784.0,5.783999999999999,2.0884599648515945
5784.5,5.784500000000001,2.0909599648516064
5785.0,5.784999999999997,2.093459964851583
5785.5,5.785499999999999,2.0845547762888827
5786.0,5.786000000000001,2.0870547762888947
5786.5,5.786500000000004,2.0895547762889066
5787.0,5.786999999999999,2.0807047894228248
5787.5,5.787500000000001,2.0832047894228367
5788.0,5.787999999999997,2.085704789422813
5788.5,5.788499999999999,2.07686579492389
5789.0,5.7890000000000015,2.079365794923902
5789.5,5.789500000000004,2.081865794923914
5790.0,5.789999999999999,2.072998834116113
5790.5,5.7905000000000015,2.075498834116125
5791.0,5.790999999999997,2.0779988341161015
5791.5,5.791499999999999,2.0690803492147225
5792.0,5.792000000000002,2.0715803492147344
5792.5,5.792500000000004,2.0740803492147464
5793.0,5.792999999999999,2.065101486724572
5793.5,5.793500000000002,2.067601486724584
5794.0,5.793999999999997,2.0701014867245604
5794.5,5.794499999999999,2.0610574238992996
5795.0,5.795000000000002,2.0635574238993115
5795.5,5.795500000000004,2.0660574238993235
5796.0,5.795999999999999,2.0569773525059176
5796.5,5.796500000000002,2.0594773525059296
5797.0,5.796999999999997,2.061977352505906
5797.5,5.797499999999999,2.0528627019984214
5798.0,5.798000000000002,2.0553627019984333
5798.5,5.798499999999997,2.0578627019984097
5799.0,5.7989999999999995,2.048728873539112
5799.5,5.799500000000002,2.0512288735391238
5800.0,5.799999999999997,2.0537288735391
5800.5,5.8004999999999995,2.0446097395516816
5801.0,5.801000000000002,2.0471097395516935
5801.5,5.801499999999997,2.04960973955167
5802.0,5.802,2.040534819126769
5802.5,5.802500000000002,2.043034819126781
5803.0,5.802999999999997,2.0455348191267575
5803.5,5.8035,2.0365322650922124
5804.0,5.804000000000002,2.0390322650922243
5804.5,5.804499999999997,2.0415322650922008
5805.0,5.805,2.032603790547114
5805.5,5.805500000000002,2.035103790547126
5806.0,5.805999999999997,2.0376037905471023
5806.5,5.8065,2.028749160417398
5807.0,5.807000000000002,2.03124916041741
5807.5,5.807499999999997,2.0337491604173863
5808.0,5.808,2.0249490678419946
5808.5,5.808500000000002,2.0274490678420065
5809.0,5.8089999999999975,2.029949067841983
5809.5,5.8095,2.0212254406954244
5810.0,5.810000000000002,2.0237254406954364
5810.5,5.8104999999999976,2.0262254406954128
5811.0,5.811,2.017579202811568
5811.5,5.811500000000002,2.02007920281158
5812.0,5.811999999999998,2.0225792028115563
5812.5,5.8125,2.014002051020576
5813.0,5.813000000000002,2.0165020510205878
5813.5,5.813499999999998,2.019002051020564
5814.0,5.814,2.021502051020576
5814.5,5.8145000000000024,2.0129777800499227
5815.0,5.814999999999998,2.015477780049899
5815.5,5.8155,2.017977780049911
5816.0,5.8160000000000025,2.0094751497103047
5816.5,5.816499999999998,2.011975149710281
5817.0,5.817,2.014475149710293
5817.5,5.817500000000003,2.0059743000125607
5818.0,5.817999999999998,2.008474300012537
5818.5,5.8185,2.010974300012549
5819.0,5.819000000000003,2.002431955710229
5819.5,5.819499999999998,2.004931955710205
5820.0,5.82,2.007431955710217
5820.5,5.820500000000003,1.998793459783208
5821.0,5.820999999999998,2.0012934597831844
5821.5,5.8215,2.0037934597831963
5822.0,5.822000000000003,1.9950209175907574
5822.5,5.822499999999998,1.9975209175907338
5823.0,5.823,2.0000209175907457
5823.5,5.823500000000003,1.9910652795493533
5824.0,5.823999999999998,1.9935652795493297
5824.5,5.8245000000000005,1.9960652795493417
5825.0,5.825000000000003,1.9869057817431823
5825.5,5.825499999999998,1.9894057817431587
5826.0,5.8260000000000005,1.9919057817431707
5826.5,5.826500000000003,1.982546939800578
5827.0,5.826999999999998,1.9850469398005544
5827.5,5.827500000000001,1.9875469398005663
5828.0,5.828000000000003,1.9779842455439933
5828.5,5.828499999999998,1.9804842455439697
5829.0,5.829000000000001,1.9829842455439817
5829.5,5.829500000000003,1.9732521826994542
5830.0,5.829999999999998,1.9757521826994306
5830.5,5.830500000000001,1.9782521826994426
5831.0,5.831000000000003,1.968373464270421
5831.5,5.831499999999998,1.9708734642703973
5832.0,5.832000000000001,1.9733734642704093
5832.5,5.832500000000003,1.9633768411187447
5833.0,5.832999999999998,1.965876841118721
5833.5,5.833500000000001,1.968376841118733
5834.0,5.834000000000003,1.958299415767506
5834.5,5.8344999999999985,1.9607994157674824
5835.0,5.835000000000001,1.9632994157674943
5835.5,5.835499999999996,1.953186568189622
5836.0,5.8359999999999985,1.955686568189634
5836.5,5.836500000000001,1.958186568189646
5837.0,5.837000000000003,1.948060745752187
5837.5,5.837499999999999,1.9505607457521634
5838.0,5.838000000000001,1.9530607457521754
5838.5,5.838499999999996,1.9429544893873896
5839.0,5.838999999999999,1.9454544893874015
5839.5,5.839500000000001,1.9479544893874134
5840.0,5.840000000000003,1.9379028443928448
5840.5,5.840499999999999,1.9404028443928212
5841.0,5.841000000000001,1.9429028443928331
5841.5,5.841499999999996,1.9329191631842235
5842.0,5.841999999999999,1.9354191631842355
5842.5,5.842500000000001,1.9379191631842474
5843.0,5.8430000000000035,1.9280235257288325
5843.5,5.843499999999999,1.930523525728809
5844.0,5.844000000000001,1.9330235257288209
5844.5,5.8444999999999965,1.9232160719302627
5845.0,5.844999999999999,1.9257160719302746
5845.5,5.845500000000001,1.9282160719302865
5846.0,5.846000000000004,1.918492128324587
5846.5,5.846499999999999,1.9209921283245635
5847.0,5.847000000000001,1.9234921283245754
5847.5,5.847499999999997,1.9138209545369378
5848.0,5.847999999999999,1.9163209545369497
5848.5,5.848500000000001,1.9188209545369617
5849.0,5.849000000000004,1.909172016828542
5849.5,5.849499999999999,1.9116720168285184
5850.0,5.850000000000001,1.9141720168285303
5850.5,5.850499999999997,1.9045087032014862
5851.0,5.850999999999999,1.9070087032014982
5851.5,5.8515000000000015,1.9095087032015101
5852.0,5.852000000000004,1.899809455971564
5852.5,5.852499999999999,1.9023094559715403
5853.0,5.8530000000000015,1.9048094559715523
5853.5,5.853499999999997,1.8950797094849392
5854.0,5.853999999999999,1.8975797094849511
5854.5,5.854500000000002,1.900079709484963
5855.0,5.855000000000004,1.8903160916832107
5855.5,5.855499999999999,1.892816091683187
5856.0,5.856000000000002,1.895316091683199
5856.5,5.856499999999997,1.8855196669909802
5857.0,5.856999999999999,1.888019666990992
5857.5,5.857500000000002,1.890519666991004
5858.0,5.858000000000004,1.8806981962729097
5858.5,5.858499999999999,1.883198196272886
5859.0,5.859000000000002,1.885698196272898
5859.5,5.859499999999997,1.875837277596446
5860.0,5.859999999999999,1.878337277596458
5860.5,5.860500000000002,1.88083727759647
5861.0,5.860999999999997,1.8709461727420518
5861.5,5.8614999999999995,1.8734461727420637
5862.0,5.862000000000002,1.8759461727420756
5862.5,5.862499999999997,1.8660414590837249
5863.0,5.8629999999999995,1.8685414590837368
5863.5,5.863500000000002,1.8710414590837487
5864.0,5.863999999999997,1.8611351860222314
5864.5,5.8645,1.8636351860222433
5865.0,5.865000000000002,1.8661351860222553
5865.5,5.865499999999997,1.8562753446204638
5866.0,5.866,1.8587753446204758
5866.5,5.866500000000002,1.8612753446204877
5867.0,5.866999999999997,1.8514652495930761
5867.5,5.8675,1.853965249593088
5868.0,5.868000000000002,1.8564652495931
5868.5,5.868499999999997,1.8467122869639496
5869.0,5.869,1.8492122869639616
5869.5,5.869500000000002,1.8517122869639735
5870.0,5.869999999999997,1.8420451017256312
5870.5,5.8705,1.8445451017256431
5871.0,5.871000000000002,1.847045101725655
5871.5,5.8714999999999975,1.8374615304376718
5872.0,5.872,1.8399615304376837
5872.5,5.872500000000002,1.8424615304376957
5873.0,5.8729999999999976,1.832932681645083
5873.5,5.8735,1.835432681645095
5874.0,5.874000000000002,1.837932681645107
5874.5,5.874499999999998,1.828429687679467
5875.0,5.875,1.830929687679479
5875.5,5.875500000000002,1.8334296876794909
5876.0,5.875999999999998,1.8239332217448023
5876.5,5.8765,1.8264332217448143
5877.0,5.8770000000000024,1.8289332217448262
5877.5,5.877499999999998,1.8194437875428093
5878.0,5.878,1.8219437875428213
5878.5,5.8785000000000025,1.8244437875428332
5879.0,5.878999999999998,1.814941425592309
5879.5,5.8795,1.817441425592321
5880.0,5.880000000000003,1.819941425592333
5880.5,5.880499999999998,1.8104139869979008
5881.0,5.881,1.8129139869979127
5881.5,5.881500000000003,1.8154139869979247
5882.0,5.881999999999998,1.8058530929748429
5882.5,5.8825,1.8083530929748548
5883.0,5.883000000000003,1.8108530929748667
5883.5,5.883499999999998,1.8012435079187128
5884.0,5.884,1.8037435079187247
5884.5,5.884500000000003,1.8062435079187367
5885.0,5.884999999999998,1.7965717058817532
5885.5,5.8855,1.7990717058817651
5886.0,5.886000000000003,1.801571705881777
5886.5,5.886499999999998,1.7918507229653713
5887.0,5.8870000000000005,1.7943507229653832
5887.5,5.887500000000003,1.7968507229653952
5888.0,5.887999999999998,1.7871073131385984
5888.5,5.8885000000000005,1.7896073131386103
5889.0,5.889000000000003,1.7921073131386223
5889.5,5.889499999999998,1.7946073131385987
5890.0,5.890000000000001,1.7848439960533113
5890.5,5.890500000000003,1.7873439960533233
5891.0,5.890999999999998,1.7898439960532997
5891.5,5.891500000000001,1.7800579698818098
5892.0,5.892000000000003,1.7825579698818217
5892.5,5.892499999999998,1.785057969881798
5893.0,5.893000000000001,1.7752528420601266
5893.5,5.893500000000003,1.7777528420601385
5894.0,5.893999999999998,1.780252842060115
5894.5,5.894500000000001,1.7704456398009683
5895.0,5.895000000000003,1.7729456398009802
5895.5,5.895499999999998,1.7754456398009566
5896.0,5.896000000000001,1.7656520343077275
5896.5,5.896500000000003,1.7681520343077395
5897.0,5.8969999999999985,1.770652034307716
5897.5,5.897500000000001,1.7608947711487488
5898.0,5.897999999999996,1.7633947711487252
5898.5,5.8984999999999985,1.7658947711487372
5899.0,5.899000000000001,1.7561883426678193
5899.5,5.899500000000003,1.7586883426678313
5900.0,5.899999999999999,1.7611883426678077
5900.5,5.900500000000001,1.7515357743062765
5901.0,5.900999999999996,1.754035774306253
5901.5,5.901499999999999,1.7565357743062648
5902.0,5.902000000000001,1.74693820304622
5902.5,5.902500000000003,1.7494382030462319
5903.0,5.902999999999999,1.7519382030462083
5903.5,5.903500000000001,1.7424066329151344
5904.0,5.903999999999996,1.7449066329151108
5904.5,5.904499999999999,1.7474066329151228
5905.0,5.905000000000001,1.737935824193606
5905.5,5.9055000000000035,1.740435824193618
5906.0,5.905999999999999,1.7429358241935944
5906.5,5.906500000000001,1.7335312117571888
5907.0,5.9069999999999965,1.7360312117571652
5907.5,5.907499999999999,1.7385312117571772
5908.0,5.908000000000001,1.7291870619691707
5908.5,5.908500000000004,1.7316870619691827
5909.0,5.908999999999999,1.734187061969159
5909.5,5.909500000000001,1.7248916573201
5910.0,5.909999999999997,1.7273916573200765
5910.5,5.910499999999999,1.7298916573200884
5911.0,5.911000000000001,1.7206229667294792
5911.5,5.911500000000004,1.7231229667294912
5912.0,5.911999999999999,1.7256229667294676
5912.5,5.912500000000001,1.7163598965334614
5913.0,5.912999999999997,1.7188598965334378
5913.5,5.913499999999999,1.7213598965334498
5914.0,5.9140000000000015,1.7121020999850245
5914.5,5.914500000000004,1.7146020999850364
5915.0,5.914999999999999,1.7171020999850128
5915.5,5.9155000000000015,1.707851696665621
5916.0,5.915999999999997,1.7103516966655974
5916.5,5.916499999999999,1.7128516966656093
5917.0,5.917000000000002,1.7036080704126277
5917.5,5.917500000000004,1.7061080704126397
5918.0,5.917999999999999,1.708608070412616
5918.5,5.918500000000002,1.6993661623454415
5919.0,5.918999999999997,1.7018661623454179
5919.5,5.919499999999999,1.7043661623454298
5920.0,5.920000000000002,1.695092729445875
5920.5,5.920500000000004,1.697592729445887
5921.0,5.920999999999999,1.7000927294458634
5921.5,5.921500000000002,1.690756468716721
5922.0,5.921999999999997,1.6932564687166973
5922.5,5.922499999999999,1.6957564687167093
5923.0,5.923000000000002,1.68634628761545
5923.5,5.923499999999997,1.6888462876154264
5924.0,5.9239999999999995,1.6913462876154384
5924.5,5.924500000000002,1.6818426532537956
5925.0,5.924999999999997,1.684342653253772
5925.5,5.9254999999999995,1.686842653253784
5926.0,5.926000000000002,1.677239491926521
5926.5,5.926499999999997,1.6797394919264974
5927.0,5.927,1.6822394919265093
5927.5,5.927500000000002,1.6725458269008087
5928.0,5.927999999999997,1.675045826900785
5928.5,5.9285,1.677545826900797
5929.0,5.929000000000002,1.66775676636302
5929.5,5.929499999999997,1.6702567663629964
5930.0,5.93,1.6727567663630083
5930.5,5.930500000000002,1.6628977736776918
5931.0,5.930999999999997,1.6653977736776682
5931.5,5.9315,1.66789777367768
5932.0,5.932000000000002,1.658015168151934
5932.5,5.932499999999997,1.6605151681519104
5933.0,5.933,1.6630151681519223
5933.5,5.933500000000002,1.6531406764406142
5934.0,5.9339999999999975,1.6556406764405907
5934.5,5.9345,1.6581406764406026
5935.0,5.935000000000002,1.6482960175408223
5935.5,5.9354999999999976,1.6507960175407987
5936.0,5.936,1.6532960175408107
5936.5,5.936500000000002,1.6434861000605494
5937.0,5.936999999999998,1.6459861000605258
5937.5,5.9375,1.6484861000605378
5938.0,5.938000000000002,1.63873611509878
5938.5,5.938499999999998,1.6412361150987564
5939.0,5.939,1.6437361150987684
5939.5,5.9395000000000024,1.6340497550428879
5940.0,5.939999999999998,1.6365497550428643
5940.5,5.9405,1.6390497550428762
5941.0,5.9410000000000025,1.629401612852952
5941.5,5.941499999999998,1.6319016128529285
5942.0,5.942,1.6344016128529404
5942.5,5.942500000000003,1.6248004500921454
5943.0,5.942999999999998,1.6273004500921218
5943.5,5.9435,1.6298004500921337
5944.0,5.944000000000003,1.6202418021860865
5944.5,5.944499999999998,1.622741802186063
5945.0,5.945,1.6252418021860748
5945.5,5.945500000000003,1.615733729528337
5946.0,5.945999999999998,1.6182337295283133
5946.5,5.9465,1.6207337295283253
5947.0,5.947000000000003,1.6112816977775424
5947.5,5.947499999999998,1.6137816977775188
5948.0,5.948,1.6162816977775307
5948.5,5.948500000000003,1.6068787449713895
5949.0,5.948999999999998,1.609378744971366
5949.5,5.9495000000000005,1.6118787449713778
5950.0,5.950000000000003,1.6025009073949548
5950.5,5.950499999999998,1.6050009073949312
5951.0,5.9510000000000005,1.6075009073949431
5951.5,5.951500000000003,1.5981419638047
5952.0,5.951999999999998,1.6006419638046765
5952.5,5.952500000000001,1.6031419638046884
5953.0,5.953000000000003,1.5937859180387193
5953.5,5.953499999999998,1.5962859180386957
5954.0,5.954000000000001,1.5987859180387076
5954.5,5.954500000000003,1.5894062930068031
5955.0,5.954999999999998,1.5919062930067795
5955.5,5.955500000000001,1.5944062930067915
5956.0,5.956000000000003,1.5849857251469501
5956.5,5.956499999999998,1.5874857251469265
5957.0,5.957000000000001,1.5899857251469385
5957.5,5.957500000000003,1.5805337016384158
5958.0,5.957999999999998,1.5830337016383922
5958.5,5.958500000000001,1.5855337016384041
5959.0,5.959000000000003,1.5760644342299557
5959.5,5.9594999999999985,1.578564434229932
5960.0,5.960000000000001,1.581064434229944
5960.5,5.960499999999996,1.571592700829072
5961.0,5.9609999999999985,1.574092700829084
5961.5,5.961500000000001,1.5765927008290959
5962.0,5.962000000000003,1.5671554084947203
5962.5,5.962499999999999,1.5696554084946968
5963.0,5.963000000000001,1.5721554084947087
5963.5,5.963499999999996,1.5627905696410593
5964.0,5.963999999999999,1.5652905696410713
5964.5,5.964500000000001,1.5677905696410832
5965.0,5.965000000000003,1.5702905696410951
5965.5,5.965499999999999,1.5610183962854762
5966.0,5.966000000000001,1.5635183962854882
5966.5,5.966499999999996,1.5660183962854646
5967.0,5.966999999999999,1.5568501730911777
5967.5,5.967500000000001,1.5593501730911896
5968.0,5.9680000000000035,1.5618501730912016
5968.5,5.968499999999999,1.552804357982609
5969.0,5.969000000000001,1.555304357982621
5969.5,5.9694999999999965,1.5578043579825973
5970.0,5.969999999999999,1.548868862713988
5970.5,5.970500000000001,1.5513688627139999
5971.0,5.971000000000004,1.5538688627140118
5971.5,5.971499999999999,1.5450393196616474
5972.0,5.972000000000001,1.5475393196616594
5972.5,5.972499999999997,1.5500393196616358
5973.0,5.972999999999999,1.541297517525777
5973.5,5.973500000000001,1.543797517525789
5974.0,5.974000000000004,1.546297517525801
5974.5,5.974499999999999,1.5376005473822119
5975.0,5.975000000000001,1.5401005473822238
5975.5,5.975499999999997,1.5426005473822002
5976.0,5.975999999999999,1.5339409677466875
5976.5,5.9765000000000015,1.5364409677466995
5977.0,5.977000000000004,1.5389409677467114
5977.5,5.977499999999999,1.5302928398760685
5978.0,5.9780000000000015,1.5327928398760804
5978.5,5.978499999999997,1.5352928398760568
5979.0,5.978999999999999,1.5266049004845428
5979.5,5.979500000000002,1.5291049004845547
5980.0,5.980000000000004,1.5316049004845667
5980.5,5.980499999999999,1.5228715917809765
5981.0,5.981000000000002,1.5253715917809885
5981.5,5.981499999999997,1.5278715917809649
5982.0,5.981999999999999,1.519076158890158
5982.5,5.982500000000002,1.52157615889017
5983.0,5.983000000000004,1.5240761588901819
5983.5,5.983499999999999,1.5152116790588366
5984.0,5.984000000000002,1.5177116790588485
5984.5,5.984499999999997,1.520211679058825
5985.0,5.984999999999999,1.5112491883054702
5985.5,5.985500000000002,1.513749188305482
5986.0,5.985999999999997,1.5162491883054585
5986.5,5.9864999999999995,1.5071894739018532
5987.0,5.987000000000002,1.5096894739018651
5987.5,5.987499999999997,1.5121894739018416
5988.0,5.9879999999999995,1.503026672548522
5988.5,5.988500000000002,1.505526672548534
5989.0,5.988999999999997,1.5080266725485103
5989.5,5.9895,1.4987794261235265
5990.0,5.990000000000002,1.5012794261235385
5990.5,5.990499999999997,1.503779426123515
5991.0,5.991,1.4944695485761628
5991.5,5.991500000000002,1.4969695485761747
5992.0,5.991999999999997,1.4994695485761511
5992.5,5.9925,1.490130592839165
5993.0,5.993000000000002,1.492630592839177
5993.5,5.993499999999997,1.4951305928391534
5994.0,5.994,1.4857992345876525
5994.5,5.994500000000002,1.4882992345876644
5995.0,5.994999999999997,1.4907992345876409
5995.5,5.9955,1.4814979047653054
5996.0,5.996000000000002,1.4839979047653173
5996.5,5.9964999999999975,1.4864979047652938
5997.0,5.997,1.4772440277988608
5997.5,5.997500000000002,1.4797440277988727
5998.0,5.9979999999999976,1.4822440277988491
5998.5,5.9985,1.4730553938034063
5999.0,5.999000000000002,1.4755553938034183
5999.5,5.999499999999998,1.4780553938033947
6000.0,6.0,1.4689510680541318
6000.5,6.000500000000002,1.4714510680541437
6001.0,6.000999999999998,1.4739510680541201
6001.5,6.0015,1.464945688494268
6002.0,6.0020000000000024,1.46744568849428
6002.5,6.002499999999998,1.4699456884942563
6003.0,6.003,1.4610233515548288
6003.5,6.0035000000000025,1.4635233515548407
6004.0,6.003999999999998,1.4660233515548171
6004.5,6.0045,1.4571479759049666
6005.0,6.005000000000003,1.4596479759049785
6005.5,6.005499999999998,1.462147975904955
6006.0,6.006,1.4533022399208662
6006.5,6.006500000000003,1.455802239920878
6007.0,6.006999999999998,1.4583022399208545
6007.5,6.0075,1.44945655953574
6008.0,6.008000000000003,1.451956559535752
6008.5,6.008499999999998,1.4544565595357284
6009.0,6.009,1.4455977442864665
6009.5,6.009500000000003,1.4480977442864784
6010.0,6.009999999999998,1.4505977442864548
6010.5,6.0105,1.4416721379104303
6011.0,6.011000000000003,1.4441721379104422
6011.5,6.011499999999998,1.4466721379104186
6012.0,6.0120000000000005,1.437642128892378
6012.5,6.012500000000003,1.44014212889239
6013.0,6.012999999999998,1.4426421288923663
6013.5,6.0135000000000005,1.4334797770333907
6014.0,6.014000000000003,1.4359797770334026
6014.5,6.014499999999998,1.438479777033379
6015.0,6.015000000000001,1.4291313482430468
6015.5,6.015500000000003,1.4316313482430587
6016.0,6.015999999999998,1.4341313482430351
6016.5,6.016500000000001,1.4245578632521116
6017.0,6.017000000000003,1.4270578632521236
6017.5,6.017499999999998,1.4295578632521
6018.0,6.018000000000001,1.419745406540791
6018.5,6.018500000000003,1.422245406540803
6019.0,6.018999999999998,1.4247454065407794
6019.5,6.019500000000001,1.414707869527625
6020.0,6.020000000000003,1.4172078695276369
6020.5,6.020499999999998,1.4197078695276133
6021.0,6.021000000000001,1.409463039063148
6021.5,6.021500000000003,1.41196303906316
6022.0,6.0219999999999985,1.4144630390631363
6022.5,6.022500000000001,1.404009033322815
6023.0,6.022999999999996,1.4065090333227914
6023.5,6.0234999999999985,1.4090090333228034
6024.0,6.024000000000001,1.3983909711415166
6024.5,6.024500000000003,1.4008909711415285
6025.0,6.024999999999999,1.403390971141505
6025.5,6.025500000000001,1.392657356584337
6026.0,6.025999999999996,1.3951573565843134
6026.5,6.026499999999999,1.3976573565843253
6027.0,6.027000000000001,1.3868345254396885
6027.5,6.027500000000003,1.3893345254397005
6028.0,6.027999999999999,1.391834525439677
6028.5,6.028500000000001,1.3809791442400154
6029.0,6.028999999999996,1.3834791442399919
6029.5,6.029499999999999,1.3859791442400038
6030.0,6.030000000000001,1.375150569505017
6030.5,6.0305000000000035,1.377650569505029
6031.0,6.030999999999999,1.3801505695050054
6031.5,6.031500000000001,1.369386256061098
6032.0,6.0319999999999965,1.3718862560610745
6032.5,6.032499999999999,1.3743862560610864
6033.0,6.033000000000001,1.363723910354615
6033.5,6.033500000000004,1.366223910354627
6034.0,6.033999999999999,1.3687239103546034
6034.5,6.034500000000001,1.3581714566097958
6035.0,6.034999999999997,1.3606714566097722
6035.5,6.035499999999999,1.3631714566097841
6036.0,6.036000000000001,1.352739877893221
6036.5,6.036500000000004,1.3552398778932329
6037.0,6.036999999999999,1.3577398778932093
6037.5,6.037500000000001,1.3474317571370875
6038.0,6.037999999999997,1.349931757137064
6038.5,6.038499999999999,1.3524317571370759
6039.0,6.0390000000000015,1.342232649236763
6039.5,6.039500000000004,1.344732649236775
6040.0,6.039999999999999,1.3472326492367515
