Time (fs),Displacement (A),Force (eV/A)
0.0,0.0,0.0
0.5,0.0005000000000023874,0.002500000000011937
1.0,0.0009999999999976694,0.005272006185705891
1.5,0.0015000000000000568,0.007772006185717828
2.0,0.0020000000000024443,0.010272006185729765
2.5,0.0024999999999977263,0.012899596342066388
3.0,0.0030000000000001137,0.015399596342078326
3.5,0.003500000000002501,0.017899596342090263
4.0,0.003999999999997783,0.020371138764083696
4.5,0.0045000000000001705,0.022871138764095633
5.0,0.005000000000002558,0.02537113876410757
5.5,0.00549999999999784,0.027661209936731268
6.0,0.006000000000000227,0.030161209936743205
6.5,0.006500000000002615,0.03266120993675514
7.0,0.006999999999997897,0.03478727258009684
7.5,0.007500000000000284,0.03728727258010878
8.0,0.008000000000002672,0.039787272580120714
8.5,0.008499999999997954,0.04177106368985051
9.0,0.009000000000000341,0.044271063689862444
9.5,0.009500000000002728,0.04677106368987438
10.0,0.00999999999999801,0.04863565560420113
10.5,0.010500000000000398,0.05113565560421307
11.0,0.011000000000002785,0.05363565560422501
11.5,0.011499999999998067,0.05545419495625481
12.0,0.012000000000000455,0.05795419495626675
12.5,0.012500000000002842,0.060454194956278684
13.0,0.012999999999998124,0.062299653898740814
13.5,0.013500000000000512,0.06479965389875275
14.0,0.014000000000002899,0.06729965389876469
14.5,0.014499999999998181,0.06924038706728197
15.0,0.015000000000000568,0.07174038706729391
15.5,0.015500000000002956,0.07424038706730585
16.0,0.015999999999998238,0.07637889678850485
16.5,0.016500000000000625,0.07887889678851678
17.0,0.017000000000003013,0.08137889678852872
17.5,0.017499999999998295,0.08377114531587182
18.0,0.018000000000000682,0.08627114531588376
18.5,0.01850000000000307,0.0887711453158957
19.0,0.01899999999999835,0.09143061939781205
19.5,0.01950000000000074,0.09393061939782399
20.0,0.020000000000003126,0.09643061939783593
20.5,0.02049999999999841,0.0993610753311458
21.0,0.021000000000000796,0.10186107533115774
21.5,0.021500000000003183,0.10436107533116967
22.0,0.021999999999998465,0.10753879663610633
22.5,0.022500000000000853,0.11003879663611826
23.0,0.02300000000000324,0.1125387966361302
23.5,0.023499999999998522,0.11590628993946694
24.0,0.02400000000000091,0.11840628993947888
24.5,0.024500000000003297,0.12090628993949082
25.0,0.02499999999999858,0.1244032660108374
25.5,0.025500000000000966,0.12690326601084934
26.0,0.026000000000003354,0.12940326601086127
26.5,0.026499999999998636,0.13295752959219698
27.0,0.027000000000001023,0.13545752959220891
27.5,0.02750000000000341,0.13795752959222085
28.0,0.027999999999998693,0.14150756260260522
28.5,0.02850000000000108,0.14400756260261716
29.0,0.029000000000003467,0.1465075626026291
29.5,0.02949999999999875,0.15000576682510314
30.0,0.030000000000001137,0.15250576682511507
30.5,0.030500000000003524,0.155005766825127
31.0,0.030999999999998806,0.1584061999557207
31.5,0.031500000000001194,0.16090619995573263
32.0,0.031999999999996476,0.16340619995570904
32.5,0.03249999999999886,0.16668452641653175
33.0,0.03300000000000125,0.1691845264165437
33.5,0.03349999999999653,0.1716845264165201
34.0,0.03399999999999892,0.1748243590711951
34.5,0.03450000000000131,0.17732435907120703
35.0,0.03499999999999659,0.17982435907118344
35.5,0.03549999999999898,0.18281839523492494
36.0,0.036000000000001364,0.18531839523493687
36.5,0.036499999999996646,0.18781839523491328
37.0,0.036999999999999034,0.1906494969832906
37.5,0.03750000000000142,0.19314949698330253
38.0,0.0379999999999967,0.19564949698327894
38.5,0.03849999999999909,0.1983210213946407
39.0,0.03900000000000148,0.20082102139465263
39.5,0.03949999999999676,0.20332102139462904
40.0,0.03999999999999915,0.20582897006288903
40.5,0.040500000000001535,0.20832897006290096
41.0,0.04099999999999682,0.21082897006287737
41.5,0.041499999999999204,0.21318102648685056
42.0,0.04200000000000159,0.2156810264868625
42.5,0.042499999999996874,0.2181810264868389
43.0,0.04299999999999926,0.2204165953444459
43.5,0.04350000000000165,0.22291659534445785
44.0,0.04399999999999693,0.22541659534443426
44.5,0.04449999999999932,0.22758165365292626
45.0,0.045000000000001705,0.2300816536529382
45.5,0.04549999999999699,0.2325816536529146
46.0,0.045999999999999375,0.2347380580036429
46.5,0.04650000000000176,0.23723805800365483
47.0,0.046999999999997044,0.23973805800363124
47.5,0.04749999999999943,0.24192937008912452
48.0,0.04800000000000182,0.24442937008913646
48.5,0.0484999999999971,0.24692937008911287
49.0,0.04899999999999949,0.2491981246945585
49.5,0.049500000000001876,0.2516981246945704
50.0,0.04999999999999716,0.25419812469454683
50.5,0.050499999999999545,0.2565709692047591
51.0,0.05100000000000193,0.259070969204771
51.5,0.051499999999997215,0.2615709692047474
52.0,0.0519999999999996,0.26406550097132
52.5,0.05250000000000199,0.2665655009713319
53.0,0.05299999999999727,0.2690655009713083
53.5,0.05349999999999966,0.27170132550054404
54.0,0.054000000000002046,0.274201325500556
54.5,0.05449999999999733,0.2767013255005324
55.0,0.054999999999999716,0.2794682576412555
55.5,0.0555000000000021,0.28196825764126743
56.0,0.055999999999997385,0.28446825764124384
56.5,0.05649999999999977,0.2873474309129165
57.0,0.05700000000000216,0.2898474309129284
57.5,0.05749999999999744,0.2923474309129048
58.0,0.05799999999999983,0.2953111829521404
58.5,0.05850000000000222,0.29781118295215236
59.0,0.0589999999999975,0.3003111829521288
59.5,0.059499999999999886,0.30333293959404983
60.0,0.060000000000002274,0.30583293959406177
60.5,0.060499999999997556,0.3083329395940382
61.0,0.06099999999999994,0.3113737477598022
61.5,0.06150000000000233,0.31387374775981414
62.0,0.06199999999999761,0.31637374775979055
62.5,0.0625,0.3193914136685194
63.0,0.06300000000000239,0.32189141366853136
63.5,0.06349999999999767,0.32439141366850777
64.0,0.06400000000000006,0.3273434714877155
64.5,0.06450000000000244,0.3298434714877274
65.0,0.06499999999999773,0.3323434714877038
65.5,0.06550000000000011,0.33520594337147713
66.0,0.0660000000000025,0.33770594337148907
66.5,0.06649999999999778,0.3402059433714655
67.0,0.06700000000000017,0.34294167556286226
67.5,0.06750000000000256,0.3454416755628742
68.0,0.06799999999999784,0.3479416755628506
68.5,0.06850000000000023,0.35054855467205215
69.0,0.06900000000000261,0.3530485546720641
69.5,0.0694999999999979,0.3555485546720405
70.0,0.07000000000000028,0.35801416972077504
70.5,0.07050000000000267,0.360514169720787
71.0,0.07099999999999795,0.3630141697207634
71.5,0.07150000000000034,0.36531602433633736
72.0,0.07200000000000273,0.3678160243363493
72.5,0.07249999999999801,0.3703160243363257
73.0,0.0730000000000004,0.37245868984246755
73.5,0.07350000000000279,0.3749586898424795
74.0,0.07399999999999807,0.3774586898424559
74.5,0.07450000000000045,0.37946156459497615
75.0,0.07500000000000284,0.3819615645949881
75.5,0.07549999999999812,0.3844615645949645
76.0,0.07600000000000051,0.38696156459497644
76.5,0.0765000000000029,0.3888649697726265
77.0,0.07699999999999818,0.39136496977260293
77.5,0.07750000000000057,0.39386496977261487
78.0,0.07800000000000296,0.3956902509485971
78.5,0.07849999999999824,0.3981902509485735
79.0,0.07900000000000063,0.40069025094858546
79.5,0.07950000000000301,0.40243677113142695
80.0,0.0799999999999983,0.40493677113140336
80.5,0.08050000000000068,0.4074367711314153
81.0,0.08100000000000307,0.4090976292500059
81.5,0.08149999999999835,0.41159762924998233
82.0,0.08200000000000074,0.41409762924999427
82.5,0.08250000000000313,0.41569133339603326
83.0,0.08299999999999841,0.41819133339600967
83.5,0.0835000000000008,0.4206913333960216
84.0,0.08400000000000318,0.4222381465215008
84.5,0.08449999999999847,0.42473814652147723
85.0,0.08500000000000085,0.42723814652148917
85.5,0.08550000000000324,0.4287597670586507
86.0,0.08599999999999852,0.4312597670586271
86.5,0.08650000000000091,0.43375976705863906
87.0,0.0870000000000033,0.43530744155415135
87.5,0.08749999999999858,0.43780744155412776
88.0,0.08800000000000097,0.4403074415541397
88.5,0.08850000000000335,0.4419082079542136
89.0,0.08899999999999864,0.44440820795419
89.5,0.08950000000000102,0.44690820795420194
90.0,0.09000000000000341,0.4486027455422459
90.5,0.09049999999999869,0.4511027455422223
91.0,0.09100000000000108,0.45360274554223423
91.5,0.09150000000000347,0.455394423455715
92.0,0.09199999999999875,0.4578944234556914
92.5,0.09250000000000114,0.46039442345570336
93.0,0.09300000000000352,0.462281182780373
93.5,0.0934999999999988,0.4647811827803494
94.0,0.0940000000000012,0.46728118278036135
94.5,0.09449999999999648,0.4692490624868384
95.0,0.09499999999999886,0.47174906248685033
95.5,0.09550000000000125,0.47424906248686227
96.0,0.09599999999999653,0.47627506617043736
96.5,0.09649999999999892,0.4787750661704493
97.0,0.09700000000000131,0.48127506617046123
97.5,0.09749999999999659,0.4833318798782926
98.0,0.09799999999999898,0.48583187987830456
98.5,0.09850000000000136,0.4883318798783165
99.0,0.09899999999999665,0.49039470029494936
99.5,0.09949999999999903,0.4928947002949613
100.0,0.10000000000000142,0.49539470029497323
100.5,0.1004999999999967,0.49745028587064866
101.0,0.10099999999999909,0.4999502858706606
101.5,0.10150000000000148,0.5024502858706725
102.0,0.10199999999999676,0.50448492749954
102.5,0.10249999999999915,0.5069849274995519
103.0,0.10300000000000153,0.5094849274995639
103.5,0.10349999999999682,0.5114962295080261
104.0,0.1039999999999992,0.513996229508038
104.5,0.10450000000000159,0.51649622950805
105.0,0.10499999999999687,0.5184840605713603
105.5,0.10549999999999926,0.5209840605713723
106.0,0.10600000000000165,0.5234840605713842
106.5,0.10649999999999693,0.5254496867657465
107.0,0.10699999999999932,0.5279496867657585
107.5,0.1075000000000017,0.5304496867657704
108.0,0.10799999999999699,0.5323763134025583
108.5,0.10849999999999937,0.5348763134025702
109.0,0.10900000000000176,0.5373763134025822
109.5,0.10949999999999704,0.5392585369261482
110.0,0.10999999999999943,0.5417585369261602
110.5,0.11050000000000182,0.5442585369261721
111.0,0.1109999999999971,0.5460967537070616
111.5,0.11149999999999949,0.5485967537070735
112.0,0.11200000000000188,0.5510967537070854
112.5,0.11249999999999716,0.5528975764305954
113.0,0.11299999999999955,0.5553975764306074
113.5,0.11350000000000193,0.5578975764306193
114.0,0.11399999999999721,0.5596670859386776
114.5,0.1144999999999996,0.5621670859386896
115.0,0.11500000000000199,0.5646670859387015
115.5,0.11549999999999727,0.5664161143533519
116.0,0.11599999999999966,0.5689161143533639
116.5,0.11650000000000205,0.5714161143533758
117.0,0.11699999999999733,0.5731525915807367
117.5,0.11749999999999972,0.5756525915807487
118.0,0.1180000000000021,0.5781525915807606
118.5,0.11849999999999739,0.5798682713189507
119.0,0.11899999999999977,0.5823682713189626
119.5,0.11950000000000216,0.5848682713189746
120.0,0.11999999999999744,0.5866104704382735
120.5,0.12049999999999983,0.5891104704382855
121.0,0.12100000000000222,0.5916104704382974
121.5,0.1214999999999975,0.5934253220583585
122.0,0.12199999999999989,0.5959253220583705
122.5,0.12250000000000227,0.5984253220583824
123.0,0.12299999999999756,0.6003531917677662
123.5,0.12349999999999994,0.6028531917677782
124.0,0.12400000000000233,0.6053531917677901
124.5,0.12449999999999761,0.6074222270509111
125.0,0.125,0.609922227050923
125.5,0.1255000000000024,0.612422227050935
126.0,0.12599999999999767,0.6146502111060315
126.5,0.12650000000000006,0.6171502111060434
127.0,0.12700000000000244,0.6196502111060553
127.5,0.12749999999999773,0.6220363239109972
128.0,0.1280000000000001,0.6245363239110091
128.5,0.1285000000000025,0.627036323911021
129.0,0.12899999999999778,0.6295733654030045
129.5,0.12950000000000017,0.6320733654030164
130.0,0.13000000000000256,0.6345733654030283
130.5,0.13049999999999784,0.6372632857759086
131.0,0.13100000000000023,0.6397632857759206
131.5,0.13150000000000261,0.6422632857759325
132.0,0.1319999999999979,0.6450804930568665
132.5,0.13250000000000028,0.6475804930568785
133.0,0.13300000000000267,0.6500804930568904
133.5,0.13349999999999795,0.6529975275801192
134.0,0.13400000000000034,0.6554975275801311
134.5,0.13450000000000273,0.6579975275801431
135.0,0.134999999999998,0.6609771415605437
135.5,0.1355000000000004,0.6634771415605556
136.0,0.13600000000000279,0.6659771415605675
136.5,0.13649999999999807,0.6689870170874812
137.0,0.13700000000000045,0.6714870170874931
137.5,0.13750000000000284,0.6739870170875051
138.0,0.13799999999999812,0.6770042380360763
138.5,0.1385000000000005,0.6795042380360883
139.0,0.1390000000000029,0.6820042380361002
139.5,0.13949999999999818,0.6849902309823719
140.0,0.14000000000000057,0.6874902309823838
140.5,0.14050000000000296,0.6899902309823958
141.0,0.14099999999999824,0.6929014282937729
141.5,0.14150000000000063,0.6954014282937848
142.0,0.142000000000003,0.6979014282937968
142.5,0.1424999999999983,0.7006988511721346
143.0,0.14300000000000068,0.7031988511721465
143.5,0.14350000000000307,0.7056988511721585
144.0,0.14399999999999835,0.7083631478191421
144.5,0.14450000000000074,0.710863147819154
145.0,0.14500000000000313,0.713363147819166
145.5,0.1454999999999984,0.7158815106403793
146.0,0.1460000000000008,0.7183815106403912
146.5,0.14650000000000318,0.7208815106404032
147.0,0.14699999999999847,0.72321881132833
147.5,0.14750000000000085,0.7257188113283419
148.0,0.14800000000000324,0.7282188113283539
148.5,0.14849999999999852,0.7303804801208003
149.0,0.1490000000000009,0.7328804801208122
149.5,0.1495000000000033,0.7353804801208241
150.0,0.14999999999999858,0.7373686675594016
150.5,0.15050000000000097,0.7398686675594135
151.0,0.15100000000000335,0.7423686675594254
151.5,0.15149999999999864,0.7448686675594018
152.0,0.15200000000000102,0.7467091070893872
152.5,0.1525000000000034,0.7492091070893991
153.0,0.1529999999999987,0.7517091070893756
153.5,0.15350000000000108,0.7534460287413935
154.0,0.15400000000000347,0.7559460287414055
154.5,0.15449999999999875,0.7584460287413819
155.0,0.15500000000000114,0.7601448313275938
155.5,0.15550000000000352,0.7626448313276057
156.0,0.1559999999999988,0.7651448313275822
156.5,0.1565000000000012,0.7668638526530103
157.0,0.15699999999999648,0.7693638526529867
157.5,0.15749999999999886,0.7718638526529986
158.0,0.15800000000000125,0.7736414992715623
158.5,0.15849999999999653,0.7761414992715387
159.0,0.15899999999999892,0.7786414992715507
159.5,0.1595000000000013,0.7804994977254509
160.0,0.1599999999999966,0.7829994977254273
160.5,0.16049999999999898,0.7854994977254393
161.0,0.16100000000000136,0.787460108993514
161.5,0.16149999999999665,0.7899601089934905
162.0,0.16199999999999903,0.7924601089935024
162.5,0.16250000000000142,0.794523217419183
163.0,0.1629999999999967,0.7970232174191594
163.5,0.1634999999999991,0.7995232174191713
164.0,0.16400000000000148,0.8016609657720153
164.5,0.16449999999999676,0.8041609657719917
165.0,0.16499999999999915,0.8066609657720036
165.5,0.16550000000000153,0.8088279270070231
166.0,0.16599999999999682,0.8113279270069995
166.5,0.1664999999999992,0.8138279270070115
167.0,0.1670000000000016,0.81599988891913
167.5,0.16749999999999687,0.8184998889191064
168.0,0.16799999999999926,0.8209998889191183
168.5,0.16850000000000165,0.823155067379453
169.0,0.16899999999999693,0.8256550673794294
169.5,0.16949999999999932,0.8281550673794413
170.0,0.1700000000000017,0.8302695157649254
170.5,0.170499999999997,0.8327695157649018
171.0,0.17099999999999937,0.8352695157649137
171.5,0.17150000000000176,0.8373303846534341
172.0,0.17199999999999704,0.8398303846534105
172.5,0.17249999999999943,0.8423303846534225
173.0,0.17300000000000182,0.8443395494404982
173.5,0.1734999999999971,0.8468395494404746
174.0,0.1739999999999995,0.8493395494404865
174.5,0.17450000000000188,0.8512770659342195
175.0,0.17499999999999716,0.8537770659341959
175.5,0.17549999999999955,0.8562770659342078
176.0,0.17600000000000193,0.8581301159986054
176.5,0.17649999999999721,0.8606301159985819
177.0,0.1769999999999996,0.8631301159985938
177.5,0.177500000000002,0.8648860320498741
178.0,0.17799999999999727,0.8673860320498505
178.5,0.17849999999999966,0.8698860320498625
179.0,0.17900000000000205,0.8715215509371177
179.5,0.17949999999999733,0.8740215509370941
180.0,0.17999999999999972,0.876521550937106
180.5,0.1805000000000021,0.8780206373480937
181.0,0.18099999999999739,0.8805206373480701
181.5,0.18149999999999977,0.883020637348082
182.0,0.18200000000000216,0.8843663003654356
182.5,0.18249999999999744,0.886866300365412
183.0,0.18299999999999983,0.889366300365424
183.5,0.18350000000000222,0.8905611079492459
184.0,0.1839999999999975,0.8930611079492223
184.5,0.1844999999999999,0.8955611079492343
185.0,0.18500000000000227,0.896619003114516
185.5,0.18549999999999756,0.8991190031144924
186.0,0.18599999999999994,0.9016190031145044
186.5,0.18650000000000233,0.9025696977278841
187.0,0.1869999999999976,0.9050696977278605
187.5,0.1875,0.9075696977278724
188.0,0.1880000000000024,0.9084464540527648
188.5,0.18849999999999767,0.9109464540527412
189.0,0.18900000000000006,0.9134464540527532
189.5,0.18950000000000244,0.9142632468448753
190.0,0.18999999999999773,0.9167632468448517
190.5,0.1905000000000001,0.9192632468448636
191.0,0.1910000000000025,0.9200944322248716
191.5,0.19149999999999778,0.922594432224848
192.0,0.19200000000000017,0.92509443222486
192.5,0.19250000000000256,0.9260015610210459
193.0,0.19299999999999784,0.9285015610210223
193.5,0.19350000000000023,0.9310015610210343
194.0,0.19400000000000261,0.9319786453688295
194.5,0.1944999999999979,0.9344786453688059
195.0,0.19500000000000028,0.9369786453688178
195.5,0.19550000000000267,0.9380120196260222
196.0,0.19599999999999795,0.9405120196259986
196.5,0.19650000000000034,0.9430120196260106
197.0,0.19700000000000273,0.9441090559419862
197.5,0.197499999999998,0.9466090559419627
198.0,0.1980000000000004,0.9491090559419746
198.5,0.19850000000000279,0.9502635481710087
199.0,0.19899999999999807,0.9527635481709851
199.5,0.19950000000000045,0.955263548170997
200.0,0.20000000000000284,0.9564829267403496
200.5,0.20049999999999812,0.958982926740326
201.0,0.2010000000000005,0.961482926740338
201.5,0.2015000000000029,0.9627552325827082
202.0,0.20199999999999818,0.9652552325826846
202.5,0.20250000000000057,0.9677552325826966
203.0,0.20300000000000296,0.9691035372102519
203.5,0.20349999999999824,0.9716035372102283
204.0,0.20400000000000063,0.9741035372102402
204.5,0.204500000000003,0.9755405414113127
205.0,0.2049999999999983,0.9780405414112892
205.5,0.20550000000000068,0.9805405414113011
206.0,0.20600000000000307,0.9820776589506508
206.5,0.20649999999999835,0.9845776589506272
207.0,0.20700000000000074,0.9870776589506391
207.5,0.20750000000000313,0.9887074847829425
208.0,0.2079999999999984,0.9912074847829189
208.5,0.2085000000000008,0.9937074847829308
209.0,0.20900000000000318,0.9954208232451833
209.5,0.20949999999999847,0.9979208232451597
210.0,0.21000000000000085,1.0004208232451717
210.5,0.21050000000000324,1.0022109604525653
211.0,0.21099999999999852,1.0047109604525417
211.5,0.2115000000000009,1.0072109604525536
212.0,0.2120000000000033,1.0090384239602201
212.5,0.21249999999999858,1.0115384239601966
213.0,0.21300000000000097,1.0140384239602085
213.5,0.21350000000000335,1.0158711934756681
214.0,0.21399999999999864,1.0183711934756445
214.5,0.21450000000000102,1.0208711934756565
215.0,0.2150000000000034,1.0226935054646802
215.5,0.2154999999999987,1.0251935054646566
216.0,0.21600000000000108,1.0276935054646685
216.5,0.21650000000000347,1.0294917554402971
217.0,0.21699999999999875,1.0319917554402736
217.5,0.21750000000000114,1.0344917554402855
218.0,0.21800000000000352,1.0362658321194118
218.5,0.2184999999999988,1.0387658321193882
219.0,0.2190000000000012,1.0412658321194002
219.5,0.21949999999999648,1.0430198472452545
220.0,0.21999999999999886,1.0455198472452665
220.5,0.22050000000000125,1.0480198472452784
221.0,0.22099999999999653,1.0497545773108286
221.5,0.22149999999999892,1.0522545773108405
222.0,0.2220000000000013,1.0547545773108524
222.5,0.2224999999999966,1.0564748443687222
223.0,0.22299999999999898,1.0589748443687341
223.5,0.22350000000000136,1.061474844368746
224.0,0.22399999999999665,1.063184907082153
224.5,0.22449999999999903,1.065684907082165
225.0,0.22500000000000142,1.068184907082177
225.5,0.2254999999999967,1.0699007853995823
226.0,0.2259999999999991,1.0724007853995943
226.5,0.22650000000000148,1.0749007853996062
227.0,0.22699999999999676,1.0774007853995826
227.5,0.22749999999999915,1.079144582580689
228.0,0.22800000000000153,1.0816445825807008
228.5,0.22849999999999682,1.0841445825806773
229.0,0.2289999999999992,1.0859531634837083
229.5,0.2295000000000016,1.0884531634837202
230.0,0.22999999999999687,1.0909531634836966
230.5,0.23049999999999926,1.0928334683116603
231.0,0.23100000000000165,1.0953334683116722
231.5,0.23149999999999693,1.0978334683116486
232.0,0.23199999999999932,1.0998109964552327
232.5,0.2325000000000017,1.1023109964552447
233.0,0.232999999999997,1.104810996455221
233.5,0.23349999999999937,1.106889562605815
234.0,0.23400000000000176,1.109389562605827
234.5,0.23449999999999704,1.1118895626058034
235.0,0.23499999999999943,1.1140806283861338
235.5,0.23550000000000182,1.1165806283861457
236.0,0.2359999999999971,1.119080628386122
236.5,0.2364999999999995,1.121377071074896
237.0,0.23700000000000188,1.123877071074908
237.5,0.23749999999999716,1.1263770710748844
238.0,0.23799999999999955,1.1287482935853532
238.5,0.23850000000000193,1.1312482935853652
239.0,0.23899999999999721,1.1337482935853416
239.5,0.2394999999999996,1.1361722717679257
240.0,0.240000000000002,1.1386722717679376
240.5,0.24049999999999727,1.141172271767914
241.0,0.24099999999999966,1.1436324944306264
241.5,0.24150000000000205,1.1461324944306384
242.0,0.24199999999999733,1.1486324944306148
242.5,0.24249999999999972,1.15113444412831
243.0,0.2430000000000021,1.153634444128322
243.5,0.24349999999999739,1.1561344441282984
244.0,0.24399999999999977,1.158674222230509
244.5,0.24450000000000216,1.161174222230521
245.0,0.24499999999999744,1.1636742222304974
245.5,0.24549999999999983,1.166242240755082
246.0,0.24600000000000222,1.168742240755094
246.5,0.2464999999999975,1.1712422407550704
247.0,0.2469999999999999,1.1738422453176511
247.5,0.24750000000000227,1.176342245317663
248.0,0.24799999999999756,1.1788422453176395
248.5,0.24849999999999994,1.1814662664485809
249.0,0.24900000000000233,1.1839662664485928
249.5,0.2494999999999976,1.1864662664485692
250.0,0.25,1.189115979251909
250.5,0.2505000000000024,1.191615979251921
251.0,0.25099999999999767,1.1941159792518974
251.5,0.25150000000000006,1.1967820619349823
252.0,0.25200000000000244,1.1992820619349942
252.5,0.2524999999999977,1.2017820619349706
253.0,0.2530000000000001,1.2044510620427573
253.5,0.2535000000000025,1.2069510620427693
254.0,0.2539999999999978,1.2094510620427457
254.5,0.25450000000000017,1.212131915203436
255.0,0.25500000000000256,1.214631915203448
255.5,0.25549999999999784,1.2171319152034243
256.0,0.2560000000000002,1.219826785939624
256.5,0.2565000000000026,1.2223267859396358
257.0,0.2569999999999979,1.2248267859396123
257.5,0.2575000000000003,1.2275212538275682
258.0,0.25800000000000267,1.23002125382758
258.5,0.25849999999999795,1.2325212538275565
259.0,0.25900000000000034,1.2352052639911193
259.5,0.25950000000000273,1.2377052639911312
260.0,0.259999999999998,1.2402052639911076
260.5,0.2605000000000004,1.2428532422584482
261.0,0.2610000000000028,1.2453532422584601
261.5,0.26149999999999807,1.2478532422584365
262.0,0.26200000000000045,1.250458003559558
262.5,0.26250000000000284,1.25295800355957
263.0,0.2629999999999981,1.2554580035595464
263.5,0.2635000000000005,1.2580106814241176
264.0,0.2640000000000029,1.2605106814241296
264.5,0.2644999999999982,1.263010681424106
265.0,0.26500000000000057,1.2655206577101907
265.5,0.26550000000000296,1.2680206577102027
266.0,0.26599999999999824,1.270520657710179
266.5,0.2665000000000006,1.2729969366921878
267.0,0.267000000000003,1.2754969366921998
267.5,0.2674999999999983,1.2779969366921762
268.0,0.2680000000000007,1.2804451839972941
268.5,0.26850000000000307,1.282945183997306
269.0,0.26899999999999835,1.2854451839972825
269.5,0.26950000000000074,1.2878661221821375
270.0,0.2700000000000031,1.2903661221821494
270.5,0.2704999999999984,1.2928661221821258
271.0,0.2710000000000008,1.2952664428197025
271.5,0.2715000000000032,1.2977664428197144
272.0,0.27199999999999847,1.3002664428196908
272.5,0.27250000000000085,1.3026386709561066
273.0,0.27300000000000324,1.3051386709561186
273.5,0.2734999999999985,1.307638670956095
274.0,0.2740000000000009,1.3099955062277857
274.5,0.2745000000000033,1.3124955062277976
275.0,0.2749999999999986,1.314995506227774
275.5,0.27550000000000097,1.3173391451758931
276.0,0.27600000000000335,1.319839145175905
276.5,0.27649999999999864,1.3223391451758815
277.0,0.277000000000001,1.3246558944278775
277.5,0.2775000000000034,1.3271558944278894
278.0,0.2779999999999987,1.3296558944278658
278.5,0.2785000000000011,1.3319545496026919
279.0,0.27900000000000347,1.3344545496027038
279.5,0.27949999999999875,1.3369545496026802
280.0,0.28000000000000114,1.3392595696682719
280.5,0.2805000000000035,1.3417595696682838
281.0,0.2809999999999988,1.3442595696682602
281.5,0.2815000000000012,1.3465825074680637
282.0,0.2819999999999965,1.3490825074680401
282.5,0.28249999999999886,1.351582507468052
283.0,0.28300000000000125,1.3539436860728316
283.5,0.28349999999999653,1.356443686072808
284.0,0.2839999999999989,1.35894368607282
284.5,0.2845000000000013,1.3613546337167293
285.0,0.2849999999999966,1.3638546337167057
285.5,0.285499999999999,1.3663546337167176
286.0,0.28600000000000136,1.3688177959935999
286.5,0.28649999999999665,1.3713177959935763
287.0,0.28699999999999903,1.3738177959935882
287.5,0.2875000000000014,1.3763391773933975
288.0,0.2879999999999967,1.378839177393374
288.5,0.2884999999999991,1.3813391773933859
289.0,0.2890000000000015,1.383905298541137
289.5,0.28949999999999676,1.3864052985411135
290.0,0.28999999999999915,1.3889052985411254
290.5,0.29050000000000153,1.391473447208611
291.0,0.2909999999999968,1.3939734472085874
291.5,0.2914999999999992,1.3964734472085993
292.0,0.2920000000000016,1.3990119503942822
292.5,0.2924999999999969,1.4015119503942586
293.0,0.29299999999999926,1.4040119503942705
293.5,0.29350000000000165,1.4064889762775934
294.0,0.29399999999999693,1.4089889762775698
294.5,0.2944999999999993,1.4114889762775817
295.0,0.2950000000000017,1.4138876544905798
295.5,0.295499999999997,1.4163876544905563
296.0,0.2959999999999994,1.4188876544905682
296.5,0.29650000000000176,1.4211902110981711
297.0,0.29699999999999704,1.4236902110981475
297.5,0.29749999999999943,1.4261902110981595
298.0,0.2980000000000018,1.428388330154604
298.5,0.2984999999999971,1.4308883301545805
299.0,0.2989999999999995,1.4333883301545924
299.5,0.2995000000000019,1.4354955028711913
300.0,0.29999999999999716,1.4379955028711677
300.5,0.30049999999999955,1.4404955028711797
301.0,0.30100000000000193,1.4425268879429964
301.5,0.3014999999999972,1.4450268879429728
302.0,0.3019999999999996,1.4475268879429848
302.5,0.302500000000002,1.4500268879429967
303.0,0.30299999999999727,1.4520015167041223
303.5,0.30349999999999966,1.4545015167041342
304.0,0.30400000000000205,1.4570015167041461
304.5,0.30449999999999733,1.4589289481511258
305.0,0.3049999999999997,1.4614289481511378
305.5,0.3055000000000021,1.4639289481511497
306.0,0.3059999999999974,1.4658373901918154
306.5,0.3064999999999998,1.4683373901918273
307.0,0.30700000000000216,1.4708373901918392
307.5,0.30749999999999744,1.472749071899031
308.0,0.30799999999999983,1.475249071899043
308.5,0.3085000000000022,1.477749071899055
309.0,0.3089999999999975,1.4796741175518235
309.5,0.3094999999999999,1.4821741175518355
310.0,0.3100000000000023,1.4846741175518474
310.5,0.31049999999999756,1.4866220901490124
311.0,0.31099999999999994,1.4891220901490243
311.5,0.31150000000000233,1.4916220901490362
312.0,0.3119999999999976,1.4936153173261957
312.5,0.3125,1.4961153173262076
313.0,0.3130000000000024,1.4986153173262196
313.5,0.31349999999999767,1.500680429733805
314.0,0.31400000000000006,1.503180429733817
314.5,0.31450000000000244,1.5056804297338289
315.0,0.3149999999999977,1.507829163986294
315.5,0.3155000000000001,1.510329163986306
316.0,0.3160000000000025,1.5128291639863178
316.5,0.3164999999999978,1.515086985361087
317.0,0.31700000000000017,1.517586985361099
317.5,0.31750000000000256,1.520086985361111
318.0,0.31799999999999784,1.5224508247154134
318.5,0.3185000000000002,1.5249508247154253
319.0,0.3190000000000026,1.5274508247154372
319.5,0.3194999999999979,1.52992658843921
320.0,0.3200000000000003,1.5324265884392219
320.5,0.32050000000000267,1.5349265884392338
321.0,0.32099999999999795,1.5375189152801738
321.5,0.32150000000000034,1.5400189152801858
322.0,0.32200000000000273,1.5425189152801977
322.5,0.322499999999998,1.5451808231139808
323.0,0.3230000000000004,1.5476808231139927
323.5,0.3235000000000028,1.5501808231140046
324.0,0.32399999999999807,1.552909910900624
324.5,0.32450000000000045,1.5554099109006359
325.0,0.32500000000000284,1.5579099109006478
325.5,0.3254999999999981,1.560677919752571
326.0,0.3260000000000005,1.563177919752583
326.5,0.3265000000000029,1.565677919752595
327.0,0.3269999999999982,1.5684478266674517
327.5,0.32750000000000057,1.5709478266674637
328.0,0.32800000000000296,1.5734478266674756
328.5,0.32849999999999824,1.576187628009258
329.0,0.3290000000000006,1.5786876280092699
329.5,0.329500000000003,1.5811876280092818
330.0,0.3299999999999983,1.5838768068784503
330.5,0.3305000000000007,1.5863768068784623
331.0,0.33100000000000307,1.5888768068784742
331.5,0.33149999999999835,1.59151985469844
332.0,0.33200000000000074,1.5940198546984519
332.5,0.3325000000000031,1.5965198546984638
333.0,0.3329999999999984,1.5991213471388832
333.5,0.3335000000000008,1.6016213471388951
334.0,0.3340000000000032,1.604121347138907
334.5,0.33449999999999847,1.6066922893545055
335.0,0.33500000000000085,1.6091922893545174
335.5,0.33550000000000324,1.6116922893545294
336.0,0.3359999999999985,1.6142653989827593
336.5,0.3365000000000009,1.6167653989827713
337.0,0.3370000000000033,1.6192653989827832
337.5,0.3374999999999986,1.6218565546039088
338.0,0.33800000000000097,1.6243565546039207
338.5,0.33850000000000335,1.6268565546039326
339.0,0.33899999999999864,1.6294635815754432
339.5,0.339500000000001,1.6319635815754552
340.0,0.3400000000000034,1.6344635815754671
340.5,0.3404999999999987,1.637060591548689
341.0,0.3410000000000011,1.639560591548701
341.5,0.34150000000000347,1.642060591548713
342.0,0.34199999999999875,1.6445999981560533
342.5,0.34250000000000114,1.6470999981560652
343.0,0.3430000000000035,1.6495999981560772
343.5,0.3434999999999988,1.6520463493900195
344.0,0.3440000000000012,1.6545463493900314
344.5,0.3444999999999965,1.6570463493900078
345.0,0.34499999999999886,1.6593747610609455
345.5,0.34550000000000125,1.6618747610609574
346.0,0.34599999999999653,1.6643747610609338
346.5,0.3464999999999989,1.6665883946763316
347.0,0.3470000000000013,1.6690883946763435
347.5,0.3474999999999966,1.67158839467632
348.0,0.347999999999999,1.6736948658348183
348.5,0.34850000000000136,1.6761948658348302
349.0,0.34899999999999665,1.6786948658348066
349.5,0.34949999999999903,1.6807445573946822
350.0,0.3500000000000014,1.6832445573946941
350.5,0.3504999999999967,1.6857445573946706
351.0,0.3509999999999991,1.6877861028217822
351.5,0.3515000000000015,1.6902861028217941
352.0,0.35199999999999676,1.6927861028217706
352.5,0.35249999999999915,1.6948563583113696
353.0,0.35300000000000153,1.6973563583113815
353.5,0.3534999999999968,1.699856358311358
354.0,0.3539999999999992,1.7019796013417832
354.5,0.3545000000000016,1.704479601341795
355.0,0.3549999999999969,1.7069796013417715
355.5,0.35549999999999926,1.7091881068963843
356.0,0.35600000000000165,1.7116881068963963
356.5,0.35649999999999693,1.7141881068963727
357.0,0.3569999999999993,1.7164760147881353
357.5,0.3575000000000017,1.7189760147881472
358.0,0.357999999999997,1.7214760147881236
358.5,0.3584999999999994,1.7238325989540115
359.0,0.35900000000000176,1.7263325989540235
359.5,0.35949999999999704,1.7288325989539999
360.0,0.35999999999999943,1.7312396957517961
360.5,0.3605000000000018,1.733739695751808
361.0,0.3609999999999971,1.7362396957517845
361.5,0.3614999999999995,1.738697108720828
362.0,0.3620000000000019,1.74119710872084
362.5,0.36249999999999716,1.7436971087208164
363.0,0.36299999999999955,1.7462052737155886
363.5,0.36350000000000193,1.7487052737156006
364.0,0.3639999999999972,1.751205273715577
364.5,0.3644999999999996,1.753778275567548
365.0,0.365000000000002,1.7562782755675599
365.5,0.36549999999999727,1.7587782755675363
366.0,0.36599999999999966,1.7614303575075496
366.5,0.36650000000000205,1.7639303575075616
367.0,0.36699999999999733,1.766430357507538
367.5,0.3674999999999997,1.7691536954223608
368.0,0.3680000000000021,1.7716536954223727
368.5,0.3684999999999974,1.7741536954223491
369.0,0.3689999999999998,1.77693849726559
369.5,0.36950000000000216,1.7794384972656019
370.0,0.36999999999999744,1.7819384972655783
370.5,0.37049999999999983,1.7847303713489637
371.0,0.3710000000000022,1.7872303713489757
371.5,0.3714999999999975,1.789730371348952
372.0,0.3719999999999999,1.792471757598868
372.5,0.3725000000000023,1.79497175759888
373.0,0.37299999999999756,1.7974717575988564
373.5,0.37349999999999994,1.800099075007786
374.0,0.37400000000000233,1.802599075007798
374.5,0.3744999999999976,1.8050990750077744
375.0,0.375,1.8075641857784674
375.5,0.3755000000000024,1.8100641857784794
376.0,0.37599999999999767,1.8125641857784558
376.5,0.37650000000000006,1.8148428894177826
377.0,0.37700000000000244,1.8173428894177945
377.5,0.3774999999999977,1.819842889417771
378.0,0.3780000000000001,1.8223428894177829
378.5,0.3785000000000025,1.824456921269615
379.0,0.3789999999999978,1.8269569212695913
379.5,0.37950000000000017,1.8294569212696032
380.0,0.38000000000000256,1.8314187347856148
380.5,0.38049999999999784,1.8339187347855912
381.0,0.3810000000000002,1.8364187347856031
381.5,0.3815000000000026,1.838238542613908
382.0,0.3819999999999979,1.8407385426138845
382.5,0.3825000000000003,1.8432385426138964
383.0,0.38300000000000267,1.8449397746091378
383.5,0.38349999999999795,1.8474397746091142
384.0,0.38400000000000034,1.8499397746091262
384.5,0.38450000000000273,1.8515593526949203
385.0,0.384999999999998,1.8540593526948967
385.5,0.3855000000000004,1.8565593526949087
386.0,0.3860000000000028,1.8581343670574668
386.5,0.38649999999999807,1.8606343670574432
387.0,0.38700000000000045,1.8631343670574552
387.5,0.38750000000000284,1.8647048364534768
388.0,0.3879999999999981,1.8672048364534533
388.5,0.3885000000000005,1.8697048364534652
389.0,0.3890000000000029,1.8713164965932094
389.5,0.3894999999999982,1.8738164965931858
390.0,0.39000000000000057,1.8763164965931978
390.5,0.39050000000000296,1.8780058157576818
391.0,0.39099999999999824,1.8805058157576582
391.5,0.3915000000000006,1.8830058157576701
392.0,0.392000000000003,1.8848135155928603
392.5,0.3924999999999983,1.8873135155928367
393.0,0.3930000000000007,1.8898135155928486
393.5,0.39350000000000307,1.8917719265222388
394.0,0.39399999999999835,1.8942719265222152
394.5,0.39450000000000074,1.8967719265222271
395.0,0.3950000000000031,1.8988871697297327
395.5,0.3954999999999984,1.9013871697297091
396.0,0.3960000000000008,1.903887169729721
396.5,0.3965000000000032,1.9061636156309802
397.0,0.39699999999999847,1.9086636156309567
397.5,0.39750000000000085,1.9111636156309686
398.0,0.39800000000000324,1.9135951213766234
398.5,0.3984999999999985,1.9160951213765998
399.0,0.3990000000000009,1.9185951213766117
399.5,0.3995000000000033,1.9211541049022074
400.0,0.3999999999999986,1.9236541049021838
400.5,0.40050000000000097,1.9261541049021957
401.0,0.40100000000000335,1.9288105408225675
401.5,0.40149999999999864,1.931310540822544
402.0,0.402000000000001,1.9338105408225559
402.5,0.4025000000000034,1.9365052279824724
403.0,0.4029999999999987,1.9390052279824488
403.5,0.4035000000000011,1.9415052279824607
404.0,0.40400000000000347,1.9441899229120096
404.5,0.40449999999999875,1.946689922911986
405.0,0.40500000000000114,1.949189922911998
405.5,0.4055000000000035,1.951796883824315
406.0,0.4059999999999988,1.9542968838242913
406.5,0.4065000000000012,1.9567968838243033
407.0,0.4069999999999965,1.9592919804962605
407.5,0.40749999999999886,1.9617919804962725
408.0,0.40800000000000125,1.9642919804962844
408.5,0.40849999999999653,1.966627676789976
409.0,0.4089999999999989,1.969127676789988
409.5,0.4095000000000013,1.9716276767899998
410.0,0.4099999999999966,1.97377910394529
410.5,0.410499999999999,1.976279103945302
411.0,0.41100000000000136,1.978779103945314
411.5,0.41149999999999665,1.9807320397359263
412.0,0.41199999999999903,1.9832320397359382
412.5,0.4125000000000014,1.9857320397359501
413.0,0.4129999999999967,1.9874860274270745
413.5,0.4134999999999991,1.9899860274270864
414.0,0.4140000000000015,1.9924860274270983
414.5,0.41449999999999676,1.9940491620279488
415.0,0.41499999999999915,1.9965491620279607
415.5,0.41550000000000153,1.9990491620279727
416.0,0.4159999999999968,2.000454522605004
416.5,0.4164999999999992,2.002954522605016
417.0,0.4170000000000016,2.005454522605028
417.5,0.4174999999999969,2.0067345724354624
418.0,0.41799999999999926,2.0092345724354743
418.5,0.41850000000000165,2.0117345724354863
419.0,0.41899999999999693,2.012943832591354
419.5,0.4194999999999993,2.015443832591366
420.0,0.4200000000000017,2.017943832591378
420.5,0.420499999999997,2.019168440942849
421.0,0.4209999999999994,2.021668440942861
421.5,0.42150000000000176,2.024168440942873
422.0,0.42199999999999704,2.0254681639223193
422.5,0.42249999999999943,2.0279681639223313
423.0,0.4230000000000018,2.030468163922343
423.5,0.4234999999999971,2.0318757637820184
424.0,0.4239999999999995,2.0343757637820303
424.5,0.4245000000000019,2.0368757637820423
425.0,0.42499999999999716,2.0384122677688765
425.5,0.42549999999999955,2.0409122677688885
426.0,0.42600000000000193,2.0434122677689004
426.5,0.4264999999999972,2.0450844484489394
427.0,0.4269999999999996,2.0475844484489514
427.5,0.427500000000002,2.0500844484489633
428.0,0.42799999999999727,2.0518818983410014
428.5,0.42849999999999966,2.0543818983410134
429.0,0.42900000000000205,2.0568818983410253
429.5,0.42949999999999733,2.0588059731375807
430.0,0.4299999999999997,2.0613059731375927
430.5,0.4305000000000021,2.0638059731376046
431.0,0.4309999999999974,2.0658597431187076
431.5,0.4314999999999998,2.0683597431187195
432.0,0.43200000000000216,2.0708597431187314
432.5,0.43249999999999744,2.0730452009255274
433.0,0.43299999999999983,2.0755452009255393
433.5,0.4335000000000022,2.0780452009255512
434.0,0.4339999999999975,2.0803468518567314
434.5,0.4344999999999999,2.0828468518567433
435.0,0.4350000000000023,2.0853468518567553
435.5,0.43549999999999756,2.0877157234089694
436.0,0.43599999999999994,2.0902157234089813
436.5,0.43650000000000233,2.0927157234089933
437.0,0.4369999999999976,2.0950878375466075
437.5,0.4375,2.0975878375466195
438.0,0.4380000000000024,2.1000878375466314
438.5,0.43849999999999767,2.102412227770394
439.0,0.43900000000000006,2.1049122277704058
439.5,0.43950000000000244,2.1074122277704177
440.0,0.4399999999999977,2.1096374644812954
440.5,0.4405000000000001,2.1121374644813073
441.0,0.4410000000000025,2.1146374644813193
441.5,0.4414999999999978,2.1167376329176335
442.0,0.44200000000000017,2.1192376329176454
442.5,0.44250000000000256,2.1217376329176574
443.0,0.44299999999999784,2.1236865092630453
443.5,0.4435000000000002,2.126186509263057
444.0,0.4440000000000026,2.128686509263069
444.5,0.4444999999999979,2.130491805657293
445.0,0.4450000000000003,2.132991805657305
445.5,0.44550000000000267,2.135491805657317
446.0,0.44599999999999795,2.1371723724234926
446.5,0.44650000000000034,2.1396723724235045
447.0,0.44700000000000273,2.1421723724235164
447.5,0.447499999999998,2.143764710010494
448.0,0.4480000000000004,2.146264710010506
448.5,0.4485000000000028,2.148764710010518
449.0,0.44899999999999807,2.150312276151922
449.5,0.44950000000000045,2.152812276151934
450.0,0.45000000000000284,2.155312276151946
450.5,0.4504999999999981,2.156889468163321
451.0,0.4510000000000005,2.159389468163333
451.5,0.4515000000000029,2.161889468163345
452.0,0.4519999999999982,2.163533382176297
452.5,0.45250000000000057,2.166033382176309
453.0,0.45300000000000296,2.168533382176321
453.5,0.45349999999999824,2.1710333821762973
454.0,0.4540000000000006,2.1727598949107474
454.5,0.454500000000003,2.1752598949107593
455.0,0.4549999999999983,2.1777598949107357
455.5,0.4555000000000007,2.17958732482586
456.0,0.45600000000000307,2.182087324825872
456.5,0.45649999999999835,2.1845873248258485
457.0,0.45700000000000074,2.186520147540172
457.5,0.4575000000000031,2.189020147540184
458.0,0.4579999999999984,2.1915201475401602
458.5,0.4585000000000008,2.1935424347320875
459.0,0.4590000000000032,2.1960424347320995
459.5,0.45949999999999847,2.198542434732076
460.0,0.46000000000000085,2.2006434999700986
460.5,0.46050000000000324,2.2031434999701105
461.0,0.4609999999999985,2.205643499970087
461.5,0.4615000000000009,2.2078229550167094
462.0,0.4620000000000033,2.2103229550167214
462.5,0.4624999999999986,2.212822955016698
463.0,0.46300000000000097,2.215101672878461
463.5,0.46350000000000335,2.217601672878473
464.0,0.46399999999999864,2.2201016728784495
464.5,0.464500000000001,2.2225127759434216
465.0,0.4650000000000034,2.2250127759434335
465.5,0.4654999999999987,2.22751277594341
466.0,0.4660000000000011,2.2300813625770743
466.5,0.46650000000000347,2.2325813625770863
467.0,0.46699999999999875,2.2350813625770627
467.5,0.46750000000000114,2.2378105255709713
468.0,0.4680000000000035,2.240310525570983
468.5,0.4684999999999988,2.2428105255709596
469.0,0.4690000000000012,2.2456725895512264
469.5,0.4694999999999965,2.248172589551203
470.0,0.46999999999999886,2.2506725895512147
470.5,0.47050000000000125,2.2536266534619998
471.0,0.47099999999999653,2.256126653461976
471.5,0.4714999999999989,2.258626653461988
472.0,0.4720000000000013,2.261637925987152
472.5,0.4724999999999966,2.2641379259871286
473.0,0.472999999999999,2.2666379259871405
473.5,0.47350000000000136,2.2696627757199295
474.0,0.47399999999999665,2.272162775719906
474.5,0.47449999999999903,2.274662775719918
475.0,0.4750000000000014,2.2776498660316946
475.5,0.4754999999999967,2.280149866031671
476.0,0.4759999999999991,2.282649866031683
476.5,0.4765000000000015,2.2855688258249884
477.0,0.47699999999999676,2.288068825824965
477.5,0.47749999999999915,2.290568825824977
478.0,0.47800000000000153,2.293422271216805
478.5,0.4784999999999968,2.2959222712167815
479.0,0.4789999999999992,2.2984222712167934
479.5,0.4795000000000016,2.3011882401655015
480.0,0.4799999999999969,2.303688240165478
480.5,0.48049999999999926,2.30618824016549
481.0,0.48100000000000165,2.3088474152257277
481.5,0.48149999999999693,2.311347415225704
482.0,0.4819999999999993,2.313847415225716
482.5,0.4825000000000017,2.3163795291926803
483.0,0.482999999999997,2.3188795291926567
483.5,0.4834999999999994,2.3213795291926687
484.0,0.48400000000000176,2.3237767563358247
484.5,0.48449999999999704,2.326276756335801
485.0,0.48499999999999943,2.328776756335813
485.5,0.4855000000000018,2.331014262090889
486.0,0.4859999999999971,2.3335142620908655
486.5,0.4864999999999995,2.3360142620908775
487.0,0.4870000000000019,2.3380765136712256
487.5,0.48749999999999716,2.340576513671202
488.0,0.48799999999999955,2.343076513671214
488.5,0.48850000000000193,2.3449634620322968
489.0,0.4889999999999972,2.347463462032273
489.5,0.4894999999999996,2.349963462032285
490.0,0.490000000000002,2.351689139076285
490.5,0.49049999999999727,2.3541891390762615
491.0,0.49099999999999966,2.3566891390762734
491.5,0.49150000000000205,2.358258310621295
492.0,0.49199999999999733,2.3607583106212715
492.5,0.4924999999999997,2.3632583106212834
493.0,0.4930000000000021,2.3647053951347274
493.5,0.4934999999999974,2.367205395134704
494.0,0.4939999999999998,2.369705395134716
494.5,0.49450000000000216,2.3710558582277486
495.0,0.49499999999999744,2.373555858227725
495.5,0.49549999999999983,2.376055858227737
496.0,0.4960000000000022,2.3773634616943085
496.5,0.4964999999999975,2.379863461694285
497.0,0.4969999999999999,2.382363461694297
497.5,0.4975000000000023,2.3836615061600597
498.0,0.49799999999999756,2.386161506160036
498.5,0.49849999999999994,2.388661506160048
499.0,0.49900000000000233,2.3899997969641262
499.5,0.4994999999999976,2.3924997969641026
500.0,0.5,2.3949997969641146
500.5,0.5005000000000024,2.3963829874447384
501.0,0.5009999999999977,2.398882987444715
501.5,0.5015000000000001,2.401382987444727
502.0,0.5020000000000024,2.4028195560405408
502.5,0.5024999999999977,2.405319556040517
503.0,0.5030000000000001,2.407819556040529
503.5,0.5035000000000025,2.409293017487677
504.0,0.5039999999999978,2.4117930174876534
504.5,0.5045000000000002,2.4142930174876653
505.0,0.5050000000000026,2.4157993503512287
505.5,0.5054999999999978,2.418299350351205
506.0,0.5060000000000002,2.420799350351217
506.5,0.5065000000000026,2.4223269983611573
507.0,0.5069999999999979,2.4248269983611337
507.5,0.5075000000000003,2.4273269983611456
508.0,0.5080000000000027,2.428859688514393
508.5,0.508499999999998,2.4313596885143696
509.0,0.5090000000000003,2.4338596885143815
509.5,0.5095000000000027,2.435379278234784
510.0,0.509999999999998,2.4378792782347602
510.5,0.5105000000000004,2.440379278234772
511.0,0.5110000000000028,2.4418826235623214
511.5,0.5114999999999981,2.444382623562298
512.0,0.5120000000000005,2.44688262356231
512.5,0.5125000000000028,2.4483625459640024
513.0,0.5129999999999981,2.450862545963979
513.5,0.5135000000000005,2.4533625459639907
514.0,0.5140000000000029,2.4548152047859872
514.5,0.5144999999999982,2.4573152047859637
515.0,0.5150000000000006,2.4598152047859756
515.5,0.515500000000003,2.4612530139948774
516.0,0.5159999999999982,2.463753013994854
516.5,0.5165000000000006,2.4662530139948657
517.0,0.517000000000003,2.46768127285268
517.5,0.5174999999999983,2.470181272852656
518.0,0.5180000000000007,2.472681272852668
518.5,0.5185000000000031,2.4741122582706865
519.0,0.5189999999999984,2.476612258270663
519.5,0.5195000000000007,2.479112258270675
520.0,0.5200000000000031,2.4805803200123577
520.5,0.5204999999999984,2.483080320012334
521.0,0.5210000000000008,2.485580320012346
521.5,0.5215000000000032,2.4870888945979885
522.0,0.5219999999999985,2.489588894597965
522.5,0.5225000000000009,2.492088894597977
523.0,0.5230000000000032,2.4936361864845225
523.5,0.5234999999999985,2.496136186484499
524.0,0.5240000000000009,2.498636186484511
524.5,0.5245000000000033,2.500224953999144
525.0,0.5249999999999986,2.5027249539991203
525.5,0.525500000000001,2.5052249539991323
526.0,0.5260000000000034,2.5068513431088846
526.5,0.5264999999999986,2.509351343108861
527.0,0.527000000000001,2.511851343108873
527.5,0.5275000000000034,2.5135348671307867
528.0,0.5279999999999987,2.516034867130763
528.5,0.5285000000000011,2.518534867130775
529.0,0.5290000000000035,2.521034867130787
529.5,0.5294999999999987,2.5227758608668793
530.0,0.5300000000000011,2.5252758608668913
530.5,0.5305000000000035,2.527775860866903
531.0,0.5309999999999988,2.529577754453527
531.5,0.5315000000000012,2.532077754453539
532.0,0.5319999999999965,2.5345777544535153
532.5,0.5324999999999989,2.5364341722369588
533.0,0.5330000000000013,2.5389341722369707
533.5,0.5334999999999965,2.541434172236947
534.0,0.5339999999999989,2.543346778079467
534.5,0.5345000000000013,2.545846778079479
535.0,0.5349999999999966,2.5483467780794555
535.5,0.535499999999999,2.550316487866233
536.0,0.5360000000000014,2.552816487866245
536.5,0.5364999999999966,2.5553164878662216
537.0,0.536999999999999,2.5573387227824185
537.5,0.5375000000000014,2.5598387227824304
538.0,0.5379999999999967,2.562338722782407
538.5,0.5384999999999991,2.5644064339345007
539.0,0.5390000000000015,2.5669064339345127
539.5,0.5394999999999968,2.569406433934489
540.0,0.5399999999999991,2.5715110051438117
540.5,0.5405000000000015,2.5740110051438236
541.0,0.5409999999999968,2.5765110051438
541.5,0.5414999999999992,2.5786437154469155
542.0,0.5420000000000016,2.5811437154469274
542.5,0.5424999999999969,2.583643715446904
543.0,0.5429999999999993,2.5858162086865377
543.5,0.5435000000000016,2.5883162086865497
544.0,0.5439999999999969,2.590816208686526
544.5,0.5444999999999993,2.593024957618013
545.0,0.5450000000000017,2.595524957618025
545.5,0.545499999999997,2.5980249576180015
546.0,0.5459999999999994,2.6002733365246655
546.5,0.5465000000000018,2.6027733365246775
547.0,0.546999999999997,2.605273336524654
547.5,0.5474999999999994,2.6075893957856877
548.0,0.5480000000000018,2.6100893957856997
548.5,0.5484999999999971,2.612589395785676
549.0,0.5489999999999995,2.6149855163762226
549.5,0.5495000000000019,2.6174855163762345
550.0,0.5499999999999972,2.619985516376211
550.5,0.5504999999999995,2.622487344036344
551.0,0.5510000000000019,2.624987344036356
551.5,0.5514999999999972,2.627487344036332
552.0,0.5519999999999996,2.630120977917265
552.5,0.552500000000002,2.632620977917277
553.0,0.5529999999999973,2.6351209779172535
553.5,0.5534999999999997,2.6378705477803166
554.0,0.554000000000002,2.6403705477803285
554.5,0.5544999999999973,2.642870547780305
555.0,0.5549999999999997,2.645723601602441
555.5,0.5555000000000021,2.648223601602453
556.0,0.5559999999999974,2.6507236016024294
556.5,0.5564999999999998,2.653676796347071
557.0,0.5570000000000022,2.656176796347083
557.5,0.5574999999999974,2.6586767963470592
558.0,0.5579999999999998,2.661683276968887
558.5,0.5585000000000022,2.664183276968899
559.0,0.5589999999999975,2.6666832769688753
559.5,0.5594999999999999,2.6697079447938776
560.0,0.5600000000000023,2.6722079447938896
560.5,0.5604999999999976,2.674707944793866
561.0,0.5609999999999999,2.6777152844979923
561.5,0.5615000000000023,2.6802152844980043
562.0,0.5619999999999976,2.6827152844979807
562.5,0.5625,2.6856723915038216
563.0,0.5630000000000024,2.6881723915038336
563.5,0.5634999999999977,2.69067239150381
564.0,0.5640000000000001,2.693557717904085
564.5,0.5645000000000024,2.6960577179040968
565.0,0.5649999999999977,2.698557717904073
565.5,0.5655000000000001,2.70137432136341
566.0,0.5660000000000025,2.703874321363422
566.5,0.5664999999999978,2.7063743213633984
567.0,0.5670000000000002,2.709130778255684
567.5,0.5675000000000026,2.711630778255696
568.0,0.5679999999999978,2.7141307782556723
568.5,0.5685000000000002,2.716823078173327
569.0,0.5690000000000026,2.719323078173339
569.5,0.5694999999999979,2.7218230781733155
570.0,0.5700000000000003,2.724450141665855
570.5,0.5705000000000027,2.726950141665867
571.0,0.570999999999998,2.7294501416658434
571.5,0.5715000000000003,2.7320302967497057
572.0,0.5720000000000027,2.7345302967497176
572.5,0.572499999999998,2.737030296749694
573.0,0.5730000000000004,2.7395756966027207
573.5,0.5735000000000028,2.7420756966027326
574.0,0.5739999999999981,2.744575696602709
574.5,0.5745000000000005,2.747089709764232
575.0,0.5750000000000028,2.749589709764244
575.5,0.5754999999999981,2.7520897097642205
576.0,0.5760000000000005,2.754604112123751
576.5,0.5765000000000029,2.7571041121237627
577.0,0.5769999999999982,2.759604112123739
577.5,0.5775000000000006,2.76212536214139
578.0,0.578000000000003,2.764625362141402
578.5,0.5784999999999982,2.7671253621413783
579.0,0.5790000000000006,2.7696570140820853
579.5,0.579500000000003,2.7721570140820972
580.0,0.5799999999999983,2.7746570140820737
580.5,0.5805000000000007,2.777191005713995
581.0,0.5810000000000031,2.7796910057140067
581.5,0.5814999999999984,2.782191005713983
582.0,0.5820000000000007,2.784717313779339
582.5,0.5825000000000031,2.787217313779351
583.0,0.5829999999999984,2.7897173137793274
583.5,0.5835000000000008,2.792242915103671
584.0,0.5840000000000032,2.794742915103683
584.5,0.5844999999999985,2.7972429151036593
585.0,0.5850000000000009,2.799806138709613
585.5,0.5855000000000032,2.802306138709625
586.0,0.5859999999999985,2.8048061387096013
586.5,0.5865000000000009,2.8074066453737956
587.0,0.5870000000000033,2.8099066453738075
587.5,0.5874999999999986,2.812406645373784
588.0,0.588000000000001,2.8150432744759257
588.5,0.5885000000000034,2.8175432744759377
589.0,0.5889999999999986,2.820043274475914
589.5,0.589500000000001,2.8226897043306565
590.0,0.5900000000000034,2.8251897043306684
590.5,0.5904999999999987,2.827689704330645
591.0,0.5910000000000011,2.8303123476258563
591.5,0.5915000000000035,2.832812347625868
592.0,0.5919999999999987,2.8353123476258446
592.5,0.5925000000000011,2.8378802309090645
593.0,0.5930000000000035,2.8403802309090764
593.5,0.5934999999999988,2.842880230909053
594.0,0.5940000000000012,2.8453716977001875
594.5,0.5944999999999965,2.847871697700164
595.0,0.5949999999999989,2.850371697700176
595.5,0.5955000000000013,2.852768857453647
596.0,0.5959999999999965,2.8552688574536234
596.5,0.5964999999999989,2.8577688574536353
597.0,0.5970000000000013,2.8600647857241768
597.5,0.5974999999999966,2.862564785724153
598.0,0.597999999999999,2.865064785724165
598.5,0.5985000000000014,2.8672735420396833
599.0,0.5989999999999966,2.8697735420396597
599.5,0.599499999999999,2.8722735420396717
600.0,0.6000000000000014,2.8744202359714777
600.5,0.6004999999999967,2.876920235971454
601.0,0.6009999999999991,2.879420235971466
601.5,0.6015000000000015,2.881517203310935
602.0,0.6019999999999968,2.8840172033109113
602.5,0.6024999999999991,2.886517203310923
603.0,0.6030000000000015,2.8885866835470253
603.5,0.6034999999999968,2.8910866835470017
604.0,0.6039999999999992,2.8935866835470136
604.5,0.6045000000000016,2.8960866835470256
605.0,0.6049999999999969,2.898154075568833
605.5,0.6054999999999993,2.900654075568845
606.0,0.6060000000000016,2.9031540755688567
606.5,0.6064999999999969,2.905238817428817
607.0,0.6069999999999993,2.907738817428829
607.5,0.6075000000000017,2.9102388174288407
608.0,0.607999999999997,2.912336282994339
608.5,0.6084999999999994,2.914836282994351
609.0,0.6090000000000018,2.9173362829943628
609.5,0.609499999999997,2.9194401153890226
610.0,0.6099999999999994,2.9219401153890345
610.5,0.6105000000000018,2.9244401153890465
611.0,0.6109999999999971,2.9265445464673334
611.5,0.6114999999999995,2.9290445464673454
612.0,0.6120000000000019,2.9315445464673573
612.5,0.6124999999999972,2.9336378556222087
613.0,0.6129999999999995,2.9361378556222206
613.5,0.6135000000000019,2.9386378556222326
614.0,0.6139999999999972,2.9407192694228
614.5,0.6144999999999996,2.943219269422812
615.0,0.615000000000002,2.945719269422824
615.5,0.6154999999999973,2.9477952846340116
616.0,0.6159999999999997,2.9502952846340236
616.5,0.616500000000002,2.9527952846340355
617.0,0.6169999999999973,2.9548629283733874
617.5,0.6174999999999997,2.9573629283733993
618.0,0.6180000000000021,2.9598629283734113
618.5,0.6184999999999974,2.9619314655611007
619.0,0.6189999999999998,2.9644314655611126
619.5,0.6195000000000022,2.9669314655611245
620.0,0.6199999999999974,2.9689790296531626
620.5,0.6204999999999998,2.9714790296531746
621.0,0.6210000000000022,2.9739790296531865
621.5,0.6214999999999975,2.975975372771096
622.0,0.6219999999999999,2.9784753727711077
622.5,0.6225000000000023,2.9809753727711197
623.0,0.6229999999999976,2.9828891440880767
623.5,0.6234999999999999,2.9853891440880886
624.0,0.6240000000000023,2.9878891440881006
624.5,0.6244999999999976,2.9897079900156953
625.0,0.625,2.9922079900157073
625.5,0.6255000000000024,2.994707990015719
626.0,0.6259999999999977,2.996438462241038
626.5,0.6265000000000001,2.9989384622410498
627.0,0.6270000000000024,3.0014384622410617
627.5,0.6274999999999977,3.003079073239583
628.0,0.6280000000000001,3.005579073239595
628.5,0.6285000000000025,3.0080790732396068
629.0,0.6289999999999978,3.009624286659367
629.5,0.6295000000000002,3.012124286659379
630.0,0.6300000000000026,3.014624286659391
630.5,0.6304999999999978,3.0160864507124074
631.0,0.6310000000000002,3.0185864507124194
631.5,0.6315000000000026,3.0210864507124313
632.0,0.6319999999999979,3.022495699254719
632.5,0.6325000000000003,3.024995699254731
633.0,0.6330000000000027,3.027495699254743
633.5,0.633499999999998,3.0288735595085825
634.0,0.6340000000000003,3.0313735595085944
634.5,0.6345000000000027,3.0338735595086064
635.0,0.634999999999998,3.0352518682615326
635.5,0.6355000000000004,3.0377518682615445
636.0,0.6360000000000028,3.0402518682615565
636.5,0.6364999999999981,3.041681658950459
637.0,0.6370000000000005,3.044181658950471
637.5,0.6375000000000028,3.046681658950483
638.0,0.6379999999999981,3.0481864727311603
638.5,0.6385000000000005,3.050686472731172
639.0,0.6390000000000029,3.053186472731184
639.5,0.6394999999999982,3.054794877441722
640.0,0.6400000000000006,3.057294877441734
640.5,0.640500000000003,3.059794877441746
641.0,0.6409999999999982,3.0615317796010544
641.5,0.6415000000000006,3.0640317796010663
642.0,0.642000000000003,3.0665317796010783
642.5,0.6424999999999983,3.0683969535652267
643.0,0.6430000000000007,3.0708969535652386
643.5,0.6435000000000031,3.0733969535652506
644.0,0.6439999999999984,3.0753843698171224
644.5,0.6445000000000007,3.0778843698171343
645.0,0.6450000000000031,3.0803843698171463
645.5,0.6454999999999984,3.0824821506477917
646.0,0.6460000000000008,3.0849821506478037
646.5,0.6465000000000032,3.0874821506478156
647.0,0.6469999999999985,3.0896690323204723
647.5,0.6475000000000009,3.0921690323204842
648.0,0.6480000000000032,3.094669032320496
648.5,0.6484999999999985,3.0969167884344984
649.0,0.6490000000000009,3.0994167884345103
649.5,0.6495000000000033,3.1019167884345222
650.0,0.6499999999999986,3.104174556066681
650.5,0.650500000000001,3.106674556066693
651.0,0.6510000000000034,3.109174556066705
651.5,0.6514999999999986,3.111412083189542
652.0,0.652000000000001,3.113912083189554
652.5,0.6525000000000034,3.116412083189566
653.0,0.6529999999999987,3.11862337188316
653.5,0.6535000000000011,3.121123371883172
654.0,0.6540000000000035,3.123623371883184
654.5,0.6544999999999987,3.125799632372548
655.0,0.6550000000000011,3.12829963237256
655.5,0.6555000000000035,3.1307996323725718
656.0,0.6559999999999988,3.1329370009831337
656.5,0.6565000000000012,3.1354370009831456
657.0,0.6569999999999965,3.137937000983122
657.5,0.6574999999999989,3.14004385066891
658.0,0.6580000000000013,3.142543850668922
658.5,0.6584999999999965,3.1450438506688982
659.0,0.6589999999999989,3.1471205359168053
659.5,0.6595000000000013,3.1496205359168172
660.0,0.6599999999999966,3.1521205359167936
660.5,0.660499999999999,3.1541494860397634
661.0,0.6610000000000014,3.1566494860397754
661.5,0.6614999999999966,3.1591494860397518
662.0,0.661999999999999,3.1611198193372303
662.5,0.6625000000000014,3.1636198193372422
663.0,0.6629999999999967,3.1661198193372186
663.5,0.6634999999999991,3.1680336923191987
664.0,0.6640000000000015,3.1705336923192107
664.5,0.6644999999999968,3.173033692319187
665.0,0.6649999999999991,3.1748643099819063
665.5,0.6655000000000015,3.177364309981918
666.0,0.6659999999999968,3.1798643099818946
666.5,0.6664999999999992,3.181612566940899
667.0,0.6670000000000016,3.184112566940911
667.5,0.6674999999999969,3.1866125669408873
668.0,0.6679999999999993,3.1882974265581154
668.5,0.6685000000000016,3.1907974265581274
669.0,0.6689999999999969,3.193297426558104
669.5,0.6694999999999993,3.1949556685458447
670.0,0.6700000000000017,3.1974556685458566
670.5,0.670499999999997,3.199955668545833
671.0,0.6709999999999994,3.20164919622421
671.5,0.6715000000000018,3.204149196224222
672.0,0.671999999999997,3.2066491962241983
672.5,0.6724999999999994,3.2084072251508644
673.0,0.6730000000000018,3.2109072251508763
673.5,0.6734999999999971,3.2134072251508528
674.0,0.6739999999999995,3.2152555672062633
674.5,0.6745000000000019,3.217755567206275
675.0,0.6749999999999972,3.2202555672062516
675.5,0.6754999999999995,3.222184243431485
676.0,0.6760000000000019,3.224684243431497
676.5,0.6764999999999972,3.2271842434314735
677.0,0.6769999999999996,3.22919694634642
677.5,0.677500000000002,3.231696946346432
678.0,0.6779999999999973,3.234196946346408
678.5,0.6784999999999997,3.2362623761462572
679.0,0.679000000000002,3.238762376146269
679.5,0.6794999999999973,3.2412623761462456
680.0,0.6799999999999997,3.2437623761462575
680.5,0.6805000000000021,3.245862016112362
681.0,0.6809999999999974,3.2483620161123383
681.5,0.6814999999999998,3.2508620161123503
682.0,0.6820000000000022,3.252960600629784
682.5,0.6824999999999974,3.2554606006297604
683.0,0.6829999999999998,3.2579606006297723
683.5,0.6835000000000022,3.2600215300794844
684.0,0.6839999999999975,3.2625215300794608
684.5,0.6844999999999999,3.2650215300794727
685.0,0.6850000000000023,3.2670471385602085
685.5,0.6854999999999976,3.269547138560185
686.0,0.6859999999999999,3.272047138560197
686.5,0.6865000000000023,3.274013186656859
687.0,0.6869999999999976,3.2765131866568353
687.5,0.6875,3.2790131866568473
688.0,0.6880000000000024,3.2809067258923363
688.5,0.6884999999999977,3.2834067258923127
689.0,0.6890000000000001,3.2859067258923247
689.5,0.6895000000000024,3.2877341650699066
690.0,0.6899999999999977,3.290234165069883
690.5,0.6905000000000001,3.292734165069895
691.0,0.6910000000000025,3.2944963348919387
691.5,0.6914999999999978,3.296996334891915
692.0,0.6920000000000002,3.299496334891927
692.5,0.6925000000000026,3.3011887547143814
693.0,0.6929999999999978,3.303688754714358
693.5,0.6935000000000002,3.30618875471437
694.0,0.6940000000000026,3.3077872342425607
694.5,0.6944999999999979,3.310287234242537
695.0,0.6950000000000003,3.312787234242549
695.5,0.6955000000000027,3.3142991887899242
696.0,0.695999999999998,3.3167991887899007
696.5,0.6965000000000003,3.3192991887899126
697.0,0.6970000000000027,3.3207292931717447
697.5,0.697499999999998,3.323229293171721
698.0,0.6980000000000004,3.325729293171733
698.5,0.6985000000000028,3.3270864026121316
699.0,0.6989999999999981,3.329586402612108
699.5,0.6995000000000005,3.33208640261212
700.0,0.7000000000000028,3.3333917908793964
700.5,0.7004999999999981,3.335891790879373
701.0,0.7010000000000005,3.3383917908793848
701.5,0.7015000000000029,3.339691676013601
702.0,0.7019999999999982,3.3421916760135773
702.5,0.7025000000000006,3.344691676013589
703.0,0.703000000000003,3.3460400787258138
703.5,0.7034999999999982,3.34854007872579
704.0,0.7040000000000006,3.351040078725802
704.5,0.704500000000003,3.3524763307614336
705.0,0.7049999999999983,3.35497633076141
705.5,0.7055000000000007,3.357476330761422
706.0,0.7060000000000031,3.3590303513265596
706.5,0.7064999999999984,3.361530351326536
707.0,0.7070000000000007,3.364030351326548
707.5,0.7075000000000031,3.3657198349424533
708.0,0.7079999999999984,3.3682198349424297
708.5,0.7085000000000008,3.3707198349424417
709.0,0.7090000000000032,3.3725397427620862
709.5,0.7094999999999985,3.3750397427620626
710.0,0.7100000000000009,3.3775397427620746
710.5,0.7105000000000032,3.3794581861008766
711.0,0.7109999999999985,3.381958186100853
711.5,0.7115000000000009,3.384458186100865
712.0,0.7120000000000033,3.3864474279565115
712.5,0.7124999999999986,3.388947427956488
713.0,0.713000000000001,3.3914474279565
713.5,0.7135000000000034,3.3934761320363904
714.0,0.7139999999999986,3.395976132036367
714.5,0.714500000000001,3.3984761320363788
715.0,0.7150000000000034,3.400524921367065
715.5,0.7154999999999987,3.4030249213670416
716.0,0.7160000000000011,3.4055249213670535
716.5,0.7165000000000035,3.407563865276373
717.0,0.7169999999999987,3.4100638652763493
717.5,0.7175000000000011,3.4125638652763612
718.0,0.7180000000000035,3.41457243843422
718.5,0.7184999999999988,3.4170724384341966
719.0,0.7190000000000012,3.4195724384342086
719.5,0.7194999999999965,3.4215382514915404
720.0,0.7199999999999989,3.4240382514915524
720.5,0.7205000000000013,3.4265382514915643
721.0,0.7209999999999965,3.428453336993904
721.5,0.7214999999999989,3.430953336993916
722.0,0.7220000000000013,3.433453336993928
722.5,0.7224999999999966,3.4352946101240533
723.0,0.722999999999999,3.4377946101240653
723.5,0.7235000000000014,3.4402946101240772
724.0,0.7239999999999966,3.4420417217344834
724.5,0.724499999999999,3.4445417217344954
725.0,0.7250000000000014,3.4470417217345073
725.5,0.7254999999999967,3.4486685361101266
726.0,0.7259999999999991,3.4511685361101385
726.5,0.7265000000000015,3.4536685361101505
727.0,0.7269999999999968,3.455170382938384
727.5,0.7274999999999991,3.457670382938396
728.0,0.7280000000000015,3.460170382938408
728.5,0.7284999999999968,3.4615558582518346
729.0,0.7289999999999992,3.4640558582518466
729.5,0.7295000000000016,3.4665558582518585
730.0,0.7299999999999969,3.4678328090643262
730.5,0.7304999999999993,3.470332809064338
731.0,0.7310000000000016,3.47283280906435
731.5,0.7314999999999969,3.4740194718713724
732.0,0.7319999999999993,3.4765194718713843
732.5,0.7325000000000017,3.4790194718713963
733.0,0.732999999999997,3.480173954144803
733.5,0.7334999999999994,3.482673954144815
734.0,0.7340000000000018,3.485173954144827
734.5,0.734499999999997,3.486349473689465
735.0,0.7349999999999994,3.488849473689477
735.5,0.7355000000000018,3.491349473689489
736.0,0.7359999999999971,3.4926051184000784
736.5,0.7364999999999995,3.4951051184000903
737.0,0.7370000000000019,3.4976051184001022
737.5,0.7374999999999972,3.498990869335401
738.0,0.7379999999999995,3.501490869335413
738.5,0.7385000000000019,3.503990869335425
739.0,0.7389999999999972,3.5055269087190766
739.5,0.7394999999999996,3.5080269087190885
740.0,0.740000000000002,3.5105269087191004
740.5,0.7404999999999973,3.5122362758895775
741.0,0.7409999999999997,3.5147362758895895
741.5,0.741500000000002,3.5172362758896014
742.0,0.7419999999999973,3.519118195422024
742.5,0.7424999999999997,3.521618195422036
743.0,0.7430000000000021,3.524118195422048
743.5,0.7434999999999974,3.526159954641983
744.0,0.7439999999999998,3.528659954641995
744.5,0.7445000000000022,3.531159954642007
745.0,0.7449999999999974,3.53331885681218
745.5,0.7454999999999998,3.5358188568121918
746.0,0.7460000000000022,3.5383188568122037
746.5,0.7464999999999975,3.5405438162252523
747.0,0.7469999999999999,3.543043816225264
747.5,0.7475000000000023,3.545543816225276
748.0,0.7479999999999976,3.547767794438492
748.5,0.7484999999999999,3.550267794438504
749.0,0.7490000000000023,3.552767794438516
749.5,0.7494999999999976,3.5549217372792086
750.0,0.75,3.5574217372792205
750.5,0.7505000000000024,3.5599217372792324
751.0,0.7509999999999977,3.5619536793952378
751.5,0.7515000000000001,3.5644536793952497
752.0,0.7520000000000024,3.5669536793952616
752.5,0.7524999999999977,3.5688197988278247
753.0,0.7530000000000001,3.5713197988278367
753.5,0.7535000000000025,3.5738197988278486
754.0,0.7539999999999978,3.5754909895677045
754.5,0.7545000000000002,3.5779909895677164
755.0,0.7550000000000026,3.5804909895677284
755.5,0.7554999999999978,3.582990989567705
756.0,0.7560000000000002,3.5844621034266666
756.5,0.7565000000000026,3.5869621034266785
757.0,0.7569999999999979,3.589462103426655
757.5,0.7575000000000003,3.5907152899497774
758.0,0.7580000000000027,3.5932152899497893
758.5,0.758499999999998,3.5957152899497657
759.0,0.7590000000000003,3.5967676540204963
759.5,0.7595000000000027,3.599267654020508
760.0,0.759999999999998,3.6017676540204846
760.5,0.7605000000000004,3.6026578601090264
761.0,0.7610000000000028,3.6051578601090384
761.5,0.7614999999999981,3.607657860109015
762.0,0.7620000000000005,3.6084191935135834
762.5,0.7625000000000028,3.6109191935135954
763.0,0.7629999999999981,3.6134191935135718
763.5,0.7635000000000005,3.6141122995952912
764.0,0.7640000000000029,3.616612299595303
764.5,0.7644999999999982,3.6191122995952796
765.0,0.7650000000000006,3.619805620913752
765.5,0.765500000000003,3.622305620913764
766.0,0.7659999999999982,3.6248056209137403
766.5,0.7665000000000006,3.625554254295267
767.0,0.767000000000003,3.6280542542952787
767.5,0.7674999999999983,3.630554254295255
768.0,0.7680000000000007,3.6314194417767354
768.5,0.7685000000000031,3.6339194417767473
769.0,0.7689999999999984,3.6364194417767237
769.5,0.7695000000000007,3.6374106877419266
770.0,0.7700000000000031,3.6399106877419385
770.5,0.7704999999999984,3.642410687741915
771.0,0.7710000000000008,3.643520066451096
771.5,0.7715000000000032,3.6460200664511078
772.0,0.7719999999999985,3.648520066451084
772.5,0.7725000000000009,3.6497344946782917
773.0,0.7730000000000032,3.6522344946783036
773.5,0.7734999999999985,3.65473449467828
774.0,0.7740000000000009,3.656024894901897
774.5,0.7745000000000033,3.658524894901909
775.0,0.7749999999999986,3.6610248949018853
775.5,0.775500000000001,3.6623534796537527
776.0,0.7760000000000034,3.6648534796537646
776.5,0.7764999999999986,3.667353479653741
777.0,0.777000000000001,3.6686919838479426
777.5,0.7775000000000034,3.6711919838479545
778.0,0.7779999999999987,3.673691983847931
778.5,0.7785000000000011,3.6750034626465933
779.0,0.7790000000000035,3.677503462646605
779.5,0.7794999999999987,3.6800034626465816
780.0,0.7800000000000011,3.6812484695970227
780.5,0.7805000000000035,3.6837484695970346
781.0,0.7809999999999988,3.686248469597011
781.5,0.7815000000000012,3.6873913037792505
782.0,0.7819999999999965,3.689891303779227
782.5,0.7824999999999989,3.692391303779239
783.0,0.7830000000000013,3.6934114211696922
783.5,0.7834999999999965,3.6959114211696686
784.0,0.7839999999999989,3.6984114211696806
784.5,0.7845000000000013,3.699286648818614
785.0,0.7849999999999966,3.70178664881859
785.5,0.785499999999999,3.704286648818602
786.0,0.7860000000000014,3.7050202465480453
786.5,0.7864999999999966,3.7075202465480217
787.0,0.786999999999999,3.7100202465480336
787.5,0.7875000000000014,3.710613173151387
788.0,0.7879999999999967,3.7131131731513634
788.5,0.7884999999999991,3.7156131731513753
789.0,0.7890000000000015,3.716085663570041
789.5,0.7894999999999968,3.7185856635700176
790.0,0.7899999999999991,3.7210856635700296
790.5,0.7905000000000015,3.7214667141943636
791.0,0.7909999999999968,3.72396671419434
791.5,0.7914999999999992,3.726466714194352
792.0,0.7920000000000016,3.7267782607469258
792.5,0.7924999999999969,3.729278260746902
793.0,0.7929999999999993,3.731778260746914
793.5,0.7935000000000016,3.732062326733896
794.0,0.7939999999999969,3.7345623267338723
794.5,0.7944999999999993,3.7370623267338843
795.0,0.7950000000000017,3.7373596204983173
795.5,0.795499999999997,3.7398596204982937
796.0,0.7959999999999994,3.7423596204983056
796.5,0.7965000000000018,3.742708062349429
797.0,0.796999999999997,3.7452080623494055
797.5,0.7974999999999994,3.7477080623494174
798.0,0.7980000000000018,3.7481368514864144
798.5,0.7984999999999971,3.750636851486391
799.0,0.7989999999999995,3.7531368514864027
799.5,0.7995000000000019,3.7536969420739297
800.0,0.7999999999999972,3.756196942073906
800.5,0.8004999999999995,3.758696942073918
801.0,0.8010000000000019,3.7594080277862574
801.5,0.8014999999999972,3.761908027786234
802.0,0.8019999999999996,3.7644080277862457
802.5,0.802500000000002,3.765292277852126
803.0,0.8029999999999973,3.7677922778521022
803.5,0.8034999999999997,3.770292277852114
804.0,0.804000000000002,3.771353063229448
804.5,0.8044999999999973,3.7738530632294243
805.0,0.8049999999999997,3.776353063229436
805.5,0.8055000000000021,3.777581853987151
806.0,0.8059999999999974,3.7800818539871273
806.5,0.8064999999999998,3.782581853987139
807.0,0.8070000000000022,3.783952418486365
807.5,0.8074999999999974,3.7864524184863413
808.0,0.8079999999999998,3.7889524184863532
808.5,0.8085000000000022,3.790451434059925
809.0,0.8089999999999975,3.7929514340599013
809.5,0.8094999999999999,3.7954514340599133
810.0,0.8100000000000023,3.797051127432347
810.5,0.8104999999999976,3.7995511274323235
811.0,0.8109999999999999,3.8020511274323354
811.5,0.8115000000000023,3.8037318239463502
812.0,0.8119999999999976,3.8062318239463266
812.5,0.8125,3.8087318239463386
813.0,0.8130000000000024,3.81047990865067
813.5,0.8134999999999977,3.8129799086506466
814.0,0.8140000000000001,3.8154799086506586
814.5,0.8145000000000024,3.8172734399325847
815.0,0.8149999999999977,3.819773439932561
815.5,0.8155000000000001,3.822273439932573
816.0,0.8160000000000025,3.824098758576362
816.5,0.8164999999999978,3.8265987585763384
817.0,0.8170000000000002,3.8290987585763503
817.5,0.8175000000000026,3.8309471784006277
818.0,0.8179999999999978,3.833447178400604
818.5,0.8185000000000002,3.835947178400616
819.0,0.8190000000000026,3.837802206959573
819.5,0.8194999999999979,3.8403022069595494
820.0,0.8200000000000003,3.8428022069595613
820.5,0.8205000000000027,3.8446594125519695
821.0,0.820999999999998,3.847159412551946
821.5,0.8215000000000003,3.849659412551958
822.0,0.8220000000000027,3.851481831001813
822.5,0.822499999999998,3.8539818310017893
823.0,0.8230000000000004,3.856481831001801
823.5,0.8235000000000028,3.858242879272318
824.0,0.8239999999999981,3.860742879272294
824.5,0.8245000000000005,3.863242879272306
825.0,0.8250000000000028,3.864930605239536
825.5,0.8254999999999981,3.8674306052395124
826.0,0.8260000000000005,3.8699306052395244
826.5,0.8265000000000029,3.8715295305986075
827.0,0.8269999999999982,3.874029530598584
827.5,0.8275000000000006,3.876529530598596
828.0,0.828000000000003,3.8780514592916404
828.5,0.8284999999999982,3.880551459291617
829.0,0.8290000000000006,3.8830514592916288
829.5,0.829500000000003,3.8844941100763464
830.0,0.8299999999999983,3.886994110076323
830.5,0.8305000000000007,3.8894941100763347
831.0,0.8310000000000031,3.8919941100763467
831.5,0.8314999999999984,3.8933347444645605
832.0,0.8320000000000007,3.8958347444645725
832.5,0.8325000000000031,3.8983347444645844
833.0,0.8329999999999984,3.899573116561861
833.5,0.8335000000000008,3.9020731165618727
834.0,0.8340000000000032,3.9045731165618847
834.5,0.8344999999999985,3.9057410391105307
835.0,0.8350000000000009,3.9082410391105427
835.5,0.8355000000000032,3.9107410391105546
836.0,0.8359999999999985,3.9118977132358523
836.5,0.8365000000000009,3.9143977132358643
837.0,0.8370000000000033,3.916897713235876
837.5,0.8374999999999986,3.9181148189384984
838.0,0.838000000000001,3.9206148189385104
838.5,0.8385000000000034,3.9231148189385223
839.0,0.8389999999999986,3.9244320795464205
839.5,0.839500000000001,3.9269320795464324
840.0,0.8400000000000034,3.9294320795464444
840.5,0.8404999999999987,3.9308845637619783
841.0,0.8410000000000011,3.93338456376199
841.5,0.8415000000000035,3.935884563762002
842.0,0.8419999999999987,3.93750362164198
842.5,0.8425000000000011,3.940003621641992
843.0,0.8430000000000035,3.942503621642004
843.5,0.8434999999999988,3.9443046024381445
844.0,0.8440000000000012,3.9468046024381565
844.5,0.8444999999999965,3.949304602438133
845.0,0.8449999999999989,3.951272121947227
845.5,0.8455000000000013,3.953772121947239
846.0,0.8459999999999965,3.9562721219472152
846.5,0.8464999999999989,3.9583456859840283
847.0,0.8470000000000013,3.96084568598404
847.5,0.8474999999999966,3.9633456859840166
848.0,0.847999999999999,3.965463218493994
848.5,0.8485000000000014,3.967963218494006
849.0,0.8489999999999966,3.9704632184939825
849.5,0.849499999999999,3.9725579881558915
850.0,0.8500000000000014,3.9750579881559034
850.5,0.8504999999999967,3.97755798815588
851.0,0.8509999999999991,3.9795740583561923
851.5,0.8515000000000015,3.982074058356204
852.0,0.8519999999999968,3.9845740583561806
852.5,0.8524999999999991,3.9864738789714593
853.0,0.8530000000000015,3.9889738789714713
853.5,0.8534999999999968,3.9914738789714477
854.0,0.8539999999999992,3.9932282027970345
854.5,0.8545000000000016,3.9957282027970464
855.0,0.8549999999999969,3.998228202797023
855.5,0.8554999999999993,3.9998219013661895
856.0,0.8560000000000016,4.0023219013662015
856.5,0.8564999999999969,4.004821901366178
857.0,0.8569999999999993,4.00624908157976
857.5,0.8575000000000017,4.008749081579772
858.0,0.857999999999997,4.011249081579749
858.5,0.8584999999999994,4.012500262649112
859.0,0.8590000000000018,4.015000262649124
859.5,0.859499999999997,4.017500262649101
860.0,0.8599999999999994,4.018593349038078
860.5,0.8605000000000018,4.02109334903809
861.0,0.8609999999999971,4.023593349038066
861.5,0.8614999999999995,4.024536716348024
862.0,0.8620000000000019,4.027036716348036
862.5,0.8624999999999972,4.029536716348012
863.0,0.8629999999999995,4.030342103790758
863.5,0.8635000000000019,4.03284210379077
864.0,0.8639999999999972,4.035342103790747
864.5,0.8644999999999996,4.036037308292357
865.0,0.865000000000002,4.038537308292369
865.5,0.8654999999999973,4.041037308292346
866.0,0.8659999999999997,4.041649839249004
866.5,0.866500000000002,4.044149839249016
867.0,0.8669999999999973,4.0466498392489925
867.5,0.8674999999999997,4.047232479862757
868.0,0.8680000000000021,4.049732479862769
868.5,0.8684999999999974,4.052232479862745
869.0,0.8689999999999998,4.052830236886287
869.5,0.8695000000000022,4.055330236886299
870.0,0.8699999999999974,4.057830236886275
870.5,0.8704999999999998,4.058451912545635
871.0,0.8710000000000022,4.060951912545647
871.5,0.8714999999999975,4.063451912545624
872.0,0.8719999999999999,4.064130525155498
872.5,0.8725000000000023,4.06663052515551
873.0,0.8729999999999976,4.069130525155487
873.5,0.8734999999999999,4.0698721446709385
874.0,0.8740000000000023,4.07237214467095
874.5,0.8744999999999976,4.074872144670927
875.0,0.875,4.075666691302686
875.5,0.8755000000000024,4.078166691302698
876.0,0.8759999999999977,4.080666691302675
876.5,0.8765000000000001,4.081514093997249
877.0,0.8770000000000024,4.084014093997261
877.5,0.8774999999999977,4.086514093997238
878.0,0.8780000000000001,4.087412783907816
878.5,0.8785000000000025,4.0899127839078275
879.0,0.8789999999999978,4.092412783907804
879.5,0.8795000000000002,4.093355533203713
880.0,0.8800000000000026,4.095855533203725
880.5,0.8804999999999978,4.098355533203701
881.0,0.8810000000000002,4.099310089418751
881.5,0.8815000000000026,4.101810089418763
882.0,0.8819999999999979,4.104310089418739
882.5,0.8825000000000003,4.105253762377359
883.0,0.8830000000000027,4.107753762377371
883.5,0.883499999999998,4.110253762377347
884.0,0.8840000000000003,4.111175652454584
884.5,0.8845000000000027,4.113675652454596
885.0,0.884999999999998,4.116175652454572
885.5,0.8855000000000004,4.117058630333972
886.0,0.8860000000000028,4.119558630333984
886.5,0.8864999999999981,4.12205863033396
887.0,0.8870000000000005,4.1228950343205994
887.5,0.8875000000000028,4.125395034320611
888.0,0.8879999999999981,4.127895034320588
888.5,0.8885000000000005,4.128681568297807
889.0,0.8890000000000029,4.131181568297819
889.5,0.8894999999999982,4.133681568297796
890.0,0.8900000000000006,4.1344408292533785
890.5,0.890500000000003,4.1369408292533905
891.0,0.8909999999999982,4.139440829253367
891.5,0.8915000000000006,4.140184572078418
892.0,0.892000000000003,4.14268457207843
892.5,0.8924999999999983,4.145184572078406
893.0,0.8930000000000007,4.145930791114161
893.5,0.8935000000000031,4.148430791114173
894.0,0.8939999999999984,4.150930791114149
894.5,0.8945000000000007,4.151720398580494
895.0,0.8950000000000031,4.154220398580506
895.5,0.8954999999999984,4.156720398580482
896.0,0.8960000000000008,4.157578675651763
896.5,0.8965000000000032,4.160078675651775
897.0,0.8969999999999985,4.162578675651751
897.5,0.8975000000000009,4.163547439312509
898.0,0.8980000000000032,4.166047439312521
898.5,0.8984999999999985,4.168547439312498
899.0,0.8990000000000009,4.169668014835146
899.5,0.8995000000000033,4.172168014835158
900.0,0.8999999999999986,4.1746680148351345
900.5,0.900500000000001,4.175974327228111
901.0,0.9010000000000034,4.178474327228123
901.5,0.9014999999999986,4.1809743272281
902.0,0.902000000000001,4.182470326952874
902.5,0.9025000000000034,4.184970326952886
903.0,0.9029999999999987,4.187470326952862
903.5,0.9035000000000011,4.18914522429791
904.0,0.9040000000000035,4.191645224297922
904.5,0.9044999999999987,4.194145224297898
905.0,0.9050000000000011,4.19598442654717
905.5,0.9055000000000035,4.198484426547182
906.0,0.9059999999999988,4.2009844265471585
906.5,0.9065000000000012,4.2034844265471705
907.0,0.9069999999999965,4.2054463194227765
907.5,0.9074999999999989,4.207946319422788
908.0,0.9080000000000013,4.2104463194228
908.5,0.9084999999999965,4.212494740409873
909.0,0.9089999999999989,4.214994740409885
909.5,0.9095000000000013,4.217494740409897
910.0,0.9099999999999966,4.219602939062881
910.5,0.910499999999999,4.222102939062893
911.0,0.9110000000000014,4.224602939062905
911.5,0.9114999999999966,4.226746790945626
912.0,0.911999999999999,4.229246790945638
912.5,0.9125000000000014,4.23174679094565
913.0,0.9129999999999967,4.233923163145654
913.5,0.9134999999999991,4.236423163145666
914.0,0.9140000000000015,4.238923163145678
914.5,0.9144999999999968,4.241119991283213
915.0,0.9149999999999991,4.243619991283225
915.5,0.9155000000000015,4.246119991283237
916.0,0.9159999999999968,4.248328614030008
916.5,0.9164999999999992,4.25082861403002
917.0,0.9170000000000016,4.253328614030032
917.5,0.9174999999999969,4.255541910490805
918.0,0.9179999999999993,4.258041910490817
918.5,0.9185000000000016,4.260541910490829
919.0,0.9189999999999969,4.262740488244496
919.5,0.9194999999999993,4.265240488244508
920.0,0.9200000000000017,4.26774048824452
920.5,0.920499999999997,4.269891105396653
921.0,0.9209999999999994,4.272391105396665
921.5,0.9215000000000018,4.2748911053966765
922.0,0.921999999999997,4.276970958183206
922.5,0.9224999999999994,4.279470958183218
923.0,0.9230000000000018,4.28197095818323
923.5,0.9234999999999971,4.283974352740323
924.0,0.9239999999999995,4.286474352740335
924.5,0.9245000000000019,4.288974352740347
925.0,0.9249999999999972,4.2909052490561805
925.5,0.9254999999999995,4.2934052490561925
926.0,0.9260000000000019,4.295905249056204
926.5,0.9264999999999972,4.297757303104461
927.0,0.9269999999999996,4.300257303104473
927.5,0.927500000000002,4.302757303104485
928.0,0.9279999999999973,4.304537268098443
928.5,0.9284999999999997,4.307037268098455
929.0,0.929000000000002,4.309537268098467
929.5,0.9294999999999973,4.311272835142361
930.0,0.9299999999999997,4.313772835142373
930.5,0.9305000000000021,4.316272835142385
931.0,0.9309999999999974,4.317987683982913
931.5,0.9314999999999998,4.320487683982925
932.0,0.9320000000000022,4.322987683982937
932.5,0.9324999999999974,4.32469274974121
933.0,0.9329999999999998,4.327192749741222
933.5,0.9335000000000022,4.329692749741234
934.0,0.9339999999999975,4.331381366316371
934.5,0.9344999999999999,4.333881366316383
935.0,0.9350000000000023,4.336381366316395
935.5,0.9354999999999976,4.338034670554194
936.0,0.9359999999999999,4.340534670554206
936.5,0.9365000000000023,4.343034670554218
937.0,0.9369999999999976,4.344639417663991
937.5,0.9375,4.347139417664003
938.0,0.9380000000000024,4.349639417664015
938.5,0.9384999999999977,4.3511662645398985
939.0,0.9390000000000001,4.3536662645399105
939.5,0.9395000000000024,4.356166264539922
940.0,0.9399999999999977,4.357594435362273
940.5,0.9405000000000001,4.360094435362285
941.0,0.9410000000000025,4.362594435362297
941.5,0.9414999999999978,4.36394138388863
942.0,0.9420000000000002,4.366441383888642
942.5,0.9425000000000026,4.368941383888654
943.0,0.9429999999999978,4.370219505791759
943.5,0.9435000000000002,4.372719505791771
944.0,0.9440000000000026,4.375219505791783
944.5,0.9444999999999979,4.376466744017478
945.0,0.9450000000000003,4.3789667440174895
945.5,0.9455000000000027,4.3814667440175015
946.0,0.945999999999998,4.382700496741876
946.5,0.9465000000000003,4.385200496741888
947.0,0.9470000000000027,4.3877004967419
947.5,0.947499999999998,4.388902596994804
948.0,0.9480000000000004,4.391402596994816
948.5,0.9485000000000028,4.3939025969948275
949.0,0.9489999999999981,4.39506333288417
949.5,0.9495000000000005,4.397563332884182
950.0,0.9500000000000028,4.400063332884194
950.5,0.9504999999999981,4.401155839484261
951.0,0.9510000000000005,4.403655839484273
951.5,0.9515000000000029,4.406155839484285
952.0,0.9519999999999982,4.407167904579943
952.5,0.9525000000000006,4.409667904579955
953.0,0.953000000000003,4.412167904579967
953.5,0.9534999999999982,4.413101194615194
954.0,0.9540000000000006,4.415601194615206
954.5,0.954500000000003,4.418101194615218
955.0,0.9549999999999983,4.41894326221874
955.5,0.9555000000000007,4.421443262218752
956.0,0.9560000000000031,4.4239432622187636
956.5,0.9564999999999984,4.424714689700586
957.0,0.9570000000000007,4.427214689700598
957.5,0.9575000000000031,4.42971468970061
958.0,0.9579999999999984,4.430462626816727
958.5,0.9585000000000008,4.432962626816739
959.0,0.9590000000000032,4.435462626816751
959.5,0.9594999999999985,4.436207893129271
960.0,0.9600000000000009,4.438707893129283
960.5,0.9605000000000032,4.441207893129295
961.0,0.9609999999999985,4.441983754204664
961.5,0.9615000000000009,4.444483754204676
962.0,0.9620000000000033,4.4469837542046875
962.5,0.9624999999999986,4.447822825960834
963.0,0.963000000000001,4.450322825960846
963.5,0.9635000000000034,4.452822825960858
964.0,0.9639999999999986,4.453739387419908
964.5,0.964500000000001,4.45623938741992
965.0,0.9650000000000034,4.458739387419932
965.5,0.9654999999999987,4.4597495390269515
966.0,0.9660000000000011,4.462249539026963
966.5,0.9665000000000035,4.464749539026975
967.0,0.9669999999999987,4.465864062575058
967.5,0.9675000000000011,4.46836406257507
968.0,0.9680000000000035,4.470864062575082
968.5,0.9684999999999988,4.472070744230159
969.0,0.9690000000000012,4.474570744230171
969.5,0.9694999999999965,4.477070744230147
970.0,0.9699999999999989,4.478346266406419
970.5,0.9705000000000013,4.480846266406431
971.0,0.9709999999999965,4.483346266406407
971.5,0.9714999999999989,4.484653707699273
972.0,0.9720000000000013,4.487153707699285
972.5,0.9724999999999966,4.4896537076992615
973.0,0.972999999999999,4.490934124550776
973.5,0.9735000000000014,4.493434124550788
974.0,0.9739999999999966,4.4959341245507645
974.5,0.974499999999999,4.497126930690527
975.0,0.9750000000000014,4.499626930690539
975.5,0.9754999999999967,4.502126930690515
976.0,0.9759999999999991,4.503199574546066
976.5,0.9765000000000015,4.505699574546078
977.0,0.9769999999999968,4.508199574546055
977.5,0.9774999999999991,4.509130808018931
978.0,0.9780000000000015,4.511630808018943
978.5,0.9784999999999968,4.514130808018919
979.0,0.9789999999999992,4.514909016739672
979.5,0.9795000000000016,4.517409016739684
980.0,0.9799999999999969,4.5199090167396605
980.5,0.9804999999999993,4.5205375381768675
981.0,0.9810000000000016,4.5230375381768795
981.5,0.9814999999999969,4.525537538176856
982.0,0.9819999999999993,4.528037538176868
982.5,0.9825000000000017,4.528522735167044
983.0,0.982999999999997,4.531022735167021
983.5,0.9834999999999994,4.533522735167033
984.0,0.9840000000000018,4.533869880572219
984.5,0.984499999999997,4.536369880572195
985.0,0.9849999999999994,4.538869880572207
985.5,0.9855000000000018,4.5390974339841605
986.0,0.9859999999999971,4.541597433984137
986.5,0.9864999999999995,4.544097433984149
987.0,0.9870000000000019,4.544222015896153
987.5,0.9874999999999972,4.54672201589613
988.0,0.9879999999999995,4.549222015896142
988.5,0.9885000000000019,4.549306844749772
989.0,0.9889999999999972,4.551806844749748
989.5,0.9894999999999996,4.55430684474976
990.0,0.990000000000002,4.55442079281994
990.5,0.9904999999999973,4.556920792819916
991.0,0.9909999999999997,4.559420792819928
991.5,0.991500000000002,4.559626675484303
992.0,0.9919999999999973,4.562126675484279
992.5,0.9924999999999997,4.564626675484291
993.0,0.9930000000000021,4.564998047074376
993.5,0.9934999999999974,4.567498047074352
994.0,0.9939999999999998,4.569998047074364
994.5,0.9945000000000022,4.570602072338588
995.0,0.9949999999999974,4.573102072338564
995.5,0.9954999999999998,4.575602072338576
996.0,0.9960000000000022,4.576471347159767
996.5,0.9964999999999975,4.578971347159744
997.0,0.9969999999999999,4.581471347159756
997.5,0.9975000000000023,4.582611496855087
998.0,0.9979999999999976,4.585111496855063
998.5,0.9984999999999999,4.587611496855075
999.0,0.9990000000000023,4.588990072010901
999.5,0.9994999999999976,4.5914900720108776
1000.0,1.0,4.5939900720108895
1000.5,1.0005000000000024,4.595545424290073
1001.0,1.0009999999999977,4.598045424290049
1001.5,1.0015,4.600545424290061
1002.0,1.0020000000000024,4.602221056980369
1002.5,1.0024999999999977,4.604721056980345
1003.0,1.0030000000000001,4.607221056980357
1003.5,1.0035000000000025,4.608965926029924
1004.0,1.0039999999999978,4.611465926029901
1004.5,1.0045000000000002,4.613965926029913
1005.0,1.0050000000000026,4.615746723899292
1005.5,1.0054999999999978,4.618246723899269
1006.0,1.0060000000000002,4.6207467238992805
1006.5,1.0065000000000026,4.622561917961292
1007.0,1.006999999999998,4.625061917961268
1007.5,1.0075000000000003,4.62756191796128
1008.0,1.0080000000000027,4.629400583759136
1008.5,1.008499999999998,4.631900583759112
1009.0,1.0090000000000003,4.634400583759124
1009.5,1.0095000000000027,4.636251775650102
1010.0,1.009999999999998,4.6387517756500785
1010.5,1.0105000000000004,4.64125177565009
1011.0,1.0110000000000028,4.643089488086112
1011.5,1.011499999999998,4.645589488086088
1012.0,1.0120000000000005,4.6480894880861
1012.5,1.0125000000000028,4.64989639207225
1013.0,1.0129999999999981,4.652396392072227
1013.5,1.0135000000000005,4.654896392072239
1014.0,1.014000000000003,4.656648925091069
1014.5,1.0144999999999982,4.659148925091046
1015.0,1.0150000000000006,4.6616489250910575
1015.5,1.015500000000003,4.663333206799436
1016.0,1.0159999999999982,4.665833206799412
1016.5,1.0165000000000006,4.668333206799424
1017.0,1.017000000000003,4.669946085574885
1017.5,1.0174999999999983,4.672446085574862
1018.0,1.0180000000000007,4.674946085574874
1018.5,1.018500000000003,4.676497222283373
1019.0,1.0189999999999984,4.67899722228335
1019.5,1.0195000000000007,4.681497222283362
1020.0,1.0200000000000031,4.683002604684781
1020.5,1.0204999999999984,4.685502604684757
1021.0,1.0210000000000008,4.688002604684769
1021.5,1.0215000000000032,4.689495230653193
1022.0,1.0219999999999985,4.69199523065317
1022.5,1.0225000000000009,4.694495230653182
1023.0,1.0230000000000032,4.696029926548242
1023.5,1.0234999999999985,4.698529926548218
1024.0,1.024000000000001,4.70102992654823
1024.5,1.0245000000000033,4.70265693605846
1025.0,1.0249999999999986,4.705156936058437
1025.5,1.025500000000001,4.707656936058449
1026.0,1.0260000000000034,4.709411943437836
1026.5,1.0264999999999986,4.711911943437812
1027.0,1.027000000000001,4.714411943437824
1027.5,1.0275000000000034,4.716287728344106
1028.0,1.0279999999999987,4.718787728344083
1028.5,1.028500000000001,4.721287728344095
1029.0,1.0289999999999964,4.723259132919679
1029.5,1.0294999999999987,4.725759132919691
1030.0,1.0300000000000011,4.728259132919703
1030.5,1.0305000000000035,4.730273140934713
1031.0,1.0309999999999988,4.73277314093469
1031.5,1.0315000000000012,4.7352731409347015
1032.0,1.0319999999999965,4.737290706554056
1032.5,1.0324999999999989,4.739790706554068
1033.0,1.0330000000000013,4.74229070655408
1033.5,1.0335000000000036,4.744259068871521
1034.0,1.033999999999999,4.746759068871498
1034.5,1.0345000000000013,4.74925906887151
1035.0,1.0349999999999966,4.751115035550875
1035.5,1.035499999999999,4.753615035550887
1036.0,1.0360000000000014,4.7561150355508985
1036.5,1.0364999999999966,4.757821147183456
1037.0,1.036999999999999,4.760321147183468
1037.5,1.0375000000000014,4.76282114718348
1038.0,1.0379999999999967,4.764365684279035
1038.5,1.038499999999999,4.766865684279047
1039.0,1.0390000000000015,4.769365684279059
1039.5,1.0394999999999968,4.770767087830947
1040.0,1.0399999999999991,4.773267087830959
1040.5,1.0405000000000015,4.775767087830971
1041.0,1.0409999999999968,4.77704740708198
1041.5,1.0414999999999992,4.779547407081992
1042.0,1.0420000000000016,4.782047407082004
1042.5,1.0424999999999969,4.783224905864003
1043.0,1.0429999999999993,4.785724905864015
1043.5,1.0435000000000016,4.788224905864027
1044.0,1.043999999999997,4.789309689726977
1044.5,1.0444999999999993,4.791809689726989
1045.0,1.0450000000000017,4.794309689727001
1045.5,1.045499999999997,4.795307571563505
1046.0,1.0459999999999994,4.797807571563517
1046.5,1.0465000000000018,4.800307571563529
1047.0,1.046999999999997,4.801222995191914
1047.5,1.0474999999999994,4.803722995191926
1048.0,1.0480000000000018,4.806222995191938
1048.5,1.048499999999997,4.807047941991414
1049.0,1.0489999999999995,4.8095479419914255
1049.5,1.0495000000000019,4.8120479419914375
1050.0,1.0499999999999972,4.812794563718263
1050.5,1.0504999999999995,4.815294563718275
1051.0,1.051000000000002,4.817794563718287
1051.5,1.0514999999999972,4.818455093905172
1052.0,1.0519999999999996,4.820955093905184
1052.5,1.052500000000002,4.823455093905196
1053.0,1.0529999999999973,4.824043508575038
1053.5,1.0534999999999997,4.82654350857505
1054.0,1.054000000000002,4.829043508575062
1054.5,1.0544999999999973,4.829579909027011
1055.0,1.0549999999999997,4.832079909027023
1055.5,1.055500000000002,4.834579909027035
1056.0,1.0559999999999974,4.835081360420226
1056.5,1.0564999999999998,4.837581360420238
1057.0,1.0570000000000022,4.84008136042025
1057.5,1.0574999999999974,4.842581360420226
1058.0,1.0579999999999998,4.843054437114702
1058.5,1.0585000000000022,4.845554437114714
1059.0,1.0589999999999975,4.8480544371146905
1059.5,1.0594999999999999,4.848501617750749
1060.0,1.0600000000000023,4.851001617750761
1060.5,1.0604999999999976,4.853501617750737
1061.0,1.061,4.853926903899506
1061.5,1.0615000000000023,4.856426903899518
1062.0,1.0619999999999976,4.858926903899494
1062.5,1.0625,4.859327316761188
1063.0,1.0630000000000024,4.8618273167612
1063.5,1.0634999999999977,4.864327316761177
1064.0,1.064,4.8647092284697635
1064.5,1.0645000000000024,4.867209228469775
1065.0,1.0649999999999977,4.869709228469752
1065.5,1.0655000000000001,4.870083383482928
1066.0,1.0660000000000025,4.87258338348294
1066.5,1.0664999999999978,4.875083383482917
1067.0,1.0670000000000002,4.875455995639975
1067.5,1.0675000000000026,4.8779559956399865
1068.0,1.0679999999999978,4.880455995639963
1068.5,1.0685000000000002,4.880835953326574
1069.0,1.0690000000000026,4.883335953326586
1069.5,1.069499999999998,4.885835953326563
1070.0,1.0700000000000003,4.886205835765338
1070.5,1.0705000000000027,4.88870583576535
1071.0,1.070999999999998,4.8912058357653265
1071.5,1.0715000000000003,4.891555289225877
1072.0,1.0720000000000027,4.894055289225889
1072.5,1.072499999999998,4.896555289225866
1073.0,1.0730000000000004,4.896891608818024
1073.5,1.0735000000000028,4.899391608818036
1074.0,1.073999999999998,4.901891608818012
1074.5,1.0745000000000005,4.902223621265058
1075.0,1.0750000000000028,4.90472362126507
1075.5,1.0754999999999981,4.907223621265047
1076.0,1.0760000000000005,4.907558967387189
1076.5,1.076500000000003,4.910058967387201
1077.0,1.0769999999999982,4.912558967387177
1077.5,1.0775000000000006,4.9129176201758895
1078.0,1.078000000000003,4.9154176201759014
1078.5,1.0784999999999982,4.917917620175878
1079.0,1.0790000000000006,4.918292562649995
1079.5,1.079500000000003,4.920792562650007
1080.0,1.0799999999999983,4.9232925626499835
1080.5,1.0805000000000007,4.923713107717518
1081.0,1.081000000000003,4.92621310771753
1081.5,1.0814999999999984,4.928713107717506
1082.0,1.0820000000000007,4.929172562143229
1082.5,1.0825000000000031,4.931672562143241
1083.0,1.0829999999999984,4.9341725621432175
1083.5,1.0835000000000008,4.934662242276993
1084.0,1.0840000000000032,4.9371622422770045
1084.5,1.0844999999999985,4.939662242276981
1085.0,1.0850000000000009,4.940166779953685
1085.5,1.0855000000000032,4.942666779953697
1086.0,1.0859999999999985,4.945166779953674
1086.5,1.086500000000001,4.945685923964085
1087.0,1.0870000000000033,4.948185923964097
1087.5,1.0874999999999986,4.950685923964073
1088.0,1.088000000000001,4.951222876068968
1088.5,1.0885000000000034,4.95372287606898
1089.0,1.0889999999999986,4.956222876068956
1089.5,1.089500000000001,4.956757515475161
1090.0,1.0900000000000034,4.959257515475173
1090.5,1.0904999999999987,4.961757515475149
1091.0,1.091000000000001,4.962275273321168
1091.5,1.0914999999999964,4.964775273321145
1092.0,1.0919999999999987,4.967275273321157
1092.5,1.0925000000000011,4.967781042481683
1093.0,1.0930000000000035,4.9702810424816946
1093.5,1.0934999999999988,4.972781042481671
1094.0,1.0940000000000012,4.973284192855161
1094.5,1.0944999999999965,4.975784192855137
1095.0,1.0949999999999989,4.978284192855149
1095.5,1.0955000000000013,4.978812748846586
1096.0,1.0960000000000036,4.981312748846598
1096.5,1.096499999999999,4.983812748846574
1097.0,1.0970000000000013,4.984383273117885
1097.5,1.0974999999999966,4.986883273117861
1098.0,1.097999999999999,4.989383273117873
1098.5,1.0985000000000014,4.990009614370514
1099.0,1.0989999999999966,4.992509614370491
1099.5,1.099499999999999,4.9950096143705025
1100.0,1.1000000000000014,4.995677759659891
1100.5,1.1004999999999967,4.9981777596598675
1101.0,1.100999999999999,5.0006777596598795
1101.5,1.1015000000000015,5.001395038308125
1102.0,1.1019999999999968,5.003895038308102
1102.5,1.1024999999999991,5.0063950383081135
1103.0,1.1030000000000015,5.007169875480599
1103.5,1.1034999999999968,5.009669875480576
1104.0,1.1039999999999992,5.012169875480588
1104.5,1.1045000000000016,5.01303062660206
1105.0,1.1049999999999969,5.015530626602036
1105.5,1.1054999999999993,5.018030626602048
1106.0,1.1060000000000016,5.018994184368992
1106.5,1.106499999999997,5.021494184368969
1107.0,1.1069999999999993,5.023994184368981
1107.5,1.1075000000000017,5.025056949326228
1108.0,1.107999999999997,5.027556949326204
1108.5,1.1084999999999994,5.030056949326216
1109.0,1.1090000000000018,5.031188307584991
1109.5,1.109499999999997,5.033688307584967
1110.0,1.1099999999999994,5.036188307584979
1110.5,1.1105000000000018,5.0373709492636465
1111.0,1.110999999999997,5.039870949263623
1111.5,1.1114999999999995,5.042370949263635
1112.0,1.1120000000000019,5.043583198995911
1112.5,1.1124999999999972,5.046083198995888
1113.0,1.1129999999999995,5.0485831989959
1113.5,1.113500000000002,5.049829391677818
1114.0,1.1139999999999972,5.0523293916777945
1114.5,1.1144999999999996,5.054829391677806
1115.0,1.115000000000002,5.0561311492783645
1115.5,1.1154999999999973,5.058631149278341
1116.0,1.1159999999999997,5.061131149278353
1116.5,1.116500000000002,5.062466555960583
1117.0,1.1169999999999973,5.0649665559605594
1117.5,1.1174999999999997,5.067466555960571
1118.0,1.118000000000002,5.068841695596298
1118.5,1.1184999999999974,5.071341695596274
1119.0,1.1189999999999998,5.073841695596286
1119.5,1.1195000000000022,5.07523611499078
1120.0,1.1199999999999974,5.077736114990756
1120.5,1.1204999999999998,5.080236114990768
1121.0,1.1210000000000022,5.081623810285585
1121.5,1.1214999999999975,5.084123810285561
1122.0,1.1219999999999999,5.086623810285573
1122.5,1.1225000000000023,5.0879657336340856
1123.0,1.1229999999999976,5.090465733634062
1123.5,1.1235,5.092965733634074
1124.0,1.1240000000000023,5.094221217402861
1124.5,1.1244999999999976,5.096721217402838
1125.0,1.125,5.0992212174028495
1125.5,1.1255000000000024,5.100390960186338
1126.0,1.1259999999999977,5.102890960186315
1126.5,1.1265,5.105390960186327
1127.0,1.1270000000000024,5.106455340708322
1127.5,1.1274999999999977,5.108955340708299
1128.0,1.1280000000000001,5.111455340708311
1128.5,1.1285000000000025,5.112397648844258
1129.0,1.1289999999999978,5.114897648844234
1129.5,1.1295000000000002,5.117397648844246
1130.0,1.1300000000000026,5.118209866006396
1130.5,1.1304999999999978,5.120709866006372
1131.0,1.1310000000000002,5.123209866006384
1131.5,1.1315000000000026,5.123872859505809
1132.0,1.131999999999998,5.126372859505786
1132.5,1.1325000000000003,5.1288728595057975
1133.0,1.1330000000000027,5.1313728595058095
1133.5,1.133499999999998,5.131874366764073
1134.0,1.1340000000000003,5.134374366764085
1134.5,1.1345000000000027,5.136874366764097
1135.0,1.134999999999998,5.13719366451479
1135.5,1.1355000000000004,5.139693664514802
1136.0,1.1360000000000028,5.142193664514814
1136.5,1.136499999999998,5.142314448457022
1137.0,1.1370000000000005,5.1448144484570335
1137.5,1.1375000000000028,5.147314448457045
1138.0,1.1379999999999981,5.147251564357518
1138.5,1.1385000000000005,5.14975156435753
1139.0,1.139000000000003,5.152251564357542
1139.5,1.1394999999999982,5.152028806969859
1140.0,1.1400000000000006,5.154528806969871
1140.5,1.140500000000003,5.157028806969883
1141.0,1.1409999999999982,5.156690725650002
1141.5,1.1415000000000006,5.159190725650014
1142.0,1.142000000000003,5.1616907256500255
1142.5,1.1424999999999983,5.161300069521886
1143.0,1.1430000000000007,5.163800069521898
1143.5,1.143500000000003,5.16630006952191
1144.0,1.1439999999999984,5.165901793283965
1144.5,1.1445000000000007,5.1684017932839765
1145.0,1.1450000000000031,5.1709017932839885
1145.5,1.1454999999999984,5.17054497026713
1146.0,1.1460000000000008,5.173044970267142
1146.5,1.1465000000000032,5.175544970267154
1147.0,1.1469999999999985,5.175255815468525
1147.5,1.1475000000000009,5.177755815468537
1148.0,1.1480000000000032,5.1802558154685485
1148.5,1.1484999999999985,5.180042505832105
1149.0,1.149000000000001,5.182542505832117
1149.5,1.1495000000000033,5.185042505832129
1150.0,1.1499999999999986,5.18493019820756
1150.5,1.150500000000001,5.187430198207572
1151.0,1.1510000000000034,5.189930198207584
1151.5,1.1514999999999986,5.189918314020225
1152.0,1.152000000000001,5.192418314020237
1152.5,1.1525000000000034,5.194918314020249
1153.0,1.1529999999999987,5.194996396975142
1153.5,1.153500000000001,5.197496396975154
1154.0,1.1539999999999964,5.199996396975131
1154.5,1.1544999999999987,5.200159345456186
1155.0,1.1550000000000011,5.202659345456198
1155.5,1.1555000000000035,5.2051593454562095
1156.0,1.1559999999999988,5.205418662378349
1156.5,1.1565000000000012,5.207918662378361
1157.0,1.1569999999999965,5.210418662378338
1157.5,1.1574999999999989,5.210771486989891
1158.0,1.1580000000000013,5.213271486989903
1158.5,1.1585000000000036,5.215771486989915
1159.0,1.158999999999999,5.216211000180309
1159.5,1.1595000000000013,5.2187110001803205
1160.0,1.1599999999999966,5.221211000180297
1160.5,1.160499999999999,5.221704031695715
1161.0,1.1610000000000014,5.224204031695727
1161.5,1.1614999999999966,5.226704031695704
1162.0,1.161999999999999,5.227219277046764
1162.5,1.1625000000000014,5.229719277046776
1163.0,1.1629999999999967,5.232219277046752
1163.5,1.163499999999999,5.2327222990122735
1164.0,1.1640000000000015,5.235222299012285
1164.5,1.1644999999999968,5.237722299012262
1165.0,1.1649999999999991,5.238192587522867
1165.5,1.1655000000000015,5.240692587522879
1166.0,1.1659999999999968,5.243192587522856
1166.5,1.1664999999999992,5.243621463255721
1167.0,1.1670000000000016,5.246121463255733
1167.5,1.1674999999999969,5.248621463255709
1168.0,1.1679999999999993,5.24902930470347
1168.5,1.1685000000000016,5.251529304703482
1169.0,1.168999999999997,5.254029304703458
1169.5,1.1694999999999993,5.25443077941965
1170.0,1.1700000000000017,5.256930779419662
1170.5,1.170499999999997,5.259430779419638
1171.0,1.1709999999999994,5.259847669235214
1171.5,1.1715000000000018,5.262347669235226
1172.0,1.171999999999997,5.264847669235202
1172.5,1.1724999999999994,5.265317350136947
1173.0,1.1730000000000018,5.2678173501369585
1173.5,1.173499999999997,5.270317350136935
1174.0,1.1739999999999995,5.270834072712063
1174.5,1.1745000000000019,5.273334072712075
1175.0,1.1749999999999972,5.275834072712051
1175.5,1.1754999999999995,5.276404714775325
1176.0,1.176000000000002,5.2789047147753365
1176.5,1.1764999999999972,5.281404714775313
1177.0,1.1769999999999996,5.282037463457456
1177.5,1.177500000000002,5.284537463457468
1178.0,1.1779999999999973,5.287037463457445
1178.5,1.1784999999999997,5.287718738663862
1179.0,1.179000000000002,5.290218738663874
1179.5,1.1794999999999973,5.292718738663851
1180.0,1.1799999999999997,5.29344628346923
1180.5,1.180500000000002,5.295946283469242
1181.0,1.1809999999999974,5.298446283469218
1181.5,1.1814999999999998,5.299225319604659
1182.0,1.1820000000000022,5.301725319604671
1182.5,1.1824999999999974,5.304225319604647
1183.0,1.1829999999999998,5.305048785390447
1183.5,1.1835000000000022,5.307548785390459
1184.0,1.1839999999999975,5.3100487853904355
1184.5,1.1844999999999999,5.310911766509641
1185.0,1.1850000000000023,5.3134117665096525
1185.5,1.1854999999999976,5.315911766509629
1186.0,1.186,5.316825416998725
1186.5,1.1865000000000023,5.319325416998737
1187.0,1.1869999999999976,5.321825416998713
1187.5,1.1875,5.322791516707355
1188.0,1.1880000000000024,5.325291516707367
1188.5,1.1884999999999977,5.327791516707343
1189.0,1.189,5.328803146762624
1189.5,1.1895000000000024,5.331303146762636
1190.0,1.1899999999999977,5.333803146762612
1190.5,1.1905000000000001,5.33487061809403
1191.0,1.1910000000000025,5.337370618094042
1191.5,1.1914999999999978,5.339870618094018
1192.0,1.1920000000000002,5.3409540373783315
1192.5,1.1925000000000026,5.3434540373783435
1193.0,1.1929999999999978,5.34595403737832
1193.5,1.1935000000000002,5.347028198871762
1194.0,1.1940000000000026,5.3495281988717736
1194.5,1.194499999999998,5.35202819887175
1195.0,1.1950000000000003,5.353079893004953
1195.5,1.1955000000000027,5.355579893004965
1196.0,1.195999999999998,5.358079893004941
1196.5,1.1965000000000003,5.359094711275425
1197.0,1.1970000000000027,5.361594711275437
1197.5,1.197499999999998,5.364094711275413
1198.0,1.1980000000000004,5.365081997775363
1198.5,1.1985000000000028,5.367581997775375
1199.0,1.198999999999998,5.370081997775351
1199.5,1.1995000000000005,5.371045304889606
1200.0,1.2000000000000028,5.373545304889618
1200.5,1.2004999999999981,5.376045304889594
1201.0,1.2010000000000005,5.37698137102101
1201.5,1.201500000000003,5.379481371021022
1202.0,1.2019999999999982,5.3819813710209985
1202.5,1.2025000000000006,5.3828797783797455
1203.0,1.203000000000003,5.3853797783797575
1203.5,1.2034999999999982,5.387879778379734
1204.0,1.2040000000000006,5.388709281691035
1204.5,1.204500000000003,5.391209281691047
1205.0,1.2049999999999983,5.393709281691024
1205.5,1.2055000000000007,5.3944356825016015
1206.0,1.206000000000003,5.3969356825016135
1206.5,1.2064999999999984,5.39943568250159
1207.0,1.2070000000000007,5.400056736800707
1207.5,1.2075000000000031,5.402556736800719
1208.0,1.2079999999999984,5.405056736800695
1208.5,1.2085000000000008,5.407556736800707
1209.0,1.2090000000000032,5.408077226066013
1209.5,1.2094999999999985,5.410577226065989
1210.0,1.2100000000000009,5.413077226066001
1210.5,1.2105000000000032,5.413518280281195
1211.0,1.2109999999999985,5.416018280281172
1211.5,1.211500000000001,5.418518280281184
1212.0,1.2120000000000033,5.418884591313429
1212.5,1.2124999999999986,5.421384591313405
1213.0,1.213000000000001,5.423884591313417
1213.5,1.2135000000000034,5.4241771299447805
1214.0,1.2139999999999986,5.426677129944757
1214.5,1.214500000000001,5.429177129944769
1215.0,1.2150000000000034,5.429381019241255
1215.5,1.2154999999999987,5.4318810192412315
1216.0,1.216000000000001,5.434381019241243
1216.5,1.2164999999999964,5.434493341943991
1217.0,1.2169999999999987,5.436993341944003
1217.5,1.2175000000000011,5.439493341944015
1218.0,1.2180000000000035,5.43950814506843
1218.5,1.2184999999999988,5.442008145068407
1219.0,1.2190000000000012,5.4445081450684185
1219.5,1.2194999999999965,5.444416078698033
1220.0,1.2199999999999989,5.446916078698045
1220.5,1.2205000000000013,5.449416078698057
1221.0,1.2210000000000036,5.449221259647494
1221.5,1.221499999999999,5.451721259647471
1222.0,1.2220000000000013,5.454221259647483
1222.5,1.2224999999999966,5.453909653702382
1223.0,1.222999999999999,5.456409653702394
1223.5,1.2235000000000014,5.458909653702406
1224.0,1.2239999999999966,5.458466093832186
1224.5,1.224499999999999,5.460966093832198
1225.0,1.2250000000000014,5.46346609383221
1225.5,1.2254999999999967,5.46291798531783
1226.0,1.225999999999999,5.465417985317842
1226.5,1.2265000000000015,5.467917985317854
1227.0,1.2269999999999968,5.467287205851008
1227.5,1.2274999999999991,5.46978720585102
1228.0,1.2280000000000015,5.472287205851032
1228.5,1.2284999999999968,5.471606622188396
1229.0,1.2289999999999992,5.474106622188408
1229.5,1.2295000000000016,5.47660662218842
1230.0,1.2299999999999969,5.475908269505929
1230.5,1.2304999999999993,5.478408269505941
1231.0,1.2310000000000016,5.480908269505953
1231.5,1.231499999999997,5.480198213827592
1232.0,1.2319999999999993,5.482698213827604
1232.5,1.2325000000000017,5.485198213827616
1233.0,1.232999999999997,5.484502649342211
1233.5,1.2334999999999994,5.487002649342223
1234.0,1.2340000000000018,5.489502649342235
1234.5,1.234499999999997,5.488848252199219
1235.0,1.2349999999999994,5.491348252199231
1235.5,1.2355000000000018,5.493848252199243
1236.0,1.235999999999997,5.4932275580238255
1236.5,1.2364999999999995,5.495727558023837
1237.0,1.2370000000000019,5.498227558023849
1237.5,1.2374999999999972,5.497659632038925
1238.0,1.2379999999999995,5.500159632038937
1238.5,1.238500000000002,5.502659632038949
1239.0,1.2389999999999972,5.502145338114168
1239.5,1.2394999999999996,5.50464533811418
1240.0,1.240000000000002,5.507145338114192
1240.5,1.2404999999999973,5.506694136692545
1241.0,1.2409999999999997,5.509194136692557
1241.5,1.241500000000002,5.511694136692569
1242.0,1.2419999999999973,5.511313904526602
1242.5,1.2424999999999997,5.513813904526614
1243.0,1.243000000000002,5.516313904526626
1243.5,1.2434999999999974,5.516005736051106
1244.0,1.2439999999999998,5.518505736051118
1244.5,1.2445000000000022,5.52100573605113
1245.0,1.2449999999999974,5.520741490327907
1245.5,1.2454999999999998,5.523241490327919
1246.0,1.2460000000000022,5.525741490327931
1246.5,1.2464999999999975,5.525503325380363
1247.0,1.2469999999999999,5.528003325380375
1247.5,1.2475000000000023,5.530503325380387
1248.0,1.2479999999999976,5.530268583968194
1248.5,1.2485,5.532768583968206
1249.0,1.2490000000000023,5.535268583968218
1249.5,1.2494999999999976,5.535026906126532
1250.0,1.25,5.537526906126544
1250.5,1.2505000000000024,5.540026906126556
1251.0,1.2509999999999977,5.539755246623734
1251.5,1.2515,5.542255246623746
1252.0,1.2520000000000024,5.544755246623758
1252.5,1.2524999999999977,5.54444052592082
1253.0,1.2530000000000001,5.5469405259208315
1253.5,1.2535000000000025,5.5494405259208435
1254.0,1.2539999999999978,5.549099995043214
1254.5,1.2545000000000002,5.551599995043226
1255.0,1.2550000000000026,5.554099995043238
1255.5,1.2554999999999978,5.553740071698705
1256.0,1.2560000000000002,5.556240071698717
1256.5,1.2565000000000026,5.558740071698729
1257.0,1.256999999999998,5.558381858160821
1257.5,1.2575000000000003,5.560881858160833
1258.0,1.2580000000000027,5.563381858160845
1258.5,1.258499999999998,5.563057636229125
1259.0,1.2590000000000003,5.565557636229137
1259.5,1.2595000000000027,5.568057636229149
1260.0,1.259999999999998,5.567806726438924
1260.5,1.2605000000000004,5.570306726438936
1261.0,1.2610000000000028,5.572806726438948
1261.5,1.261499999999998,5.572673498937171
1262.0,1.2620000000000005,5.575173498937183
1262.5,1.2625000000000028,5.5776734989371946
1263.0,1.2629999999999981,5.5777002411740995
1263.5,1.2635000000000005,5.580200241174111
1264.0,1.264000000000003,5.582700241174123
1264.5,1.2644999999999982,5.582918609889127
1265.0,1.2650000000000006,5.585418609889139
1265.5,1.265500000000003,5.587918609889151
1266.0,1.2659999999999982,5.588345985618588
1266.5,1.2665000000000006,5.5908459856186
1267.0,1.267000000000003,5.593345985618612
1267.5,1.2674999999999983,5.5939908888656475
1268.0,1.2680000000000007,5.5964908888656595
1268.5,1.268500000000003,5.598990888865671
1269.0,1.2689999999999984,5.599857262159844
1269.5,1.2695000000000007,5.602357262159856
1270.0,1.2700000000000031,5.604857262159868
1270.5,1.2704999999999984,5.60594192200643
1271.0,1.2710000000000008,5.608441922006442
1271.5,1.2715000000000032,5.610941922006454
1272.0,1.2719999999999985,5.612229564342073
1272.5,1.2725000000000009,5.614729564342085
1273.0,1.2730000000000032,5.617229564342097
1273.5,1.2734999999999985,5.618689546508335
1274.0,1.274000000000001,5.621189546508347
1274.5,1.2745000000000033,5.623689546508359
1275.0,1.2749999999999986,5.625283885465109
1275.5,1.275500000000001,5.627783885465121
1276.0,1.2760000000000034,5.630283885465133
1276.5,1.2764999999999986,5.631949514908996
1277.0,1.277000000000001,5.634449514909008
1277.5,1.2775000000000034,5.63694951490902
1278.0,1.2779999999999987,5.6386485251083585
1278.5,1.278500000000001,5.64114852510837
1279.0,1.2790000000000035,5.643648525108382
1279.5,1.2794999999999987,5.645337777454813
1280.0,1.2800000000000011,5.647837777454825
1280.5,1.2805000000000035,5.650337777454837
1281.0,1.2809999999999988,5.651954245488149
1281.5,1.2815000000000012,5.654454245488161
1282.0,1.2819999999999965,5.656954245488137
1282.5,1.2824999999999989,5.658454025291597
1283.0,1.2830000000000013,5.660954025291609
1283.5,1.2835000000000036,5.663454025291621
1284.0,1.283999999999999,5.665954025291597
1284.5,1.2845000000000013,5.667289420832375
1285.0,1.2849999999999966,5.669789420832352
1285.5,1.285499999999999,5.672289420832364
1286.0,1.2860000000000014,5.673417800381202
1286.5,1.2864999999999966,5.675917800381178
1287.0,1.286999999999999,5.67841780038119
1287.5,1.2875000000000014,5.679344049346788
1288.0,1.2879999999999967,5.681844049346765
1288.5,1.288499999999999,5.684344049346777
1289.0,1.2890000000000015,5.685075142866438
1289.5,1.2894999999999968,5.6875751428664145
1290.0,1.2899999999999991,5.6900751428664265
1290.5,1.2905000000000015,5.690638973776565
1291.0,1.2909999999999968,5.693138973776541
1291.5,1.2914999999999992,5.695638973776553
1292.0,1.2920000000000016,5.696055877136317
1292.5,1.2924999999999969,5.698555877136293
1293.0,1.2929999999999993,5.701055877136305
1293.5,1.2935000000000016,5.701359765208096
1294.0,1.293999999999997,5.7038597652080725
1294.5,1.2944999999999993,5.706359765208084
1295.0,1.2950000000000017,5.706605549006838
1295.5,1.295499999999997,5.709105549006814
1296.0,1.2959999999999994,5.711605549006826
1296.5,1.2965000000000018,5.711829927473957
1297.0,1.296999999999997,5.714329927473933
1297.5,1.2974999999999994,5.716829927473945
1298.0,1.2980000000000018,5.717051580431836
1298.5,1.298499999999997,5.719551580431812
1299.0,1.2989999999999995,5.722051580431824
1299.5,1.2995000000000019,5.72228858153963
1300.0,1.2999999999999972,5.724788581539606
1300.5,1.3004999999999995,5.727288581539618
1301.0,1.301000000000002,5.727559057505722
1301.5,1.3014999999999972,5.730059057505699
1302.0,1.3019999999999996,5.732559057505711
1302.5,1.302500000000002,5.732894823440233
1303.0,1.3029999999999973,5.73539482344021
1303.5,1.3034999999999997,5.737894823440222
1304.0,1.304000000000002,5.738306193521581
1304.5,1.3044999999999973,5.740806193521557
1305.0,1.3049999999999997,5.743306193521569
1305.5,1.305500000000002,5.743786055756459
1306.0,1.3059999999999974,5.7462860557564355
1306.5,1.3064999999999998,5.748786055756447
1307.0,1.3070000000000022,5.7493052851183535
1307.5,1.3074999999999974,5.75180528511833
1308.0,1.3079999999999998,5.754305285118342
1308.5,1.3085000000000022,5.754849561554991
1309.0,1.3089999999999975,5.7573495615549675
1309.5,1.3094999999999999,5.759849561554979
1310.0,1.3100000000000023,5.760384684551489
1310.5,1.3104999999999976,5.762884684551466
1311.0,1.311,5.765384684551478
1311.5,1.3115000000000023,5.765879258442332
1312.0,1.3119999999999976,5.768379258442309
1312.5,1.3125,5.770879258442321
1313.0,1.3130000000000024,5.771295936350356
1313.5,1.3134999999999977,5.773795936350332
1314.0,1.314,5.776295936350344
1314.5,1.3145000000000024,5.776596783410355
1315.0,1.3149999999999977,5.779096783410331
1315.5,1.3155000000000001,5.781596783410343
1316.0,1.3160000000000025,5.78174425639336
1316.5,1.3164999999999978,5.784244256393336
1317.0,1.3170000000000002,5.786744256393348
1317.5,1.3175000000000026,5.7866667454767295
1318.0,1.3179999999999978,5.789166745476706
1318.5,1.3185000000000002,5.791666745476718
1319.0,1.3190000000000026,5.791345246621482
1319.5,1.319499999999998,5.7938452466214585
1320.0,1.3200000000000003,5.79634524662147
1320.5,1.3205000000000027,5.795769880335158
1321.0,1.320999999999998,5.798269880335134
1321.5,1.3215000000000003,5.800769880335146
1322.0,1.3220000000000027,5.799970434229209
1322.5,1.322499999999998,5.8024704342291855
1323.0,1.3230000000000004,5.8049704342291975
1323.5,1.3235000000000028,5.803986086029944
1324.0,1.323999999999998,5.806486086029921
1324.5,1.3245000000000005,5.8089860860299325
1325.0,1.3250000000000028,5.807861975726709
1325.5,1.3254999999999981,5.810361975726686
1326.0,1.3260000000000005,5.8128619757266975
1326.5,1.326500000000003,5.811633555664741
1327.0,1.3269999999999982,5.814133555664718
1327.5,1.3275000000000006,5.81663355566473
1328.0,1.328000000000003,5.815358167463103
1328.5,1.3284999999999982,5.817858167463079
1329.0,1.3290000000000006,5.820358167463091
1329.5,1.329500000000003,5.819084941952468
1330.0,1.3299999999999983,5.821584941952445
1330.5,1.3305000000000007,5.8240849419524565
1331.0,1.331000000000003,5.822850765121501
1331.5,1.3314999999999984,5.8253507651214775
1332.0,1.3320000000000007,5.8278507651214895
1332.5,1.3325000000000031,5.8267096118643735
1333.0,1.3329999999999984,5.82920961186435
1333.5,1.3335000000000008,5.831709611864362
1334.0,1.3340000000000032,5.830710714401768
1334.5,1.3344999999999985,5.833210714401744
1335.0,1.3350000000000009,5.835710714401756
1335.5,1.3355000000000032,5.834880888473002
1336.0,1.3359999999999985,5.837380888472978
1336.5,1.336500000000001,5.83988088847299
1337.0,1.3370000000000033,5.839252851528975
1337.5,1.3374999999999986,5.841752851528952
1338.0,1.338000000000001,5.844252851528964
1338.5,1.3385000000000034,5.843847849747306
1339.0,1.3389999999999986,5.846347849747282
1339.5,1.339500000000001,5.848847849747294
1340.0,1.3400000000000034,5.848678922597372
1340.5,1.3404999999999987,5.851178922597349
1341.0,1.341000000000001,5.853678922597361
1341.5,1.3415000000000035,5.853738043956582
1342.0,1.3419999999999987,5.856238043956559
1342.5,1.3425000000000011,5.858738043956571
1343.0,1.3430000000000035,5.8589894006943055
1343.5,1.3434999999999988,5.861489400694282
1344.0,1.3440000000000012,5.863989400694294
1344.5,1.3444999999999965,5.864403748650915
1345.0,1.3449999999999989,5.866903748650927
1345.5,1.3455000000000013,5.869403748650939
1346.0,1.3460000000000036,5.869934774918093
1346.5,1.346499999999999,5.872434774918069
1347.0,1.3470000000000013,5.874934774918081
1347.5,1.3474999999999966,5.875536386892151
1348.0,1.347999999999999,5.878036386892163
1348.5,1.3485000000000014,5.8805363868921745
1349.0,1.3489999999999966,5.881171704323727
1349.5,1.349499999999999,5.8836717043237385
1350.0,1.3500000000000014,5.8861717043237505
1350.5,1.3504999999999967,5.886816333418103
1351.0,1.350999999999999,5.889316333418115
1351.5,1.3515000000000015,5.891816333418127
1352.0,1.3519999999999968,5.892455263975442
1352.5,1.3524999999999991,5.894955263975454
1353.0,1.3530000000000015,5.897455263975466
1353.5,1.3534999999999968,5.898058279180773
1354.0,1.3539999999999992,5.900558279180785
1354.5,1.3545000000000016,5.903058279180797
1355.0,1.3549999999999969,5.903611751076525
1355.5,1.3554999999999993,5.906111751076537
1356.0,1.3560000000000016,5.908611751076549
1356.5,1.356499999999997,5.909106636294084
1357.0,1.3569999999999993,5.9116066362940956
1357.5,1.3575000000000017,5.9141066362941075
1358.0,1.357999999999997,5.914534738152462
1358.5,1.3584999999999994,5.9170347381524735
1359.0,1.3590000000000018,5.919534738152485
1359.5,1.359499999999997,5.922034738152462
1360.0,1.3599999999999994,5.922386739857508
1360.5,1.3605000000000018,5.92488673985752
1361.0,1.360999999999997,5.927386739857496
1361.5,1.3614999999999995,5.927685028175667
1362.0,1.3620000000000019,5.9301850281756785
1362.5,1.3624999999999972,5.932685028175655
1363.0,1.3629999999999995,5.932958380402873
1363.5,1.363500000000002,5.935458380402885
1364.0,1.3639999999999972,5.937958380402861
1364.5,1.3644999999999996,5.938232748458816
1365.0,1.365000000000002,5.940732748458828
1365.5,1.3654999999999973,5.943232748458804
1366.0,1.3659999999999997,5.943517644514422
1366.5,1.366500000000002,5.946017644514434
1367.0,1.3669999999999973,5.948517644514411
1367.5,1.3674999999999997,5.94883617642278
1368.0,1.368000000000002,5.951336176422792
1368.5,1.3684999999999974,5.953836176422769
1369.0,1.3689999999999998,5.954199367942188
1369.5,1.3695000000000022,5.9566993679422
1370.0,1.3699999999999974,5.959199367942176
1370.5,1.3704999999999998,5.959605129100716
1371.0,1.3710000000000022,5.962105129100728
1371.5,1.3714999999999975,5.964605129100704
1372.0,1.3719999999999999,5.965033983031667
1372.5,1.3725000000000023,5.967533983031679
1373.0,1.3729999999999976,5.970033983031655
1373.5,1.3735,5.970488334430328
1374.0,1.3740000000000023,5.97298833443034
1374.5,1.3744999999999976,5.975488334430317
1375.0,1.375,5.975976179245777
1375.5,1.3755000000000024,5.978476179245789
1376.0,1.3759999999999977,5.980976179245765
1376.5,1.3765,5.981483209656844
1377.0,1.3770000000000024,5.983983209656856
1377.5,1.3774999999999977,5.986483209656832
1378.0,1.3780000000000001,5.986986561851069
1378.5,1.3785000000000025,5.989486561851081
1379.0,1.3789999999999978,5.991986561851057
1379.5,1.3795000000000002,5.992464735297709
1380.0,1.3800000000000026,5.994964735297721
1380.5,1.3804999999999978,5.997464735297697
1381.0,1.3810000000000002,5.997906123044174
1381.5,1.3815000000000026,6.000406123044186
1382.0,1.381999999999998,6.002906123044163
1382.5,1.3825000000000003,6.003300778329148
1383.0,1.3830000000000027,6.00580077832916
1383.5,1.383499999999998,6.0083007783291364
1384.0,1.3840000000000003,6.008662967226535
1384.5,1.3845000000000027,6.0111629672265465
1385.0,1.384999999999998,6.013662967226523
1385.5,1.3855000000000004,6.013960095172024
1386.0,1.3860000000000028,6.016460095172036
1386.5,1.386499999999998,6.018960095172012
1387.0,1.3870000000000005,6.019198466400368
1387.5,1.3875000000000028,6.02169846640038
1388.0,1.3879999999999981,6.024198466400357
1388.5,1.3885000000000005,6.024353714355506
1389.0,1.389000000000003,6.026853714355518
1389.5,1.3894999999999982,6.029353714355494
1390.0,1.3900000000000006,6.029407625333754
1390.5,1.390500000000003,6.031907625333766
1391.0,1.3909999999999982,6.034407625333742
1391.5,1.3915000000000006,6.034370694283133
1392.0,1.392000000000003,6.036870694283145
1392.5,1.3924999999999983,6.039370694283122
1393.0,1.3930000000000007,6.039243878744003
1393.5,1.393500000000003,6.041743878744015
1394.0,1.3939999999999984,6.044243878743991
1394.5,1.3945000000000007,6.0440107913369445
1395.0,1.3950000000000031,6.0465107913369565
1395.5,1.3954999999999984,6.049010791336933
1396.0,1.3960000000000008,6.048665719004838
1396.5,1.3965000000000032,6.05116571900485
1397.0,1.3969999999999985,6.053665719004826
1397.5,1.3975000000000009,6.053203955026447
1398.0,1.3980000000000032,6.055703955026459
1398.5,1.3984999999999985,6.0582039550264355
1399.0,1.399000000000001,6.0576086012963515
1399.5,1.3995000000000033,6.060108601296363
1400.0,1.3999999999999986,6.06260860129634
1400.5,1.400500000000001,6.061875991256862
1401.0,1.4010000000000034,6.064375991256874
1401.5,1.4014999999999986,6.06687599125685
1402.0,1.402000000000001,6.0660146710861085
1402.5,1.4025000000000034,6.06851467108612
1403.0,1.4029999999999987,6.071014671086097
1403.5,1.403500000000001,6.070040878366818
1404.0,1.4040000000000035,6.07254087836683
1404.5,1.4044999999999987,6.075040878366806
1405.0,1.4050000000000011,6.073971315621556
1405.5,1.4055000000000035,6.076471315621568
1406.0,1.4059999999999988,6.078971315621544
1406.5,1.4065000000000012,6.077816283639557
1407.0,1.4069999999999965,6.080316283639533
1407.5,1.4074999999999989,6.082816283639545
1408.0,1.4080000000000013,6.081607777952094
1408.5,1.4085000000000036,6.084107777952106
1409.0,1.408999999999999,6.086607777952082
1409.5,1.4095000000000013,6.085347944482358
1410.0,1.4099999999999966,6.087847944482334
1410.5,1.410499999999999,6.090347944482346
1411.0,1.4110000000000014,6.089059000499191
1411.5,1.4114999999999966,6.091559000499167
1412.0,1.411999999999999,6.094059000499179
1412.5,1.4125000000000014,6.092780024201545
1413.0,1.4129999999999967,6.0952800242015215
1413.5,1.413499999999999,6.097780024201533
1414.0,1.4140000000000015,6.0965537674513115
1414.5,1.4144999999999968,6.099053767451288
1415.0,1.4149999999999991,6.1015537674513
1415.5,1.4155000000000015,6.10041498897278
1416.0,1.4159999999999968,6.102914988972756
1416.5,1.4164999999999992,6.105414988972768
1417.0,1.4170000000000016,6.104384387152528
1417.5,1.4174999999999969,6.106884387152505
1418.0,1.4179999999999993,6.109384387152517
1418.5,1.4185000000000016,6.108476875820337
1419.0,1.418999999999997,6.110976875820313
1419.5,1.4194999999999993,6.113476875820325
1420.0,1.4200000000000017,6.11269251447542
1420.5,1.420499999999997,6.115192514475396
1421.0,1.4209999999999994,6.117692514475408
1421.5,1.4215000000000018,6.117041645392973
1422.0,1.421999999999997,6.11954164539295
1422.5,1.4224999999999994,6.122041645392962
1423.0,1.4230000000000018,6.121509441301249
1423.5,1.423499999999997,6.124009441301226
1424.0,1.4239999999999995,6.126509441301238
1424.5,1.4245000000000019,6.126080807915386
1425.0,1.4249999999999972,6.1285808079153625
1425.5,1.4254999999999995,6.1310808079153745
1426.0,1.426000000000002,6.130705174919093
1426.5,1.4264999999999972,6.13320517491907
1427.0,1.4269999999999996,6.135705174919082
1427.5,1.427500000000002,6.13529695730616
1428.0,1.4279999999999973,6.137796957306136
1428.5,1.4284999999999997,6.140296957306148
1429.0,1.429000000000002,6.139816308780901
1429.5,1.4294999999999973,6.142316308780877
1430.0,1.4299999999999997,6.144816308780889
1430.5,1.430500000000002,6.144231886483773
1431.0,1.4309999999999974,6.1467318864837495
1431.5,1.4314999999999998,6.149231886483761
1432.0,1.4320000000000022,6.148529185942344
1432.5,1.4324999999999974,6.1510291859423205
1433.0,1.4329999999999998,6.1535291859423324
1433.5,1.4335000000000022,6.152715294782283
1434.0,1.4339999999999975,6.155215294782259
1434.5,1.4344999999999999,6.157715294782271
1435.0,1.4350000000000023,6.160215294782283
1435.5,1.4354999999999976,6.1593243789817365
1436.0,1.436,6.161824378981748
1436.5,1.4365000000000023,6.16432437898176
1437.0,1.4369999999999976,6.163382046777102
1437.5,1.4375,6.165882046777114
1438.0,1.4380000000000024,6.1683820467771255
1438.5,1.4384999999999977,6.167416449139225
1439.0,1.439,6.169916449139237
1439.5,1.4395000000000024,6.172416449139249
1440.0,1.4399999999999977,6.17144286879121
1440.5,1.4405000000000001,6.173942868791222
1441.0,1.4410000000000025,6.176442868791234
1441.5,1.4414999999999978,6.175487930489396
1442.0,1.4420000000000002,6.177987930489408
1442.5,1.4425000000000026,6.18048793048942
1443.0,1.4429999999999978,6.179564003062978
1443.5,1.4435000000000002,6.18206400306299
1444.0,1.4440000000000026,6.184564003063002
1444.5,1.444499999999998,6.183710105976239
1445.0,1.4450000000000003,6.186210105976251
1445.5,1.4455000000000027,6.188710105976263
1446.0,1.445999999999998,6.187987675896309
1446.5,1.4465000000000003,6.190487675896321
1447.0,1.4470000000000027,6.192987675896333
1447.5,1.447499999999998,6.192444435812057
1448.0,1.4480000000000004,6.194944435812069
1448.5,1.4485000000000028,6.197444435812081
1449.0,1.448999999999998,6.197123953950587
1449.5,1.4495000000000005,6.199623953950599
1450.0,1.4500000000000028,6.202123953950611
1450.5,1.4504999999999981,6.2020771713347145
1451.0,1.4510000000000005,6.204577171334726
1451.5,1.451500000000003,6.207077171334738
1452.0,1.4519999999999982,6.207306731604767
1452.5,1.4525000000000006,6.209806731604779
1453.0,1.453000000000003,6.212306731604791
1453.5,1.4534999999999982,6.2127678577101975
1454.0,1.4540000000000006,6.215267857710209
1454.5,1.454500000000003,6.217767857710221
1455.0,1.4549999999999983,6.21839686252482
1455.5,1.4555000000000007,6.220896862524832
1456.0,1.456000000000003,6.223396862524844
1456.5,1.4564999999999984,6.224107653998594
1457.0,1.4570000000000007,6.226607653998606
1457.5,1.4575000000000031,6.229107653998618
1458.0,1.4579999999999984,6.2298155831835444
1458.5,1.4585000000000008,6.232315583183556
1459.0,1.4590000000000032,6.234815583183568
1459.5,1.4594999999999985,6.235463096331344
1460.0,1.4600000000000009,6.237963096331356
1460.5,1.4605000000000032,6.240463096331368
1461.0,1.4609999999999985,6.2409936951302925
1461.5,1.461500000000001,6.243493695130304
1462.0,1.4620000000000033,6.245993695130316
1462.5,1.4624999999999986,6.24637477079002
1463.0,1.463000000000001,6.248874770790032
1463.5,1.4635000000000034,6.2513747707900436
1464.0,1.4639999999999986,6.25157577119257
1464.5,1.464500000000001,6.254075771192582
1465.0,1.4650000000000034,6.256575771192594
1465.5,1.4654999999999987,6.256586898393657
1466.0,1.466000000000001,6.259086898393669
1466.5,1.4665000000000035,6.261586898393681
1467.0,1.4669999999999987,6.261402187682705
1467.5,1.4675000000000011,6.263902187682717
1468.0,1.4680000000000035,6.266402187682729
1468.5,1.4684999999999988,6.266025770767207
1469.0,1.4690000000000012,6.268525770767219
1469.5,1.4694999999999965,6.271025770767196
1470.0,1.4699999999999989,6.270465882267793
1470.5,1.4705000000000013,6.272965882267805
1471.0,1.4710000000000036,6.275465882267817
1471.5,1.471499999999999,6.274729427207326
1472.0,1.4720000000000013,6.277229427207338
1472.5,1.4724999999999966,6.2797294272073145
1473.0,1.472999999999999,6.278837786453657
1473.5,1.4735000000000014,6.281337786453669
1474.0,1.4739999999999966,6.283837786453645
1474.5,1.474499999999999,6.282837051187613
1475.0,1.4750000000000014,6.285337051187625
1475.5,1.4754999999999967,6.287837051187601
1476.0,1.475999999999999,6.286784954365956
1476.5,1.4765000000000015,6.289284954365968
1477.0,1.4769999999999968,6.291784954365944
1477.5,1.4774999999999991,6.290754280588224
1478.0,1.4780000000000015,6.293254280588236
1478.5,1.4784999999999968,6.295754280588213
1479.0,1.4789999999999992,6.294823759879371
1479.5,1.4795000000000016,6.297323759879383
1480.0,1.4799999999999969,6.299823759879359
1480.5,1.4804999999999993,6.299072019492478
1481.0,1.4810000000000016,6.30157201949249
1481.5,1.481499999999997,6.304072019492466
1482.0,1.4819999999999993,6.303543080035183
1482.5,1.4825000000000017,6.306043080035195
1483.0,1.482999999999997,6.308543080035172
1483.5,1.4834999999999994,6.308251545565007
1484.0,1.4840000000000018,6.310751545565019
1484.5,1.484499999999997,6.313251545564995
1485.0,1.4849999999999994,6.313178652616003
1485.5,1.4855000000000018,6.315678652616015
1486.0,1.485999999999997,6.318178652615991
1486.5,1.4864999999999995,6.318275547573293
1487.0,1.4870000000000019,6.320775547573305
1487.5,1.4874999999999972,6.323275547573282
1488.0,1.4879999999999995,6.323466518437328
1488.5,1.488500000000002,6.32596651843734
1489.0,1.4889999999999972,6.328466518437317
1489.5,1.4894999999999996,6.328689150022377
1490.0,1.490000000000002,6.331189150022389
1490.5,1.4904999999999973,6.333689150022366
1491.0,1.4909999999999997,6.333877676322963
1491.5,1.491500000000002,6.336377676322975
1492.0,1.4919999999999973,6.3388776763229515
1492.5,1.4924999999999997,6.338991554647464
1493.0,1.493000000000002,6.341491554647476
1493.5,1.4934999999999974,6.343991554647452
1494.0,1.4939999999999998,6.3440066278622
1494.5,1.4945000000000022,6.346506627862212
1495.0,1.4949999999999974,6.349006627862188
1495.5,1.4954999999999998,6.348886430477982
1496.0,1.4960000000000022,6.351386430477994
1496.5,1.4964999999999975,6.353886430477971
1497.0,1.4969999999999999,6.353613163271525
1497.5,1.4975000000000023,6.356113163271537
1498.0,1.4979999999999976,6.358613163271514
1498.5,1.4985,6.358194647849373
1499.0,1.4990000000000023,6.360694647849385
1499.5,1.4994999999999976,6.363194647849362
1500.0,1.5,6.3626373260786195
1500.5,1.5005000000000024,6.3651373260786315
1501.0,1.5009999999999977,6.367637326078608
1501.5,1.5015,6.366942518814227
1502.0,1.5020000000000024,6.369442518814239
1502.5,1.5024999999999977,6.371942518814215
1503.0,1.5030000000000001,6.371148190383842
1503.5,1.5035000000000025,6.373648190383854
1504.0,1.5039999999999978,6.37614819038383
1504.5,1.5045000000000002,6.3752973636365695
1505.0,1.5050000000000026,6.3777973636365815
1505.5,1.5054999999999978,6.380297363636558
1506.0,1.5060000000000002,6.379424399884819
1506.5,1.5065000000000026,6.381924399884831
1507.0,1.506999999999998,6.384424399884807
1507.5,1.5075000000000003,6.38357685161786
1508.0,1.5080000000000027,6.386076851617872
1508.5,1.508499999999998,6.388576851617849
1509.0,1.5090000000000003,6.38779100112707
1509.5,1.5095000000000027,6.390291001127082
1510.0,1.509999999999998,6.392791001127058
1510.5,1.5105000000000004,6.39529100112707
1511.0,1.5110000000000028,6.394591434207868
1511.5,1.511499999999998,6.397091434207844
1512.0,1.5120000000000005,6.399591434207856
1512.5,1.5125000000000028,6.399018030078523
1513.0,1.5129999999999981,6.401518030078499
1513.5,1.5135000000000005,6.404018030078511
1514.0,1.514000000000003,6.4036120923708495
1514.5,1.5144999999999982,6.406112092370826
1515.0,1.5150000000000006,6.408612092370838
1515.5,1.515500000000003,6.408403613265357
1516.0,1.5159999999999982,6.410903613265333
1516.5,1.5165000000000006,6.413403613265345
1517.0,1.517000000000003,6.413389265685012
1517.5,1.5174999999999983,6.415889265684989
1518.0,1.5180000000000007,6.418389265685001
1518.5,1.518500000000003,6.418560841376362
1519.0,1.5189999999999984,6.421060841376338
1519.5,1.5195000000000007,6.42356084137635
1520.0,1.5200000000000031,6.423903249235181
1520.5,1.5204999999999984,6.4264032492351575
1521.0,1.5210000000000008,6.428903249235169
1521.5,1.5215000000000032,6.429378683759239
1522.0,1.5219999999999985,6.431878683759216
1522.5,1.5225000000000009,6.434378683759228
1523.0,1.5230000000000032,6.434941531432621
1523.5,1.5234999999999985,6.437441531432597
1524.0,1.524000000000001,6.439941531432609
1524.5,1.5245000000000033,6.440539813664223
1525.0,1.5249999999999986,6.4430398136642
1525.5,1.525500000000001,6.445539813664212
1526.0,1.5260000000000034,6.446105938549245
1526.5,1.5264999999999986,6.448605938549221
1527.0,1.527000000000001,6.451105938549233
1527.5,1.5275000000000034,6.451600117356477
1528.0,1.5279999999999987,6.454100117356454
1528.5,1.528500000000001,6.456600117356466
1529.0,1.5290000000000035,6.456995583675962
1529.5,1.5294999999999987,6.459495583675938
1530.0,1.5300000000000011,6.46199558367595
1530.5,1.5305000000000035,6.462258508765544
1531.0,1.5309999999999988,6.46475850876552
1531.5,1.5315000000000012,6.467258508765532
1532.0,1.5319999999999965,6.467377650618253
1532.5,1.5324999999999989,6.469877650618265
1533.0,1.5330000000000013,6.472377650618277
1533.5,1.5335000000000036,6.4723421165940564
1534.0,1.533999999999999,6.474842116594033
1534.5,1.5345000000000013,6.477342116594045
1535.0,1.5349999999999966,6.477152693646104
1535.5,1.535499999999999,6.479652693646116
1536.0,1.5360000000000014,6.482152693646128
1536.5,1.5364999999999966,6.481821046438085
1537.0,1.536999999999999,6.484321046438097
1537.5,1.5375000000000014,6.486821046438109
1538.0,1.5379999999999967,6.486341161375044
1538.5,1.538499999999999,6.488841161375056
1539.0,1.5390000000000015,6.491341161375068
1539.5,1.5394999999999968,6.4907183416240954
1540.0,1.5399999999999991,6.493218341624107
1540.5,1.5405000000000015,6.495718341624119
1541.0,1.5409999999999968,6.494952105825718
1541.5,1.5414999999999992,6.4974521058257295
1542.0,1.5420000000000016,6.4999521058257415
1542.5,1.5424999999999969,6.499049934963317
1543.0,1.5429999999999993,6.501549934963329
1543.5,1.5435000000000016,6.504049934963341
1544.0,1.543999999999997,6.503014721208444
1544.5,1.5444999999999993,6.505514721208456
1545.0,1.5450000000000017,6.508014721208468
1545.5,1.545499999999997,6.50687689397742
1546.0,1.5459999999999994,6.509376893977432
1546.5,1.5465000000000018,6.511876893977444
1547.0,1.546999999999997,6.510664073369519
1547.5,1.5474999999999994,6.513164073369531
1548.0,1.5480000000000018,6.515664073369543
1548.5,1.548499999999997,6.5143954133894155
1549.0,1.5489999999999995,6.5168954133894275
1549.5,1.5495000000000019,6.519395413389439
1550.0,1.5499999999999972,6.518092569170122
1550.5,1.5504999999999995,6.520592569170134
1551.0,1.551000000000002,6.523092569170146
1551.5,1.5514999999999972,6.521801868728225
1552.0,1.5519999999999996,6.524301868728237
1552.5,1.552500000000002,6.526801868728249
1553.0,1.5529999999999973,6.5255245018867925
1553.5,1.5534999999999997,6.528024501886804
1554.0,1.554000000000002,6.530524501886816
1554.5,1.5544999999999973,6.529257259540877
1555.0,1.5549999999999997,6.531757259540889
1555.5,1.555500000000002,6.534257259540901
1556.0,1.5559999999999974,6.533017624086064
1556.5,1.5564999999999998,6.535517624086076
1557.0,1.5570000000000022,6.538017624086088
1557.5,1.5574999999999974,6.536789231314124
1558.0,1.5579999999999998,6.539289231314136
1558.5,1.5585000000000022,6.541789231314148
1559.0,1.5589999999999975,6.5405676008656854
1559.5,1.5594999999999999,6.543067600865697
1560.0,1.5600000000000023,6.545567600865709
1560.5,1.5604999999999976,6.54433357870797
1561.0,1.561,6.546833578707982
1561.5,1.5615000000000023,6.549333578707994
1562.0,1.5619999999999976,6.548075397714257
1562.5,1.5625,6.550575397714269
1563.0,1.5630000000000024,6.553075397714281
1563.5,1.5634999999999977,6.55176067365872
1564.0,1.564,6.554260673658732
1564.5,1.5645000000000024,6.556760673658744
1565.0,1.5649999999999977,6.555392669429985
1565.5,1.5655000000000001,6.557892669429997
1566.0,1.5660000000000025,6.5603926694300085
1566.5,1.5664999999999978,6.5589772513228795
1567.0,1.5670000000000002,6.561477251322891
1567.5,1.5675000000000026,6.563977251322903
1568.0,1.5679999999999978,6.562503067698948
1568.5,1.5685000000000002,6.56500306769896
1569.0,1.5690000000000026,6.567503067698972
1569.5,1.569499999999998,6.565981761442856
1570.0,1.5700000000000003,6.568481761442868
1570.5,1.5705000000000027,6.57098176144288
1571.0,1.570999999999998,6.569425138981551
1571.5,1.5715000000000003,6.5719251389815625
1572.0,1.5720000000000027,6.574425138981574
1572.5,1.572499999999998,6.5728483022365225
1573.0,1.5730000000000004,6.575348302236534
1573.5,1.5735000000000028,6.577848302236546
1574.0,1.573999999999998,6.576272441733053
1574.5,1.5745000000000005,6.578772441733065
1575.0,1.5750000000000028,6.581272441733077
1575.5,1.5754999999999981,6.579725690200213
1576.0,1.5760000000000005,6.582225690200225
1576.5,1.576500000000003,6.584725690200237
1577.0,1.5769999999999982,6.5832144792143765
1577.5,1.5775000000000006,6.5857144792143885
1578.0,1.578000000000003,6.5882144792144
1578.5,1.5784999999999982,6.586767090994918
1579.0,1.5790000000000006,6.58926709099493
1579.5,1.579500000000003,6.591767090994942
1580.0,1.5799999999999983,6.590402955828161
1580.5,1.5805000000000007,6.592902955828173
1581.0,1.581000000000003,6.595402955828185
1581.5,1.5814999999999984,6.594124507724324
1582.0,1.5820000000000007,6.596624507724336
1582.5,1.5825000000000031,6.599124507724348
1583.0,1.5829999999999984,6.5979169104288715
1583.5,1.5835000000000008,6.6004169104288835
1584.0,1.5840000000000032,6.602916910428895
1584.5,1.5844999999999985,6.60179965936841
1585.0,1.5850000000000009,6.604299659368422
1585.5,1.5855000000000032,6.606799659368434
1586.0,1.5859999999999985,6.609299659368411
1586.5,1.586500000000001,6.608284047029507
1587.0,1.5870000000000033,6.610784047029519
1587.5,1.5874999999999986,6.613284047029495
1588.0,1.588000000000001,6.612377800064024
1588.5,1.5885000000000034,6.614877800064036
1589.0,1.5889999999999986,6.617377800064013
1589.5,1.589500000000001,6.6165735103052015
1590.0,1.5900000000000034,6.619073510305213
1590.5,1.5904999999999987,6.62157351030519
1591.0,1.591000000000001,6.620891639779352
1591.5,1.5915000000000035,6.6233916397793635
1592.0,1.5919999999999987,6.62589163977934
1592.5,1.5925000000000011,6.625316416345761
1593.0,1.5930000000000035,6.627816416345773
1593.5,1.5934999999999988,6.6303164163457495
1594.0,1.5940000000000012,6.6298212958824365
1594.5,1.5944999999999965,6.632321295882413
1595.0,1.5949999999999989,6.634821295882425
1595.5,1.5955000000000013,6.63437626953538
1596.0,1.5960000000000036,6.636876269535392
1596.5,1.596499999999999,6.639376269535369
1597.0,1.5970000000000013,6.638922907079987
1597.5,1.5974999999999966,6.6414229070799635
1598.0,1.597999999999999,6.6439229070799755
1598.5,1.5985000000000014,6.643418623492359
1599.0,1.5989999999999966,6.645918623492335
1599.5,1.599499999999999,6.648418623492347
1600.0,1.6000000000000014,6.647840986625724
1600.5,1.6004999999999967,6.6503409866257
1601.0,1.600999999999999,6.652840986625712
1601.5,1.6015000000000015,6.652187239505807
1602.0,1.6019999999999968,6.654687239505783
1602.5,1.6024999999999991,6.657187239505795
1603.0,1.6030000000000015,6.656463074524339
1603.5,1.6034999999999968,6.658963074524316
1604.0,1.6039999999999992,6.6614630745243275
1604.5,1.6045000000000016,6.660695314615452
1605.0,1.6049999999999969,6.663195314615429
1605.5,1.6054999999999993,6.665695314615441
1606.0,1.6060000000000016,6.664921550908183
1606.5,1.606499999999997,6.667421550908159
1607.0,1.6069999999999993,6.669921550908171
1607.5,1.6075000000000017,6.669167567088685
1608.0,1.607999999999997,6.671667567088662
1608.5,1.6084999999999994,6.6741675670886735
1609.0,1.6090000000000018,6.673445236698754
1609.5,1.609499999999997,6.67594523669873
1610.0,1.6099999999999994,6.678445236698742
1610.5,1.6105000000000018,6.67776912114757
1611.0,1.610999999999997,6.680269121147546
1611.5,1.6114999999999995,6.682769121147558
1612.0,1.6120000000000019,6.682128920894144
1612.5,1.6124999999999972,6.68462892089412
1613.0,1.6129999999999995,6.687128920894132
1613.5,1.613500000000002,6.686502095219815
1614.0,1.6139999999999972,6.6890020952197915
1614.5,1.6144999999999996,6.691502095219803
1615.0,1.615000000000002,6.690863613504234
1615.5,1.6154999999999973,6.693363613504211
1616.0,1.6159999999999997,6.695863613504223
1616.5,1.616500000000002,6.695194439450063
1617.0,1.6169999999999973,6.697694439450039
1617.5,1.6174999999999997,6.700194439450051
1618.0,1.618000000000002,6.699482736546329
1618.5,1.6184999999999974,6.701982736546306
1619.0,1.6189999999999998,6.704482736546318
1619.5,1.6195000000000022,6.703737642845056
1620.0,1.6199999999999974,6.706237642845032
1620.5,1.6204999999999998,6.708737642845044
1621.0,1.6210000000000022,6.707970982241704
1621.5,1.6214999999999975,6.710470982241681
1622.0,1.6219999999999999,6.712970982241693
1622.5,1.6225000000000023,6.7121487210736674
1623.0,1.6229999999999976,6.714648721073644
1623.5,1.6235,6.717148721073656
1624.0,1.6240000000000023,6.716270724830835
1624.5,1.6244999999999976,6.7187707248308115
1625.0,1.625,6.721270724830823
1625.5,1.6255000000000024,6.7203393679712775
1626.0,1.6259999999999977,6.722839367971254
1626.5,1.6265,6.725339367971266
1627.0,1.6270000000000024,6.724349498754805
1627.5,1.6274999999999977,6.726849498754781
1628.0,1.6280000000000001,6.729349498754793
1628.5,1.6285000000000025,6.728321982857537
1629.0,1.6289999999999978,6.730821982857513
1629.5,1.6295000000000002,6.733321982857525
1630.0,1.6300000000000026,6.732302845383664
1630.5,1.6304999999999978,6.734802845383641
1631.0,1.6310000000000002,6.7373028453836525
1631.5,1.6315000000000026,6.736341118091538
1632.0,1.631999999999998,6.738841118091514
1632.5,1.6325000000000003,6.741341118091526
1633.0,1.6330000000000027,6.740468273756548
1633.5,1.633499999999998,6.742968273756524
1634.0,1.6340000000000003,6.745468273756536
1634.5,1.6345000000000027,6.744686806864735
1635.0,1.634999999999998,6.747186806864711
1635.5,1.6355000000000004,6.749686806864723
1636.0,1.6360000000000028,6.748985274003161
1636.5,1.636499999999998,6.751485274003137
1637.0,1.6370000000000005,6.753985274003149
1637.5,1.6375000000000028,6.753368394069383
1638.0,1.6379999999999981,6.75586839406936
1638.5,1.6385000000000005,6.758368394069372
1639.0,1.639000000000003,6.757835008250375
1639.5,1.6394999999999982,6.760335008250351
1640.0,1.6400000000000006,6.762835008250363
1640.5,1.640500000000003,6.762382316533433
1641.0,1.6409999999999982,6.764882316533409
1641.5,1.6415000000000006,6.767382316533421
1642.0,1.642000000000003,6.767004687188418
1642.5,1.6424999999999983,6.769504687188395
1643.0,1.6430000000000007,6.7720046871884065
1643.5,1.643500000000003,6.771679765464924
1644.0,1.6439999999999984,6.7741797654649005
1644.5,1.6445000000000007,6.7766797654649125
1645.0,1.6450000000000031,6.7763844980971655
1645.5,1.6454999999999984,6.778884498097142
1646.0,1.6460000000000008,6.781384498097154
1646.5,1.6465000000000032,6.781088386139089
1647.0,1.6469999999999985,6.783588386139066
1647.5,1.6475000000000009,6.7860883861390775
1648.0,1.6480000000000032,6.785748974298045
1648.5,1.6484999999999985,6.788248974298021
1649.0,1.649000000000001,6.790748974298033
1649.5,1.6495000000000033,6.790321299929438
1650.0,1.6499999999999986,6.792821299929415
1650.5,1.650500000000001,6.795321299929427
1651.0,1.6510000000000034,6.794772422445483
1651.5,1.6514999999999986,6.7972724224454595
1652.0,1.652000000000001,6.799772422445471
1652.5,1.6525000000000034,6.79906164287047
1653.0,1.6529999999999987,6.801561642870446
1653.5,1.653500000000001,6.804061642870458
1654.0,1.6540000000000035,6.803163390551283
1654.5,1.6544999999999987,6.80566339055126
1655.0,1.6550000000000011,6.808163390551272
1655.5,1.6555000000000035,6.807056101427129
1656.0,1.6559999999999988,6.8095561014271055
1656.5,1.6565000000000012,6.8120561014271175
1657.0,1.6569999999999965,6.810727517115538
1657.5,1.6574999999999989,6.81322751711555
1658.0,1.6580000000000013,6.815727517115562
1658.5,1.6585000000000036,6.8141975891134265
1659.0,1.658999999999999,6.816697589113403
1659.5,1.6595000000000013,6.819197589113415
1660.0,1.6599999999999966,6.817520828495525
1660.5,1.660499999999999,6.820020828495537
1661.0,1.6610000000000014,6.8225208284955485
1661.5,1.6614999999999966,6.825020828495525
1662.0,1.661999999999999,6.823273532143546
1662.5,1.6625000000000014,6.8257735321435575
1663.0,1.6629999999999967,6.828273532143534
1663.5,1.663499999999999,6.826524829022205
1664.0,1.6640000000000015,6.829024829022217
1664.5,1.6644999999999968,6.831524829022193
1665.0,1.6649999999999991,6.829824271777305
1665.5,1.6655000000000015,6.832324271777317
1666.0,1.6659999999999968,6.834824271777293
1666.5,1.6664999999999992,6.83320497601855
1667.0,1.6670000000000016,6.835704976018562
1667.5,1.6674999999999969,6.838204976018538
1668.0,1.6679999999999993,6.836659927962501
1668.5,1.6685000000000016,6.839159927962513
1669.0,1.668999999999997,6.841659927962489
1669.5,1.6694999999999993,6.840189999161943
1670.0,1.6700000000000017,6.842689999161955
1670.5,1.670499999999997,6.845189999161931
1671.0,1.6709999999999994,6.843786882754621
1671.5,1.6715000000000018,6.846286882754633
1672.0,1.671999999999997,6.8487868827546095
1672.5,1.6724999999999994,6.847452154014313
1673.0,1.6730000000000018,6.849952154014325
1673.5,1.673499999999997,6.852452154014301
1674.0,1.6739999999999995,6.851193512718758
1674.5,1.6745000000000019,6.85369351271877
1675.0,1.6749999999999972,6.856193512718747
1675.5,1.6754999999999995,6.855025745573684
1676.0,1.676000000000002,6.857525745573696
1676.5,1.6764999999999972,6.860025745573672
1677.0,1.6769999999999996,6.858932986165449
1677.5,1.677500000000002,6.861432986165461
1678.0,1.6779999999999973,6.8639329861654375
1678.5,1.6784999999999997,6.8628994298984125
1679.0,1.679000000000002,6.865399429898424
1679.5,1.6794999999999973,6.867899429898401
1680.0,1.6799999999999997,6.866885230690052
1680.5,1.680500000000002,6.869385230690064
1681.0,1.6809999999999974,6.87188523069004
1681.5,1.6814999999999998,6.870860157854537
1682.0,1.6820000000000022,6.873360157854549
1682.5,1.6824999999999974,6.875860157854525
1683.0,1.6829999999999998,6.874785301878035
1683.5,1.6835000000000022,6.877285301878047
1684.0,1.6839999999999975,6.879785301878023
1684.5,1.6844999999999999,6.878604529820116
1685.0,1.6850000000000023,6.881104529820128
1685.5,1.6854999999999976,6.883604529820104
1686.0,1.686,6.88227362332583
1686.5,1.6865000000000023,6.884773623325842
1687.0,1.6869999999999976,6.887273623325818
1687.5,1.6875,6.88576772933569
1688.0,1.6880000000000024,6.888267729335702
1688.5,1.6884999999999977,6.890767729335678
1689.0,1.689,6.889068486710208
1689.5,1.6895000000000024,6.89156848671022
1690.0,1.6899999999999977,6.8940684867101965
1690.5,1.6905000000000001,6.892186468168866
1691.0,1.6910000000000025,6.894686468168878
1691.5,1.6914999999999978,6.897186468168854
1692.0,1.6920000000000002,6.895162061148312
1692.5,1.6925000000000026,6.897662061148324
1693.0,1.6929999999999978,6.9001620611483006
1693.5,1.6935000000000002,6.898068023492243
1694.0,1.6940000000000026,6.900568023492255
1694.5,1.694499999999998,6.9030680234922315
1695.0,1.6950000000000003,6.900966384992309
1695.5,1.6955000000000027,6.903466384992321
1696.0,1.695999999999998,6.905966384992297
1696.5,1.6965000000000003,6.903918593171845
1697.0,1.6970000000000027,6.906418593171857
1697.5,1.697499999999998,6.908918593171833
1698.0,1.6980000000000004,6.9070045820003045
1698.5,1.6985000000000028,6.9095045820003165
1699.0,1.698999999999998,6.912004582000293
1699.5,1.6995000000000005,6.9103044531452795
1700.0,1.7000000000000028,6.9128044531452915
1700.5,1.7004999999999981,6.915304453145268
1701.0,1.7010000000000005,6.9138672151726865
1701.5,1.701500000000003,6.9163672151726985
1702.0,1.7019999999999982,6.918867215172675
1702.5,1.7025000000000006,6.917723714199262
1703.0,1.703000000000003,6.920223714199274
1703.5,1.7034999999999982,6.92272371419925
1704.0,1.7040000000000006,6.9218723894441325
1704.5,1.704500000000003,6.9243723894441445
1705.0,1.7049999999999983,6.926872389444121
1705.5,1.7055000000000007,6.9262962953649065
1706.0,1.706000000000003,6.9287962953649185
1706.5,1.7064999999999984,6.931296295364895
1707.0,1.7070000000000007,6.930961618665741
1707.5,1.7075000000000031,6.933461618665753
1708.0,1.7079999999999984,6.935961618665729
1708.5,1.7085000000000008,6.935814058606056
1709.0,1.7090000000000032,6.938314058606068
1709.5,1.7094999999999985,6.940814058606044
1710.0,1.7100000000000009,6.9408057049315275
1710.5,1.7105000000000032,6.943305704931539
1711.0,1.7109999999999985,6.945805704931516
1711.5,1.711500000000001,6.945863045937735
1712.0,1.7120000000000033,6.948363045937747
1712.5,1.7124999999999986,6.950863045937723
1713.0,1.713000000000001,6.9509182116196655
1713.5,1.7135000000000034,6.953418211619677
1714.0,1.7139999999999986,6.955918211619654
1714.5,1.714500000000001,6.955946448271035
1715.0,1.7150000000000034,6.958446448271047
1715.5,1.7154999999999987,6.960946448271024
1716.0,1.716000000000001,6.96093338083994
1716.5,1.7165000000000035,6.963433380839952
1717.0,1.7169999999999987,6.965933380839928
1717.5,1.7175000000000011,6.965850466011645
1718.0,1.7180000000000035,6.968350466011657
1718.5,1.7184999999999988,6.970850466011633
1719.0,1.7190000000000012,6.970669396074136
1719.5,1.7194999999999965,6.973169396074113
1720.0,1.7199999999999989,6.9756693960741245
1720.5,1.7205000000000013,6.975347741244455
1721.0,1.7210000000000036,6.977847741244467
1721.5,1.721499999999999,6.980347741244444
1722.0,1.7220000000000013,6.979856512884481
1722.5,1.7224999999999966,6.982356512884458
1723.0,1.722999999999999,6.98485651288447
1723.5,1.7235000000000014,6.984195940938314
1724.0,1.7239999999999966,6.98669594093829
1724.5,1.724499999999999,6.989195940938302
1725.0,1.7250000000000014,6.988373512299617
1725.5,1.7254999999999967,6.9908735122995935
1726.0,1.725999999999999,6.9933735122996055
1726.5,1.7265000000000015,6.992411542657244
1727.0,1.7269999999999968,6.994911542657221
1727.5,1.7274999999999991,6.9974115426572325
1728.0,1.7280000000000015,6.996342872323815
1728.5,1.7284999999999968,6.998842872323792
1729.0,1.7289999999999992,7.001342872323804
1729.5,1.7295000000000016,7.000222005580525
1730.0,1.7299999999999969,7.002722005580502
1730.5,1.7304999999999993,7.005222005580514
1731.0,1.7310000000000016,7.004096075388873
1731.5,1.731499999999997,7.006596075388849
1732.0,1.7319999999999993,7.009096075388861
1732.5,1.7325000000000017,7.007999291497349
1733.0,1.732999999999997,7.010499291497325
1733.5,1.7334999999999994,7.012999291497337
1734.0,1.7340000000000018,7.011960680270128
1734.5,1.734499999999997,7.014460680270105
1735.0,1.7349999999999994,7.016960680270117
1735.5,1.7355000000000018,7.016006085298585
1736.0,1.735999999999997,7.0185060852985615
1736.5,1.7364999999999995,7.021006085298573
1737.0,1.7370000000000019,7.023506085298585
1737.5,1.7374999999999972,7.022646723375843
1738.0,1.7379999999999995,7.025146723375855
1738.5,1.738500000000002,7.027646723375867
1739.0,1.7389999999999972,7.026868945947591
1739.5,1.7394999999999996,7.029368945947603
1740.0,1.740000000000002,7.031868945947615
1740.5,1.7404999999999973,7.031140571456014
1741.0,1.7409999999999997,7.033640571456026
1741.5,1.741500000000002,7.036140571456038
1742.0,1.7419999999999973,7.035449740582571
1742.5,1.7424999999999997,7.037949740582583
1743.0,1.743000000000002,7.040449740582595
1743.5,1.7434999999999974,7.0397920080771925
1744.0,1.7439999999999998,7.0422920080772045
1744.5,1.7445000000000022,7.044792008077216
1745.0,1.7449999999999974,7.044162019550448
1745.5,1.7454999999999998,7.04666201955046
1746.0,1.7460000000000022,7.049162019550472
1746.5,1.7464999999999975,7.048530649953086
1747.0,1.7469999999999999,7.051030649953098
1747.5,1.7475000000000023,7.05353064995311
1748.0,1.7479999999999976,7.052856899750957
1748.5,1.7485,7.055356899750969
1749.0,1.7490000000000023,7.0578568997509805
1749.5,1.7494999999999976,7.057115093841091
1750.0,1.75,7.059615093841103
1750.5,1.7505000000000024,7.062115093841115
1751.0,1.7509999999999977,7.061271904207125
1751.5,1.7515,7.063771904207137
1752.0,1.7520000000000024,7.066271904207149
1752.5,1.7524999999999977,7.065300889125368
1753.0,1.7530000000000001,7.06780088912538
1753.5,1.7535000000000025,7.070300889125392
1754.0,1.7539999999999978,7.069181840927463
1754.5,1.7545000000000002,7.071681840927475
1755.0,1.7550000000000026,7.074181840927487
1755.5,1.7554999999999978,7.072902004112578
1756.0,1.7560000000000002,7.07540200411259
1756.5,1.7565000000000026,7.077902004112602
1757.0,1.756999999999998,7.0764745916460825
1757.5,1.7575000000000003,7.078974591646094
1758.0,1.7580000000000027,7.081474591646106
1758.5,1.758499999999998,7.079897205522556
1759.0,1.7590000000000003,7.082397205522568
1759.5,1.7595000000000027,7.08489720552258
1760.0,1.759999999999998,7.083185817094773
1760.5,1.7605000000000004,7.0856858170947845
1761.0,1.7610000000000028,7.0881858170947964
1761.5,1.761499999999998,7.086326807876553
1762.0,1.7620000000000005,7.088826807876565
1762.5,1.7625000000000028,7.091326807876577
1763.0,1.7629999999999981,7.0893430333156005
1763.5,1.7635000000000005,7.091843033315612
1764.0,1.764000000000003,7.094343033315624
1764.5,1.7644999999999982,7.092262330665591
1765.0,1.7650000000000006,7.094762330665603
1765.5,1.765500000000003,7.097262330665615
1766.0,1.7659999999999982,7.095104986339429
1766.5,1.7665000000000006,7.097604986339441
1767.0,1.767000000000003,7.100104986339453
1767.5,1.7674999999999983,7.097900929233596
1768.0,1.7680000000000007,7.100400929233608
1768.5,1.768500000000003,7.10290092923362
1769.0,1.7689999999999984,7.100680360603349
1769.5,1.7695000000000007,7.1031803606033606
1770.0,1.7700000000000031,7.1056803606033725
1770.5,1.7704999999999984,7.103491109942688
1771.0,1.7710000000000008,7.1059911099427
1771.5,1.7715000000000032,7.108491109942712
1772.0,1.7719999999999985,7.106375017912612
1772.5,1.7725000000000009,7.108875017912624
1773.0,1.7730000000000032,7.111375017912636
1773.5,1.7734999999999985,7.1093569332103
1774.0,1.774000000000001,7.111856933210312
1774.5,1.7745000000000033,7.114356933210324
1775.0,1.7749999999999986,7.112452568064782
1775.5,1.775500000000001,7.114952568064794
1776.0,1.7760000000000034,7.117452568064806
1776.5,1.7764999999999986,7.115677442875636
1777.0,1.777000000000001,7.118177442875648
1777.5,1.7775000000000034,7.12067744287566
1778.0,1.7779999999999987,7.11904441132706
1778.5,1.778500000000001,7.121544411327072
1779.0,1.7790000000000035,7.124044411327084
1779.5,1.7794999999999987,7.122527241713108
1780.0,1.7800000000000011,7.12502724171312
1780.5,1.7805000000000035,7.127527241713132
1781.0,1.7809999999999988,7.126095991554351
1781.5,1.7815000000000012,7.128595991554363
1782.0,1.7819999999999965,7.131095991554339
1782.5,1.7824999999999989,7.129704763887972
1783.0,1.7830000000000013,7.132204763887984
1783.5,1.7835000000000036,7.134704763887996
1784.0,1.783999999999999,7.133302992411252
1784.5,1.7845000000000013,7.135802992411264
1785.0,1.7849999999999966,7.138302992411241
1785.5,1.785499999999999,7.136852835327012
1786.0,1.7860000000000014,7.139352835327024
1786.5,1.7864999999999966,7.1418528353270005
1787.0,1.786999999999999,7.1403431256340255
1787.5,1.7875000000000014,7.1428431256340374
1788.0,1.7879999999999967,7.145343125634014
1788.5,1.788499999999999,7.143750203637964
1789.0,1.7890000000000015,7.146250203637976
1789.5,1.7894999999999968,7.148750203637952
1790.0,1.7899999999999991,7.147083196809341
1790.5,1.7905000000000015,7.149583196809353
1791.0,1.7909999999999968,7.152083196809329
1791.5,1.7914999999999992,7.150353311681492
1792.0,1.7920000000000016,7.152853311681504
1792.5,1.7924999999999969,7.1553533116814805
1793.0,1.7929999999999993,7.153567473918869
1793.5,1.7935000000000016,7.156067473918881
1794.0,1.793999999999997,7.158567473918858
1794.5,1.7944999999999993,7.156735359303248
1795.0,1.7950000000000017,7.15923535930326
1795.5,1.795499999999997,7.161735359303236
1796.0,1.7959999999999994,7.159875177644572
1796.5,1.7965000000000018,7.162375177644584
1797.0,1.796999999999997,7.164875177644561
1797.5,1.7974999999999994,7.163011379794568
1798.0,1.7980000000000018,7.16551137979458
1798.5,1.798499999999997,7.168011379794557
1799.0,1.7989999999999995,7.1661739132439095
1799.5,1.7995000000000019,7.1686739132439214
1800.0,1.7999999999999972,7.171173913243898
1800.5,1.8004999999999995,7.169418938711374
1801.0,1.801000000000002,7.171918938711386
1801.5,1.8014999999999972,7.174418938711362
1802.0,1.8019999999999996,7.172793556881452
1802.5,1.802500000000002,7.1752935568814635
1803.0,1.8029999999999973,7.17779355688144
1803.5,1.8034999999999997,7.17634710804365
1804.0,1.804000000000002,7.178847108043662
1804.5,1.8044999999999973,7.181347108043639
1805.0,1.8049999999999997,7.180113283714569
1805.5,1.805500000000002,7.182613283714581
1806.0,1.8059999999999974,7.185113283714557
1806.5,1.8064999999999998,7.1841080264801604
1807.0,1.8070000000000022,7.186608026480172
1807.5,1.8074999999999974,7.189108026480149
1808.0,1.8079999999999998,7.1883427278057255
1808.5,1.8085000000000022,7.190842727805737
1809.0,1.8089999999999975,7.193342727805714
1809.5,1.8094999999999999,7.192795894701582
1810.0,1.8100000000000023,7.195295894701594
1810.5,1.8104999999999976,7.197795894701571
1811.0,1.811,7.1974333061339735
1811.5,1.8115000000000023,7.199933306133985
1812.0,1.8119999999999976,7.202433306133962
1812.5,1.8125,7.204933306133974
1813.0,1.8130000000000024,7.2047168616838775
1813.5,1.8134999999999977,7.207216861683854
1814.0,1.814,7.209716861683866
1814.5,1.8145000000000024,7.209581216938226
1815.0,1.8149999999999977,7.212081216938202
1815.5,1.8155000000000001,7.214581216938214
1816.0,1.8160000000000025,7.21445713743897
1816.5,1.8164999999999978,7.216957137438946
1817.0,1.8170000000000002,7.219457137438958
1817.5,1.8175000000000026,7.219283850356035
1818.0,1.8179999999999978,7.221783850356012
1818.5,1.8185000000000002,7.224283850356024
1819.0,1.8190000000000026,7.224006326723078
1819.5,1.819499999999998,7.2265063267230545
1820.0,1.8200000000000003,7.229006326723066
1820.5,1.8205000000000027,7.228607580311497
1821.0,1.820999999999998,7.231107580311473
1821.5,1.8215000000000003,7.233607580311485
1822.0,1.8220000000000027,7.2330727695054975
1822.5,1.822499999999998,7.235572769505474
1823.0,1.8230000000000004,7.238072769505486
1823.5,1.8235000000000028,7.237386772930492
1824.0,1.823999999999998,7.239886772930468
1824.5,1.8245000000000005,7.24238677293048
1825.0,1.8250000000000028,7.2415234687220575
1825.5,1.8254999999999981,7.244023468722034
1826.0,1.8260000000000005,7.246523468722046
1826.5,1.826500000000003,7.245467366131315
1827.0,1.8269999999999982,7.2479673661312916
1827.5,1.8275000000000006,7.2504673661313035
1828.0,1.828000000000003,7.249216439659598
1828.5,1.8284999999999982,7.251716439659575
1829.0,1.8290000000000006,7.2542164396595865
1829.5,1.829500000000003,7.252790080343345
1830.0,1.8299999999999983,7.255290080343322
1830.5,1.8305000000000007,7.257790080343334
1831.0,1.831000000000003,7.2562330915370765
1831.5,1.8314999999999984,7.258733091537053
1832.0,1.8320000000000007,7.261233091537065
1832.5,1.8325000000000031,7.259579352859973
1833.0,1.8329999999999984,7.262079352859949
1833.5,1.8335000000000008,7.264579352859961
1834.0,1.8340000000000032,7.262862180313476
1834.5,1.8344999999999985,7.265362180313453
1835.0,1.8350000000000009,7.267862180313465
1835.5,1.8355000000000032,7.26612629058323
1836.0,1.8359999999999985,7.268626290583207
1836.5,1.836500000000001,7.271126290583219
1837.0,1.8370000000000033,7.269426596042052
1837.5,1.8374999999999986,7.271926596042029
1838.0,1.838000000000001,7.274426596042041
1838.5,1.8385000000000034,7.272805778013449
1839.0,1.8389999999999986,7.275305778013426
1839.5,1.839500000000001,7.2778057780134375
1840.0,1.8400000000000034,7.276287285576579
1840.5,1.8404999999999987,7.278787285576556
1841.0,1.841000000000001,7.281287285576568
1841.5,1.8415000000000035,7.279878552311239
1842.0,1.8419999999999987,7.282378552311215
1842.5,1.8425000000000011,7.284878552311227
1843.0,1.8430000000000035,7.283591847801567
1843.5,1.8434999999999988,7.2860918478015435
1844.0,1.8440000000000012,7.2885918478015554
1844.5,1.8444999999999965,7.287429301888544
1845.0,1.8449999999999989,7.289929301888556
1845.5,1.8455000000000013,7.292429301888568
1846.0,1.8460000000000036,7.291390487604268
1846.5,1.846499999999999,7.293890487604244
1847.0,1.8470000000000013,7.296390487604256
1847.5,1.8474999999999966,7.295462462840554
1848.0,1.847999999999999,7.297962462840566
1848.5,1.8485000000000014,7.300462462840578
1849.0,1.8489999999999966,7.2996042431026
1849.5,1.849499999999999,7.302104243102612
1850.0,1.8500000000000014,7.304604243102624
1850.5,1.8504999999999967,7.303771356271085
1851.0,1.850999999999999,7.306271356271097
1851.5,1.8515000000000015,7.308771356271109
1852.0,1.8519999999999968,7.307887110573361
1852.5,1.8524999999999991,7.310387110573373
1853.0,1.8530000000000015,7.312887110573385
1853.5,1.8534999999999968,7.311879380152426
1854.0,1.8539999999999992,7.314379380152438
1854.5,1.8545000000000016,7.31687938015245
1855.0,1.8549999999999969,7.315697587094867
1855.5,1.8554999999999993,7.318197587094879
1856.0,1.8560000000000016,7.320697587094891
1856.5,1.856499999999997,7.319312449721558
1857.0,1.8569999999999993,7.32181244972157
1857.5,1.8575000000000017,7.324312449721582
1858.0,1.857999999999997,7.322700864947933
1858.5,1.8584999999999994,7.325200864947945
1859.0,1.8590000000000018,7.327700864947957
1859.5,1.859499999999997,7.325852668826656
1860.0,1.8599999999999994,7.328352668826668
1860.5,1.8605000000000018,7.3308526688266795
1861.0,1.860999999999997,7.328760015195428
1861.5,1.8614999999999995,7.33126001519544
1862.0,1.8620000000000019,7.333760015195452
1862.5,1.8624999999999972,7.331431681610283
1863.0,1.8629999999999995,7.333931681610295
1863.5,1.863500000000002,7.336431681610307
1864.0,1.8639999999999972,7.33388880046185
1864.5,1.8644999999999996,7.336388800461862
1865.0,1.865000000000002,7.3388888004618735
1865.5,1.8654999999999973,7.336164110400176
1866.0,1.8659999999999997,7.338664110400188
1866.5,1.866500000000002,7.3411641104002
1867.0,1.8669999999999973,7.338298539320647
1867.5,1.8674999999999997,7.340798539320659
1868.0,1.868000000000002,7.343298539320671
1868.5,1.8684999999999974,7.3403565994681585
1869.0,1.8689999999999998,7.3428565994681705
1869.5,1.8695000000000022,7.345356599468182
1870.0,1.8699999999999974,7.3423975388866225
1870.5,1.8704999999999998,7.344897538886634
1871.0,1.8710000000000022,7.347397538886646
1871.5,1.8714999999999975,7.344497246587096
1872.0,1.8719999999999999,7.346997246587108
1872.5,1.8725000000000023,7.34949724658712
1873.0,1.8729999999999976,7.3467227263455115
1873.5,1.8735,7.349222726345523
1874.0,1.8740000000000023,7.351722726345535
1874.5,1.8744999999999976,7.349125442948434
1875.0,1.875,7.351625442948446
1875.5,1.8755000000000024,7.354125442948458
1876.0,1.8759999999999977,7.351722758539623
1876.5,1.8765,7.354222758539635
1877.0,1.8770000000000024,7.356722758539647
1877.5,1.8774999999999977,7.3545370530356635
1878.0,1.8780000000000001,7.3570370530356755
1878.5,1.8785000000000025,7.359537053035687
1879.0,1.8789999999999978,7.357571838872019
1879.5,1.8795000000000002,7.360071838872031
1880.0,1.8800000000000026,7.362571838872043
1880.5,1.8804999999999978,7.360804447470848
1881.0,1.8810000000000002,7.36330444747086
1881.5,1.8815000000000026,7.365804447470872
1882.0,1.881999999999998,7.364195737722881
1882.5,1.8825000000000003,7.3666957377228925
1883.0,1.8830000000000027,7.3691957377229045
1883.5,1.883499999999998,7.367677141759792
1884.0,1.8840000000000003,7.370177141759804
1884.5,1.8845000000000027,7.372677141759816
1885.0,1.884999999999998,7.37120088259708
1885.5,1.8855000000000004,7.373700882597092
1886.0,1.8860000000000028,7.376200882597104
1886.5,1.886499999999998,7.374726955422055
1887.0,1.8870000000000005,7.377226955422067
1887.5,1.8875000000000028,7.379726955422079
1888.0,1.8879999999999981,7.382226955422055
1888.5,1.8885000000000005,7.380719118132575
1889.0,1.889000000000003,7.383219118132587
1889.5,1.8894999999999982,7.385719118132563
1890.0,1.8900000000000006,7.384156678295284
1890.5,1.890500000000003,7.386656678295296
1891.0,1.8909999999999982,7.389156678295272
1891.5,1.8915000000000006,7.387528266032568
1892.0,1.892000000000003,7.39002826603258
1892.5,1.8924999999999983,7.392528266032556
1893.0,1.8930000000000007,7.39082881170674
1893.5,1.893500000000003,7.393328811706752
1894.0,1.8939999999999984,7.395828811706728
1894.5,1.8945000000000007,7.394059961941437
1895.0,1.8950000000000031,7.396559961941449
1895.5,1.8954999999999984,7.3990599619414255
1896.0,1.8960000000000008,7.3972213165608025
1896.5,1.8965000000000032,7.399721316560814
1897.0,1.8969999999999985,7.402221316560791
1897.5,1.8975000000000009,7.400326029653321
1898.0,1.8980000000000032,7.402826029653333
1898.5,1.8984999999999985,7.40532602965331
1899.0,1.899000000000001,7.403381981701145
1899.5,1.8995000000000033,7.405881981701157
1900.0,1.8999999999999986,7.408381981701133
1900.5,1.900500000000001,7.40643772970401
1901.0,1.9010000000000034,7.4089377297040215
1901.5,1.9014999999999986,7.411437729703998
1902.0,1.902000000000001,7.4095198219563585
1902.5,1.9025000000000034,7.41201982195637
1903.0,1.9029999999999987,7.414519821956347
1903.5,1.903500000000001,7.412639315823242
1904.0,1.9040000000000035,7.415139315823254
1904.5,1.9044999999999987,7.41763931582323
1905.0,1.9050000000000011,7.415817591167091
1905.5,1.9055000000000035,7.418317591167103
1906.0,1.9059999999999988,7.420817591167079
1906.5,1.9065000000000012,7.4190745680003545
1907.0,1.9069999999999965,7.421574568000331
1907.5,1.9074999999999989,7.424074568000343
1908.0,1.9080000000000013,7.422438523624741
1908.5,1.9085000000000036,7.424938523624753
1909.0,1.908999999999999,7.42743852362473
1909.5,1.9095000000000013,7.425903108282412
1910.0,1.9099999999999966,7.428403108282389
1910.5,1.910499999999999,7.430903108282401
1911.0,1.9110000000000014,7.429455449424616
1911.5,1.9114999999999966,7.431955449424592
1912.0,1.911999999999999,7.434455449424604
1912.5,1.9125000000000014,7.433103172632123
1913.0,1.9129999999999967,7.435603172632099
1913.5,1.913499999999999,7.438103172632111
1914.0,1.9140000000000015,7.4368586409996595
1914.5,1.9144999999999968,7.439358640999636
1915.0,1.9149999999999991,7.441858640999648
1915.5,1.9155000000000015,7.440720432052821
1916.0,1.9159999999999968,7.443220432052797
1916.5,1.9164999999999992,7.445720432052809
1917.0,1.9170000000000016,7.4446827911329905
1917.5,1.9174999999999969,7.447182791132967
1918.0,1.9179999999999993,7.449682791132979
1918.5,1.9185000000000016,7.448744562780014
1919.0,1.918999999999997,7.451244562779991
1919.5,1.9194999999999993,7.4537445627800025
1920.0,1.9200000000000017,7.452893697816165
1920.5,1.920499999999997,7.455393697816142
1921.0,1.9209999999999994,7.457893697816154
1921.5,1.9215000000000018,7.45712559887469
1922.0,1.921999999999997,7.459625598874666
1922.5,1.9224999999999994,7.462125598874678
1923.0,1.9230000000000018,7.461426259871224
1923.5,1.923499999999997,7.463926259871201
1924.0,1.9239999999999995,7.466426259871213
1924.5,1.9245000000000019,7.46576861139939
1925.0,1.9249999999999972,7.468268611399367
1925.5,1.9254999999999995,7.470768611399379
1926.0,1.926000000000002,7.4701209396886625
1926.5,1.9264999999999972,7.472620939688639
1927.0,1.9269999999999996,7.475120939688651
1927.5,1.927500000000002,7.474464648353134
1928.0,1.9279999999999973,7.4769646483531105
1928.5,1.9284999999999997,7.479464648353122
1929.0,1.929000000000002,7.478778954220324
1929.5,1.9294999999999973,7.481278954220301
1930.0,1.9299999999999997,7.483778954220313
1930.5,1.930500000000002,7.483050888251732
1931.0,1.9309999999999974,7.485550888251709
1931.5,1.9314999999999998,7.4880508882517205
1932.0,1.9320000000000022,7.4872637135575815
1932.5,1.9324999999999974,7.489763713557558
1933.0,1.9329999999999998,7.49226371355757
1933.5,1.9335000000000022,7.4913738293445675
1934.0,1.9339999999999975,7.493873829344544
1934.5,1.9344999999999999,7.496373829344556
1935.0,1.9350000000000023,7.495357067672117
1935.5,1.9354999999999976,7.4978570676720935
1936.0,1.936,7.500357067672105
1936.5,1.9365000000000023,7.49917096800079
1937.0,1.9369999999999976,7.5016709680007665
1937.5,1.9375,7.504170968000778
1938.0,1.9380000000000024,7.502789399053036
1938.5,1.9384999999999977,7.505289399053012
1939.0,1.939,7.507789399053024
1939.5,1.9395000000000024,7.506204618601515
1940.0,1.9399999999999977,7.508704618601492
1940.5,1.9405000000000001,7.511204618601504
1941.0,1.9410000000000025,7.509441708964744
1941.5,1.9414999999999978,7.51194170896472
1942.0,1.9420000000000002,7.514441708964732
1942.5,1.9425000000000026,7.512532113860431
1943.0,1.9429999999999978,7.515032113860407
1943.5,1.9435000000000002,7.517532113860419
1944.0,1.9440000000000026,7.515496198821836
1944.5,1.944499999999998,7.5179961988218125
1945.0,1.9450000000000003,7.520496198821824
1945.5,1.9455000000000027,7.518350040752146
1946.0,1.945999999999998,7.520850040752123
1946.5,1.9465000000000003,7.523350040752135
1947.0,1.9470000000000027,7.521126462580234
1947.5,1.947499999999998,7.523626462580211
1948.0,1.9480000000000004,7.526126462580223
1948.5,1.9485000000000028,7.523843139851607
1949.0,1.948999999999998,7.526343139851583
1949.5,1.9495000000000005,7.528843139851595
1950.0,1.9500000000000028,7.526548018495092
1950.5,1.9504999999999981,7.529048018495068
1951.0,1.9510000000000005,7.53154801849508
1951.5,1.951500000000003,7.529268576552397
1952.0,1.9519999999999982,7.531768576552373
1952.5,1.9525000000000006,7.534268576552385
1953.0,1.953000000000003,7.532046533726557
1953.5,1.9534999999999982,7.534546533726534
1954.0,1.9540000000000006,7.537046533726546
1954.5,1.954500000000003,7.5348884817301
1955.0,1.9549999999999983,7.537388481730076
1955.5,1.9555000000000007,7.539888481730088
1956.0,1.956000000000003,7.537795125928177
1956.5,1.9564999999999984,7.540295125928154
1957.0,1.9570000000000007,7.542795125928166
1957.5,1.9575000000000031,7.540751660811793
1958.0,1.9579999999999984,7.5432516608117695
1958.5,1.9585000000000008,7.545751660811781
1959.0,1.9590000000000032,7.543746048995601
1959.5,1.9594999999999985,7.546246048995577
1960.0,1.9600000000000009,7.548746048995589
1960.5,1.9605000000000032,7.546751077038643
1961.0,1.9609999999999985,7.549251077038619
1961.5,1.961500000000001,7.551751077038631
1962.0,1.9620000000000033,7.549736217968999
1962.5,1.9624999999999986,7.552236217968975
1963.0,1.963000000000001,7.554736217968987
1963.5,1.9635000000000034,7.557236217968999
1964.0,1.9639999999999986,7.555171612297684
1964.5,1.964500000000001,7.557671612297696
1965.0,1.9650000000000034,7.560171612297708
1965.5,1.9654999999999987,7.558025329295859
1966.0,1.966000000000001,7.560525329295871
1966.5,1.9665000000000035,7.563025329295883
1967.0,1.9669999999999987,7.560780342024955
1967.5,1.9675000000000011,7.563280342024967
1968.0,1.9680000000000035,7.565780342024979
1968.5,1.9684999999999988,7.563419228116395
1969.0,1.9690000000000012,7.565919228116407
1969.5,1.9694999999999965,7.568419228116383
1970.0,1.9699999999999989,7.565969851287591
1970.5,1.9705000000000013,7.5684698512876025
1971.0,1.9710000000000036,7.5709698512876145
1971.5,1.971499999999999,7.568466475253217
1972.0,1.9720000000000013,7.570966475253229
1972.5,1.9724999999999966,7.5734664752532055
1973.0,1.972999999999999,7.570920985411647
1973.5,1.9735000000000014,7.5734209854116585
1974.0,1.9739999999999966,7.575920985411635
1974.5,1.974499999999999,7.573366828636523
1975.0,1.9750000000000014,7.575866828636535
1975.5,1.9754999999999967,7.578366828636511
1976.0,1.975999999999999,7.575839636316317
1976.5,1.9765000000000015,7.578339636316329
1977.0,1.9769999999999968,7.5808396363163055
1977.5,1.9774999999999991,7.578372139738185
1978.0,1.9780000000000015,7.580872139738197
1978.5,1.9784999999999968,7.583372139738174
1979.0,1.9789999999999992,7.581004826875279
1979.5,1.9795000000000016,7.583504826875291
1980.0,1.9799999999999969,7.586004826875268
1980.5,1.9804999999999993,7.5837595835608695
1981.0,1.9810000000000016,7.5862595835608815
1981.5,1.981499999999997,7.588759583560858
1982.0,1.9819999999999993,7.586661165100708
1982.5,1.9825000000000017,7.58916116510072
1983.0,1.982999999999997,7.591661165100696
1983.5,1.9834999999999994,7.589734614697576
1984.0,1.9840000000000018,7.592234614697588
1984.5,1.984499999999997,7.594734614697565
1985.0,1.9849999999999994,7.592992704993087
1985.5,1.9855000000000018,7.595492704993099
1986.0,1.985999999999997,7.597992704993075
1986.5,1.9864999999999995,7.5964466345101656
1987.0,1.9870000000000019,7.5989466345101775
1987.5,1.9874999999999972,7.601446634510154
1988.0,1.9879999999999995,7.600107466002299
1988.5,1.988500000000002,7.602607466002311
1989.0,1.9889999999999972,7.605107466002288
1989.5,1.9894999999999996,7.603918688419533
1990.0,1.990000000000002,7.606418688419545
1990.5,1.9904999999999973,7.6089186884195215
1991.0,1.9909999999999997,7.607855602056155
1991.5,1.991500000000002,7.610355602056167
1992.0,1.9919999999999973,7.612855602056143
1992.5,1.9924999999999997,7.611884206215613
1993.0,1.993000000000002,7.614384206215625
1993.5,1.9934999999999974,7.616884206215602
1994.0,1.9939999999999998,7.615949931423884
1994.5,1.9945000000000022,7.618449931423896
1995.0,1.9949999999999974,7.620949931423873
1995.5,1.9954999999999998,7.6200277704070984
1996.0,1.9960000000000022,7.62252777040711
1996.5,1.9964999999999975,7.625027770407087
1997.0,1.9969999999999999,7.624120686882883
1997.5,1.9975000000000023,7.6266206868828945
1998.0,1.9979999999999976,7.629120686882871
1998.5,1.9985,7.628228739598661
1999.0,1.9990000000000023,7.630728739598673
1999.5,1.9994999999999976,7.63322873959865
2000.0,2.0,7.632363482273767
2000.5,2.0005000000000024,7.634863482273779
2001.0,2.0009999999999977,7.637363482273756
2001.5,2.0015,7.636529781779693
2002.0,2.0020000000000024,7.639029781779705
2002.5,2.0024999999999977,7.641529781779681
2003.0,2.003,7.6407171829994525
2003.5,2.0035000000000025,7.643217182999464
2004.0,2.003999999999998,7.645717182999441
2004.5,2.0045,7.644916212511319
2005.0,2.0050000000000026,7.647416212511331
2005.5,2.005499999999998,7.649916212511307
2006.0,2.0060000000000002,7.6491296082092575
2006.5,2.0065000000000026,7.651629608209269
2007.0,2.006999999999998,7.654129608209246
2007.5,2.0075000000000003,7.653346166990218
2008.0,2.0080000000000027,7.65584616699023
2008.5,2.008499999999998,7.658346166990206
2009.0,2.0090000000000003,7.657549463123949
2009.5,2.0095000000000027,7.660049463123961
2010.0,2.009999999999998,7.662549463123938
2010.5,2.0105000000000004,7.66174185508973
2011.0,2.011000000000003,7.664241855089742
2011.5,2.011499999999998,7.666741855089718
2012.0,2.0120000000000005,7.6659225963903666
2012.5,2.012500000000003,7.6684225963903785
2013.0,2.012999999999998,7.670922596390355
2013.5,2.0135000000000005,7.670097996745433
2014.0,2.014000000000003,7.672597996745445
2014.5,2.014499999999998,7.675097996745421
2015.0,2.0150000000000006,7.674293767992282
2015.5,2.015500000000003,7.676793767992294
2016.0,2.0159999999999982,7.67929376799227
2016.5,2.0165000000000006,7.678493529844559
2017.0,2.017000000000003,7.680993529844571
2017.5,2.0174999999999983,7.683493529844547
2018.0,2.0180000000000007,7.6826933862744085
2018.5,2.018500000000003,7.68519338627442
2019.0,2.0189999999999984,7.687693386274397
2019.5,2.0195000000000007,7.686867194624405
2020.0,2.020000000000003,7.689367194624417
2020.5,2.0204999999999984,7.691867194624393
2021.0,2.021000000000001,7.690999178452884
2021.5,2.021500000000003,7.693499178452896
2022.0,2.0219999999999985,7.6959991784528725
2022.5,2.022500000000001,7.695051625812965
2023.0,2.0230000000000032,7.697551625812977
2023.5,2.0234999999999985,7.700051625812954
2024.0,2.024000000000001,7.699022609388955
2024.5,2.0245000000000033,7.701522609388967
2025.0,2.0249999999999986,7.704022609388943
2025.5,2.025500000000001,7.702914467130029
2026.0,2.0260000000000034,7.705414467130041
2026.5,2.0264999999999986,7.707914467130017
2027.0,2.027000000000001,7.706725097177447
2027.5,2.0275000000000034,7.709225097177459
2028.0,2.0279999999999987,7.711725097177435
2028.5,2.028500000000001,7.710461786094669
2029.0,2.0289999999999964,7.712961786094645
2029.5,2.0294999999999987,7.715461786094657
2030.0,2.030000000000001,7.714130817832299
2030.5,2.0305000000000035,7.716630817832311
2031.0,2.030999999999999,7.719130817832287
2031.5,2.031500000000001,7.717729827977884
2032.0,2.0319999999999965,7.72022982797786
2032.5,2.032499999999999,7.722729827977872
2033.0,2.0330000000000013,7.721260874626452
2033.5,2.0335000000000036,7.723760874626464
2034.0,2.033999999999999,7.7262608746264405
2034.5,2.0345000000000013,7.724710534072727
2035.0,2.0349999999999966,7.727210534072704
2035.5,2.035499999999999,7.729710534072716
2036.0,2.0360000000000014,7.728046772730366
2036.5,2.0365000000000038,7.730546772730378
2037.0,2.036999999999999,7.733046772730354
2037.5,2.0375000000000014,7.731262126052769
2038.0,2.0379999999999967,7.733762126052746
2038.5,2.038499999999999,7.7362621260527575
2039.0,2.0390000000000015,7.7387621260527695
2039.5,2.0394999999999968,7.7368589334944105
2040.0,2.039999999999999,7.739358933494422
2040.5,2.0405000000000015,7.741858933494434
2041.0,2.040999999999997,7.739849777351324
2041.5,2.041499999999999,7.742349777351336
2042.0,2.0420000000000016,7.744849777351348
2042.5,2.042499999999997,7.742733844516252
2043.0,2.0429999999999993,7.745233844516264
2043.5,2.0435000000000016,7.747733844516276
2044.0,2.043999999999997,7.745529300671983
2044.5,2.0444999999999993,7.748029300671995
2045.0,2.0450000000000017,7.750529300672007
2045.5,2.045499999999997,7.7482193787284
2046.0,2.0459999999999994,7.750719378728412
2046.5,2.0465000000000018,7.753219378728424
2047.0,2.046999999999997,7.750807247080047
2047.5,2.0474999999999994,7.753307247080059
2048.0,2.048000000000002,7.755807247080071
2048.5,2.048499999999997,7.753276444732506
2049.0,2.0489999999999995,7.755776444732518
2049.5,2.049500000000002,7.75827644473253
2050.0,2.049999999999997,7.755599288080539
2050.5,2.0504999999999995,7.758099288080551
2051.0,2.051000000000002,7.760599288080563
2051.5,2.051499999999997,7.757757789602415
2052.0,2.0519999999999996,7.760257789602427
2052.5,2.052500000000002,7.762757789602439
2053.0,2.0529999999999973,7.759763423401438
2053.5,2.0534999999999997,7.76226342340145
2054.0,2.054000000000002,7.764763423401462
2054.5,2.0544999999999973,7.761640529851412
2055.0,2.0549999999999997,7.764140529851424
2055.5,2.055500000000002,7.766640529851436
2056.0,2.0559999999999974,7.763397746671217
2056.5,2.0564999999999998,7.765897746671229
2057.0,2.057000000000002,7.768397746671241
2057.5,2.0574999999999974,7.765054318546021
2058.0,2.058,7.767554318546033
2058.5,2.058500000000002,7.770054318546045
2059.0,2.0589999999999975,7.766650971433755
2059.5,2.0595,7.769150971433767
2060.0,2.0600000000000023,7.771650971433779
2060.5,2.0604999999999976,7.768223633835305
2061.0,2.061,7.770723633835317
2061.5,2.0615000000000023,7.773223633835329
2062.0,2.0619999999999976,7.769794587755783
2062.5,2.0625,7.772294587755795
2063.0,2.0630000000000024,7.774794587755807
2063.5,2.0634999999999977,7.771410543038293
2064.0,2.064,7.773910543038305
2064.5,2.0645000000000024,7.776410543038317
2065.0,2.0649999999999977,7.773113163220202
2065.5,2.0655,7.775613163220214
2066.0,2.0660000000000025,7.778113163220226
2066.5,2.066499999999998,7.774943589707171
2067.0,2.067,7.7774435897071825
2067.5,2.0675000000000026,7.7799435897071945
2068.0,2.067999999999998,7.776920412167065
2068.5,2.0685000000000002,7.779420412167077
2069.0,2.0690000000000026,7.781920412167089
2069.5,2.069499999999998,7.779040270206821
2070.0,2.0700000000000003,7.781540270206833
2070.5,2.0705000000000027,7.7840402702068445
2071.0,2.070999999999998,7.781280537231083
2071.5,2.0715000000000003,7.783780537231095
2072.0,2.0720000000000027,7.786280537231107
2072.5,2.072499999999998,7.783612219777538
2073.0,2.0730000000000004,7.78611221977755
2073.5,2.073500000000003,7.788612219777562
2074.0,2.073999999999998,7.786025587256624
2074.5,2.0745000000000005,7.788525587256636
2075.0,2.075000000000003,7.791025587256648
2075.5,2.075499999999998,7.788509453877097
2076.0,2.0760000000000005,7.791009453877109
2076.5,2.076500000000003,7.793509453877121
2077.0,2.076999999999998,7.791058741936467
2077.5,2.0775000000000006,7.793558741936479
2078.0,2.078000000000003,7.796058741936491
2078.5,2.0784999999999982,7.793679540937255
2079.0,2.0790000000000006,7.796179540937267
2079.5,2.079500000000003,7.798679540937279
2080.0,2.0799999999999983,7.796387658234245
2080.5,2.0805000000000007,7.798887658234257
2081.0,2.081000000000003,7.801387658234269
2081.5,2.0814999999999984,7.79920949186625
2082.0,2.0820000000000007,7.801709491866262
2082.5,2.082500000000003,7.804209491866274
2083.0,2.0829999999999984,7.802200308178158
2083.5,2.083500000000001,7.80470030817817
2084.0,2.084000000000003,7.807200308178182
2084.5,2.0844999999999985,7.805369709103971
2085.0,2.085000000000001,7.807869709103983
2085.5,2.0855000000000032,7.810369709103995
2086.0,2.0859999999999985,7.808714391859937
2086.5,2.086500000000001,7.811214391859949
2087.0,2.0870000000000033,7.8137143918599605
2087.5,2.0874999999999986,7.812211778733413
2088.0,2.088000000000001,7.814711778733425
2088.5,2.0885000000000034,7.817211778733437
2089.0,2.0889999999999986,7.8158129515326635
2089.5,2.089500000000001,7.8183129515326755
2090.0,2.0900000000000034,7.820812951532687
2090.5,2.0904999999999987,7.81948960202989
2091.0,2.091000000000001,7.821989602029902
2091.5,2.0914999999999964,7.824489602029878
2092.0,2.0919999999999987,7.8231961717362
2092.5,2.092500000000001,7.825696171736212
2093.0,2.0930000000000035,7.828196171736224
2093.5,2.093499999999999,7.82691319206144
2094.0,2.094000000000001,7.829413192061452
2094.5,2.0944999999999965,7.831913192061428
2095.0,2.094999999999999,7.830633597364596
2095.5,2.0955000000000013,7.833133597364608
2096.0,2.0960000000000036,7.83563359736462
2096.5,2.096499999999999,7.834368906911884
2097.0,2.0970000000000013,7.836868906911896
2097.5,2.0974999999999966,7.839368906911872
2098.0,2.097999999999999,7.838142290946131
2098.5,2.0985000000000014,7.840642290946143
2099.0,2.0990000000000038,7.843142290946155
2099.5,2.099499999999999,7.8419366791078104
2100.0,2.1000000000000014,7.844436679107822
2100.5,2.1004999999999967,7.846936679107799
2101.0,2.100999999999999,7.845743334409292
2101.5,2.1015000000000015,7.848243334409304
2102.0,2.1019999999999968,7.85074333440928
2102.5,2.102499999999999,7.849511844521402
2103.0,2.1030000000000015,7.852011844521414
2103.5,2.103499999999997,7.85451184452139
2104.0,2.103999999999999,7.853204795689983
2104.5,2.1045000000000016,7.855704795689995
2105.0,2.104999999999997,7.858204795689971
2105.5,2.1054999999999993,7.856784617461656
2106.0,2.1060000000000016,7.859284617461668
2106.5,2.106499999999997,7.861784617461645
2107.0,2.1069999999999993,7.8602352030232225
2107.5,2.1075000000000017,7.8627352030232345
2108.0,2.107999999999997,7.865235203023211
2108.5,2.1084999999999994,7.8635433713989045
2109.0,2.1090000000000018,7.866043371398916
2109.5,2.109499999999997,7.868543371398893
2110.0,2.1099999999999994,7.866713771707943
2110.5,2.110500000000002,7.869213771707955
2111.0,2.110999999999997,7.871713771707931
2111.5,2.1114999999999995,7.869769564787994
2112.0,2.112000000000002,7.872269564788006
2112.5,2.112499999999997,7.874769564787982
2113.0,2.1129999999999995,7.872740555617668
2113.5,2.113500000000002,7.87524055561768
2114.0,2.113999999999997,7.877740555617656
2114.5,2.1144999999999996,7.880240555617668
2115.0,2.115000000000002,7.8781942575745845
2115.5,2.1154999999999973,7.880694257574561
2116.0,2.1159999999999997,7.883194257574573
2116.5,2.116500000000002,7.881185913677804
2117.0,2.1169999999999973,7.88368591367778
2117.5,2.1174999999999997,7.886185913677792
2118.0,2.118000000000002,7.88425645779018
2118.5,2.1184999999999974,7.886756457790156
2119.0,2.1189999999999998,7.889256457790168
2119.5,2.119500000000002,7.887419526049264
2120.0,2.1199999999999974,7.8899195260492405
2120.5,2.1205,7.8924195260492525
2121.0,2.121000000000002,7.890692632792877
2121.5,2.1214999999999975,7.893192632792854
2122.0,2.122,7.895692632792866
2122.5,2.1225000000000023,7.89406164761818
2123.0,2.1229999999999976,7.896561647618157
2123.5,2.1235,7.8990616476181685
2124.0,2.1240000000000023,7.897503371700516
2124.5,2.1244999999999976,7.9000033717004925
2125.0,2.125,7.902503371700504
2125.5,2.1255000000000024,7.900991964459223
2126.0,2.1259999999999977,7.903491964459199
2126.5,2.1265,7.905991964459211
2127.0,2.1270000000000024,7.904508770475793
2127.5,2.1274999999999977,7.90700877047577
2128.0,2.128,7.909508770475782
2128.5,2.1285000000000025,7.908041082035844
2129.0,2.128999999999998,7.91054108203582
2129.5,2.1295,7.913041082035832
2130.0,2.1300000000000026,7.911552923815641
2130.5,2.130499999999998,7.914052923815618
2131.0,2.1310000000000002,7.91655292381563
2131.5,2.1315000000000026,7.915008394923007
2132.0,2.131999999999998,7.917508394922983
2132.5,2.1325000000000003,7.920008394922995
2133.0,2.1330000000000027,7.918400967330221
2133.5,2.133499999999998,7.920900967330198
2134.0,2.1340000000000003,7.92340096733021
2134.5,2.1345000000000027,7.921696350925025
2135.0,2.134999999999998,7.924196350925001
2135.5,2.1355000000000004,7.926696350925013
2136.0,2.136000000000003,7.924868979224193
2136.5,2.136499999999998,7.92736897922417
2137.0,2.1370000000000005,7.929868979224182
2137.5,2.137500000000003,7.927917185636026
2138.0,2.137999999999998,7.930417185636003
2138.5,2.1385000000000005,7.932917185636015
2139.0,2.139000000000003,7.93082589168538
2139.5,2.139499999999998,7.933325891685357
2140.0,2.1400000000000006,7.935825891685369
2140.5,2.140500000000003,7.933586754352007
2141.0,2.1409999999999982,7.936086754351983
2141.5,2.1415000000000006,7.938586754351995
2142.0,2.142000000000003,7.936203964357915
2142.5,2.1424999999999983,7.938703964357892
2143.0,2.1430000000000007,7.9412039643579035
2143.5,2.143500000000003,7.9386641381635314
2144.0,2.1439999999999984,7.941164138163508
2144.5,2.1445000000000007,7.94366413816352
2145.0,2.145000000000003,7.941000276094492
2145.5,2.1454999999999984,7.943500276094468
2146.0,2.146000000000001,7.94600027609448
2146.5,2.146500000000003,7.943213304342045
2147.0,2.1469999999999985,7.945713304342021
2147.5,2.147500000000001,7.948213304342033
2148.0,2.1480000000000032,7.94533591028646
2148.5,2.1484999999999985,7.947835910286436
2149.0,2.149000000000001,7.950335910286448
2149.5,2.1495000000000033,7.947404843472512
2150.0,2.1499999999999986,7.949904843472488
2150.5,2.150500000000001,7.9524048434725
2151.0,2.1510000000000034,7.949465286546946
2151.5,2.1514999999999986,7.951965286546923
2152.0,2.152000000000001,7.9544652865469345
2152.5,2.1525000000000034,7.951569251305912
2153.0,2.1529999999999987,7.954069251305889
2153.5,2.153500000000001,7.9565692513059005
2154.0,2.1539999999999964,7.953754575400431
2154.5,2.1544999999999987,7.956254575400443
2155.0,2.155000000000001,7.958754575400455
2155.5,2.1555000000000035,7.956045280080346
2156.0,2.155999999999999,7.9585452800803225
2156.5,2.156500000000001,7.961045280080334
2157.0,2.1569999999999965,7.958441872443842
2157.5,2.157499999999999,7.960941872443854
2158.0,2.1580000000000013,7.963441872443866
2158.5,2.1585000000000036,7.960922144282208
2159.0,2.158999999999999,7.963422144282184
2159.5,2.1595000000000013,7.965922144282196
2160.0,2.1599999999999966,7.9634725651893845
2160.5,2.160499999999999,7.9659725651893964
2161.0,2.1610000000000014,7.968472565189408
2161.5,2.1615000000000038,7.966063525411506
2162.0,2.161999999999999,7.968563525411483
2162.5,2.1625000000000014,7.971063525411495
2163.0,2.1629999999999967,7.968698344846601
2163.5,2.163499999999999,7.971198344846613
2164.0,2.1640000000000015,7.973698344846625
2164.5,2.1644999999999968,7.971355944806504
2165.0,2.164999999999999,7.973855944806516
2165.5,2.1655000000000015,7.976355944806528
2166.0,2.165999999999997,7.974039180033969
2166.5,2.166499999999999,7.976539180033981
2167.0,2.1670000000000016,7.979039180033993
2167.5,2.167499999999997,7.97678342677326
2168.0,2.1679999999999993,7.9792834267732715
2168.5,2.1685000000000016,7.9817834267732835
2169.0,2.168999999999997,7.979598906479453
2169.5,2.1694999999999993,7.9820989064794645
2170.0,2.1700000000000017,7.9845989064794765
2170.5,2.170499999999997,7.982485023349426
2171.0,2.1709999999999994,7.984985023349438
2171.5,2.1715000000000018,7.98748502334945
2172.0,2.171999999999997,7.985454855874998
2172.5,2.1724999999999994,7.98795485587501
2173.0,2.173000000000002,7.990454855875022
2173.5,2.173499999999997,7.988487919554181
2174.0,2.1739999999999995,7.990987919554193
2174.5,2.174500000000002,7.993487919554205
2175.0,2.174999999999997,7.991554181083309
2175.5,2.1754999999999995,7.994054181083321
2176.0,2.176000000000002,7.996554181083333
2176.5,2.176499999999997,7.994613751059632
2177.0,2.1769999999999996,7.9971137510596435
2177.5,2.177500000000002,7.999613751059655
2178.0,2.1779999999999973,7.997633891734743
2178.5,2.1784999999999997,8.000133891734755
2179.0,2.179000000000002,8.002633891734767
2179.5,2.1794999999999973,8.000606457595936
2180.0,2.1799999999999997,8.003106457595948
2180.5,2.180500000000002,8.00560645759596
2181.0,2.1809999999999974,8.003521100820734
2181.5,2.1814999999999998,8.006021100820746
2182.0,2.182000000000002,8.008521100820758
2182.5,2.1824999999999974,8.00641926425424
2183.0,2.183,8.008919264254253
2183.5,2.183500000000002,8.011419264254265
2184.0,2.1839999999999975,8.00933539786353
2184.5,2.1845,8.011835397863543
2185.0,2.1850000000000023,8.014335397863555
2185.5,2.1854999999999976,8.012288152048725
2186.0,2.186,8.014788152048737
2186.5,2.1865000000000023,8.01728815204875
2187.0,2.1869999999999976,8.015299255959256
2187.5,2.1875,8.017799255959268
2188.0,2.1880000000000024,8.02029925595928
2188.5,2.1884999999999977,8.018358039339795
2189.0,2.189,8.020858039339807
2189.5,2.1895000000000024,8.023358039339819
2190.0,2.1899999999999977,8.025858039339795
2190.5,2.1905,8.023942902736145
2191.0,2.1910000000000025,8.026442902736157
2191.5,2.191499999999998,8.028942902736134
2192.0,2.192,8.027037159865529
2192.5,2.1925000000000026,8.02953715986554
2193.0,2.192999999999998,8.032037159865517
2193.5,2.1935000000000002,8.030122522991867
2194.0,2.1940000000000026,8.032622522991879
2194.5,2.194499999999998,8.035122522991855
2195.0,2.1950000000000003,8.033182887722248
2195.5,2.1955000000000027,8.03568288772226
2196.0,2.195999999999998,8.038182887722236
2196.5,2.1965000000000003,8.036181266792433
2197.0,2.1970000000000027,8.038681266792445
2197.5,2.197499999999998,8.041181266792421
2198.0,2.1980000000000004,8.03910454342919
2198.5,2.198500000000003,8.041604543429202
2199.0,2.198999999999998,8.044104543429178
2199.5,2.1995000000000005,8.041955396144438
2200.0,2.200000000000003,8.04445539614445
2200.5,2.200499999999998,8.046955396144426
2201.0,2.2010000000000005,8.04474168257574
2201.5,2.201500000000003,8.047241682575752
2202.0,2.201999999999998,8.049741682575728
2202.5,2.2025000000000006,8.047444074032128
2203.0,2.203000000000003,8.04994407403214
2203.5,2.2034999999999982,8.052444074032117
2204.0,2.2040000000000006,8.050019475283818
2204.5,2.204500000000003,8.05251947528383
2205.0,2.2049999999999983,8.055019475283807
2205.5,2.2055000000000007,8.05243910561515
2206.0,2.206000000000003,8.054939105615162
2206.5,2.2064999999999984,8.057439105615138
2207.0,2.2070000000000007,8.054716667498347
2207.5,2.207500000000003,8.05721666749836
2208.0,2.2079999999999984,8.059716667498336
2208.5,2.208500000000001,8.056870094348731
2209.0,2.209000000000003,8.059370094348743
2209.5,2.2094999999999985,8.06187009434872
2210.0,2.210000000000001,8.058939796808282
2210.5,2.2105000000000032,8.061439796808294
2211.0,2.2109999999999985,8.06393979680827
2211.5,2.211500000000001,8.060962947586603
2212.0,2.2120000000000033,8.063462947586615
2212.5,2.2124999999999986,8.065962947586591
2213.0,2.213000000000001,8.062952174066353
2213.5,2.2135000000000034,8.065452174066365
2214.0,2.2139999999999986,8.067952174066342
2214.5,2.214500000000001,8.06491240202682
2215.0,2.2150000000000034,8.067412402026832
2215.5,2.2154999999999987,8.069912402026809
2216.0,2.216000000000001,8.066849459268468
2216.5,2.2164999999999964,8.069349459268444
2217.0,2.2169999999999987,8.071849459268456
2217.5,2.217500000000001,8.068758474467472
2218.0,2.2180000000000035,8.071258474467484
2218.5,2.218499999999999,8.07375847446746
2219.0,2.219000000000001,8.070646626659936
2219.5,2.2194999999999965,8.073146626659913
2220.0,2.219999999999999,8.075646626659925
2220.5,2.2205000000000013,8.072517025264432
2221.0,2.2210000000000036,8.075017025264444
2221.5,2.221499999999999,8.07751702526442
2222.0,2.2220000000000013,8.07436823846043
2222.5,2.2224999999999966,8.076868238460406
2223.0,2.222999999999999,8.079368238460418
2223.5,2.2235000000000014,8.076185382713845
2224.0,2.2240000000000038,8.078685382713857
2224.5,2.224499999999999,8.081185382713834
2225.0,2.2250000000000014,8.077964729439273
2225.5,2.2254999999999967,8.08046472943925
2226.0,2.225999999999999,8.082964729439261
2226.5,2.2265000000000015,8.079700711069648
2227.0,2.2269999999999968,8.082200711069625
2227.5,2.227499999999999,8.084700711069637
2228.0,2.2280000000000015,8.081383853917394
2228.5,2.228499999999997,8.08388385391737
2229.0,2.228999999999999,8.086383853917383
2229.5,2.2295000000000016,8.083017113996753
2230.0,2.229999999999997,8.08551711399673
2230.5,2.2304999999999993,8.088017113996742
2231.0,2.2310000000000016,8.084592516342148
2231.5,2.231499999999997,8.087092516342125
2232.0,2.2319999999999993,8.089592516342137
2232.5,2.2325000000000017,8.086118698147509
2233.0,2.232999999999997,8.088618698147485
2233.5,2.2334999999999994,8.091118698147497
2234.0,2.2340000000000018,8.087627670021185
2234.5,2.234499999999997,8.090127670021161
2235.0,2.2349999999999994,8.092627670021173
2235.5,2.235500000000002,8.089135848102984
2236.0,2.235999999999997,8.09163584810296
2236.5,2.2364999999999995,8.094135848102972
2237.0,2.237000000000002,8.090671747892415
2237.5,2.237499999999997,8.093171747892391
2238.0,2.2379999999999995,8.095671747892403
2238.5,2.238500000000002,8.092259954939749
2239.0,2.238999999999997,8.094759954939725
2239.5,2.2394999999999996,8.097259954939737
2240.0,2.240000000000002,8.093925342796311
2240.5,2.2404999999999973,8.096425342796287
2241.0,2.2409999999999997,8.0989253427963
2241.5,2.241500000000002,8.095650160865766
2242.0,2.2419999999999973,8.098150160865742
2242.5,2.2424999999999997,8.100650160865754
2243.0,2.243000000000002,8.097459018161715
2243.5,2.2434999999999974,8.099959018161691
2244.0,2.2439999999999998,8.102459018161703
2244.5,2.244500000000002,8.09936269197678
2245.0,2.2449999999999974,8.101862691976756
2245.5,2.2455,8.104362691976768
2246.0,2.246000000000002,8.101384826551232
2246.5,2.2464999999999975,8.103884826551209
2247.0,2.247,8.10638482655122
2247.5,2.2475000000000023,8.1035481444788
2248.0,2.2479999999999976,8.106048144478777
2248.5,2.2485,8.108548144478789
2249.0,2.2490000000000023,8.105887796548501
2249.5,2.2494999999999976,8.108387796548477
2250.0,2.25,8.11088779654849
2250.5,2.2505000000000024,8.10843068985072
2251.0,2.2509999999999977,8.110930689850697
2251.5,2.2515,8.11343068985071
2252.0,2.2520000000000024,8.111176296152713
2252.5,2.2524999999999977,8.11367629615269
2253.0,2.253,8.116176296152702
2253.5,2.2535000000000025,8.114120287272293
2254.0,2.253999999999998,8.11662028727227
2254.5,2.2545,8.119120287272281
2255.0,2.2550000000000026,8.117234818841865
2255.5,2.255499999999998,8.119734818841842
2256.0,2.2560000000000002,8.122234818841854
2256.5,2.2565000000000026,8.120472029523746
2257.0,2.256999999999998,8.122972029523723
2257.5,2.2575000000000003,8.125472029523735
2258.0,2.2580000000000027,8.12379409770287
2258.5,2.258499999999998,8.126294097702846
2259.0,2.2590000000000003,8.128794097702858
2259.5,2.2595000000000027,8.127162401066563
2260.0,2.259999999999998,8.12966240106654
2260.5,2.2605000000000004,8.132162401066552
2261.0,2.261000000000003,8.13054021526348
2261.5,2.261499999999998,8.133040215263456
2262.0,2.2620000000000005,8.135540215263468
2262.5,2.262500000000003,8.133903775373383
2263.0,2.262999999999998,8.13640377537336
2263.5,2.2635000000000005,8.138903775373372
2264.0,2.264000000000003,8.137244325808304
2264.5,2.264499999999998,8.13974432580828
2265.0,2.2650000000000006,8.142244325808292
2265.5,2.265500000000003,8.144744325808304
2266.0,2.2659999999999982,8.1430721900578
2266.5,2.2665000000000006,8.145572190057813
2267.0,2.267000000000003,8.148072190057825
2267.5,2.2674999999999983,8.146368287365142
2268.0,2.2680000000000007,8.148868287365154
2268.5,2.268500000000003,8.151368287365166
2269.0,2.2689999999999984,8.149619218971864
2269.5,2.2695000000000007,8.152119218971876
2270.0,2.270000000000003,8.154619218971888
2270.5,2.2704999999999984,8.152796951905792
2271.0,2.271000000000001,8.155296951905804
2271.5,2.271500000000003,8.157796951905816
2272.0,2.2719999999999985,8.155886386981024
2272.5,2.272500000000001,8.158386386981036
2273.0,2.2730000000000032,8.160886386981048
2273.5,2.2734999999999985,8.158854984517276
2274.0,2.274000000000001,8.161354984517288
2274.5,2.2745000000000033,8.1638549845173
2275.0,2.2749999999999986,8.161686982741863
2275.5,2.275500000000001,8.164186982741874
2276.0,2.2760000000000034,8.166686982741886
2276.5,2.2764999999999986,8.164378666856038
2277.0,2.277000000000001,8.16687866685605
2277.5,2.2775000000000034,8.169378666856062
2278.0,2.2779999999999987,8.166941197898083
2278.5,2.278500000000001,8.169441197898095
2279.0,2.2789999999999964,8.171941197898072
2279.5,2.2794999999999987,8.169415021383308
2280.0,2.280000000000001,8.17191502138332
2280.5,2.2805000000000035,8.174415021383332
2281.0,2.280999999999999,8.171871356437599
2281.5,2.281500000000001,8.17437135643761
2282.0,2.2819999999999965,8.176871356437587
2282.5,2.282499999999999,8.174357666870726
2283.0,2.2830000000000013,8.176857666870738
2283.5,2.2835000000000036,8.17935766687075
2284.0,2.283999999999999,8.17688723870475
2284.5,2.2845000000000013,8.179387238704763
2285.0,2.2849999999999966,8.18188723870474
2285.5,2.285499999999999,8.179467574791168
2286.0,2.2860000000000014,8.18196757479118
2286.5,2.2865000000000038,8.184467574791192
2287.0,2.286999999999999,8.18209035958926
2287.5,2.2875000000000014,8.184590359589272
2288.0,2.2879999999999967,8.187090359589249
2288.5,2.288499999999999,8.184733933528356
2289.0,2.2890000000000015,8.187233933528368
2289.5,2.2894999999999968,8.189733933528345
2290.0,2.289999999999999,8.187386956022848
2290.5,2.2905000000000015,8.18988695602286
2291.0,2.290999999999997,8.192386956022837
2291.5,2.291499999999999,8.190033305579512
2292.0,2.2920000000000016,8.192533305579524
2292.5,2.292499999999997,8.1950333055795
2293.0,2.2929999999999993,8.192638800668988
2293.5,2.2935000000000016,8.195138800669
2294.0,2.293999999999997,8.197638800668976
2294.5,2.2944999999999993,8.195181263644855
2295.0,2.2950000000000017,8.197681263644867
2295.5,2.295499999999997,8.200181263644843
2296.0,2.2959999999999994,8.197624047249725
2296.5,2.2965000000000018,8.200124047249737
2297.0,2.296999999999997,8.202624047249714
2297.5,2.2974999999999994,8.19994750905849
2298.0,2.298000000000002,8.202447509058501
2298.5,2.298499999999997,8.204947509058478
2299.0,2.2989999999999995,8.20211393433624
2299.5,2.299500000000002,8.204613934336251
2300.0,2.299999999999997,8.207113934336228
2300.5,2.3004999999999995,8.204087107960909
2301.0,2.301000000000002,8.206587107960921
2301.5,2.301499999999997,8.209087107960897
2302.0,2.3019999999999996,8.205840080440012
2302.5,2.302500000000002,8.208340080440024
2303.0,2.3029999999999973,8.21084008044
2303.5,2.3034999999999997,8.207372894254377
2304.0,2.304000000000002,8.209872894254389
2304.5,2.3044999999999973,8.212372894254365
2305.0,2.3049999999999997,8.208723195082968
2305.5,2.305500000000002,8.21122319508298
2306.0,2.3059999999999974,8.213723195082956
2306.5,2.3064999999999998,8.209961556834138
2307.0,2.307000000000002,8.21246155683415
2307.5,2.3074999999999974,8.214961556834126
2308.0,2.308,8.21115615550962
2308.5,2.308500000000002,8.213656155509632
2309.0,2.3089999999999975,8.216156155509609
2309.5,2.3095,8.212371802351974
2310.0,2.3100000000000023,8.214871802351986
2310.5,2.3104999999999976,8.217371802351963
2311.0,2.311,8.213688873564742
2311.5,2.3115000000000023,8.216188873564754
2312.0,2.3119999999999976,8.21868887356473
2312.5,2.3125,8.215142098346355
2313.0,2.3130000000000024,8.217642098346367
2313.5,2.3134999999999977,8.220142098346344
2314.0,2.314,8.21676999032789
2314.5,2.3145000000000024,8.219269990327902
2315.0,2.3149999999999977,8.221769990327878
2315.5,2.3155,8.218601092340947
2316.0,2.3160000000000025,8.221101092340959
2316.5,2.316499999999998,8.223601092340935
2317.0,2.317,8.220644960103023
2317.5,2.3175000000000026,8.223144960103035
2318.0,2.317999999999998,8.225644960103011
2318.5,2.3185000000000002,8.222902923269473
2319.0,2.3190000000000026,8.225402923269485
2319.5,2.319499999999998,8.227902923269461
2320.0,2.3200000000000003,8.225373356997174
2320.5,2.3205000000000027,8.227873356997186
2321.0,2.320999999999998,8.230373356997163
2321.5,2.3215000000000003,8.228030544039626
2322.0,2.3220000000000027,8.230530544039638
2322.5,2.322499999999998,8.233030544039615
2323.0,2.3230000000000004,8.230807422272584
2323.5,2.323500000000003,8.233307422272595
2324.0,2.323999999999998,8.235807422272572
2324.5,2.3245000000000005,8.233641983449402
2325.0,2.325000000000003,8.236141983449414
2325.5,2.325499999999998,8.23864198344939
2326.0,2.3260000000000005,8.236461749274078
2326.5,2.326500000000003,8.23896174927409
2327.0,2.326999999999998,8.241461749274066
2327.5,2.3275000000000006,8.239218383196985
2328.0,2.328000000000003,8.241718383196996
2328.5,2.3284999999999982,8.244218383196973
2329.0,2.3290000000000006,8.241875908923468
2329.5,2.329500000000003,8.24437590892348
2330.0,2.3299999999999983,8.246875908923457
2330.5,2.3305000000000007,8.2443891488618
2331.0,2.331000000000003,8.246889148861811
2331.5,2.3314999999999984,8.249389148861788
2332.0,2.3320000000000007,8.246744898487677
2332.5,2.332500000000003,8.249244898487689
2333.0,2.3329999999999984,8.251744898487665
2333.5,2.333500000000001,8.248937555630924
2334.0,2.334000000000003,8.251437555630936
2334.5,2.3344999999999985,8.253937555630912
2335.0,2.335000000000001,8.25098804952102
2335.5,2.3355000000000032,8.253488049521032
2336.0,2.3359999999999985,8.255988049521008
2336.5,2.336500000000001,8.252931856878902
2337.0,2.3370000000000033,8.255431856878914
2337.5,2.3374999999999986,8.25793185687889
2338.0,2.338000000000001,8.25478030890391
2338.5,2.3385000000000034,8.257280308903923
2339.0,2.3389999999999986,8.259780308903899
2339.5,2.339500000000001,8.256546991754803
2340.0,2.3400000000000034,8.259046991754815
2340.5,2.3404999999999987,8.261546991754791
2341.0,2.341000000000001,8.264046991754803
2341.5,2.3414999999999964,8.260762515419664
2342.0,2.3419999999999987,8.263262515419676
2342.5,2.342500000000001,8.265762515419688
2343.0,2.3430000000000035,8.262457246101818
2343.5,2.343499999999999,8.264957246101794
2344.0,2.344000000000001,8.267457246101806
2344.5,2.3444999999999965,8.264169049502996
2345.0,2.344999999999999,8.266669049503008
2345.5,2.3455000000000013,8.26916904950302
2346.0,2.3460000000000036,8.265951088150238
2346.5,2.346499999999999,8.268451088150215
2347.0,2.3470000000000013,8.270951088150227
2347.5,2.3474999999999966,8.267871249672432
2348.0,2.347999999999999,8.270371249672444
2348.5,2.3485000000000014,8.272871249672455
2349.0,2.3490000000000038,8.269999500648169
2349.5,2.349499999999999,8.272499500648145
2350.0,2.3500000000000014,8.274999500648157
2350.5,2.3504999999999967,8.272368407135815
2351.0,2.350999999999999,8.274868407135827
2351.5,2.3515000000000015,8.277368407135839
2352.0,2.3519999999999968,8.274990867625256
2352.5,2.352499999999999,8.277490867625268
2353.0,2.3530000000000015,8.27999086762528
2353.5,2.353499999999997,8.277847788775965
2354.0,2.353999999999999,8.280347788775977
2354.5,2.3545000000000016,8.282847788775989
2355.0,2.354999999999997,8.280905921268413
2355.5,2.3554999999999993,8.283405921268425
2356.0,2.3560000000000016,8.285905921268437
2356.5,2.356499999999997,8.28410905756467
2357.0,2.3569999999999993,8.286609057564682
2357.5,2.3575000000000017,8.289109057564694
2358.0,2.357999999999997,8.287402387989928
2358.5,2.3584999999999994,8.28990238798994
2359.0,2.3590000000000018,8.292402387989952
2359.5,2.359499999999997,8.290710135438069
2360.0,2.3599999999999994,8.29321013543808
2360.5,2.360500000000002,8.295710135438092
2361.0,2.360999999999997,8.29398193919566
2361.5,2.3614999999999995,8.296481939195672
2362.0,2.362000000000002,8.298981939195684
2362.5,2.362499999999997,8.297196277395749
2363.0,2.3629999999999995,8.29969627739576
2363.5,2.363500000000002,8.302196277395772
2364.0,2.363999999999997,8.300365038908879
2364.5,2.3644999999999996,8.302865038908891
2365.0,2.365000000000002,8.305365038908903
2365.5,2.3654999999999973,8.30351492896888
2366.0,2.3659999999999997,8.306014928968892
2366.5,2.366500000000002,8.308514928968904
2367.0,2.3669999999999973,8.30667841284022
2367.5,2.3674999999999997,8.309178412840232
2368.0,2.368000000000002,8.311678412840244
2368.5,2.3684999999999974,8.309855914663906
2369.0,2.3689999999999998,8.312355914663918
2369.5,2.369500000000002,8.31485591466393
2370.0,2.3699999999999974,8.313035733509366
2370.5,2.3705,8.315535733509378
2371.0,2.371000000000002,8.31803573350939
2371.5,2.3714999999999975,8.316207688955757
2372.0,2.372,8.318707688955769
2372.5,2.3725000000000023,8.32120768895578
2373.0,2.3729999999999976,8.319346646352948
2373.5,2.3735,8.32184664635296
2374.0,2.3740000000000023,8.324346646352971
2374.5,2.3744999999999976,8.322427343837404
2375.0,2.375,8.324927343837416
2375.5,2.3755000000000024,8.327427343837428
2376.0,2.3759999999999977,8.325428361664606
2376.5,2.3765,8.327928361664618
2377.0,2.3770000000000024,8.33042836166463
2377.5,2.3774999999999977,8.328354493584769
2378.0,2.378,8.33085449358478
2378.5,2.3785000000000025,8.333354493584793
2379.0,2.378999999999998,8.3312300964133
2379.5,2.3795,8.333730096413312
2380.0,2.3800000000000026,8.336230096413324
2380.5,2.380499999999998,8.334073160044078
2381.0,2.3810000000000002,8.33657316004409
2381.5,2.3815000000000026,8.339073160044101
2382.0,2.381999999999998,8.336892371488531
2382.5,2.3825000000000003,8.339392371488543
2383.0,2.3830000000000027,8.341892371488555
2383.5,2.383499999999998,8.339689836773658
2384.0,2.3840000000000003,8.34218983677367
2384.5,2.3845000000000027,8.344689836773682
2385.0,2.384999999999998,8.342456615278877
2385.5,2.3855000000000004,8.344956615278889
2386.0,2.386000000000003,8.347456615278901
2386.5,2.386499999999998,8.345184730276642
2387.0,2.3870000000000005,8.347684730276654
2387.5,2.387500000000003,8.350184730276666
2388.0,2.387999999999998,8.347856227752928
2388.5,2.3885000000000005,8.35035622775294
2389.0,2.389000000000003,8.352856227752952
2389.5,2.389499999999998,8.350441996290243
2390.0,2.3900000000000006,8.352941996290255
2390.5,2.390500000000003,8.355441996290267
2391.0,2.3909999999999982,8.352940165166345
2391.5,2.3915000000000006,8.355440165166357
2392.0,2.392000000000003,8.357940165166369
2392.5,2.3924999999999983,8.355396304925868
2393.0,2.3930000000000007,8.35789630492588
2393.5,2.393500000000003,8.360396304925892
2394.0,2.3939999999999984,8.357850722781563
2394.5,2.3945000000000007,8.360350722781575
2395.0,2.395000000000003,8.362850722781587
2395.5,2.3954999999999984,8.36032712643167
2396.0,2.396000000000001,8.362827126431682
2396.5,2.396500000000003,8.365327126431694
2397.0,2.3969999999999985,8.362845203430957
2397.5,2.397500000000001,8.36534520343097
2398.0,2.3980000000000032,8.367845203430981
2398.5,2.3984999999999985,8.365395584162378
2399.0,2.399000000000001,8.36789558416239
2399.5,2.3995000000000033,8.370395584162402
2400.0,2.3999999999999986,8.367962462394587
2400.5,2.400500000000001,8.370462462394599
2401.0,2.4010000000000034,8.37296246239461
2401.5,2.4014999999999986,8.370535018267233
2402.0,2.402000000000001,8.373035018267245
2402.5,2.4025000000000034,8.375535018267257
2403.0,2.4029999999999987,8.37307463888969
2403.5,2.403500000000001,8.375574638889702
2404.0,2.4039999999999964,8.378074638889679
2404.5,2.4044999999999987,8.375536624388218
2405.0,2.405000000000001,8.37803662438823
2405.5,2.4055000000000035,8.380536624388242
2406.0,2.405999999999999,8.377895692266328
2406.5,2.406500000000001,8.38039569226634
2407.0,2.4069999999999965,8.382895692266317
2407.5,2.407499999999999,8.380104775140218
2408.0,2.4080000000000013,8.38260477514023
2408.5,2.4085000000000036,8.385104775140242
2409.0,2.408999999999999,8.382147308247916
2409.5,2.4095000000000013,8.384647308247928
2410.0,2.4099999999999966,8.387147308247904
2410.5,2.410499999999999,8.383999574418404
2411.0,2.4110000000000014,8.386499574418416
2411.5,2.4115000000000038,8.388999574418428
2412.0,2.411999999999999,8.385641153552115
2412.5,2.4125000000000014,8.388141153552127
2413.0,2.4129999999999967,8.390641153552103
2413.5,2.413499999999999,8.387080882134832
2414.0,2.4140000000000015,8.389580882134844
2414.5,2.4144999999999968,8.39208088213482
2415.0,2.414999999999999,8.388333248142708
2415.5,2.4155000000000015,8.39083324814272
2416.0,2.415999999999997,8.393333248142696
2416.5,2.416499999999999,8.395833248142708
2417.0,2.4170000000000016,8.391952886570095
2417.5,2.417499999999997,8.394452886570072
2418.0,2.4179999999999993,8.396952886570084
2418.5,2.4185000000000016,8.392995135984513
2419.0,2.418999999999997,8.39549513598449
2419.5,2.4194999999999993,8.397995135984502
2420.0,2.4200000000000017,8.394018103109566
2420.5,2.420499999999997,8.396518103109543
2421.0,2.4209999999999994,8.399018103109555
2421.5,2.4215000000000018,8.395083848183553
2422.0,2.421999999999997,8.39758384818353
2422.5,2.4224999999999994,8.400083848183542
2423.0,2.423000000000002,8.396233599148353
2423.5,2.423499999999997,8.39873359914833
2424.0,2.4239999999999995,8.401233599148341
2424.5,2.424500000000002,8.397474159243075
2425.0,2.424999999999997,8.399974159243051
2425.5,2.4254999999999995,8.402474159243063
2426.0,2.426000000000002,8.398814703642614
2426.5,2.426499999999997,8.40131470364259
2427.0,2.4269999999999996,8.403814703642603
2427.5,2.427500000000002,8.400270758923583
2428.0,2.4279999999999973,8.402770758923559
2428.5,2.4284999999999997,8.405270758923571
2429.0,2.429000000000002,8.401840891631771
2429.5,2.4294999999999973,8.404340891631747
2430.0,2.4299999999999997,8.40684089163176
2430.5,2.430500000000002,8.403501305241434
2431.0,2.4309999999999974,8.40600130524141
2431.5,2.4314999999999998,8.408501305241423
2432.0,2.432000000000002,8.405218892938926
2432.5,2.4324999999999974,8.407718892938902
2433.0,2.433,8.410218892938914
2433.5,2.433500000000002,8.406941016004126
2434.0,2.4339999999999975,8.409441016004102
2434.5,2.4345,8.411941016004114
2435.0,2.4350000000000023,8.40861875972493
2435.5,2.4354999999999976,8.411118759724907
2436.0,2.436,8.413618759724919
2436.5,2.4365000000000023,8.410176911529383
2437.0,2.4369999999999976,8.41267691152936
2437.5,2.4375,8.415176911529372
2438.0,2.4380000000000024,8.411547504825485
2438.5,2.4384999999999977,8.414047504825461
2439.0,2.439,8.416547504825473
2439.5,2.4395000000000024,8.412685105838946
2440.0,2.4399999999999977,8.415185105838923
2440.5,2.4405,8.417685105838935
2441.0,2.4410000000000025,8.413563762971776
2441.5,2.441499999999998,8.416063762971753
2442.0,2.442,8.418563762971765
2442.5,2.4425000000000026,8.41417981574061
2443.0,2.442999999999998,8.416679815740586
2443.5,2.4435000000000002,8.419179815740598
2444.0,2.4440000000000026,8.414555265386454
2444.5,2.444499999999998,8.41705526538643
2445.0,2.4450000000000003,8.419555265386442
2445.5,2.4455000000000027,8.414738480717219
2446.0,2.445999999999998,8.417238480717195
2446.5,2.4465000000000003,8.419738480717207
2447.0,2.4470000000000027,8.414795380025808
2447.5,2.447499999999998,8.417295380025784
2448.0,2.4480000000000004,8.419795380025796
2448.5,2.448500000000003,8.41481752893202
2449.0,2.448999999999998,8.417317528931996
2449.5,2.4495000000000005,8.419817528932008
2450.0,2.450000000000003,8.414878782663706
2450.5,2.450499999999998,8.417378782663683
2451.0,2.4510000000000005,8.419878782663694
2451.5,2.451500000000003,8.415081660971317
2452.0,2.451999999999998,8.417581660971294
2452.5,2.4525000000000006,8.420081660971306
2453.0,2.453000000000003,8.415515827493927
2453.5,2.4534999999999982,8.418015827493903
2454.0,2.4540000000000006,8.420515827493915
2454.5,2.454500000000003,8.416239018261606
2455.0,2.4549999999999983,8.418739018261583
2455.5,2.4555000000000007,8.421239018261595
2456.0,2.456000000000003,8.417317791939034
2456.5,2.4564999999999984,8.41981779193901
2457.0,2.4570000000000007,8.422317791939022
2457.5,2.457500000000003,8.418769979661
2458.0,2.4579999999999984,8.421269979660977
2458.5,2.458500000000001,8.423769979660989
2459.0,2.459000000000003,8.420592172286483
2459.5,2.4594999999999985,8.42309217228646
2460.0,2.460000000000001,8.425592172286471
2460.5,2.4605000000000032,8.422751828530437
2461.0,2.4609999999999985,8.425251828530413
2461.5,2.461500000000001,8.427751828530425
2462.0,2.4620000000000033,8.42518905694785
2462.5,2.4624999999999986,8.427689056947827
2463.0,2.463000000000001,8.430189056947839
2463.5,2.4635000000000034,8.427842641221837
2464.0,2.4639999999999986,8.430342641221813
2464.5,2.464500000000001,8.432842641221825
2465.0,2.4650000000000034,8.430666291574127
2465.5,2.4654999999999987,8.433166291574103
2466.0,2.466000000000001,8.435666291574115
2466.5,2.4664999999999964,8.433621073186401
2467.0,2.4669999999999987,8.436121073186413
2467.5,2.467500000000001,8.438621073186425
2468.0,2.4680000000000035,8.4366549977209
2468.5,2.468499999999999,8.439154997720877
2469.0,2.469000000000001,8.441654997720889
2469.5,2.4694999999999965,8.439721950098864
2470.0,2.469999999999999,8.442221950098876
2470.5,2.4705000000000013,8.444721950098888
2471.0,2.4710000000000036,8.442768907607281
2471.5,2.471499999999999,8.445268907607257
2472.0,2.4720000000000013,8.44776890760727
2472.5,2.4724999999999966,8.44575112245618
2473.0,2.472999999999999,8.448251122456192
2473.5,2.4735000000000014,8.450751122456204
2474.0,2.4740000000000038,8.448628065019754
2474.5,2.474499999999999,8.45112806501973
2475.0,2.4750000000000014,8.453628065019743
2475.5,2.4754999999999967,8.451379953829736
2476.0,2.475999999999999,8.453879953829748
2476.5,2.4765000000000015,8.45637995382976
2477.0,2.4769999999999968,8.454008946690266
2477.5,2.477499999999999,8.456508946690278
2478.0,2.4780000000000015,8.45900894669029
2478.5,2.478499999999997,8.456559033528315
2479.0,2.478999999999999,8.459059033528327
2479.5,2.4795000000000016,8.461559033528339
2480.0,2.479999999999997,8.459105770263093
2480.5,2.4804999999999993,8.461605770263105
2481.0,2.4810000000000016,8.464105770263117
2481.5,2.481499999999997,8.461684889288676
2482.0,2.4819999999999993,8.464184889288688
2482.5,2.4825000000000017,8.4666848892887
2483.0,2.482999999999997,8.464316834816792
2483.5,2.4834999999999994,8.466816834816804
2484.0,2.4840000000000018,8.469316834816816
2484.5,2.484499999999997,8.467009913351085
2485.0,2.4849999999999994,8.469509913351096
2485.5,2.485500000000002,8.472009913351108
2486.0,2.485999999999997,8.469765547665062
2486.5,2.4864999999999995,8.472265547665074
2487.0,2.487000000000002,8.474765547665086
2487.5,2.487499999999997,8.47253585192803
2488.0,2.4879999999999995,8.475035851928041
2488.5,2.488500000000002,8.477535851928053
2489.0,2.488999999999997,8.475272702949752
2489.5,2.4894999999999996,8.477772702949764
2490.0,2.490000000000002,8.480272702949776
2490.5,2.4904999999999973,8.47792626411735
2491.0,2.4909999999999997,8.480426264117362
2491.5,2.491500000000002,8.482926264117374
2492.0,2.4919999999999973,8.48542626411735
2492.5,2.4924999999999997,8.48295785514079
2493.0,2.493000000000002,8.485457855140801
2493.5,2.4934999999999974,8.487957855140777
2494.0,2.4939999999999998,8.48534124896073
2494.5,2.494500000000002,8.487841248960741
2495.0,2.4949999999999974,8.490341248960718
2495.5,2.4955,8.487577374806676
2496.0,2.496000000000002,8.490077374806688
2496.5,2.4964999999999975,8.492577374806665
2497.0,2.497,8.489680936588009
2497.5,2.4975000000000023,8.49218093658802
2498.0,2.4979999999999976,8.494680936587997
2498.5,2.4985,8.491652880009894
2499.0,2.4990000000000023,8.494152880009906
2499.5,2.4994999999999976,8.496652880009883
2500.0,2.5,8.493478407576767
2500.5,2.5005000000000024,8.495978407576779
2501.0,2.5009999999999977,8.498478407576755
2501.5,2.5015,8.49513163752139
2502.0,2.5020000000000024,8.497631637521401
2502.5,2.5024999999999977,8.500131637521378
2503.0,2.503,8.496611387671216
2503.5,2.5035000000000025,8.499111387671228
2504.0,2.503999999999998,8.501611387671204
2504.5,2.5045,8.497911508633074
2505.0,2.5050000000000026,8.500411508633086
2505.5,2.505499999999998,8.502911508633062
2506.0,2.5060000000000002,8.499039032997686
2506.5,2.5065000000000026,8.501539032997698
2507.0,2.506999999999998,8.504039032997674
2507.5,2.5075000000000003,8.500011007989485
2508.0,2.5080000000000027,8.502511007989497
2508.5,2.508499999999998,8.505011007989474
2509.0,2.5090000000000003,8.500847860226095
2509.5,2.5095000000000027,8.503347860226107
2510.0,2.509999999999998,8.505847860226083
2510.5,2.5105000000000004,8.501558068957102
2511.0,2.511000000000003,8.504058068957114
2511.5,2.511499999999998,8.50655806895709
2512.0,2.5120000000000005,8.502169598474296
2512.5,2.512500000000003,8.504669598474308
2513.0,2.512999999999998,8.507169598474285
2513.5,2.5135000000000005,8.5027004908493
2514.0,2.514000000000003,8.505200490849312
2514.5,2.514499999999998,8.507700490849288
2515.0,2.5150000000000006,8.503158339829149
2515.5,2.515500000000003,8.50565833982916
2516.0,2.5159999999999982,8.508158339829137
2516.5,2.5165000000000006,8.503525108140302
2517.0,2.517000000000003,8.506025108140314
2517.5,2.5174999999999983,8.50852510814029
2518.0,2.5180000000000007,8.503790666253117
2518.5,2.518500000000003,8.506290666253129
2519.0,2.5189999999999984,8.508790666253105
2519.5,2.5195000000000007,8.50395866588915
2520.0,2.520000000000003,8.506458665889163
2520.5,2.5204999999999984,8.50895866588914
2521.0,2.521000000000001,8.504029392408867
2521.5,2.521500000000003,8.50652939240888
2522.0,2.5219999999999985,8.509029392408856
2522.5,2.522500000000001,8.504017398462125
2523.0,2.5230000000000032,8.506517398462137
2523.5,2.5234999999999985,8.509017398462113
2524.0,2.524000000000001,8.503953409081184
2524.5,2.5245000000000033,8.506453409081196
2525.0,2.5249999999999986,8.508953409081172
2525.5,2.525500000000001,8.503866303563505
2526.0,2.5260000000000034,8.506366303563517
2526.5,2.5264999999999986,8.508866303563494
2527.0,2.527000000000001,8.503781726706272
2527.5,2.5275000000000034,8.506281726706284
2528.0,2.5279999999999987,8.50878172670626
2528.5,2.528500000000001,8.503721343836155
2529.0,2.5289999999999964,8.506221343836131
2529.5,2.5294999999999987,8.508721343836143
2530.0,2.530000000000001,8.50370634762971
2530.5,2.5305000000000035,8.506206347629721
2531.0,2.530999999999999,8.508706347629698
2531.5,2.531500000000001,8.503749649008512
2532.0,2.5319999999999965,8.506249649008488
2532.5,2.532499999999999,8.5087496490085
2533.0,2.5330000000000013,8.503883157297807
2533.5,2.5335000000000036,8.506383157297819
2534.0,2.533999999999999,8.508883157297795
2534.5,2.5345000000000013,8.50413561250118
2535.0,2.5349999999999966,8.506635612501157
2535.5,2.535499999999999,8.509135612501169
2536.0,2.5360000000000014,8.504553094659109
2536.5,2.5365000000000038,8.50705309465912
2537.0,2.536999999999999,8.509553094659097
2537.5,2.5375000000000014,8.505183275272081
2538.0,2.5379999999999967,8.507683275272058
2538.5,2.538499999999999,8.51018327527207
2539.0,2.5390000000000015,8.506032151130789
2539.5,2.5394999999999968,8.508532151130765
2540.0,2.539999999999999,8.511032151130777
2540.5,2.5405000000000015,8.507100887146493
2541.0,2.540999999999997,8.509600887146469
2541.5,2.541499999999999,8.512100887146481
2542.0,2.5420000000000016,8.50836094957156
2542.5,2.542499999999997,8.510860949571537
2543.0,2.5429999999999993,8.513360949571549
2543.5,2.5435000000000016,8.509756895776555
2544.0,2.543999999999997,8.512256895776531
2544.5,2.5444999999999993,8.514756895776543
2545.0,2.5450000000000017,8.511251420873478
2545.5,2.545499999999997,8.513751420873454
2546.0,2.5459999999999994,8.516251420873466
2546.5,2.5465000000000018,8.512782438708086
2547.0,2.546999999999997,8.515282438708063
2547.5,2.5474999999999994,8.517782438708075
2548.0,2.548000000000002,8.514307807701904
2548.5,2.548499999999997,8.51680780770188
2549.0,2.5489999999999995,8.519307807701892
2549.5,2.549500000000002,8.51581428428105
2550.0,2.549999999999997,8.518314284281026
2550.5,2.5504999999999995,8.520814284281037
2551.0,2.551000000000002,8.517301900265828
2551.5,2.551499999999997,8.519801900265804
2552.0,2.5519999999999996,8.522301900265816
2552.5,2.552500000000002,8.518780621736006
2553.0,2.5529999999999973,8.521280621735983
2553.5,2.5534999999999997,8.523780621735995
2554.0,2.554000000000002,8.520261248235848
2554.5,2.5544999999999973,8.522761248235824
2555.0,2.5549999999999997,8.525261248235836
2555.5,2.555500000000002,8.521734496813451
2556.0,2.5559999999999974,8.524234496813428
2556.5,2.5564999999999998,8.52673449681344
2557.0,2.557000000000002,8.523195549866216
2557.5,2.5574999999999974,8.525695549866192
2558.0,2.558,8.528195549866204
2558.5,2.558500000000002,8.524621485622674
2559.0,2.5589999999999975,8.52712148562265
2559.5,2.5595,8.529621485622663
2560.0,2.5600000000000023,8.526008024434049
2560.5,2.5604999999999976,8.528508024434025
2561.0,2.561,8.531008024434037
2561.5,2.5615000000000023,8.527364256537666
2562.0,2.5619999999999976,8.529864256537643
2562.5,2.5625,8.532364256537655
2563.0,2.5630000000000024,8.528729128937016
2563.5,2.5634999999999977,8.531229128936992
2564.0,2.564,8.533729128937004
2564.5,2.5645000000000024,8.530155482403323
2565.0,2.5649999999999977,8.5326554824033
2565.5,2.5655,8.535155482403312
2566.0,2.5660000000000025,8.531705533302159
2566.5,2.566499999999998,8.534205533302135
2567.0,2.567,8.536705533302147
2567.5,2.5675000000000026,8.539205533302159
2568.0,2.567999999999998,8.53593757717995
2568.5,2.5685000000000002,8.538437577179963
2569.0,2.5690000000000026,8.540937577179974
2569.5,2.569499999999998,8.537889917265602
2570.0,2.5700000000000003,8.540389917265614
2570.5,2.5705000000000027,8.542889917265626
2571.0,2.570999999999998,8.54006068522228
2571.5,2.5715000000000003,8.542560685222291
2572.0,2.5720000000000027,8.545060685222303
2572.5,2.572499999999998,8.54239907876142
2573.0,2.5730000000000004,8.544899078761432
2573.5,2.573500000000003,8.547399078761444
2574.0,2.573999999999998,8.544871168792767
2574.5,2.5745000000000005,8.547371168792779
2575.0,2.575000000000003,8.54987116879279
2575.5,2.575499999999998,8.547467808583207
2576.0,2.5760000000000005,8.549967808583219
2576.5,2.576500000000003,8.55246780858323
2577.0,2.576999999999998,8.5501534616267
2577.5,2.5775000000000006,8.552653461626711
2578.0,2.578000000000003,8.555153461626723
2578.5,2.5784999999999982,8.552881611499998
2579.0,2.5790000000000006,8.55538161150001
2579.5,2.579500000000003,8.557881611500022
2580.0,2.5799999999999983,8.555616002512174
2580.5,2.5805000000000007,8.558116002512186
2581.0,2.581000000000003,8.560616002512198
2581.5,2.5814999999999984,8.558320638622554
2582.0,2.5820000000000007,8.560820638622566
2582.5,2.582500000000003,8.563320638622578
2583.0,2.5829999999999984,8.560978671547268
2583.5,2.583500000000001,8.56347867154728
2584.0,2.584000000000003,8.565978671547292
2584.5,2.5844999999999985,8.563576028901494
2585.0,2.585000000000001,8.566076028901506
2585.5,2.5855000000000032,8.568576028901518
2586.0,2.5859999999999985,8.566079154677766
2586.5,2.586500000000001,8.568579154677778
2587.0,2.5870000000000033,8.57107915467779
2587.5,2.5874999999999986,8.568467921344336
2588.0,2.588000000000001,8.570967921344348
2588.5,2.5885000000000034,8.57346792134436
2589.0,2.5889999999999986,8.570716770236189
2589.5,2.589500000000001,8.5732167702362
2590.0,2.5900000000000034,8.575716770236212
2590.5,2.5904999999999987,8.572800526253204
2591.0,2.591000000000001,8.575300526253216
2591.5,2.5914999999999964,8.577800526253192
2592.0,2.5919999999999987,8.574707948660247
2592.5,2.592500000000001,8.57720794866026
2593.0,2.5930000000000035,8.579707948660271
2593.5,2.593499999999999,8.57643871196263
2594.0,2.594000000000001,8.578938711962643
2594.5,2.5944999999999965,8.581438711962619
2595.0,2.594999999999999,8.578017120293175
2595.5,2.5955000000000013,8.580517120293187
2596.0,2.5960000000000036,8.5830171202932
2596.5,2.596499999999999,8.579484217822575
2597.0,2.5970000000000013,8.581984217822587
2597.5,2.5974999999999966,8.584484217822563
2598.0,2.597999999999999,8.580886980319988
2598.5,2.5985000000000014,8.58338698032
2599.0,2.5990000000000038,8.585886980320012
2599.5,2.599499999999999,8.582246600073873
2600.0,2.6000000000000014,8.584746600073885
2600.5,2.6004999999999967,8.587246600073861
2601.0,2.600999999999999,8.583578838515962
2601.5,2.6015000000000015,8.586078838515974
2602.0,2.6019999999999968,8.58857883851595
2602.5,2.602499999999999,8.584893788784562
2603.0,2.6030000000000015,8.587393788784574
2603.5,2.603499999999997,8.58989378878455
2604.0,2.603999999999999,8.586226430192525
2604.5,2.6045000000000016,8.588726430192537
2605.0,2.604999999999997,8.591226430192513
2605.5,2.6054999999999993,8.587593589167035
2606.0,2.6060000000000016,8.590093589167047
2606.5,2.606499999999997,8.592593589167024
2607.0,2.6069999999999993,8.58899060409886
2607.5,2.6075000000000017,8.591490604098873
2608.0,2.607999999999997,8.593990604098849
2608.5,2.6084999999999994,8.590430741310158
2609.0,2.6090000000000018,8.59293074131017
2609.5,2.609499999999997,8.595430741310146
2610.0,2.6099999999999994,8.591913063446022
2610.5,2.610500000000002,8.594413063446034
2611.0,2.610999999999997,8.59691306344601
2611.5,2.6114999999999995,8.593418274454372
2612.0,2.612000000000002,8.595918274454384
2612.5,2.612499999999997,8.59841827445436
2613.0,2.6129999999999995,8.59491521921445
2613.5,2.613500000000002,8.597415219214462
2614.0,2.613999999999997,8.599915219214438
2614.5,2.6144999999999996,8.596382556045619
2615.0,2.615000000000002,8.59888255604563
2615.5,2.6154999999999973,8.601382556045607
2616.0,2.6159999999999997,8.597787935813415
2616.5,2.616500000000002,8.600287935813427
2617.0,2.6169999999999973,8.602787935813403
2617.5,2.6174999999999997,8.599096107263051
2618.0,2.618000000000002,8.601596107263063
2618.5,2.6184999999999974,8.60409610726304
2619.0,2.6189999999999998,8.600280413995272
2619.5,2.619500000000002,8.602780413995283
2620.0,2.6199999999999974,8.60528041399526
2620.5,2.6205,8.601305294096768
2621.0,2.621000000000002,8.60380529409678
2621.5,2.6214999999999975,8.606305294096757
2622.0,2.622,8.602156194851283
2622.5,2.6225000000000023,8.604656194851295
2623.0,2.6229999999999976,8.607156194851271
2623.5,2.6235,8.602856122119036
2624.0,2.6240000000000023,8.605356122119048
2624.5,2.6244999999999976,8.607856122119024
2625.0,2.625,8.60343897516131
2625.5,2.6255000000000024,8.605938975161322
2626.0,2.6259999999999977,8.608438975161299
2626.5,2.6265,8.603943727370478
2627.0,2.6270000000000024,8.60644372737049
2627.5,2.6274999999999977,8.608943727370466
2628.0,2.628,8.604403075618983
2628.5,2.6285000000000025,8.606903075618995
2629.0,2.628999999999998,8.609403075618971
2629.5,2.6295,8.604830082882522
2630.0,2.6300000000000026,8.607330082882534
2630.5,2.630499999999998,8.60983008288251
2631.0,2.6310000000000002,8.605256437732862
2631.5,2.6315000000000026,8.607756437732874
2632.0,2.631999999999998,8.61025643773285
2632.5,2.6325000000000003,8.60570552643047
2633.0,2.6330000000000027,8.608205526430481
2633.5,2.633499999999998,8.610705526430458
2634.0,2.6340000000000003,8.606220347826756
2634.5,2.6345000000000027,8.608720347826768
2635.0,2.634999999999998,8.611220347826745
2635.5,2.6355000000000004,8.606856825395433
2636.0,2.636000000000003,8.609356825395444
2636.5,2.636499999999998,8.61185682539542
2637.0,2.6370000000000005,8.607633498711706
2637.5,2.637500000000003,8.610133498711718
2638.0,2.637999999999998,8.612633498711695
2638.5,2.6385000000000005,8.608591932977987
2639.0,2.639000000000003,8.611091932977999
2639.5,2.639499999999998,8.613591932977975
2640.0,2.6400000000000006,8.609727641301603
2640.5,2.640500000000003,8.612227641301615
2641.0,2.6409999999999982,8.614727641301592
2641.5,2.6415000000000006,8.611023435683975
2642.0,2.642000000000003,8.613523435683987
2642.5,2.6424999999999983,8.616023435683964
2643.0,2.6430000000000007,8.618523435683976
2643.5,2.643500000000003,8.61495711896307
2644.0,2.6439999999999984,8.617457118963046
2644.5,2.6445000000000007,8.619957118963057
2645.0,2.645000000000003,8.616514697060005
2645.5,2.6454999999999984,8.619014697059981
2646.0,2.646000000000001,8.621514697059993
2646.5,2.646500000000003,8.618181505706488
2647.0,2.6469999999999985,8.620681505706465
2647.5,2.647500000000001,8.623181505706476
2648.0,2.6480000000000032,8.61991694595396
2648.5,2.6484999999999985,8.622416945953937
2649.0,2.649000000000001,8.624916945953949
2649.5,2.6495000000000033,8.621666089331299
2650.0,2.6499999999999986,8.624166089331275
2650.5,2.650500000000001,8.626666089331287
2651.0,2.6510000000000034,8.623389303582272
2651.5,2.6514999999999986,8.625889303582248
2652.0,2.652000000000001,8.62838930358226
2652.5,2.6525000000000034,8.625055977592027
2653.0,2.6529999999999987,8.627555977592003
2653.5,2.653500000000001,8.630055977592015
2654.0,2.6539999999999964,8.626645286707202
2654.5,2.6544999999999987,8.629145286707214
2655.0,2.655000000000001,8.631645286707226
2655.5,2.6555000000000035,8.628134549926116
2656.0,2.655999999999999,8.630634549926093
2656.5,2.656500000000001,8.633134549926105
2657.0,2.6569999999999965,8.62952931836098
2657.5,2.657499999999999,8.632029318360992
2658.0,2.6580000000000013,8.634529318361004
2658.5,2.6585000000000036,8.630824017011705
2659.0,2.658999999999999,8.633324017011681
2659.5,2.6595000000000013,8.635824017011693
2660.0,2.6599999999999966,8.632010567951909
2660.5,2.660499999999999,8.63451056795192
2661.0,2.6610000000000014,8.637010567951933
2661.5,2.6615000000000038,8.633120743363918
2662.0,2.661999999999999,8.635620743363894
2662.5,2.6625000000000014,8.638120743363906
2663.0,2.6629999999999967,8.634178303222448
2663.5,2.663499999999999,8.63667830322246
2664.0,2.6640000000000015,8.639178303222472
2664.5,2.6644999999999968,8.63522150741872
2665.0,2.664999999999999,8.637721507418732
2665.5,2.6655000000000015,8.640221507418744
2666.0,2.665999999999997,8.636310730510353
2666.5,2.666499999999999,8.638810730510365
2667.0,2.6670000000000016,8.641310730510376
2667.5,2.667499999999997,8.63748084256354
2668.0,2.6679999999999993,8.639980842563553
2668.5,2.6685000000000016,8.642480842563565
2669.0,2.668999999999997,8.63878174848928
2669.5,2.6694999999999993,8.641281748489291
2670.0,2.6700000000000017,8.643781748489303
2670.5,2.670499999999997,8.64026703195627
2671.0,2.6709999999999994,8.642767031956282
2671.5,2.6715000000000018,8.645267031956294
2672.0,2.671999999999997,8.6419680913977
2672.5,2.6724999999999994,8.644468091397712
2673.0,2.673000000000002,8.646968091397724
2673.5,2.673499999999997,8.643903469429368
2674.0,2.6739999999999995,8.64640346942938
2674.5,2.674500000000002,8.648903469429392
2675.0,2.674999999999997,8.646051423174939
2675.5,2.6754999999999995,8.64855142317495
2676.0,2.676000000000002,8.651051423174962
2676.5,2.676499999999997,8.648398871993948
2677.0,2.6769999999999996,8.65089887199396
2677.5,2.677500000000002,8.653398871993971
2678.0,2.6779999999999973,8.650907513220325
2678.5,2.6784999999999997,8.653407513220337
2679.0,2.679000000000002,8.655907513220349
2679.5,2.6794999999999973,8.653519210980996
2680.0,2.6799999999999997,8.656019210981007
2680.5,2.680500000000002,8.65851921098102
2681.0,2.6809999999999974,8.656178693801344
2681.5,2.6814999999999998,8.658678693801356
2682.0,2.682000000000002,8.661178693801368
2682.5,2.6824999999999974,8.658828518585366
2683.0,2.683,8.661328518585378
2683.5,2.683500000000002,8.66382851858539
2684.0,2.6839999999999975,8.661416857782172
2684.5,2.6845,8.663916857782183
2685.0,2.6850000000000023,8.666416857782195
2685.5,2.6854999999999976,8.663884706266174
2686.0,2.686,8.666384706266186
2686.5,2.6865000000000023,8.668884706266198
2687.0,2.6869999999999976,8.666185301223521
2687.5,2.6875,8.668685301223533
2688.0,2.6880000000000024,8.671185301223545
2688.5,2.6884999999999977,8.668298662425151
2689.0,2.689,8.670798662425163
2689.5,2.6895000000000024,8.673298662425175
2690.0,2.6899999999999977,8.670194558965285
2690.5,2.6905,8.672694558965297
2691.0,2.6910000000000025,8.675194558965309
2691.5,2.691499999999998,8.67186906459942
2692.0,2.692,8.674369064599432
2692.5,2.6925000000000026,8.676869064599444
2693.0,2.692999999999998,8.673331129610098
2693.5,2.6935000000000002,8.67583112961011
2694.0,2.6940000000000026,8.678331129610122
2694.5,2.694499999999998,8.674616126980048
2695.0,2.6950000000000003,8.67711612698006
2695.5,2.6955000000000027,8.679616126980072
2696.0,2.695999999999998,8.67574769403376
2696.5,2.6965000000000003,8.678247694033772
2697.0,2.6970000000000027,8.680747694033784
2697.5,2.697499999999998,8.676777091838126
2698.0,2.6980000000000004,8.679277091838138
2698.5,2.698500000000003,8.68177709183815
2699.0,2.698999999999998,8.677753302466158
2699.5,2.6995000000000005,8.68025330246617
2700.0,2.700000000000003,8.682753302466182
2700.5,2.700499999999998,8.67870367660899
2701.0,2.7010000000000005,8.681203676609002
2701.5,2.701500000000003,8.683703676609014
2702.0,2.701999999999998,8.679672814907029
2702.5,2.7025000000000006,8.682172814907041
2703.0,2.703000000000003,8.684672814907053
2703.5,2.7034999999999982,8.68070768839381
2704.0,2.7040000000000006,8.683207688393821
2704.5,2.704500000000003,8.685707688393833
2705.0,2.7049999999999983,8.681852863537713
2705.5,2.7055000000000007,8.684352863537725
2706.0,2.706000000000003,8.686852863537737
2706.5,2.7064999999999984,8.683158208389337
2707.0,2.7070000000000007,8.685658208389349
2707.5,2.707500000000003,8.68815820838936
2708.0,2.7079999999999984,8.68465533897215
2708.5,2.708500000000001,8.687155338972161
2709.0,2.709000000000003,8.689655338972173
2709.5,2.7094999999999985,8.68635087786199
2710.0,2.710000000000001,8.688850877862002
2710.5,2.7105000000000032,8.691350877862014
2711.0,2.7109999999999985,8.688248645279906
2711.5,2.711500000000001,8.690748645279918
2712.0,2.7120000000000033,8.69324864527993
2712.5,2.7124999999999986,8.690324417749373
2713.0,2.713000000000001,8.692824417749385
2713.5,2.7135000000000034,8.695324417749397
2714.0,2.7139999999999986,8.692525045075854
2714.5,2.714500000000001,8.695025045075866
2715.0,2.7150000000000034,8.697525045075878
2715.5,2.7154999999999987,8.69480109628487
2716.0,2.716000000000001,8.697301096284882
2716.5,2.7164999999999964,8.699801096284858
2717.0,2.7169999999999987,8.697073400557649
2717.5,2.717500000000001,8.69957340055766
2718.0,2.7180000000000035,8.702073400557673
2718.5,2.718499999999999,8.70457340055765
2719.0,2.719000000000001,8.701792612825017
2719.5,2.7194999999999965,8.704292612824993
2720.0,2.719999999999999,8.706792612825005
2720.5,2.7205000000000013,8.7039158903778
2721.0,2.7210000000000036,8.706415890377812
2721.5,2.721499999999999,8.708915890377789
2722.0,2.7220000000000013,8.705895944257662
2722.5,2.7224999999999966,8.708395944257639
2723.0,2.722999999999999,8.71089594425765
2723.5,2.7235000000000014,8.70769606853866
2724.0,2.7240000000000038,8.710196068538671
2724.5,2.724499999999999,8.712696068538648
2725.0,2.7250000000000014,8.709306328645923
2725.5,2.7254999999999967,8.711806328645899
2726.0,2.725999999999999,8.714306328645911
2726.5,2.7265000000000015,8.710734676511755
2727.0,2.7269999999999968,8.713234676511732
2727.5,2.727499999999999,8.715734676511744
2728.0,2.7280000000000015,8.711972980470613
2728.5,2.728499999999997,8.714472980470589
2729.0,2.728999999999999,8.7169729804706
2729.5,2.7295000000000016,8.713022433434752
2730.0,2.729999999999997,8.715522433434728
2730.5,2.7304999999999993,8.71802243343474
2731.0,2.7310000000000016,8.713893533912263
2731.5,2.731499999999997,8.716393533912239
2732.0,2.7319999999999993,8.71889353391225
2732.5,2.7325000000000017,8.714608914786268
2733.0,2.732999999999997,8.717108914786245
2733.5,2.7334999999999994,8.719608914786257
2734.0,2.7340000000000018,8.715188211636509
2734.5,2.734499999999997,8.717688211636485
2735.0,2.7349999999999994,8.720188211636497
2735.5,2.735500000000002,8.715662767918069
2736.0,2.735999999999997,8.718162767918045
2736.5,2.7364999999999995,8.720662767918057
2737.0,2.737000000000002,8.716049613469892
2737.5,2.737499999999997,8.718549613469868
2738.0,2.7379999999999995,8.72104961346988
2738.5,2.738500000000002,8.716376994858344
2739.0,2.738999999999997,8.71887699485832
2739.5,2.7394999999999996,8.721376994858332
2740.0,2.740000000000002,8.71668450747368
2740.5,2.7404999999999973,8.719184507473656
2741.0,2.7409999999999997,8.721684507473668
2741.5,2.741500000000002,8.717019686373497
2742.0,2.7419999999999973,8.719519686373474
2742.5,2.7424999999999997,8.722019686373486
2743.0,2.743000000000002,8.717426671939137
2743.5,2.7434999999999974,8.719926671939113
2744.0,2.7439999999999998,8.722426671939125
2744.5,2.744500000000002,8.717935209777892
2745.0,2.7449999999999974,8.720435209777868
2745.5,2.7455,8.72293520977788
2746.0,2.746000000000002,8.718553001060378
2746.5,2.7464999999999975,8.721053001060355
2747.0,2.747,8.723553001060367
2747.5,2.7475000000000023,8.719268319809146
2748.0,2.7479999999999976,8.721768319809122
2748.5,2.7485,8.724268319809134
2749.0,2.7490000000000023,8.720092890512916
2749.5,2.7494999999999976,8.722592890512892
2750.0,2.75,8.725092890512904
2750.5,2.7505000000000024,8.72098516983911
2751.0,2.7509999999999977,8.723485169839087
2751.5,2.7515,8.725985169839099
2752.0,2.7520000000000024,8.721895945361418
2752.5,2.7524999999999977,8.724395945361394
2753.0,2.753,8.726895945361406
2753.5,2.7535000000000025,8.722760543895873
2754.0,2.753999999999998,8.72526054389585
2754.5,2.7545,8.727760543895862
2755.0,2.7550000000000026,8.72354690680563
2755.5,2.755499999999998,8.726046906805607
2756.0,2.7560000000000002,8.728546906805619
2756.5,2.7565000000000026,8.724213628117461
2757.0,2.756999999999998,8.726713628117437
2757.5,2.7575000000000003,8.72921362811745
2758.0,2.7580000000000027,8.724739237661723
2758.5,2.758499999999998,8.7272392376617
2759.0,2.7590000000000003,8.729739237661711
2759.5,2.7595000000000027,8.725114408264965
2760.0,2.759999999999998,8.727614408264941
2760.5,2.7605000000000004,8.730114408264953
2761.0,2.761000000000003,8.725328700674062
2761.5,2.761499999999998,8.727828700674038
2762.0,2.7620000000000005,8.73032870067405
2762.5,2.762500000000003,8.7253806052545
2763.0,2.762999999999998,8.727880605254477
2763.5,2.7635000000000005,8.730380605254489
2764.0,2.764000000000003,8.725280684632892
2764.5,2.764499999999998,8.727780684632869
2765.0,2.7650000000000006,8.73028068463288
2765.5,2.765500000000003,8.725055548488996
2766.0,2.7659999999999982,8.727555548488972
2766.5,2.7665000000000006,8.730055548488984
2767.0,2.767000000000003,8.724741097334245
2767.5,2.7674999999999983,8.727241097334222
2768.0,2.7680000000000007,8.729741097334234
2768.5,2.768500000000003,8.724382250263218
2769.0,2.7689999999999984,8.726882250263195
2769.5,2.7695000000000007,8.729382250263207
2770.0,2.770000000000003,8.724017454545105
2770.5,2.7704999999999984,8.726517454545082
2771.0,2.771000000000001,8.729017454545094
2771.5,2.771500000000003,8.723669930685425
2772.0,2.7719999999999985,8.726169930685401
2772.5,2.772500000000001,8.728669930685413
2773.0,2.7730000000000032,8.723366680812603
2773.5,2.7734999999999985,8.72586668081258
2774.0,2.774000000000001,8.728366680812591
2774.5,2.7745000000000033,8.723119519522662
2775.0,2.7749999999999986,8.725619519522638
2775.5,2.775500000000001,8.72811951952265
2776.0,2.7760000000000034,8.72294525416418
2776.5,2.7764999999999986,8.725445254164157
2777.0,2.777000000000001,8.727945254164169
2777.5,2.7775000000000034,8.722856410398059
2778.0,2.7779999999999987,8.725356410398035
2778.5,2.778500000000001,8.727856410398047
2779.0,2.7789999999999964,8.722843266270175
2779.5,2.7794999999999987,8.725343266270187
2780.0,2.780000000000001,8.727843266270199
2780.5,2.7805000000000035,8.72288641386266
2781.0,2.780999999999999,8.725386413862637
2781.5,2.781500000000001,8.727886413862649
2782.0,2.7819999999999965,8.722975970666127
2782.5,2.782499999999999,8.725475970666139
2783.0,2.7830000000000013,8.72797597066615
2783.5,2.7835000000000036,8.72310610736271
2784.0,2.783999999999999,8.725606107362687
2784.5,2.7845000000000013,8.728106107362699
2785.0,2.7849999999999966,8.723265670399734
2785.5,2.785499999999999,8.725765670399745
2786.0,2.7860000000000014,8.728265670399757
2786.5,2.7865000000000038,8.723449043187514
2787.0,2.786999999999999,8.72594904318749
2787.5,2.7875000000000014,8.728449043187503
2788.0,2.7879999999999967,8.723632309840994
2788.5,2.788499999999999,8.726132309841006
2789.0,2.7890000000000015,8.728632309841018
2789.5,2.7894999999999968,8.723820744831698
2790.0,2.789999999999999,8.72632074483171
2790.5,2.7905000000000015,8.728820744831722
2791.0,2.790999999999997,8.724013752051398
2791.5,2.791499999999999,8.72651375205141
2792.0,2.7920000000000016,8.729013752051422
2792.5,2.792499999999997,8.72422230172127
2793.0,2.7929999999999993,8.726722301721281
2793.5,2.7935000000000016,8.729222301721293
2794.0,2.793999999999997,8.73172230172127
2794.5,2.7944999999999993,8.726942592333309
2795.0,2.7950000000000017,8.72944259233332
2795.5,2.795499999999997,8.731942592333297
2796.0,2.7959999999999994,8.727173511297401
2796.5,2.7965000000000018,8.729673511297413
2797.0,2.796999999999997,8.73217351129739
2797.5,2.7974999999999994,8.727433500195403
2798.0,2.798000000000002,8.729933500195415
2798.5,2.798499999999997,8.732433500195391
2799.0,2.7989999999999995,8.727736790834228
2799.5,2.799500000000002,8.73023679083424
2800.0,2.799999999999997,8.732736790834217
2800.5,2.8004999999999995,8.728094434715388
2801.0,2.801000000000002,8.7305944347154
2801.5,2.801499999999997,8.733094434715376
2802.0,2.8019999999999996,8.728530462792925
2802.5,2.802500000000002,8.731030462792937
2803.0,2.8029999999999973,8.733530462792913
2803.5,2.8034999999999997,8.72905296062168
2804.0,2.804000000000002,8.731552960621691
2804.5,2.8044999999999973,8.734052960621668
2805.0,2.8049999999999997,8.729675811931479
2805.5,2.805500000000002,8.73217581193149
2806.0,2.8059999999999974,8.734675811931467
2806.5,2.8064999999999998,8.730400196325547
2807.0,2.807000000000002,8.73290019632556
2807.5,2.8074999999999974,8.735400196325536
2808.0,2.808,8.731203392544984
2808.5,2.808500000000002,8.733703392544996
2809.0,2.8089999999999975,8.736203392544972
2809.5,2.8095,8.732064535815987
2810.0,2.8100000000000023,8.734564535815998
2810.5,2.8104999999999976,8.737064535815975
2811.0,2.811,8.732968712360218
2811.5,2.8115000000000023,8.73546871236023
2812.0,2.8119999999999976,8.737968712360207
2812.5,2.8125,8.733924759873766
2813.0,2.8130000000000024,8.736424759873778
2813.5,2.8134999999999977,8.738924759873754
2814.0,2.814,8.734932153365378
2814.5,2.8145000000000024,8.73743215336539
2815.0,2.8149999999999977,8.739932153365366
2815.5,2.8155,8.735987088778536
2816.0,2.8160000000000025,8.738487088778548
2816.5,2.816499999999998,8.740987088778525
2817.0,2.817,8.737099169081333
2817.5,2.8175000000000026,8.739599169081345
2818.0,2.817999999999998,8.742099169081321
2818.5,2.8185000000000002,8.738299055103234
2819.0,2.8190000000000026,8.740799055103246
2819.5,2.819499999999998,8.743299055103222
2820.0,2.8200000000000003,8.73958255593994
2820.5,2.8205000000000027,8.742082555939952
2821.0,2.820999999999998,8.744582555939928
2821.5,2.8215000000000003,8.740951773519008
2822.0,2.8220000000000027,8.74345177351902
2822.5,2.822499999999998,8.745951773518996
2823.0,2.8230000000000004,8.742413822586741
2823.5,2.823500000000003,8.744913822586753
2824.0,2.823999999999998,8.74741382258673
2824.5,2.8245000000000005,8.743958893936004
2825.0,2.825000000000003,8.746458893936015
2825.5,2.825499999999998,8.748958893935992
2826.0,2.8260000000000005,8.745566536002407
2826.5,2.826500000000003,8.748066536002419
2827.0,2.826999999999998,8.750566536002395
2827.5,2.8275000000000006,8.747207130476333
2828.0,2.828000000000003,8.749707130476345
2828.5,2.8284999999999982,8.752207130476322
2829.0,2.8290000000000006,8.748875177668651
2829.5,2.829500000000003,8.751375177668663
2830.0,2.8299999999999983,8.75387517766864
2830.5,2.8305000000000007,8.75058032639462
2831.0,2.831000000000003,8.753080326394631
2831.5,2.8314999999999984,8.755580326394607
2832.0,2.8320000000000007,8.752324105253173
2832.5,2.832500000000003,8.754824105253185
2833.0,2.8329999999999984,8.757324105253161
2833.5,2.833500000000001,8.754103772413053
2834.0,2.834000000000003,8.756603772413065
2834.5,2.8344999999999985,8.759103772413042
2835.0,2.835000000000001,8.755908745227075
2835.5,2.8355000000000032,8.758408745227086
2836.0,2.8359999999999985,8.760908745227063
2836.5,2.836500000000001,8.757692440449176
2837.0,2.8370000000000033,8.760192440449188
2837.5,2.8374999999999986,8.762692440449165
2838.0,2.838000000000001,8.759419372239279
2838.5,2.8385000000000034,8.76191937223929
2839.0,2.8389999999999986,8.764419372239267
2839.5,2.839500000000001,8.761042186276882
2840.0,2.8400000000000034,8.763542186276894
2840.5,2.8404999999999987,8.76604218627687
2841.0,2.841000000000001,8.762526824354033
2841.5,2.8414999999999964,8.76502682435401
2842.0,2.8419999999999987,8.767526824354022
2842.5,2.842500000000001,8.763850341095463
2843.0,2.8430000000000035,8.766350341095475
2843.5,2.843499999999999,8.768850341095451
2844.0,2.844000000000001,8.764990233156134
2844.5,2.8444999999999965,8.76749023315611
2845.0,2.844999999999999,8.769990233156122
2845.5,2.8455000000000013,8.765957988806257
2846.0,2.8460000000000036,8.768457988806269
2846.5,2.846499999999999,8.770957988806245
2847.0,2.8470000000000013,8.76676323559387
2847.5,2.8474999999999966,8.769263235593847
2848.0,2.847999999999999,8.771763235593859
2848.5,2.8485000000000014,8.76742531735843
2849.0,2.8490000000000038,8.769925317358442
2849.5,2.849499999999999,8.772425317358419
2850.0,2.8500000000000014,8.767989462655663
2850.5,2.8504999999999967,8.77048946265564
2851.0,2.850999999999999,8.772989462655651
2851.5,2.8515000000000015,8.768496707489746
2852.0,2.8519999999999968,8.770996707489722
2852.5,2.852499999999999,8.773496707489734
2853.0,2.8530000000000015,8.76899042100451
2853.5,2.853499999999997,8.771490421004486
2854.0,2.853999999999999,8.773990421004498
2854.5,2.8545000000000016,8.76953050569881
2855.0,2.854999999999997,8.772030505698787
2855.5,2.8554999999999993,8.774530505698799
2856.0,2.8560000000000016,8.770151577419014
2856.5,2.856499999999997,8.77265157741899
2857.0,2.8569999999999993,8.775151577419003
2857.5,2.8575000000000017,8.770860360158927
2858.0,2.857999999999997,8.773360360158904
2858.5,2.8584999999999994,8.775860360158916
2859.0,2.8590000000000018,8.771623592228899
2859.5,2.859499999999997,8.774123592228875
2860.0,2.8599999999999994,8.776623592228887
2860.5,2.860500000000002,8.77240547606192
2861.0,2.860999999999997,8.774905476061896
2861.5,2.8614999999999995,8.777405476061908
2862.0,2.862000000000002,8.773169933070015
2862.5,2.862499999999997,8.775669933069992
2863.0,2.8629999999999995,8.778169933070004
2863.5,2.863500000000002,8.773898854084585
2864.0,2.863999999999997,8.776398854084562
2864.5,2.8644999999999996,8.778898854084574
2865.0,2.865000000000002,8.77458840715672
2865.5,2.8654999999999973,8.777088407156697
2866.0,2.8659999999999997,8.779588407156709
2866.5,2.866500000000002,8.77520616705553
2867.0,2.8669999999999973,8.777706167055506
2867.5,2.8674999999999997,8.780206167055518
2868.0,2.868000000000002,8.775741356237212
2868.5,2.8684999999999974,8.778241356237189
2869.0,2.8689999999999998,8.7807413562372
2869.5,2.869500000000002,8.783241356237212
2870.0,2.8699999999999974,8.778672298042878
2870.5,2.8705,8.78117229804289
2871.0,2.871000000000002,8.783672298042902
2871.5,2.8714999999999975,8.778968597526386
2872.0,2.872,8.781468597526398
2872.5,2.8725000000000023,8.78396859752641
2873.0,2.8729999999999976,8.779106838275617
2873.5,2.8735,8.781606838275628
2874.0,2.8740000000000023,8.78410683827564
2874.5,2.8744999999999976,8.77905290249302
2875.0,2.875,8.781552902493033
2875.5,2.8755000000000024,8.784052902493045
2876.0,2.8759999999999977,8.778789270019907
2876.5,2.8765,8.781289270019919
2877.0,2.8770000000000024,8.78378927001993
2877.5,2.8774999999999977,8.778308955571639
2878.0,2.878,8.78080895557165
2878.5,2.8785000000000025,8.783308955571663
2879.0,2.878999999999998,8.777609524172476
2879.5,2.8795,8.780109524172488
2880.0,2.8800000000000026,8.7826095241725
2880.5,2.880499999999998,8.776695411102011
2881.0,2.8810000000000002,8.779195411102023
2881.5,2.8815000000000026,8.781695411102035
2882.0,2.881999999999998,8.77558286735244
2882.5,2.8825000000000003,8.778082867352452
2883.0,2.8830000000000027,8.780582867352464
2883.5,2.883499999999998,8.774321191128891
2884.0,2.8840000000000003,8.776821191128903
2884.5,2.8845000000000027,8.779321191128915
2885.0,2.884999999999998,8.77299894234298
2885.5,2.8855000000000004,8.775498942342992
2886.0,2.886000000000003,8.777998942343004
2886.5,2.886499999999998,8.771695126109194
2887.0,2.8870000000000005,8.774195126109205
2887.5,2.887500000000003,8.776695126109217
2888.0,2.887999999999998,8.770493143204554
2888.5,2.8885000000000005,8.772993143204566
2889.0,2.889000000000003,8.775493143204578
2889.5,2.889499999999998,8.769436597083917
2890.0,2.8900000000000006,8.77193659708393
2890.5,2.890500000000003,8.774436597083941
2891.0,2.8909999999999982,8.768538941624655
2891.5,2.8915000000000006,8.771038941624667
2892.0,2.892000000000003,8.773538941624679
2892.5,2.8924999999999983,8.76777999437671
2893.0,2.8930000000000007,8.770279994376722
2893.5,2.893500000000003,8.772779994376734
2894.0,2.8939999999999984,8.767127431835284
2894.5,2.8945000000000007,8.769627431835296
2895.0,2.895000000000003,8.772127431835308
2895.5,2.8954999999999984,8.766544579910374
2896.0,2.896000000000001,8.769044579910386
2896.5,2.896500000000003,8.771544579910397
2897.0,2.8969999999999985,8.766023049929004
2897.5,2.897500000000001,8.768523049929016
2898.0,2.8980000000000032,8.771023049929028
2898.5,2.8984999999999985,8.765554778634694
2899.0,2.899000000000001,8.768054778634706
2899.5,2.8995000000000033,8.770554778634718
2900.0,2.8999999999999986,8.765128077629676
2900.5,2.900500000000001,8.767628077629688
2901.0,2.9010000000000034,8.7701280776297
2901.5,2.9014999999999986,8.764740246407854
2902.0,2.902000000000001,8.767240246407866
2902.5,2.9025000000000034,8.769740246407878
2903.0,2.9029999999999987,8.764404734473246
2903.5,2.903500000000001,8.766904734473258
2904.0,2.9039999999999964,8.769404734473234
2904.5,2.9044999999999987,8.764154874671881
2905.0,2.905000000000001,8.766654874671893
2905.5,2.9055000000000035,8.769154874671905
2906.0,2.905999999999999,8.76401643371949
2906.5,2.906500000000001,8.766516433719502
2907.0,2.9069999999999965,8.769016433719479
2907.5,2.907499999999999,8.764015602489579
2908.0,2.9080000000000013,8.76651560248959
2908.5,2.9085000000000036,8.769015602489603
2909.0,2.908999999999999,8.764163205642497
2909.5,2.9095000000000013,8.766663205642509
2910.0,2.9099999999999966,8.769163205642485
2910.5,2.910499999999999,8.764446341653276
2911.0,2.9110000000000014,8.766946341653288
2911.5,2.9115000000000038,8.7694463416533
2912.0,2.911999999999999,8.764877745675967
2912.5,2.9125000000000014,8.76737774567598
2913.0,2.9129999999999967,8.769877745675956
2913.5,2.913499999999999,8.76545279148548
2914.0,2.9140000000000015,8.767952791485492
2914.5,2.9144999999999968,8.770452791485468
2915.0,2.914999999999999,8.766190855923632
2915.5,2.9155000000000015,8.768690855923644
2916.0,2.915999999999997,8.77119085592362
2916.5,2.916499999999999,8.767111656184134
2917.0,2.9170000000000016,8.769611656184146
2917.5,2.917499999999997,8.772111656184123
2918.0,2.9179999999999993,8.768221498976203
2918.5,2.9185000000000016,8.770721498976215
2919.0,2.918999999999997,8.773221498976191
2919.5,2.9194999999999993,8.769529067112103
2920.0,2.9200000000000017,8.772029067112115
2920.5,2.920499999999997,8.774529067112091
2921.0,2.9209999999999994,8.771015761269503
2921.5,2.9215000000000018,8.773515761269515
2922.0,2.921999999999997,8.776015761269491
2922.5,2.9224999999999994,8.772654213625835
2923.0,2.923000000000002,8.775154213625846
2923.5,2.923499999999997,8.777654213625823
2924.0,2.9239999999999995,8.774400437987566
2924.5,2.924500000000002,8.776900437987578
2925.0,2.924999999999997,8.779400437987555
2925.5,2.9254999999999995,8.776216880248029
2926.0,2.926000000000002,8.77871688024804
2926.5,2.926499999999997,8.781216880248017
2927.0,2.9269999999999996,8.77805840763152
2927.5,2.927500000000002,8.780558407631531
2928.0,2.9279999999999973,8.783058407631508
2928.5,2.9284999999999997,8.779890378752206
2929.0,2.929000000000002,8.782390378752218
2929.5,2.9294999999999973,8.784890378752195
2930.0,2.9299999999999997,8.781668171651873
2930.5,2.930500000000002,8.784168171651885
2931.0,2.9309999999999974,8.786668171651861
2931.5,2.9314999999999998,8.783345692193407
2932.0,2.932000000000002,8.78584569219342
2932.5,2.9324999999999974,8.788345692193396
2933.0,2.933,8.784881862666474
2933.5,2.933500000000002,8.787381862666486
2934.0,2.9339999999999975,8.789881862666462
2934.5,2.9345,8.78623682809561
2935.0,2.9350000000000023,8.788736828095622
2935.5,2.9354999999999976,8.791236828095599
2936.0,2.936,8.78739427080557
2936.5,2.9365000000000023,8.789894270805583
2937.0,2.9369999999999976,8.79239427080556
2937.5,2.9375,8.788379789845422
2938.0,2.9380000000000024,8.790879789845434
2938.5,2.9384999999999977,8.79337978984541
2939.0,2.939,8.789227798889883
2939.5,2.9395000000000024,8.791727798889895
2940.0,2.9399999999999977,8.794227798889871
2940.5,2.9405,8.789966939399037
2941.0,2.9410000000000025,8.792466939399048
2941.5,2.941499999999998,8.794966939399025
2942.0,2.942,8.790627948212801
2942.5,2.9425000000000026,8.793127948212813
2943.0,2.942999999999998,8.79562794821279
2943.5,2.9435000000000002,8.79123760874716
2944.0,2.9440000000000026,8.793737608747172
2944.5,2.944499999999998,8.796237608747148
2945.0,2.9450000000000003,8.79873760874716
2945.5,2.9455000000000027,8.794309757921752
2946.0,2.945999999999998,8.796809757921729
2946.5,2.9465000000000003,8.79930975792174
2947.0,2.9470000000000027,8.794837431920826
2947.5,2.947499999999998,8.797337431920802
2948.0,2.9480000000000004,8.799837431920814
2948.5,2.948500000000003,8.795303093606499
2949.0,2.948999999999998,8.797803093606475
2949.5,2.9495000000000005,8.800303093606487
2950.0,2.950000000000003,8.795697086125536
2950.5,2.950499999999998,8.798197086125512
2951.0,2.9510000000000005,8.800697086125524
2951.5,2.951500000000003,8.795984642521795
2952.0,2.951999999999998,8.798484642521771
2952.5,2.9525000000000006,8.800984642521783
2953.0,2.953000000000003,8.796148642516783
2953.5,2.9534999999999982,8.79864864251676
2954.0,2.9540000000000006,8.801148642516772
2954.5,2.954500000000003,8.79616589342156
2955.0,2.9549999999999983,8.798665893421536
2955.5,2.9555000000000007,8.801165893421548
2956.0,2.956000000000003,8.796024429104037
2956.5,2.9564999999999984,8.798524429104013
2957.0,2.9570000000000007,8.801024429104025
2957.5,2.957500000000003,8.795697097346924
2958.0,2.9579999999999984,8.7981970973469
2958.5,2.958500000000001,8.800697097346912
2959.0,2.959000000000003,8.795179386759138
2959.5,2.9594999999999985,8.797679386759114
2960.0,2.960000000000001,8.800179386759126
2960.5,2.9605000000000032,8.794473177181956
2961.0,2.9609999999999985,8.796973177181933
2961.5,2.961500000000001,8.799473177181945
2962.0,2.9620000000000033,8.793575257761042
2962.5,2.9624999999999986,8.796075257761018
2963.0,2.963000000000001,8.79857525776103
2963.5,2.9635000000000034,8.79249268725328
2964.0,2.9639999999999986,8.794992687253256
2964.5,2.964500000000001,8.797492687253268
2965.0,2.9650000000000034,8.791256091485238
2965.5,2.9654999999999987,8.793756091485214
2966.0,2.966000000000001,8.796256091485226
2966.5,2.9664999999999964,8.789891335362796
2967.0,2.9669999999999987,8.792391335362808
2967.5,2.967500000000001,8.79489133536282
2968.0,2.9680000000000035,8.78840284419205
2968.5,2.968499999999999,8.790902844192026
2969.0,2.969000000000001,8.793402844192038
2969.5,2.9694999999999965,8.786799995628698
2970.0,2.969999999999999,8.78929999562871
2970.5,2.9705000000000013,8.791799995628722
2971.0,2.9710000000000036,8.78512150313476
2971.5,2.971499999999999,8.787621503134737
2972.0,2.9720000000000013,8.790121503134749
2972.5,2.9724999999999966,8.783391454615561
2973.0,2.972999999999999,8.785891454615573
2973.5,2.9735000000000014,8.788391454615585
2974.0,2.9740000000000038,8.781644242361999
2974.5,2.974499999999999,8.784144242361975
2975.0,2.9750000000000014,8.786644242361987
2975.5,2.9754999999999967,8.779928313076546
2976.0,2.975999999999999,8.782428313076558
2976.5,2.9765000000000015,8.78492831307657
2977.0,2.9769999999999968,8.778261376349406
2977.5,2.977499999999999,8.780761376349417
2978.0,2.9780000000000015,8.78326137634943
2978.5,2.978499999999997,8.7766737438713
2979.0,2.978999999999999,8.779173743871311
2979.5,2.9795000000000016,8.781673743871323
2980.0,2.979999999999997,8.775173389422086
2980.5,2.9804999999999993,8.777673389422098
2981.0,2.9810000000000016,8.78017338942211
2981.5,2.981499999999997,8.773754750628058
2982.0,2.9819999999999993,8.77625475062807
2982.5,2.9825000000000017,8.778754750628082
2983.0,2.982999999999997,8.772395843002059
2983.5,2.9834999999999994,8.77489584300207
2984.0,2.9840000000000018,8.777395843002083
2984.5,2.984499999999997,8.771092061484715
2985.0,2.9849999999999994,8.773592061484727
2985.5,2.985500000000002,8.77609206148474
2986.0,2.985999999999997,8.769844523658215
2986.5,2.9864999999999995,8.772344523658226
2987.0,2.987000000000002,8.774844523658238
2987.5,2.987499999999997,8.768661686763117
2988.0,2.9879999999999995,8.77116168676313
2988.5,2.988500000000002,8.773661686763141
2989.0,2.988999999999997,8.76754688853854
2989.5,2.9894999999999996,8.770046888538552
2990.0,2.990000000000002,8.772546888538564
2990.5,2.9904999999999973,8.766510511957328
2991.0,2.9909999999999997,8.76901051195734
2991.5,2.991500000000002,8.771510511957352
2992.0,2.9919999999999973,8.765548855800134
2992.5,2.9924999999999997,8.768048855800146
2993.0,2.993000000000002,8.770548855800158
2993.5,2.9934999999999974,8.764692071719224
2994.0,2.9939999999999998,8.767192071719236
2994.5,2.994500000000002,8.769692071719248
2995.0,2.9949999999999974,8.763968622525624
2995.5,2.9955,8.766468622525636
2996.0,2.996000000000002,8.768968622525648
2996.5,2.9964999999999975,8.763384701937795
2997.0,2.997,8.765884701937807
2997.5,2.9975000000000023,8.76838470193782
2998.0,2.9979999999999976,8.762967652360167
2998.5,2.9985,8.76546765236018
2999.0,2.9990000000000023,8.767967652360191
2999.5,2.9994999999999976,8.762741310222744
3000.0,3.0,8.765241310222756
3000.5,3.0005000000000024,8.767741310222767
3001.0,3.0009999999999977,8.762697238023627
3001.5,3.0015,8.765197238023639
3002.0,3.0020000000000024,8.76769723802365
3002.5,3.0024999999999977,8.762834371679844
3003.0,3.003,8.765334371679856
3003.5,3.0035000000000025,8.767834371679868
3004.0,3.003999999999998,8.763146874537568
3004.5,3.0045,8.76564687453758
3005.0,3.0050000000000026,8.768146874537592
3005.5,3.005499999999998,8.763612126352989
3006.0,3.0060000000000002,8.766112126353
3006.5,3.0065000000000026,8.768612126353013
3007.0,3.006999999999998,8.764225383179856
3007.5,3.0075000000000003,8.766725383179867
3008.0,3.0080000000000027,8.76922538317988
3008.5,3.008499999999998,8.765007648189957
3009.0,3.0090000000000003,8.76750764818997
3009.5,3.0095000000000027,8.770007648189981
3010.0,3.009999999999998,8.765956722200592
3010.5,3.0105000000000004,8.768456722200604
3011.0,3.011000000000003,8.770956722200616
3011.5,3.011499999999998,8.767039332616022
3012.0,3.0120000000000005,8.769539332616034
3012.5,3.012500000000003,8.772039332616046
3013.0,3.012999999999998,8.768224994323255
3013.5,3.0135000000000005,8.770724994323267
3014.0,3.014000000000003,8.773224994323279
3014.5,3.014499999999998,8.769495123933808
3015.0,3.0150000000000006,8.77199512393382
3015.5,3.015500000000003,8.774495123933832
3016.0,3.0159999999999982,8.770822351676522
3016.5,3.0165000000000006,8.773322351676534
3017.0,3.017000000000003,8.775822351676545
3017.5,3.0174999999999983,8.77217807450279
3018.0,3.0180000000000007,8.774678074502802
3018.5,3.018500000000003,8.777178074502814
3019.0,3.0189999999999984,8.773533937071853
3019.5,3.0195000000000007,8.776033937071865
3020.0,3.020000000000003,8.778533937071877
3020.5,3.0204999999999984,8.781033937071854
3021.0,3.021000000000001,8.777370023212256
3021.5,3.021500000000003,8.779870023212268
3022.0,3.0219999999999985,8.782370023212245
3022.5,3.022500000000001,8.77865294421536
3023.0,3.0230000000000032,8.781152944215371
3023.5,3.0234999999999985,8.783652944215348
3024.0,3.024000000000001,8.779858348945524
3024.5,3.0245000000000033,8.782358348945536
3025.0,3.0249999999999986,8.784858348945512
3025.5,3.025500000000001,8.780960479817672
3026.0,3.0260000000000034,8.783460479817684
3026.5,3.0264999999999986,8.78596047981766
3027.0,3.027000000000001,8.781950939926944
3027.5,3.0275000000000034,8.784450939926955
3028.0,3.0279999999999987,8.786950939926932
3028.5,3.028500000000001,8.782828258735158
3029.0,3.0289999999999964,8.785328258735134
3029.5,3.0294999999999987,8.787828258735146
3030.0,3.030000000000001,8.783604224167298
3030.5,3.0305000000000035,8.78610422416731
3031.0,3.030999999999999,8.788604224167287
3031.5,3.031500000000001,8.784289650139456
3032.0,3.0319999999999965,8.786789650139433
3032.5,3.032499999999999,8.789289650139445
3033.0,3.0330000000000013,8.784892927070729
3033.5,3.0335000000000036,8.78739292707074
3034.0,3.033999999999999,8.789892927070717
3034.5,3.0345000000000013,8.78542874110991
3035.0,3.0349999999999966,8.787928741109887
3035.5,3.035499999999999,8.7904287411099
3036.0,3.0360000000000014,8.785895532652539
3036.5,3.0365000000000038,8.788395532652551
3037.0,3.036999999999999,8.790895532652527
3037.5,3.0375000000000014,8.786297670999375
3038.0,3.0379999999999967,8.788797670999351
3038.5,3.038499999999999,8.791297670999363
3039.0,3.0390000000000015,8.786629260297651
3039.5,3.0394999999999968,8.789129260297628
3040.0,3.039999999999999,8.79162926029764
3040.5,3.0405000000000015,8.786878443354667
3041.0,3.040999999999997,8.789378443354643
3041.5,3.041499999999999,8.791878443354655
3042.0,3.0420000000000016,8.787030917782026
3042.5,3.042499999999997,8.789530917782002
3043.0,3.0429999999999993,8.792030917782014
3043.5,3.0435000000000016,8.787062943000521
3044.0,3.043999999999997,8.789562943000497
3044.5,3.0444999999999993,8.79206294300051
3045.0,3.0450000000000017,8.786949532076278
3045.5,3.045499999999997,8.789449532076254
3046.0,3.0459999999999994,8.791949532076266
3046.5,3.0465000000000018,8.786696452281042
3047.0,3.046999999999997,8.789196452281018
3047.5,3.0474999999999994,8.79169645228103
3048.0,3.048000000000002,8.786302566401147
3048.5,3.048499999999997,8.788802566401124
3049.0,3.0489999999999995,8.791302566401136
3049.5,3.049500000000002,8.7857817997644
3050.0,3.049999999999997,8.788281799764377
3050.5,3.0504999999999995,8.790781799764389
3051.0,3.051000000000002,8.78516166093462
3051.5,3.051499999999997,8.787661660934596
3052.0,3.0519999999999996,8.790161660934608
3052.5,3.052500000000002,8.78448045652803
3053.0,3.0529999999999973,8.786980456528006
3053.5,3.0534999999999997,8.789480456528018
3054.0,3.054000000000002,8.783763096157209
3054.5,3.0544999999999973,8.786263096157185
3055.0,3.0549999999999997,8.788763096157197
3055.5,3.055500000000002,8.78304012483433
3056.0,3.0559999999999974,8.785540124834306
3056.5,3.0564999999999998,8.788040124834318
3057.0,3.057000000000002,8.782313755001603
3057.5,3.0574999999999974,8.78481375500158
3058.0,3.058,8.787313755001591
3058.5,3.058500000000002,8.78160089389798
3059.0,3.0589999999999975,8.784100893897957
3059.5,3.0595,8.786600893897969
3060.0,3.0600000000000023,8.780904373549703
3060.5,3.0604999999999976,8.78340437354968
3061.0,3.061,8.785904373549691
3061.5,3.0615000000000023,8.780251225408513
3062.0,3.0619999999999976,8.78275122540849
3062.5,3.0625,8.785251225408501
3063.0,3.0630000000000024,8.779640650679212
3063.5,3.0634999999999977,8.782140650679189
3064.0,3.064,8.7846406506792
3064.5,3.0645000000000024,8.779079880898166
3065.0,3.0649999999999977,8.781579880898143
3065.5,3.0655,8.784079880898155
3066.0,3.0660000000000025,8.778546050186122
3066.5,3.066499999999998,8.781046050186099
3067.0,3.067,8.78354605018611
3067.5,3.0675000000000026,8.778030016243932
3068.0,3.067999999999998,8.780530016243908
3068.5,3.0685000000000002,8.78303001624392
3069.0,3.0690000000000026,8.777524392506919
3069.5,3.069499999999998,8.780024392506895
3070.0,3.0700000000000003,8.782524392506907
3070.5,3.0705000000000027,8.77701729220206
3071.0,3.070999999999998,8.779517292202037
3071.5,3.0715000000000003,8.782017292202049
3072.0,3.0720000000000027,8.77648371039605
3072.5,3.072499999999998,8.778983710396027
3073.0,3.0730000000000004,8.781483710396039
3073.5,3.073500000000003,8.775918337414765
3074.0,3.073999999999998,8.778418337414742
3074.5,3.0745000000000005,8.780918337414754
3075.0,3.075000000000003,8.775342640008716
3075.5,3.075499999999998,8.777842640008693
3076.0,3.0760000000000005,8.780342640008705
3076.5,3.076500000000003,8.774762771583795
3077.0,3.076999999999998,8.777262771583771
3077.5,3.0775000000000006,8.779762771583783
3078.0,3.078000000000003,8.774209230979544
3078.5,3.0784999999999982,8.77670923097952
3079.0,3.0790000000000006,8.779209230979532
3079.5,3.079500000000003,8.773720175164037
3080.0,3.0799999999999983,8.776220175164013
3080.5,3.0805000000000007,8.778720175164025
3081.0,3.081000000000003,8.773336236927953
3081.5,3.0814999999999984,8.77583623692793
3082.0,3.0820000000000007,8.778336236927942
3082.5,3.082500000000003,8.7730897992288
3083.0,3.0829999999999984,8.775589799228776
3083.5,3.083500000000001,8.778089799228788
3084.0,3.084000000000003,8.773015919705855
3084.5,3.0844999999999985,8.775515919705832
3085.0,3.085000000000001,8.778015919705844
3085.5,3.0855000000000032,8.773148082437245
3086.0,3.0859999999999985,8.775648082437222
3086.5,3.086500000000001,8.778148082437234
3087.0,3.0870000000000033,8.773507977928112
3087.5,3.0874999999999986,8.776007977928089
3088.0,3.088000000000001,8.7785079779281
3088.5,3.0885000000000034,8.774092513074478
3089.0,3.0889999999999986,8.776592513074455
3089.5,3.089500000000001,8.779092513074467
3090.0,3.0900000000000034,8.77488371763473
3090.5,3.0904999999999987,8.777383717634706
3091.0,3.091000000000001,8.779883717634718
3091.5,3.0914999999999964,8.775871365893835
3092.0,3.0919999999999987,8.778371365893847
3092.5,3.092500000000001,8.780871365893859
3093.0,3.0930000000000035,8.777024466089678
3093.5,3.093499999999999,8.779524466089654
3094.0,3.094000000000001,8.782024466089666
3094.5,3.0944999999999965,8.778321994647307
3095.0,3.094999999999999,8.780821994647319
3095.5,3.0955000000000013,8.78332199464733
3096.0,3.0960000000000036,8.785821994647343
3096.5,3.096499999999999,8.782223677306717
3097.0,3.0970000000000013,8.78472367730673
3097.5,3.0974999999999966,8.787223677306706
3098.0,3.097999999999999,8.783646714380389
3098.5,3.0985000000000014,8.7861467143804
3099.0,3.0990000000000038,8.788646714380413
3099.5,3.099499999999999,8.785013638698658
3100.0,3.1000000000000014,8.78751363869867
3100.5,3.1004999999999967,8.790013638698646
3101.0,3.100999999999999,8.786278080038272
3101.5,3.1015000000000015,8.788778080038284
3102.0,3.1019999999999968,8.79127808003826
3102.5,3.102499999999999,8.787394197487579
3103.0,3.1030000000000015,8.789894197487591
3103.5,3.103499999999997,8.792394197487567
3104.0,3.103999999999999,8.788331253698196
3104.5,3.1045000000000016,8.790831253698208
3105.0,3.104999999999997,8.793331253698184
3105.5,3.1054999999999993,8.789056179002266
3106.0,3.1060000000000016,8.791556179002278
3106.5,3.106499999999997,8.794056179002254
3107.0,3.1069999999999993,8.7895772042366
3107.5,3.1075000000000017,8.792077204236612
3108.0,3.107999999999997,8.794577204236589
3108.5,3.1084999999999994,8.789915201828258
3109.0,3.1090000000000018,8.79241520182827
3109.5,3.109499999999997,8.794915201828246
3110.0,3.1099999999999994,8.79008101788294
3110.5,3.110500000000002,8.792581017882952
3111.0,3.110999999999997,8.795081017882929
3111.5,3.1114999999999995,8.79011631779914
3112.0,3.112000000000002,8.792616317799151
3112.5,3.112499999999997,8.795116317799128
3113.0,3.1129999999999995,8.79004085366038
3113.5,3.113500000000002,8.792540853660391
3114.0,3.113999999999997,8.795040853660367
3114.5,3.1144999999999996,8.789893079617244
3115.0,3.115000000000002,8.792393079617256
3115.5,3.1154999999999973,8.794893079617232
3116.0,3.1159999999999997,8.789698035223807
3116.5,3.116500000000002,8.79219803522382
3117.0,3.1169999999999973,8.794698035223796
3117.5,3.1174999999999997,8.789475714660107
3118.0,3.118000000000002,8.791975714660119
3118.5,3.1184999999999974,8.794475714660095
3119.0,3.1189999999999998,8.78926611883486
3119.5,3.119500000000002,8.791766118834872
3120.0,3.1199999999999974,8.794266118834848
3120.5,3.1205,8.78909863667193
3121.0,3.121000000000002,8.791598636671942
3121.5,3.1214999999999975,8.794098636671919
3122.0,3.122,8.789021529738257
3122.5,3.1225000000000023,8.791521529738269
3123.0,3.1229999999999976,8.794021529738245
3123.5,3.1235,8.78905707855882
3124.0,3.1240000000000023,8.791557078558832
3124.5,3.1244999999999976,8.794057078558808
3125.0,3.125,8.789235771392079
3125.5,3.1255000000000024,8.79173577139209
3126.0,3.1259999999999977,8.794235771392067
3126.5,3.1265,8.789524874623034
3127.0,3.1270000000000024,8.792024874623046
3127.5,3.1274999999999977,8.794524874623022
3128.0,3.128,8.789903568896413
3128.5,3.1285000000000025,8.792403568896425
3129.0,3.128999999999998,8.794903568896402
3129.5,3.1295,8.790327710211052
3130.0,3.1300000000000026,8.792827710211064
3130.5,3.130499999999998,8.79532771021104
3131.0,3.1310000000000002,8.790746611258662
3131.5,3.1315000000000026,8.793246611258674
3132.0,3.131999999999998,8.79574661125865
3132.5,3.1325000000000003,8.791119126383329
3133.0,3.1330000000000027,8.79361912638334
3133.5,3.133499999999998,8.796119126383317
3134.0,3.1340000000000003,8.791401668245094
3134.5,3.1345000000000027,8.793901668245105
3135.0,3.134999999999998,8.796401668245082
3135.5,3.1355000000000004,8.79154729635232
3136.0,3.136000000000003,8.794047296352332
3136.5,3.136499999999998,8.796547296352308
3137.0,3.1370000000000005,8.79155128842033
3137.5,3.137500000000003,8.794051288420341
3138.0,3.137999999999998,8.796551288420318
3138.5,3.1385000000000005,8.791448200122538
3139.0,3.139000000000003,8.79394820012255
3139.5,3.139499999999998,8.796448200122526
3140.0,3.1400000000000006,8.791271458622738
3140.5,3.140500000000003,8.79377145862275
3141.0,3.1409999999999982,8.796271458622726
3141.5,3.1415000000000006,8.791060492585068
3142.0,3.142000000000003,8.79356049258508
3142.5,3.1424999999999983,8.796060492585056
3143.0,3.1430000000000007,8.7908427008826
3143.5,3.143500000000003,8.793342700882611
3144.0,3.1439999999999984,8.795842700882588
3144.5,3.1445000000000007,8.790640159207612
3145.0,3.145000000000003,8.793140159207624
3145.5,3.1454999999999984,8.7956401592076
3146.0,3.146000000000001,8.790463742490111
3146.5,3.146500000000003,8.792963742490123
3147.0,3.1469999999999985,8.7954637424901
3147.5,3.147500000000001,8.790306941730677
3148.0,3.1480000000000032,8.792806941730689
3148.5,3.1484999999999985,8.795306941730665
3149.0,3.149000000000001,8.790166147948923
3149.5,3.1495000000000033,8.792666147948935
3150.0,3.1499999999999986,8.795166147948912
3150.5,3.150500000000001,8.79005001493752
3151.0,3.1510000000000034,8.792550014937532
3151.5,3.1514999999999986,8.795050014937509
3152.0,3.152000000000001,8.790003475363655
3152.5,3.1525000000000034,8.792503475363667
3153.0,3.1529999999999987,8.795003475363643
3153.5,3.153500000000001,8.790067992354977
3154.0,3.1539999999999964,8.792567992354954
3154.5,3.1544999999999987,8.795067992354966
3155.0,3.155000000000001,8.790300411570016
3155.5,3.1555000000000035,8.792800411570028
3156.0,3.155999999999999,8.795300411570004
3156.5,3.156500000000001,8.790738675558245
3157.0,3.1569999999999965,8.793238675558221
3157.5,3.157499999999999,8.795738675558233
3158.0,3.1580000000000013,8.791383404588053
3158.5,3.1585000000000036,8.793883404588065
3159.0,3.158999999999999,8.796383404588042
3159.5,3.1595000000000013,8.79220582195753
3160.0,3.1599999999999966,8.794705821957507
3160.5,3.160499999999999,8.797205821957519
3161.0,3.1610000000000014,8.793148187075701
3161.5,3.1615000000000038,8.795648187075713
3162.0,3.161999999999999,8.79814818707569
3162.5,3.1625000000000014,8.79414130147822
3163.0,3.1629999999999967,8.796641301478196
3163.5,3.163499999999999,8.799141301478208
3164.0,3.1640000000000015,8.795106467577618
3164.5,3.1644999999999968,8.797606467577594
3165.0,3.164999999999999,8.800106467577606
3165.5,3.1655000000000015,8.796017948816939
3166.0,3.165999999999997,8.798517948816915
3166.5,3.166499999999999,8.801017948816927
3167.0,3.1670000000000016,8.796845264122659
3167.5,3.167499999999997,8.799345264122636
3168.0,3.1679999999999993,8.801845264122647
3168.5,3.1685000000000016,8.79756991472771
3169.0,3.168999999999997,8.800069914727686
3169.5,3.1694999999999993,8.802569914727698
3170.0,3.1700000000000017,8.798173324883791
3170.5,3.170499999999997,8.800673324883768
3171.0,3.1709999999999994,8.80317332488378
3171.5,3.1715000000000018,8.805673324883792
3172.0,3.171999999999997,8.801163794288982
3172.5,3.1724999999999994,8.803663794288994
3173.0,3.173000000000002,8.806163794289006
3173.5,3.173499999999997,8.80154998672598
3174.0,3.1739999999999995,8.804049986725992
3174.5,3.174500000000002,8.806549986726004
3175.0,3.174999999999997,8.801826433222892
3175.5,3.1754999999999995,8.804326433222904
3176.0,3.176000000000002,8.806826433222916
3176.5,3.176499999999997,8.802009709349399
3177.0,3.1769999999999996,8.80450970934941
3177.5,3.177500000000002,8.807009709349423
3178.0,3.1779999999999973,8.802104492663858
3178.5,3.1784999999999997,8.80460449266387
3179.0,3.179000000000002,8.807104492663882
3179.5,3.1794999999999973,8.802123471019563
3180.0,3.1799999999999997,8.804623471019575
3180.5,3.180500000000002,8.807123471019587
3181.0,3.1809999999999974,8.802094507402565
3181.5,3.1814999999999998,8.804594507402577
3182.0,3.182000000000002,8.807094507402589
3182.5,3.1824999999999974,8.802039487161935
3183.0,3.183,8.804539487161946
3183.5,3.183500000000002,8.807039487161958
3184.0,3.1839999999999975,8.80198867359045
3184.5,3.1845,8.804488673590463
3185.0,3.1850000000000023,8.806988673590475
3185.5,3.1854999999999976,8.801959817615312
3186.0,3.186,8.804459817615324
3186.5,3.1865000000000023,8.806959817615336
3187.0,3.1869999999999976,8.801967596379896
3187.5,3.1875,8.804467596379908
3188.0,3.1880000000000024,8.80696759637992
3188.5,3.1884999999999977,8.801997491154445
3189.0,3.189,8.804497491154457
3189.5,3.1895000000000024,8.806997491154469
3190.0,3.1899999999999977,8.802038674614643
3190.5,3.1905,8.804538674614655
3191.0,3.1910000000000025,8.807038674614667
3191.5,3.191499999999998,8.802055413613878
3192.0,3.192,8.80455541361389
3192.5,3.1925000000000026,8.807055413613902
3193.0,3.192999999999998,8.802029583162962
3193.5,3.1935000000000002,8.804529583162974
3194.0,3.1940000000000026,8.807029583162986
3194.5,3.194499999999998,8.801936152228258
3195.0,3.1950000000000003,8.80443615222827
3195.5,3.1955000000000027,8.806936152228282
3196.0,3.195999999999998,8.801775454689853
3196.5,3.1965000000000003,8.804275454689865
3197.0,3.1970000000000027,8.806775454689877
3197.5,3.197499999999998,8.801550817562322
3198.0,3.1980000000000004,8.804050817562334
3198.5,3.198500000000003,8.806550817562346
3199.0,3.198999999999998,8.801263630120353
3199.5,3.1995000000000005,8.803763630120365
3200.0,3.200000000000003,8.806263630120377
3200.5,3.200499999999998,8.800900691828808
3201.0,3.2010000000000005,8.80340069182882
3201.5,3.201500000000003,8.805900691828832
3202.0,3.201999999999998,8.800464115891842
3202.5,3.2025000000000006,8.802964115891854
3203.0,3.203000000000003,8.805464115891866
3203.5,3.2034999999999982,8.799948981559282
3204.0,3.2040000000000006,8.802448981559294
3204.5,3.204500000000003,8.804948981559306
3205.0,3.2049999999999983,8.799346509304478
3205.5,3.2055000000000007,8.80184650930449
3206.0,3.206000000000003,8.804346509304501
3206.5,3.2064999999999984,8.798668167750137
3207.0,3.2070000000000007,8.801168167750149
3207.5,3.207500000000003,8.80366816775016
3208.0,3.2079999999999984,8.797919196704136
3208.5,3.208500000000001,8.800419196704148
3209.0,3.209000000000003,8.80291919670416
3209.5,3.2094999999999985,8.797105675287256
3210.0,3.210000000000001,8.799605675287268
3210.5,3.2105000000000032,8.80210567528728
3211.0,3.2109999999999985,8.79627441676977
3211.5,3.211500000000001,8.798774416769781
3212.0,3.2120000000000033,8.801274416769793
3212.5,3.2124999999999986,8.795478153920833
3213.0,3.213000000000001,8.797978153920845
3213.5,3.2135000000000034,8.800478153920857
3214.0,3.2139999999999986,8.79473865332212
3214.5,3.214500000000001,8.797238653322133
3215.0,3.2150000000000034,8.799738653322144
3215.5,3.2154999999999987,8.794065870998153
3216.0,3.216000000000001,8.796565870998165
3216.5,3.2164999999999964,8.799065870998142
3217.0,3.2169999999999987,8.793472350955618
3217.5,3.217500000000001,8.79597235095563
3218.0,3.2180000000000035,8.798472350955642
3218.5,3.218499999999999,8.792953216400505
3219.0,3.219000000000001,8.795453216400517
3219.5,3.2194999999999965,8.797953216400494
3220.0,3.219999999999999,8.792479500473611
3220.5,3.2205000000000013,8.794979500473623
3221.0,3.2210000000000036,8.797479500473635
3221.5,3.221499999999999,8.79202102157329
3222.0,3.2220000000000013,8.794521021573303
3222.5,3.2224999999999966,8.79702102157328
3223.0,3.222999999999999,8.791564775103637
3223.5,3.2235000000000014,8.79406477510365
3224.0,3.2240000000000038,8.796564775103661
3224.5,3.224499999999999,8.7911109103311
3225.0,3.2250000000000014,8.793610910331111
3225.5,3.2254999999999967,8.796110910331087
3226.0,3.225999999999999,8.790662397023112
3226.5,3.2265000000000015,8.793162397023124
3227.0,3.2269999999999968,8.7956623970231
3227.5,3.227499999999999,8.790226207237417
3228.0,3.2280000000000015,8.792726207237429
3228.5,3.228499999999997,8.795226207237405
3229.0,3.228999999999999,8.789778335934244
3229.5,3.2295000000000016,8.792278335934256
3230.0,3.229999999999997,8.794778335934232
3230.5,3.2304999999999993,8.789306626477966
3231.0,3.2310000000000016,8.791806626477978
3231.5,3.231499999999997,8.794306626477955
3232.0,3.2319999999999993,8.788828034530525
3232.5,3.2325000000000017,8.791328034530537
3233.0,3.232999999999997,8.793828034530513
3233.5,3.2334999999999994,8.78836636028229
3234.0,3.2340000000000018,8.790866360282301
3234.5,3.234499999999997,8.793366360282278
3235.0,3.2349999999999994,8.78794087516333
3235.5,3.235500000000002,8.790440875163341
3236.0,3.235999999999997,8.792940875163318
3236.5,3.2364999999999995,8.787554011682097
3237.0,3.237000000000002,8.790054011682109
3237.5,3.237499999999997,8.792554011682086
3238.0,3.2379999999999995,8.787246582816906
3238.5,3.238500000000002,8.789746582816917
3239.0,3.238999999999997,8.792246582816894
3239.5,3.2394999999999996,8.78703555689583
3240.0,3.240000000000002,8.789535556895842
3240.5,3.2404999999999973,8.792035556895819
3241.0,3.2409999999999997,8.78693416320953
3241.5,3.241500000000002,8.789434163209542
3242.0,3.2419999999999973,8.791934163209518
3242.5,3.2424999999999997,8.786965467775474
3243.0,3.243000000000002,8.789465467775486
3243.5,3.2434999999999974,8.791965467775462
3244.0,3.2439999999999998,8.787117652318237
3244.5,3.244500000000002,8.789617652318249
3245.0,3.2449999999999974,8.792117652318225
3245.5,3.2455,8.787372779022427
3246.0,3.246000000000002,8.789872779022438
3246.5,3.2464999999999975,8.792372779022415
3247.0,3.247,8.794872779022427
3247.5,3.2475000000000023,8.790210024627854
3248.0,3.2479999999999976,8.79271002462783
3248.5,3.2485,8.795210024627842
3249.0,3.2490000000000023,8.790584289607786
3249.5,3.2494999999999976,8.793084289607762
3250.0,3.25,8.795584289607774
3250.5,3.2505000000000024,8.790960072141836
3251.0,3.2509999999999977,8.793460072141812
3251.5,3.2515,8.795960072141824
3252.0,3.2520000000000024,8.791322847603986
3252.5,3.2524999999999977,8.793822847603963
3253.0,3.253,8.796322847603975
3253.5,3.2535000000000025,8.791678573901898
3254.0,3.253999999999998,8.794178573901874
3254.5,3.2545,8.796678573901886
3255.0,3.2550000000000026,8.792025397175465
3255.5,3.255499999999998,8.794525397175441
3256.0,3.2560000000000002,8.797025397175453
3256.5,3.2565000000000026,8.792378521868542
3257.0,3.256999999999998,8.794878521868519
3257.5,3.2575000000000003,8.79737852186853
3258.0,3.2580000000000027,8.792737674750022
3258.5,3.258499999999998,8.795237674749998
3259.0,3.2590000000000003,8.79773767475001
3259.5,3.2595000000000027,8.793081517170087
3260.0,3.259999999999998,8.795581517170064
3260.5,3.2605000000000004,8.798081517170075
3261.0,3.261000000000003,8.793372820947809
3261.5,3.261499999999998,8.795872820947785
3262.0,3.2620000000000005,8.798372820947797
3262.5,3.262500000000003,8.793586598834047
3263.0,3.262999999999998,8.796086598834023
3263.5,3.2635000000000005,8.798586598834035
3264.0,3.264000000000003,8.793704036729686
3264.5,3.264499999999998,8.796204036729662
3265.0,3.2650000000000006,8.798704036729674
3265.5,3.265500000000003,8.793696091862273
3266.0,3.2659999999999982,8.79619609186225
3266.5,3.2665000000000006,8.798696091862261
3267.0,3.267000000000003,8.793533481041251
3267.5,3.2674999999999983,8.796033481041228
3268.0,3.2680000000000007,8.79853348104124
3268.5,3.268500000000003,8.793216778437873
3269.0,3.2689999999999984,8.79571677843785
3269.5,3.2695000000000007,8.798216778437862
3270.0,3.270000000000003,8.79274427446667
3270.5,3.2704999999999984,8.795244274466647
3271.0,3.271000000000001,8.797744274466659
3271.5,3.271500000000003,8.792113049846506
3272.0,3.2719999999999985,8.794613049846483
3272.5,3.272500000000001,8.797113049846494
3273.0,3.2730000000000032,8.79133018227023
3273.5,3.2734999999999985,8.793830182270206
3274.0,3.274000000000001,8.796330182270218
3274.5,3.2745000000000033,8.79040285024331
3275.0,3.2749999999999986,8.792902850243287
3275.5,3.275500000000001,8.795402850243299
3276.0,3.2760000000000034,8.789325045345535
3276.5,3.2764999999999986,8.791825045345512
3277.0,3.277000000000001,8.794325045345524
3277.5,3.2775000000000034,8.788100227610514
3278.0,3.2779999999999987,8.79060022761049
3278.5,3.278500000000001,8.793100227610502
3279.0,3.2789999999999964,8.786718629475843
3279.5,3.2794999999999987,8.789218629475855
3280.0,3.280000000000001,8.791718629475866
3280.5,3.2805000000000035,8.78518015691732
3281.0,3.280999999999999,8.787680156917297
3281.5,3.281500000000001,8.790180156917309
3282.0,3.2819999999999965,8.783505824376228
3282.5,3.282499999999999,8.78600582437624
3283.0,3.2830000000000013,8.788505824376251
3283.5,3.2835000000000036,8.781737525717475
3284.0,3.283999999999999,8.784237525717451
3284.5,3.2845000000000013,8.786737525717463
3285.0,3.2849999999999966,8.779913193957327
3285.5,3.285499999999999,8.782413193957339
3286.0,3.2860000000000014,8.784913193957351
3286.5,3.2865000000000038,8.77807226772461
3287.0,3.286999999999999,8.780572267724587
3287.5,3.2875000000000014,8.783072267724599
3288.0,3.2879999999999967,8.776221483766236
3288.5,3.288499999999999,8.778721483766248
3289.0,3.2890000000000015,8.78122148376626
3289.5,3.2894999999999968,8.774374102780627
3290.0,3.289999999999999,8.776874102780639
3290.5,3.2905000000000015,8.77937410278065
3291.0,3.290999999999997,8.77252960110468
3291.5,3.291499999999999,8.775029601104691
3292.0,3.2920000000000016,8.777529601104703
3292.5,3.292499999999997,8.770695122659404
3293.0,3.2929999999999993,8.773195122659416
3293.5,3.2935000000000016,8.775695122659428
3294.0,3.293999999999997,8.768869049323307
3294.5,3.2944999999999993,8.771369049323319
3295.0,3.2950000000000017,8.77386904932333
3295.5,3.295499999999997,8.767052077773982
3296.0,3.2959999999999994,8.769552077773994
3296.5,3.2965000000000018,8.772052077774006
3297.0,3.296999999999997,8.765271583850094
3297.5,3.2974999999999994,8.767771583850106
3298.0,3.298000000000002,8.770271583850118
3298.5,3.298499999999997,8.763525288516938
3299.0,3.2989999999999995,8.76602528851695
3299.5,3.299500000000002,8.768525288516962
3300.0,3.299999999999997,8.761789827613917
3300.5,3.3004999999999995,8.76428982761393
3301.0,3.301000000000002,8.766789827613941
3301.5,3.301499999999997,8.760063979960151
3302.0,3.3019999999999996,8.762563979960163
3302.5,3.302500000000002,8.765063979960175
3303.0,3.3029999999999973,8.758324528892096
3303.5,3.3034999999999997,8.760824528892108
3304.0,3.304000000000002,8.76332452889212
3304.5,3.3044999999999973,8.756564584842046
3305.0,3.3049999999999997,8.759064584842058
3305.5,3.305500000000002,8.76156458484207
3306.0,3.3059999999999974,8.754786156255179
3306.5,3.3064999999999998,8.75728615625519
3307.0,3.307000000000002,8.759786156255203
3307.5,3.3074999999999974,8.752967769800328
3308.0,3.308,8.75546776980034
3308.5,3.308500000000002,8.757967769800352
3309.0,3.3089999999999975,8.751082082122004
3309.5,3.3095,8.753582082122016
3310.0,3.3100000000000023,8.756082082122028
3310.5,3.3104999999999976,8.74914051048357
3311.0,3.311,8.751640510483583
3311.5,3.3115000000000023,8.754140510483595
3312.0,3.3119999999999976,8.747162382995661
3312.5,3.3125,8.749662382995673
3313.0,3.3130000000000024,8.752162382995685
3313.5,3.3134999999999977,8.745190544236792
3314.0,3.314,8.747690544236804
3314.5,3.3145000000000024,8.750190544236816
3315.0,3.3149999999999977,8.743278163310713
3315.5,3.3155,8.745778163310725
3316.0,3.3160000000000025,8.748278163310736
3316.5,3.316499999999998,8.741446293278727
3317.0,3.317,8.74394629327874
3317.5,3.3175000000000026,8.746446293278751
3318.0,3.317999999999998,8.739730275068354
3318.5,3.3185000000000002,8.742230275068366
3319.0,3.3190000000000026,8.744730275068378
3319.5,3.319499999999998,8.738144527912013
3320.0,3.3200000000000003,8.740644527912025
3320.5,3.3205000000000027,8.743144527912037
3321.0,3.320999999999998,8.736698826100238
3321.5,3.3215000000000003,8.73919882610025
3322.0,3.3220000000000027,8.741698826100261
3322.5,3.322499999999998,8.744198826100238
3323.0,3.3230000000000004,8.737890749295403
3323.5,3.323500000000003,8.740390749295415
3324.0,3.323999999999998,8.742890749295391
3324.5,3.3245000000000005,8.736727375468192
3325.0,3.325000000000003,8.739227375468204
3325.5,3.325499999999998,8.74172737546818
3326.0,3.3260000000000005,8.735697017196813
3326.5,3.326500000000003,8.738197017196825
3327.0,3.326999999999998,8.740697017196801
3327.5,3.3275000000000006,8.734798303428661
3328.0,3.328000000000003,8.737298303428673
3328.5,3.3284999999999982,8.73979830342865
3329.0,3.3290000000000006,8.734035761313983
3329.5,3.329500000000003,8.736535761313995
3330.0,3.3299999999999983,8.739035761313971
3330.5,3.3305000000000007,8.733395467102625
3331.0,3.331000000000003,8.735895467102637
3331.5,3.3314999999999984,8.738395467102613
3332.0,3.3320000000000007,8.732863675592561
3332.5,3.332500000000003,8.735363675592573
3333.0,3.3329999999999984,8.73786367559255
3333.5,3.333500000000001,8.732430893117638
3334.0,3.334000000000003,8.73493089311765
3334.5,3.3344999999999985,8.737430893117626
3335.0,3.335000000000001,8.732088607847324
3335.5,3.3355000000000032,8.734588607847336
3336.0,3.3359999999999985,8.737088607847312
3336.5,3.336500000000001,8.731801898097586
3337.0,3.3370000000000033,8.734301898097598
3337.5,3.3374999999999986,8.736801898097575
3338.0,3.338000000000001,8.731524771897377
3338.5,3.3385000000000034,8.734024771897388
3339.0,3.3389999999999986,8.736524771897365
3339.5,3.339500000000001,8.731228314734096
3340.0,3.3400000000000034,8.733728314734108
3340.5,3.3404999999999987,8.736228314734085
3341.0,3.341000000000001,8.730893067228962
3341.5,3.3414999999999964,8.733393067228938
3342.0,3.3419999999999987,8.73589306722895
3342.5,3.342500000000001,8.730485254329956
3343.0,3.3430000000000035,8.732985254329968
3343.5,3.343499999999999,8.735485254329944
3344.0,3.344000000000001,8.729971777731471
3344.5,3.3444999999999965,8.732471777731448
3345.0,3.344999999999999,8.73497177773146
3345.5,3.3455000000000013,8.729356656431229
3346.0,3.3460000000000036,8.73185665643124
3346.5,3.346499999999999,8.734356656431217
3347.0,3.3470000000000013,8.728617597225252
3347.5,3.3474999999999966,8.731117597225229
3348.0,3.347999999999999,8.73361759722524
3348.5,3.3485000000000014,8.727768705033832
3349.0,3.3490000000000038,8.730268705033843
3349.5,3.349499999999999,8.73276870503382
3350.0,3.3500000000000014,8.726823035508957
3350.5,3.3504999999999967,8.729323035508934
3351.0,3.350999999999999,8.731823035508945
3351.5,3.3515000000000015,8.725810145390085
3352.0,3.3519999999999968,8.728310145390061
3352.5,3.352499999999999,8.730810145390073
3353.0,3.3530000000000015,8.724770737043208
3353.5,3.353499999999997,8.727270737043185
3354.0,3.353999999999999,8.729770737043197
3354.5,3.3545000000000016,8.723723238619563
3355.0,3.354999999999997,8.72622323861954
3355.5,3.3554999999999993,8.728723238619551
3356.0,3.3560000000000016,8.722665599143689
3356.5,3.356499999999997,8.725165599143665
3357.0,3.3569999999999993,8.727665599143677
3357.5,3.3575000000000017,8.72161994940054
3358.0,3.357999999999997,8.724119949400517
3358.5,3.3584999999999994,8.72661994940053
3359.0,3.3590000000000018,8.720586944946795
3359.5,3.359499999999997,8.723086944946772
3360.0,3.3599999999999994,8.725586944946784
3360.5,3.360500000000002,8.719551218290817
3361.0,3.360999999999997,8.722051218290794
3361.5,3.3614999999999995,8.724551218290806
3362.0,3.362000000000002,8.718490857551124
3362.5,3.362499999999997,8.7209908575511
3363.0,3.3629999999999995,8.723490857551113
3363.5,3.363500000000002,8.717374592461304
3364.0,3.363999999999997,8.71987459246128
3364.5,3.3644999999999996,8.722374592461293
3365.0,3.365000000000002,8.716182073782619
3365.5,3.3654999999999973,8.718682073782595
3366.0,3.3659999999999997,8.721182073782607
3366.5,3.366500000000002,8.714900368411875
3367.0,3.3669999999999973,8.717400368411852
3367.5,3.3674999999999997,8.719900368411864
3368.0,3.368000000000002,8.713530236968019
3368.5,3.3684999999999974,8.716030236967995
3369.0,3.3689999999999998,8.718530236968007
3369.5,3.369500000000002,8.71208325734976
3370.0,3.3699999999999974,8.714583257349737
3370.5,3.3705,8.71708325734975
3371.0,3.371000000000002,8.710552122542303
3371.5,3.3714999999999975,8.71305212254228
3372.0,3.372,8.715552122542292
3372.5,3.3725000000000023,8.708917942600962
3373.0,3.3729999999999976,8.711417942600939
3373.5,3.3735,8.71391794260095
3374.0,3.3740000000000023,8.70716723538795
3374.5,3.3744999999999976,8.709667235387926
3375.0,3.375,8.712167235387938
3375.5,3.3755000000000024,8.705278774692218
3376.0,3.3759999999999977,8.707778774692194
3376.5,3.3765,8.710278774692206
3377.0,3.3770000000000024,8.703221313452048
3377.5,3.3774999999999977,8.705721313452024
3378.0,3.378,8.708221313452036
3378.5,3.3785000000000025,8.700977292117216
3379.0,3.378999999999998,8.703477292117192
3379.5,3.3795,8.705977292117204
3380.0,3.3800000000000026,8.698573495981918
3380.5,3.380499999999998,8.701073495981895
3381.0,3.3810000000000002,8.703573495981907
3381.5,3.3815000000000026,8.69604546399703
3382.0,3.381999999999998,8.698545463997007
3382.5,3.3825000000000003,8.70104546399702
3383.0,3.3830000000000027,8.693450392563733
3383.5,3.383499999999998,8.69595039256371
3384.0,3.3840000000000003,8.698450392563721
3384.5,3.3845000000000027,8.690815311687707
3385.0,3.384999999999998,8.693315311687684
3385.5,3.3855000000000004,8.695815311687696
3386.0,3.386000000000003,8.688186243603333
3386.5,3.386499999999998,8.69068624360331
3387.0,3.3870000000000005,8.693186243603321
3387.5,3.387500000000003,8.685618337552157
3388.0,3.387999999999998,8.688118337552133
3388.5,3.3885000000000005,8.690618337552145
3389.0,3.389000000000003,8.683141021808574
3389.5,3.389499999999998,8.68564102180855
3390.0,3.3900000000000006,8.688141021808562
3390.5,3.390500000000003,8.680782017542512
3391.0,3.3909999999999982,8.683282017542489
3391.5,3.3915000000000006,8.6857820175425
3392.0,3.392000000000003,8.678553921724799
3392.5,3.3924999999999983,8.681053921724775
3393.0,3.3930000000000007,8.683553921724787
3393.5,3.393500000000003,8.676456457557542
3394.0,3.3939999999999984,8.678956457557518
3394.5,3.3945000000000007,8.68145645755753
3395.0,3.395000000000003,8.674498203636283
3395.5,3.3954999999999984,8.67699820363626
3396.0,3.396000000000001,8.679498203636271
3396.5,3.396500000000003,8.672679551023101
3397.0,3.3969999999999985,8.675179551023078
3397.5,3.397500000000001,8.67767955102309
3398.0,3.3980000000000032,8.680179551023102
3398.5,3.3984999999999985,8.673500074130374
3399.0,3.399000000000001,8.676000074130386
3399.5,3.3995000000000033,8.678500074130397
3400.0,3.3999999999999986,8.67194726315077
3400.5,3.400500000000001,8.674447263150782
3401.0,3.4010000000000034,8.676947263150794
3401.5,3.4014999999999986,8.670487332377128
3402.0,3.402000000000001,8.67298733237714
3402.5,3.4025000000000034,8.675487332377152
3403.0,3.4029999999999987,8.669098949495186
3403.5,3.403500000000001,8.671598949495198
3404.0,3.4039999999999964,8.674098949495175
3404.5,3.4044999999999987,8.667752149107528
3405.0,3.405000000000001,8.67025214910754
3405.5,3.4055000000000035,8.672752149107552
3406.0,3.405999999999999,8.666425589391444
3406.5,3.406500000000001,8.668925589391456
3407.0,3.4069999999999965,8.671425589391433
3407.5,3.407499999999999,8.66509124749971
3408.0,3.4080000000000013,8.667591247499722
3408.5,3.4085000000000036,8.670091247499734
3409.0,3.408999999999999,8.66371111071718
3409.5,3.4095000000000013,8.666211110717192
3410.0,3.4099999999999966,8.668711110717169
3410.5,3.410499999999999,8.662276772787152
3411.0,3.4110000000000014,8.664776772787164
3411.5,3.4115000000000038,8.667276772787176
3412.0,3.411999999999999,8.660767202502981
3412.5,3.4125000000000014,8.663267202502993
3413.0,3.4129999999999967,8.66576720250297
3413.5,3.413499999999999,8.659166260767428
3414.0,3.4140000000000015,8.66166626076744
3414.5,3.4144999999999968,8.664166260767416
3415.0,3.414999999999999,8.657475503013252
3415.5,3.4155000000000015,8.659975503013264
3416.0,3.415999999999997,8.66247550301324
3416.5,3.416499999999999,8.655702195906407
3417.0,3.4170000000000016,8.65820219590642
3417.5,3.417499999999997,8.660702195906396
3418.0,3.4179999999999993,8.653852911297761
3418.5,3.4185000000000016,8.656352911297773
3419.0,3.418999999999997,8.65885291129775
3419.5,3.4194999999999993,8.651956740493922
3420.0,3.4200000000000017,8.654456740493934
3420.5,3.420499999999997,8.65695674049391
3421.0,3.4209999999999994,8.650049668270299
3421.5,3.4215000000000018,8.65254966827031
3422.0,3.421999999999997,8.655049668270287
3422.5,3.4224999999999994,8.64817327230849
3423.0,3.423000000000002,8.650673272308502
3423.5,3.423499999999997,8.653173272308479
3424.0,3.4239999999999995,8.646371709473542
3424.5,3.424500000000002,8.648871709473553
3425.0,3.424999999999997,8.65137170947353
3425.5,3.4254999999999995,8.644675509814057
3426.0,3.426000000000002,8.647175509814069
3426.5,3.426499999999997,8.649675509814045
3427.0,3.4269999999999996,8.643093729602285
3427.5,3.427500000000002,8.645593729602297
3428.0,3.4279999999999973,8.648093729602273
3428.5,3.4284999999999997,8.641633541818905
3429.0,3.429000000000002,8.644133541818917
3429.5,3.4294999999999973,8.646633541818893
3430.0,3.4299999999999997,8.640264946051346
3430.5,3.430500000000002,8.642764946051358
3431.0,3.4309999999999974,8.645264946051334
3431.5,3.4314999999999998,8.63894782188769
3432.0,3.432000000000002,8.641447821887702
3432.5,3.4324999999999974,8.643947821887679
3433.0,3.433,8.637640834803513
3433.5,3.433500000000002,8.640140834803525
3434.0,3.4339999999999975,8.642640834803501
3434.5,3.4345,8.63630253147587
3435.0,3.4350000000000023,8.638802531475882
3435.5,3.4354999999999976,8.641302531475858
3436.0,3.436,8.634897404524011
3436.5,3.4365000000000023,8.637397404524023
3437.0,3.4369999999999976,8.639897404524
3437.5,3.4375,8.633421076632644
3438.0,3.4380000000000024,8.635921076632656
3438.5,3.4384999999999977,8.638421076632632
3439.0,3.439,8.631864782674121
3439.5,3.4395000000000024,8.634364782674133
3440.0,3.4399999999999977,8.63686478267411
3440.5,3.4405,8.63023905576334
3441.0,3.4410000000000025,8.632739055763352
3441.5,3.441499999999998,8.635239055763329
3442.0,3.442,8.628544862444016
3442.5,3.4425000000000026,8.631044862444028
3443.0,3.442999999999998,8.633544862444005
3443.5,3.4435000000000002,8.626788251353332
3444.0,3.4440000000000026,8.629288251353344
3444.5,3.444499999999998,8.63178825135332
3445.0,3.4450000000000003,8.624962955631723
3445.5,3.4455000000000027,8.627462955631735
3446.0,3.445999999999998,8.629962955631711
3446.5,3.4465000000000003,8.623054696119752
3447.0,3.4470000000000027,8.625554696119764
3447.5,3.447499999999998,8.62805469611974
3448.0,3.4480000000000004,8.621058291020312
3448.5,3.448500000000003,8.623558291020323
3449.0,3.448999999999998,8.6260582910203
3449.5,3.4495000000000005,8.618988651900601
3450.0,3.450000000000003,8.621488651900613
3450.5,3.450499999999998,8.62398865190059
3451.0,3.4510000000000005,8.616868647026763
3451.5,3.451500000000003,8.619368647026775
3452.0,3.451999999999998,8.621868647026751
3452.5,3.4525000000000006,8.614736385135409
3453.0,3.453000000000003,8.61723638513542
3453.5,3.4534999999999982,8.619736385135397
3454.0,3.4540000000000006,8.612633239562513
3454.5,3.454500000000003,8.615133239562525
3455.0,3.4549999999999983,8.617633239562501
3455.5,3.4555000000000007,8.610581028233817
3456.0,3.456000000000003,8.613081028233829
3456.5,3.4564999999999984,8.615581028233805
3457.0,3.4570000000000007,8.60860271053106
3457.5,3.457500000000003,8.611102710531071
3458.0,3.4579999999999984,8.613602710531048
3458.5,3.458500000000001,8.606695633512125
3459.0,3.459000000000003,8.609195633512137
3459.5,3.4594999999999985,8.611695633512113
3460.0,3.460000000000001,8.604832488537966
3460.5,3.4605000000000032,8.607332488537978
3461.0,3.4609999999999985,8.609832488537954
3461.5,3.461500000000001,8.602972540883087
3462.0,3.4620000000000033,8.605472540883099
3462.5,3.4624999999999986,8.607972540883075
3463.0,3.463000000000001,8.601062294537059
3463.5,3.4635000000000034,8.60356229453707
3464.0,3.4639999999999986,8.606062294537047
3464.5,3.464500000000001,8.59907324905425
3465.0,3.4650000000000034,8.601573249054262
3465.5,3.4654999999999987,8.604073249054238
3466.0,3.466000000000001,8.596987852076339
3466.5,3.4664999999999964,8.599487852076315
3467.0,3.4669999999999987,8.601987852076327
3467.5,3.467500000000001,8.594816042280549
3468.0,3.4680000000000035,8.59731604228056
3468.5,3.468499999999999,8.599816042280537
3469.0,3.469000000000001,8.592563172651246
3469.5,3.4694999999999965,8.595063172651223
3470.0,3.469999999999999,8.597563172651235
3470.5,3.4705000000000013,8.590246664700807
3471.0,3.4710000000000036,8.592746664700819
3471.5,3.471499999999999,8.595246664700795
3472.0,3.4720000000000013,8.587913853506599
3472.5,3.4724999999999966,8.590413853506575
3473.0,3.472999999999999,8.592913853506587
3473.5,3.4735000000000014,8.5954138535066
3474.0,3.4740000000000038,8.588103535293428
3474.5,3.474499999999999,8.590603535293404
3475.0,3.4750000000000014,8.593103535293416
3475.5,3.4754999999999967,8.585821722384637
3476.0,3.475999999999999,8.588321722384649
3476.5,3.4765000000000015,8.59082172238466
3477.0,3.4769999999999968,8.583564582118228
3477.5,3.477499999999999,8.58606458211824
3478.0,3.4780000000000015,8.588564582118252
3478.5,3.478499999999997,8.581346379486874
3479.0,3.478999999999999,8.583846379486886
3479.5,3.4795000000000016,8.586346379486898
3480.0,3.479999999999997,8.579172164202475
3480.5,3.4804999999999993,8.581672164202487
3481.0,3.4810000000000016,8.5841721642025
3481.5,3.481499999999997,8.577061051826682
3482.0,3.4819999999999993,8.579561051826694
3482.5,3.4825000000000017,8.582061051826706
3483.0,3.482999999999997,8.575037584083027
3483.5,3.4834999999999994,8.57753758408304
3484.0,3.4840000000000018,8.580037584083051
3484.5,3.484499999999997,8.573079078499717
3485.0,3.4849999999999994,8.575579078499729
3485.5,3.485500000000002,8.57807907849974
3486.0,3.485999999999997,8.571199227139772
3486.5,3.4864999999999995,8.573699227139784
3487.0,3.487000000000002,8.576199227139796
3487.5,3.487499999999997,8.569415669241174
3488.0,3.4879999999999995,8.571915669241186
3488.5,3.488500000000002,8.574415669241198
3489.0,3.488999999999997,8.567719178896986
3489.5,3.4894999999999996,8.570219178896998
3490.0,3.490000000000002,8.57271917889701
3490.5,3.4904999999999973,8.566097689131453
3491.0,3.4909999999999997,8.568597689131465
3491.5,3.491500000000002,8.571097689131477
3492.0,3.4919999999999973,8.564505316225066
3492.5,3.4924999999999997,8.567005316225078
3493.0,3.493000000000002,8.56950531622509
3493.5,3.4934999999999974,8.562907207390005
3494.0,3.4939999999999998,8.565407207390017
3494.5,3.494500000000002,8.567907207390029
3495.0,3.4949999999999974,8.561238736733117
3495.5,3.4955,8.563738736733129
3496.0,3.496000000000002,8.56623873673314
3496.5,3.4964999999999975,8.559466408313483
3497.0,3.497,8.561966408313495
3497.5,3.4975000000000023,8.564466408313507
3498.0,3.4979999999999976,8.5575673629112
3498.5,3.4985,8.560067362911212
3499.0,3.4990000000000023,8.562567362911224
3499.5,3.4994999999999976,8.555521283066412
3500.0,3.5,8.558021283066424
3500.5,3.5005000000000024,8.560521283066436
3501.0,3.5009999999999977,8.553310780582919
3501.5,3.5015,8.55581078058293
3502.0,3.5020000000000024,8.558310780582943
3502.5,3.5024999999999977,8.550941111082544
3503.0,3.503,8.553441111082556
3503.5,3.5035000000000025,8.555941111082568
3504.0,3.503999999999998,8.548396779068526
3504.5,3.5045,8.550896779068538
3505.0,3.5050000000000026,8.55339677906855
3505.5,3.505499999999998,8.5456986255911
3506.0,3.5060000000000002,8.548198625591112
3506.5,3.5065000000000026,8.550698625591124
3507.0,3.506999999999998,8.542890472533742
3507.5,3.5075000000000003,8.545390472533754
3508.0,3.5080000000000027,8.547890472533766
3508.5,3.508499999999998,8.540009954333172
3509.0,3.5090000000000003,8.542509954333184
3509.5,3.5095000000000027,8.545009954333196
3510.0,3.509999999999998,8.537086211186313
3510.5,3.5105000000000004,8.539586211186325
3511.0,3.511000000000003,8.542086211186337
3511.5,3.511499999999998,8.534151923104751
3512.0,3.5120000000000005,8.536651923104763
3512.5,3.512500000000003,8.539151923104775
3513.0,3.512999999999998,8.531235216293638
3513.5,3.5135000000000005,8.53373521629365
3514.0,3.514000000000003,8.536235216293662
3514.5,3.514499999999998,8.528346376818341
3515.0,3.5150000000000006,8.530846376818353
3515.5,3.515500000000003,8.533346376818365
3516.0,3.5159999999999982,8.52551178638599
3516.5,3.5165000000000006,8.528011786386003
3517.0,3.517000000000003,8.530511786386015
3517.5,3.5174999999999983,8.522748014075816
3518.0,3.5180000000000007,8.525248014075828
3518.5,3.518500000000003,8.52774801407584
3519.0,3.5189999999999984,8.520064677907797
3519.5,3.5195000000000007,8.522564677907809
3520.0,3.520000000000003,8.525064677907821
3520.5,3.5204999999999984,8.517462899276893
3521.0,3.521000000000001,8.519962899276905
3521.5,3.521500000000003,8.522462899276917
3522.0,3.5219999999999985,8.514943086519438
3522.5,3.522500000000001,8.51744308651945
3523.0,3.5230000000000032,8.519943086519461
3523.5,3.5234999999999985,8.512479979001846
3524.0,3.524000000000001,8.514979979001858
3524.5,3.5245000000000033,8.51747997900187
3525.0,3.5249999999999986,8.510051422934986
3525.5,3.525500000000001,8.512551422934997
3526.0,3.5260000000000034,8.51505142293501
3526.5,3.5264999999999986,8.507647378202279
3527.0,3.527000000000001,8.51014737820229
3527.5,3.5275000000000034,8.512647378202303
3528.0,3.5279999999999987,8.505247627626247
3528.5,3.528500000000001,8.507747627626259
3529.0,3.5289999999999964,8.510247627626235
3529.5,3.5294999999999987,8.50283663599889
3530.0,3.530000000000001,8.505336635998901
3530.5,3.5305000000000035,8.507836635998913
3531.0,3.530999999999999,8.500411183554455
3531.5,3.531500000000001,8.502911183554467
3532.0,3.5319999999999965,8.505411183554443
3532.5,3.532499999999999,8.49796534629121
3533.0,3.5330000000000013,8.500465346291222
3533.5,3.5335000000000036,8.502965346291234
3534.0,3.533999999999999,8.495479136490687
3534.5,3.5345000000000013,8.497979136490699
3535.0,3.5349999999999966,8.500479136490675
3535.5,3.535499999999999,8.492939291219912
3536.0,3.5360000000000014,8.495439291219924
3536.5,3.5365000000000038,8.497939291219936
3537.0,3.536999999999999,8.490360553508012
3537.5,3.5375000000000014,8.492860553508024
3538.0,3.5379999999999967,8.495360553508
3538.5,3.538499999999999,8.487761346891851
3539.0,3.5390000000000015,8.490261346891863
3539.5,3.5394999999999968,8.49276134689184
3540.0,3.539999999999999,8.485154799805663
3540.5,3.5405000000000015,8.487654799805675
3541.0,3.540999999999997,8.490154799805651
3541.5,3.541499999999999,8.48257332059184
3542.0,3.5420000000000016,8.485073320591852
3542.5,3.542499999999997,8.487573320591828
3543.0,3.5429999999999993,8.480059056537002
3543.5,3.5435000000000016,8.482559056537013
3544.0,3.543999999999997,8.48505905653699
3544.5,3.5444999999999993,8.477638735351789
3545.0,3.5450000000000017,8.480138735351801
3545.5,3.545499999999997,8.482638735351777
3546.0,3.5459999999999994,8.475317512139071
3546.5,3.5465000000000018,8.477817512139083
3547.0,3.546999999999997,8.48031751213906
3547.5,3.5474999999999994,8.47310625974977
3548.0,3.548000000000002,8.475606259749782
3548.5,3.548499999999997,8.478106259749758
3549.0,3.5489999999999995,8.48060625974977
3549.5,3.549500000000002,8.473547122544076
3550.0,3.549999999999997,8.476047122544053
3550.5,3.5504999999999995,8.478547122544065
3551.0,3.551000000000002,8.471677821066805
3551.5,3.551499999999997,8.474177821066782
3552.0,3.5519999999999996,8.476677821066794
3552.5,3.552500000000002,8.47002934308712
3553.0,3.5529999999999973,8.472529343087096
3553.5,3.5534999999999997,8.475029343087108
3554.0,3.554000000000002,8.46860861833651
3554.5,3.5544999999999973,8.471108618336487
3555.0,3.5549999999999997,8.473608618336499
3555.5,3.555500000000002,8.467386522564873
3556.0,3.5559999999999974,8.469886522564849
3556.5,3.5564999999999998,8.472386522564861
3557.0,3.557000000000002,8.466333054323911
3557.5,3.5574999999999974,8.468833054323888
3558.0,3.558,8.4713330543239
3558.5,3.558500000000002,8.465391576550836
3559.0,3.5589999999999975,8.467891576550812
3559.5,3.5595,8.470391576550824
3560.0,3.5600000000000023,8.4645115512253
3560.5,3.5604999999999976,8.467011551225276
3561.0,3.561,8.469511551225288
3561.5,3.5615000000000023,8.463643846147413
3562.0,3.5619999999999976,8.46614384614739
3562.5,3.5625,8.468643846147401
3563.0,3.5630000000000024,8.46276525984539
3563.5,3.5634999999999977,8.465265259845367
3564.0,3.564,8.467765259845379
3564.5,3.5645000000000024,8.461844485026404
3565.0,3.5649999999999977,8.46434448502638
3565.5,3.5655,8.466844485026392
3566.0,3.5660000000000025,8.460849298341415
3566.5,3.566499999999998,8.463349298341392
3567.0,3.567,8.465849298341404
3567.5,3.5675000000000026,8.459777178586876
3568.0,3.567999999999998,8.462277178586852
3568.5,3.5685000000000002,8.464777178586864
3569.0,3.5690000000000026,8.458599846350268
3569.5,3.569499999999998,8.461099846350244
3570.0,3.5700000000000003,8.463599846350256
3570.5,3.5705000000000027,8.457318395318367
3571.0,3.570999999999998,8.459818395318344
3571.5,3.5715000000000003,8.462318395318356
3572.0,3.5720000000000027,8.455925512154465
3572.5,3.572499999999998,8.458425512154442
3573.0,3.5730000000000004,8.460925512154454
3573.5,3.573500000000003,8.454423389548111
3574.0,3.573999999999998,8.456923389548088
3574.5,3.5745000000000005,8.4594233895481
3575.0,3.575000000000003,8.452807522874757
3575.5,3.575499999999998,8.455307522874733
3576.0,3.5760000000000005,8.457807522874745
3576.5,3.576500000000003,8.451081092469828
3577.0,3.576999999999998,8.453581092469804
3577.5,3.5775000000000006,8.456081092469816
3578.0,3.578000000000003,8.4492625274941
3578.5,3.5784999999999982,8.451762527494076
3579.0,3.5790000000000006,8.454262527494087
3579.5,3.579500000000003,8.447386389629017
3580.0,3.5799999999999983,8.449886389628993
3580.5,3.5805000000000007,8.452386389629005
3581.0,3.581000000000003,8.445494220872725
3581.5,3.5814999999999984,8.447994220872701
3582.0,3.5820000000000007,8.450494220872713
3582.5,3.582500000000003,8.443639200946222
3583.0,3.5829999999999984,8.446139200946199
3583.5,3.583500000000001,8.44863920094621
3584.0,3.584000000000003,8.441865885467266
3584.5,3.5844999999999985,8.444365885467242
3585.0,3.585000000000001,8.446865885467254
3585.5,3.5855000000000032,8.440198875357723
3586.0,3.5859999999999985,8.4426988753577
3586.5,3.586500000000001,8.445198875357711
3587.0,3.5870000000000033,8.438649112833936
3587.5,3.5874999999999986,8.441149112833912
3588.0,3.588000000000001,8.443649112833924
3588.5,3.5885000000000034,8.437191652822555
3589.0,3.5889999999999986,8.439691652822532
3589.5,3.589500000000001,8.442191652822544
3590.0,3.5900000000000034,8.435800079049685
3590.5,3.5904999999999987,8.438300079049661
3591.0,3.591000000000001,8.440800079049673
3591.5,3.5914999999999964,8.43442281507862
3592.0,3.5919999999999987,8.436922815078631
3592.5,3.592500000000001,8.439422815078643
3593.0,3.5930000000000035,8.433028951844435
3593.5,3.593499999999999,8.435528951844411
3594.0,3.594000000000001,8.438028951844423
3594.5,3.5944999999999965,8.431583066833248
3595.0,3.594999999999999,8.43408306683326
3595.5,3.5955000000000013,8.436583066833272
3596.0,3.5960000000000036,8.430063924462416
3596.5,3.596499999999999,8.432563924462393
3597.0,3.5970000000000013,8.435063924462405
3597.5,3.5974999999999966,8.428449042436554
3598.0,3.597999999999999,8.430949042436566
3598.5,3.5985000000000014,8.433449042436578
3599.0,3.5990000000000038,8.426697883822705
3599.5,3.599499999999999,8.429197883822681
3600.0,3.6000000000000014,8.431697883822693
3600.5,3.6004999999999967,8.424760959531703
3601.0,3.600999999999999,8.427260959531715
3601.5,3.6015000000000015,8.429760959531727
3602.0,3.6019999999999968,8.422593677247683
3602.5,3.602499999999999,8.425093677247695
3603.0,3.6030000000000015,8.427593677247707
3603.5,3.603499999999997,8.4201673826826
3604.0,3.603999999999999,8.422667382682612
3604.5,3.6045000000000016,8.425167382682623
3605.0,3.604999999999997,8.41745787408641
3605.5,3.6054999999999993,8.419957874086421
3606.0,3.6060000000000016,8.422457874086433
3606.5,3.606499999999997,8.414456442536284
3607.0,3.6069999999999993,8.416956442536296
3607.5,3.6075000000000017,8.419456442536308
3608.0,3.607999999999997,8.411198986189348
3608.5,3.6084999999999994,8.41369898618936
3609.0,3.6090000000000018,8.416198986189372
3609.5,3.609499999999997,8.407725363453018
3610.0,3.6099999999999994,8.41022536345303
3610.5,3.610500000000002,8.412725363453042
3611.0,3.610999999999997,8.404076864214112
3611.5,3.6114999999999995,8.406576864214124
3612.0,3.612000000000002,8.409076864214136
3612.5,3.612499999999997,8.40031180305239
3613.0,3.6129999999999995,8.402811803052401
3613.5,3.613500000000002,8.405311803052413
3614.0,3.613999999999997,8.39648400139609
3614.5,3.6144999999999996,8.398984001396101
3615.0,3.615000000000002,8.401484001396113
3615.5,3.6154999999999973,8.392665521562854
3616.0,3.6159999999999997,8.395165521562866
3616.5,3.616500000000002,8.397665521562878
3617.0,3.6169999999999973,8.388904433513602
3617.5,3.6174999999999997,8.391404433513614
3618.0,3.618000000000002,8.393904433513626
3618.5,3.6184999999999974,8.385228090755312
3619.0,3.6189999999999998,8.387728090755324
3619.5,3.619500000000002,8.390228090755336
3620.0,3.6199999999999974,8.381674016683682
3620.5,3.6205,8.384174016683694
3621.0,3.621000000000002,8.386674016683706
3621.5,3.6214999999999975,8.37826325001675
3622.0,3.622,8.380763250016763
3622.5,3.6225000000000023,8.383263250016775
3623.0,3.6229999999999976,8.37501100840246
3623.5,3.6235,8.377511008402472
3624.0,3.6240000000000023,8.380011008402484
3624.5,3.6244999999999976,8.38251100840246
3625.0,3.625,8.374413159660534
3625.5,3.6255000000000024,8.376913159660546
3626.0,3.6259999999999977,8.379413159660523
3626.5,3.6265,8.371460266645272
3627.0,3.6270000000000024,8.373960266645284
3627.5,3.6274999999999977,8.37646026664526
3628.0,3.628,8.368631455363875
3628.5,3.6285000000000025,8.371131455363887
3629.0,3.628999999999998,8.373631455363864
3629.5,3.6295,8.36588348806547
3630.0,3.6300000000000026,8.368383488065483
3630.5,3.630499999999998,8.37088348806546
3631.0,3.6310000000000002,8.36316922560119
3631.5,3.6315000000000026,8.365669225601202
3632.0,3.631999999999998,8.368169225601179
3632.5,3.6325000000000003,8.360412548250231
3633.0,3.6330000000000027,8.362912548250243
3633.5,3.633499999999998,8.36541254825022
3634.0,3.6340000000000003,8.35755930165238
3634.5,3.6345000000000027,8.360059301652392
3635.0,3.634999999999998,8.362559301652368
3635.5,3.6355000000000004,8.354560245489324
3636.0,3.636000000000003,8.357060245489336
3636.5,3.636499999999998,8.359560245489313
3637.0,3.6370000000000005,8.351359775915483
3637.5,3.637500000000003,8.353859775915495
3638.0,3.637999999999998,8.356359775915472
3638.5,3.6385000000000005,8.347958492587289
3639.0,3.639000000000003,8.3504584925873
3639.5,3.639499999999998,8.352958492587277
3640.0,3.6400000000000006,8.344365135870078
3640.5,3.640500000000003,8.34686513587009
3641.0,3.6409999999999982,8.349365135870066
3641.5,3.6415000000000006,8.34059163288547
3642.0,3.642000000000003,8.343091632885482
3642.5,3.6424999999999983,8.345591632885458
3643.0,3.6430000000000007,8.336683115439456
3643.5,3.643500000000003,8.339183115439468
3644.0,3.6439999999999984,8.341683115439444
3644.5,3.6445000000000007,8.33269527993199
3645.0,3.645000000000003,8.335195279932002
3645.5,3.6454999999999984,8.337695279931978
3646.0,3.646000000000001,8.328705705490762
3646.5,3.646500000000003,8.331205705490774
3647.0,3.6469999999999985,8.33370570549075
3647.5,3.647500000000001,8.324777369850196
3648.0,3.6480000000000032,8.327277369850208
3648.5,3.6484999999999985,8.329777369850184
3649.0,3.649000000000001,8.320965623602419
3649.5,3.6495000000000033,8.32346562360243
3650.0,3.6499999999999986,8.325965623602407
3650.5,3.650500000000001,8.317340706283538
3651.0,3.6510000000000034,8.31984070628355
3651.5,3.6514999999999986,8.322340706283526
3652.0,3.652000000000001,8.313957316618321
3652.5,3.6525000000000034,8.316457316618333
3653.0,3.6529999999999987,8.31895731661831
3653.5,3.653500000000001,8.310860158934403
3654.0,3.6539999999999964,8.31336015893438
3654.5,3.6544999999999987,8.315860158934392
3655.0,3.655000000000001,8.30807963456202
3655.5,3.6555000000000035,8.310579634562032
3656.0,3.655999999999999,8.313079634562008
3656.5,3.656500000000001,8.305636846408397
3657.0,3.6569999999999965,8.308136846408374
3657.5,3.657499999999999,8.310636846408386
3658.0,3.6580000000000013,8.303542805182076
3658.5,3.6585000000000036,8.306042805182088
3659.0,3.658999999999999,8.308542805182064
3659.5,3.6595000000000013,8.301774509028519
3660.0,3.6599999999999966,8.304274509028495
3660.5,3.660499999999999,8.306774509028507
3661.0,3.6610000000000014,8.300289297925403
3661.5,3.6615000000000038,8.302789297925415
3662.0,3.661999999999999,8.305289297925391
3662.5,3.6625000000000014,8.29902156352798
3663.0,3.6629999999999967,8.301521563527956
3663.5,3.663499999999999,8.304021563527968
3664.0,3.6640000000000015,8.297891501779624
3664.5,3.6644999999999968,8.3003915017796
3665.0,3.664999999999999,8.302891501779612
3665.5,3.6655000000000015,8.29681751888728
3666.0,3.665999999999997,8.299317518887257
3666.5,3.666499999999999,8.301817518887269
3667.0,3.6670000000000016,8.295711041685259
3667.5,3.667499999999997,8.298211041685235
3668.0,3.6679999999999993,8.300711041685247
3668.5,3.6685000000000016,8.294495240832305
3669.0,3.668999999999997,8.296995240832281
3669.5,3.6694999999999993,8.299495240832293
3670.0,3.6700000000000017,8.2930994897524
3670.5,3.670499999999997,8.295599489752377
3671.0,3.6709999999999994,8.298099489752389
3671.5,3.6715000000000018,8.29148784473901
3672.0,3.671999999999997,8.293987844738986
3672.5,3.6724999999999994,8.296487844738998
3673.0,3.673000000000002,8.28964294066079
3673.5,3.673499999999997,8.292142940660767
3674.0,3.6739999999999995,8.29464294066078
3674.5,3.674500000000002,8.287571761656913
3675.0,3.674999999999997,8.29007176165689
3675.5,3.6754999999999995,8.292571761656902
3676.0,3.676000000000002,8.285312724175427
3676.5,3.676499999999997,8.287812724175403
3677.0,3.6769999999999996,8.290312724175415
3677.5,3.677500000000002,8.282895211558277
3678.0,3.6779999999999973,8.285395211558253
3678.5,3.6784999999999997,8.287895211558265
3679.0,3.679000000000002,8.28034407272412
3679.5,3.6794999999999973,8.282844072724096
3680.0,3.6799999999999997,8.285344072724108
3680.5,3.680500000000002,8.27768719695932
3681.0,3.6809999999999974,8.280187196959297
3681.5,3.6814999999999998,8.282687196959309
3682.0,3.682000000000002,8.274947456663426
3682.5,3.6824999999999974,8.277447456663403
3683.0,3.683,8.279947456663415
3683.5,3.683500000000002,8.272165978444797
3684.0,3.6839999999999975,8.274665978444773
3684.5,3.6845,8.277165978444785
3685.0,3.6850000000000023,8.26939288510598
3685.5,3.6854999999999976,8.271892885105956
3686.0,3.686,8.274392885105968
3686.5,3.6865000000000023,8.266677026298233
3687.0,3.6869999999999976,8.269177026298209
3687.5,3.6875,8.27167702629822
3688.0,3.6880000000000024,8.264051373014247
3688.5,3.6884999999999977,8.266551373014224
3689.0,3.689,8.269051373014236
3689.5,3.6895000000000024,8.26155814309363
3690.0,3.6899999999999977,8.264058143093607
3690.5,3.6905,8.266558143093619
3691.0,3.6910000000000025,8.259220560814917
3691.5,3.691499999999998,8.261720560814894
3692.0,3.692,8.264220560814906
3692.5,3.6925000000000026,8.257013210176254
3693.0,3.692999999999998,8.25951321017623
3693.5,3.6935000000000002,8.262013210176242
3694.0,3.6940000000000026,8.25492315760119
3694.5,3.694499999999998,8.257423157601167
3695.0,3.6950000000000003,8.259923157601179
3695.5,3.6955000000000027,8.252910170874905
3696.0,3.695999999999998,8.255410170874882
3696.5,3.6965000000000003,8.257910170874894
3697.0,3.6970000000000027,8.250905793020564
3697.5,3.697499999999998,8.25340579302054
3698.0,3.6980000000000004,8.255905793020553
3698.5,3.698500000000003,8.248847456458286
3699.0,3.698999999999998,8.251347456458262
3699.5,3.6995000000000005,8.253847456458274
3700.0,3.700000000000003,8.256347456458286
3700.5,3.700499999999998,8.24914642809393
3701.0,3.7010000000000005,8.251646428093942
3701.5,3.701500000000003,8.254146428093954
3702.0,3.701999999999998,8.24673833242894
3702.5,3.7025000000000006,8.249238332428952
3703.0,3.703000000000003,8.251738332428964
3703.5,3.7034999999999982,8.244087394100212
3704.0,3.7040000000000006,8.246587394100224
3704.5,3.704500000000003,8.249087394100236
3705.0,3.7049999999999983,8.241182864786332
3705.5,3.7055000000000007,8.243682864786344
3706.0,3.706000000000003,8.246182864786356
3706.5,3.7064999999999984,8.238025740877895
3707.0,3.7070000000000007,8.240525740877906
3707.5,3.707500000000003,8.243025740877918
3708.0,3.7079999999999984,8.23465006133386
3708.5,3.708500000000001,8.237150061333871
3709.0,3.709000000000003,8.239650061333883
3709.5,3.7094999999999985,8.231097042318005
3710.0,3.710000000000001,8.233597042318017
3710.5,3.7105000000000032,8.236097042318029
3711.0,3.7109999999999985,8.22740019066245
3711.5,3.711500000000001,8.229900190662462
3712.0,3.7120000000000033,8.232400190662474
3712.5,3.7124999999999986,8.223602368307503
3713.0,3.713000000000001,8.226102368307515
3713.5,3.7135000000000034,8.228602368307527
3714.0,3.7139999999999986,8.219725261074267
3714.5,3.714500000000001,8.222225261074279
3715.0,3.7150000000000034,8.22472526107429
3715.5,3.7154999999999987,8.2158049193011
3716.0,3.716000000000001,8.218304919301112
3716.5,3.7164999999999964,8.220804919301088
3717.0,3.7169999999999987,8.21187783739255
3717.5,3.717500000000001,8.214377837392561
3718.0,3.7180000000000035,8.216877837392573
3718.5,3.718499999999999,8.207990327846062
3719.0,3.719000000000001,8.210490327846074
3719.5,3.7194999999999965,8.21299032784605
3720.0,3.719999999999999,8.204206114046286
3720.5,3.7205000000000013,8.206706114046298
3721.0,3.7210000000000036,8.20920611404631
3721.5,3.721499999999999,8.200548691910718
3722.0,3.7220000000000013,8.20304869191073
3722.5,3.7224999999999966,8.205548691910707
3723.0,3.722999999999999,8.197045455520389
3723.5,3.7235000000000014,8.1995454555204
3724.0,3.7240000000000038,8.202045455520413
3724.5,3.724499999999999,8.193706752995382
3725.0,3.7250000000000014,8.196206752995394
3725.5,3.7254999999999967,8.19870675299537
3726.0,3.725999999999999,8.19054277951956
3726.5,3.7265000000000015,8.193042779519573
3727.0,3.7269999999999968,8.195542779519549
3727.5,3.727499999999999,8.187538112792758
3728.0,3.7280000000000015,8.19003811279277
3728.5,3.728499999999997,8.192538112792747
3729.0,3.728999999999999,8.184659916084414
3729.5,3.7295000000000016,8.187159916084426
3730.0,3.729999999999997,8.189659916084402
3730.5,3.7304999999999993,8.181866695462361
3731.0,3.7310000000000016,8.184366695462373
3731.5,3.731499999999997,8.18686669546235
3732.0,3.7319999999999993,8.179120901806378
3732.5,3.7325000000000017,8.18162090180639
3733.0,3.732999999999997,8.184120901806367
3733.5,3.7334999999999994,8.17637657848909
3734.0,3.7340000000000018,8.178876578489103
3734.5,3.734499999999997,8.181376578489079
3735.0,3.7349999999999994,8.173616673901876
3735.5,3.735500000000002,8.176116673901888
3736.0,3.735999999999997,8.178616673901864
3736.5,3.7364999999999995,8.170832907598466
3737.0,3.737000000000002,8.173332907598478
3737.5,3.737499999999997,8.175832907598455
3738.0,3.7379999999999995,8.168018585745749
3738.5,3.738500000000002,8.17051858574576
3739.0,3.738999999999997,8.173018585745737
3739.5,3.7394999999999996,8.165162587127455
3740.0,3.740000000000002,8.167662587127467
3740.5,3.7404999999999973,8.170162587127443
3741.0,3.7409999999999997,8.162283230147054
3741.5,3.741500000000002,8.164783230147066
3742.0,3.7419999999999973,8.167283230147042
3742.5,3.7424999999999997,8.15940155242636
3743.0,3.743000000000002,8.161901552426372
3743.5,3.7434999999999974,8.164401552426348
3744.0,3.7439999999999998,8.156529607934608
3744.5,3.744500000000002,8.15902960793462
3745.0,3.7449999999999974,8.161529607934597
3745.5,3.7455,8.153713835058056
3746.0,3.746000000000002,8.156213835058068
3746.5,3.7464999999999975,8.158713835058045
3747.0,3.747,8.151007382553672
3747.5,3.7475000000000023,8.153507382553684
3748.0,3.7479999999999976,8.15600738255366
3748.5,3.7485,8.148435754679682
3749.0,3.7490000000000023,8.150935754679693
3749.5,3.7494999999999976,8.15343575467967
3750.0,3.75,8.146041169325464
3750.5,3.7505000000000024,8.148541169325476
3751.0,3.7509999999999977,8.151041169325453
3751.5,3.7515,8.14383289814888
3752.0,3.7520000000000024,8.146332898148891
3752.5,3.7524999999999977,8.148832898148868
3753.0,3.753,8.141824762039853
3753.5,3.7535000000000025,8.144324762039865
3754.0,3.753999999999998,8.146824762039842
3754.5,3.7545,8.139997341491885
3755.0,3.7550000000000026,8.142497341491897
3755.5,3.755499999999998,8.144997341491873
3756.0,3.7560000000000002,8.13832218967395
3756.5,3.7565000000000026,8.140822189673962
3757.0,3.756999999999998,8.143322189673938
3757.5,3.7575000000000003,8.136762027848654
3758.0,3.7580000000000027,8.139262027848666
3758.5,3.758499999999998,8.141762027848642
3759.0,3.7590000000000003,8.135272811357126
3759.5,3.7595000000000027,8.137772811357138
3760.0,3.759999999999998,8.140272811357114
3760.5,3.7605000000000004,8.13382556795144
3761.0,3.761000000000003,8.136325567951452
3761.5,3.761499999999998,8.138825567951429
3762.0,3.7620000000000005,8.13240505692665
3762.5,3.762500000000003,8.134905056926662
3763.0,3.762999999999998,8.137405056926639
3763.5,3.7635000000000005,8.130967360513743
3764.0,3.764000000000003,8.133467360513755
3764.5,3.764499999999998,8.135967360513732
3765.0,3.7650000000000006,8.129489955255487
3765.5,3.765500000000003,8.131989955255499
3766.0,3.7659999999999982,8.134489955255475
3766.5,3.7665000000000006,8.127937159825755
3767.0,3.767000000000003,8.130437159825767
3767.5,3.7674999999999983,8.132937159825744
3768.0,3.7680000000000007,8.126303110310467
3768.5,3.768500000000003,8.128803110310479
3769.0,3.7689999999999984,8.131303110310455
3769.5,3.7695000000000007,8.12457922814179
3770.0,3.770000000000003,8.127079228141803
3770.5,3.7704999999999984,8.129579228141779
3771.0,3.771000000000001,8.122766895513394
3771.5,3.771500000000003,8.125266895513406
3772.0,3.7719999999999985,8.127766895513382
3772.5,3.772500000000001,8.120866872960733
3773.0,3.7730000000000032,8.123366872960744
3773.5,3.7734999999999985,8.12586687296072
3774.0,3.774000000000001,8.118885365501463
3774.5,3.7745000000000033,8.121385365501474
3775.0,3.7749999999999986,8.123885365501451
3775.5,3.775500000000001,8.126385365501463
3776.0,3.7760000000000034,8.119330541302432
3776.5,3.7764999999999986,8.121830541302408
3777.0,3.777000000000001,8.12433054130242
3777.5,3.7775000000000034,8.11722478661018
3778.0,3.7779999999999987,8.119724786610156
3778.5,3.778500000000001,8.122224786610168
3779.0,3.7789999999999964,8.115074915619047
3779.5,3.7794999999999987,8.117574915619059
3780.0,3.780000000000001,8.120074915619071
3780.5,3.7805000000000035,8.112907809685517
3781.0,3.780999999999999,8.115407809685493
3781.5,3.781500000000001,8.117907809685505
3782.0,3.7819999999999965,8.110733759315671
3782.5,3.782499999999999,8.113233759315683
3783.0,3.7830000000000013,8.115733759315695
3783.5,3.7835000000000036,8.108556437027516
3784.0,3.783999999999999,8.111056437027493
3784.5,3.7845000000000013,8.113556437027505
3785.0,3.7849999999999966,8.106381970305954
3785.5,3.785499999999999,8.108881970305966
3786.0,3.7860000000000014,8.111381970305978
3786.5,3.7865000000000038,8.104205571541279
3787.0,3.786999999999999,8.106705571541255
3787.5,3.7875000000000014,8.109205571541267
3788.0,3.7879999999999967,8.102014703693783
3788.5,3.788499999999999,8.104514703693795
3789.0,3.7890000000000015,8.107014703693807
3789.5,3.7894999999999968,8.099799346235699
3790.0,3.789999999999999,8.10229934623571
3790.5,3.7905000000000015,8.104799346235723
3791.0,3.790999999999997,8.097551269022993
3791.5,3.791499999999999,8.100051269023005
3792.0,3.7920000000000016,8.102551269023017
3792.5,3.792499999999997,8.095228681946658
3793.0,3.7929999999999993,8.09772868194667
3793.5,3.7935000000000016,8.100228681946682
3794.0,3.793999999999997,8.092791585752117
3794.5,3.7944999999999993,8.095291585752129
3795.0,3.7950000000000017,8.097791585752141
3795.5,3.795499999999997,8.090213508308501
3796.0,3.7959999999999994,8.092713508308513
3796.5,3.7965000000000018,8.095213508308525
3797.0,3.796999999999997,8.087474623369708
3797.5,3.7974999999999994,8.08997462336972
3798.0,3.798000000000002,8.092474623369732
3798.5,3.798499999999997,8.084553826074483
3799.0,3.7989999999999995,8.087053826074495
3799.5,3.799500000000002,8.089553826074507
3800.0,3.799999999999997,8.081448600650774
3800.5,3.8004999999999995,8.083948600650785
3801.0,3.801000000000002,8.086448600650797
3801.5,3.801499999999997,8.078176203487182
3802.0,3.8019999999999996,8.080676203487194
3802.5,3.802500000000002,8.083176203487206
3803.0,3.8029999999999973,8.074757234957701
3803.5,3.8034999999999997,8.077257234957713
3804.0,3.804000000000002,8.079757234957725
3804.5,3.8044999999999973,8.071233889008269
3805.0,3.8049999999999997,8.073733889008281
3805.5,3.805500000000002,8.076233889008293
3806.0,3.8059999999999974,8.06763454409623
3806.5,3.8064999999999998,8.070134544096241
3807.0,3.807000000000002,8.072634544096253
3807.5,3.8074999999999974,8.063986859681762
3808.0,3.808,8.066486859681774
3808.5,3.808500000000002,8.068986859681786
3809.0,3.8089999999999975,8.060326443019044
3809.5,3.8095,8.062826443019055
3810.0,3.8100000000000023,8.065326443019067
3810.5,3.8104999999999976,8.056680460740253
3811.0,3.811,8.059180460740265
3811.5,3.8115000000000023,8.061680460740277
3812.0,3.8119999999999976,8.0530862473994
3812.5,3.8125,8.055586247399411
3813.0,3.8130000000000024,8.058086247399423
3813.5,3.8134999999999977,8.049558764543683
3814.0,3.814,8.052058764543695
3814.5,3.8145000000000024,8.054558764543707
3815.0,3.8149999999999977,8.046098899421779
3815.5,3.8155,8.04859889942179
3816.0,3.8160000000000025,8.051098899421802
3816.5,3.816499999999998,8.042713116091313
3817.0,3.817,8.045213116091325
3817.5,3.8175000000000026,8.047713116091337
3818.0,3.817999999999998,8.039403867656567
3818.5,3.8185000000000002,8.041903867656579
3819.0,3.8190000000000026,8.044403867656591
3819.5,3.819499999999998,8.036173596577463
3820.0,3.8200000000000003,8.038673596577475
3820.5,3.8205000000000027,8.041173596577487
3821.0,3.820999999999998,8.033002501262416
3821.5,3.8215000000000003,8.035502501262428
3822.0,3.8220000000000027,8.03800250126244
3822.5,3.822499999999998,8.029893921573965
3823.0,3.8230000000000004,8.032393921573977
3823.5,3.823500000000003,8.034893921573989
3824.0,3.823999999999998,8.026834270379943
3824.5,3.8245000000000005,8.029334270379955
3825.0,3.825000000000003,8.031834270379967
3825.5,3.825499999999998,8.023785219910096
3826.0,3.8260000000000005,8.026285219910108
3826.5,3.826500000000003,8.02878521991012
3827.0,3.826999999999998,8.02071224869266
3827.5,3.8275000000000006,8.023212248692673
3828.0,3.828000000000003,8.025712248692685
3828.5,3.8284999999999982,8.01759314142462
3829.0,3.8290000000000006,8.020093141424631
3829.5,3.829500000000003,8.022593141424643
3830.0,3.8299999999999983,8.014430590945132
3830.5,3.8305000000000007,8.016930590945144
3831.0,3.831000000000003,8.019430590945156
3831.5,3.8314999999999984,8.011223937571046
3832.0,3.8320000000000007,8.013723937571058
3832.5,3.832500000000003,8.01622393757107
3833.0,3.8329999999999984,8.007974162014762
3833.5,3.833500000000001,8.010474162014773
3834.0,3.834000000000003,8.012974162014785
3834.5,3.8344999999999985,8.004703721845203
3835.0,3.835000000000001,8.007203721845215
3835.5,3.8355000000000032,8.009703721845227
3836.0,3.8359999999999985,8.001441101093292
3836.5,3.836500000000001,8.003941101093304
3837.0,3.8370000000000033,8.006441101093316
3837.5,3.8374999999999986,7.998216294768881
3838.0,3.838000000000001,8.000716294768893
3838.5,3.8385000000000034,8.003216294768905
3839.0,3.8389999999999986,7.99506877567822
3839.5,3.839500000000001,7.997568775678232
3840.0,3.8400000000000034,8.000068775678244
3840.5,3.8404999999999987,7.99201352005479
3841.0,3.841000000000001,7.994513520054802
3841.5,3.8414999999999964,7.997013520054779
3842.0,3.8419999999999987,7.989046284082377
3842.5,3.842500000000001,7.991546284082389
3843.0,3.8430000000000035,7.994046284082401
3843.5,3.843499999999999,7.986181333591311
3844.0,3.844000000000001,7.988681333591323
3844.5,3.8444999999999965,7.9911813335913
3845.0,3.844999999999999,7.9834240177737925
3845.5,3.8455000000000013,7.9859240177738045
3846.0,3.8460000000000036,7.988424017773816
3846.5,3.846499999999999,7.980755004910485
3847.0,3.8470000000000013,7.983255004910497
3847.5,3.8474999999999966,7.985755004910473
3848.0,3.847999999999999,7.978147982337234
3848.5,3.8485000000000014,7.980647982337246
3849.0,3.8490000000000038,7.9831479823372575
3849.5,3.849499999999999,7.975583402959785
3850.0,3.8500000000000014,7.978083402959797
3850.5,3.8504999999999967,7.980583402959773
3851.0,3.850999999999999,7.983083402959785
3851.5,3.8515000000000015,7.975542378768239
3852.0,3.8519999999999968,7.978042378768215
3852.5,3.852499999999999,7.980542378768227
3853.0,3.8530000000000015,7.973013553461996
3853.5,3.853499999999997,7.9755135534619725
3854.0,3.853999999999999,7.9780135534619845
3854.5,3.8545000000000016,7.970467462617066
3855.0,3.854999999999997,7.972967462617042
3855.5,3.8554999999999993,7.975467462617054
3856.0,3.8560000000000016,7.967876658063169
3856.5,3.856499999999997,7.970376658063145
3857.0,3.8569999999999993,7.972876658063157
3857.5,3.8575000000000017,7.965216541454048
3858.0,3.857999999999997,7.967716541454024
3858.5,3.8584999999999994,7.970216541454036
3859.0,3.8590000000000018,7.962475669594333
3859.5,3.859499999999997,7.96497566959431
3860.0,3.8599999999999994,7.967475669594322
3860.5,3.860500000000002,7.959630330873679
3861.0,3.860999999999997,7.962130330873656
3861.5,3.8614999999999995,7.964630330873668
3862.0,3.862000000000002,7.956663847224874
3862.5,3.862499999999997,7.9591638472248505
3863.0,3.8629999999999995,7.961663847224862
3863.5,3.863500000000002,7.953572044785311
3864.0,3.863999999999997,7.956072044785287
3864.5,3.8644999999999996,7.958572044785299
3865.0,3.865000000000002,7.950361316467216
3865.5,3.8654999999999973,7.952861316467192
3866.0,3.8659999999999997,7.955361316467204
3866.5,3.866500000000002,7.947041543156779
3867.0,3.8669999999999973,7.949541543156755
3867.5,3.8674999999999997,7.952041543156767
3868.0,3.868000000000002,7.943649342807575
3868.5,3.8684999999999974,7.946149342807551
3869.0,3.8689999999999998,7.948649342807563
3869.5,3.869500000000002,7.940219341438599
3870.0,3.8699999999999974,7.9427193414385755
3870.5,3.8705,7.945219341438587
3871.0,3.871000000000002,7.936791125846057
3871.5,3.8714999999999975,7.939291125846033
3872.0,3.872,7.941791125846045
3872.5,3.8725000000000023,7.933391409492927
3873.0,3.8729999999999976,7.935891409492903
3873.5,3.8735,7.938391409492915
3874.0,3.8740000000000023,7.930048394636202
3874.5,3.8744999999999976,7.932548394636179
3875.0,3.875,7.9350483946361905
3875.5,3.8755000000000024,7.9267981633717
3876.0,3.8759999999999977,7.929298163371676
3876.5,3.8765,7.931798163371688
3877.0,3.8770000000000024,7.923654961981406
3877.5,3.8774999999999977,7.926154961981382
3878.0,3.878,7.928654961981394
3878.5,3.8785000000000025,7.9206395079232195
3879.0,3.878999999999998,7.923139507923196
3879.5,3.8795,7.925639507923208
3880.0,3.8800000000000026,7.917745032746559
3880.5,3.880499999999998,7.920245032746536
3881.0,3.8810000000000002,7.922745032746548
3881.5,3.8815000000000026,7.9149407391332005
3882.0,3.881999999999998,7.917440739133177
3882.5,3.8825000000000003,7.919940739133189
3883.0,3.8830000000000027,7.912217767159149
3883.5,3.883499999999998,7.914717767159125
3884.0,3.8840000000000003,7.917217767159137
3884.5,3.8845000000000027,7.90955605011554
3885.0,3.884999999999998,7.912056050115517
3885.5,3.8855000000000004,7.914556050115529
3886.0,3.886000000000003,7.90692455995881
3886.5,3.886499999999998,7.9094245599587865
3887.0,3.8870000000000005,7.911924559958798
3887.5,3.887500000000003,7.904315102477888
3888.0,3.887999999999998,7.906815102477864
3888.5,3.8885000000000005,7.909315102477876
3889.0,3.889000000000003,7.901721254230303
3889.5,3.889499999999998,7.904221254230279
3890.0,3.8900000000000006,7.906721254230291
3890.5,3.890500000000003,7.899124757430016
3891.0,3.8909999999999982,7.9016247574299925
3891.5,3.8915000000000006,7.904124757430004
3892.0,3.892000000000003,7.8965053990464185
3892.5,3.8924999999999983,7.899005399046395
3893.0,3.8930000000000007,7.901505399046407
3893.5,3.893500000000003,7.893852137563542
3894.0,3.8939999999999984,7.896352137563518
3894.5,3.8945000000000007,7.89885213756353
3895.0,3.895000000000003,7.891145985739598
3895.5,3.8954999999999984,7.893645985739575
3896.0,3.896000000000001,7.896145985739587
3896.5,3.896500000000003,7.8883971030909805
3897.0,3.8969999999999985,7.890897103090957
3897.5,3.897500000000001,7.893397103090969
3898.0,3.8980000000000032,7.885613570903338
3898.5,3.8984999999999985,7.8881135709033146
3899.0,3.899000000000001,7.8906135709033265
3899.5,3.8995000000000033,7.882810567038945
3900.0,3.8999999999999986,7.885310567038921
3900.5,3.900500000000001,7.887810567038933
3901.0,3.9010000000000034,7.879992153729134
3901.5,3.9014999999999986,7.88249215372911
3902.0,3.902000000000001,7.884992153729122
3902.5,3.9025000000000034,7.877176518478954
3903.0,3.9029999999999987,7.879676518478931
3903.5,3.903500000000001,7.882176518478943
3904.0,3.9039999999999964,7.87437942255675
3904.5,3.9044999999999987,7.876879422556762
3905.0,3.905000000000001,7.879379422556774
3905.5,3.9055000000000035,7.871627650631652
3906.0,3.905999999999999,7.874127650631628
3906.5,3.906500000000001,7.87662765063164
3907.0,3.9069999999999965,7.8689396215217045
3907.5,3.907499999999999,7.871439621521716
3908.0,3.9080000000000013,7.873939621521728
3908.5,3.9085000000000036,7.8663441882714835
3909.0,3.908999999999999,7.86884418827146
3909.5,3.9095000000000013,7.871344188271472
3910.0,3.9099999999999966,7.863865878330962
3910.5,3.910499999999999,7.866365878330974
3911.0,3.9110000000000014,7.868865878330986
3911.5,3.9115000000000038,7.8615145274834575
3912.0,3.911999999999999,7.864014527483434
3912.5,3.9125000000000014,7.866514527483446
3913.0,3.9129999999999967,7.859288005491045
3913.5,3.913499999999999,7.861788005491057
3914.0,3.9140000000000015,7.864288005491069
3914.5,3.9144999999999968,7.857191765365634
3915.0,3.914999999999999,7.859691765365646
3915.5,3.9155000000000015,7.862191765365658
3916.0,3.915999999999997,7.855208956610724
3916.5,3.916499999999999,7.857708956610736
3917.0,3.9170000000000016,7.860208956610748
3917.5,3.917499999999997,7.853306910609739
3918.0,3.9179999999999993,7.855806910609751
3918.5,3.9185000000000016,7.8583069106097625
3919.0,3.918999999999997,7.851428621836405
3919.5,3.9194999999999993,7.853928621836417
3920.0,3.9200000000000017,7.856428621836429
3920.5,3.920499999999997,7.8495223592171115
3921.0,3.9209999999999994,7.852022359217123
3921.5,3.9215000000000018,7.854522359217135
3922.0,3.921999999999997,7.847523248370649
3922.5,3.9224999999999994,7.850023248370661
3923.0,3.923000000000002,7.852523248370673
3923.5,3.923499999999997,7.8453937486754555
3924.0,3.9239999999999995,7.847893748675467
3924.5,3.924500000000002,7.850393748675479
3925.0,3.924999999999997,7.843100341438323
3925.5,3.9254999999999995,7.845600341438335
3926.0,3.926000000000002,7.848100341438347
3926.5,3.926499999999997,7.850600341438323
3927.0,3.9269999999999996,7.8430946786737366
3927.5,3.927500000000002,7.8455946786737485
3928.0,3.9279999999999973,7.848094678673725
3928.5,3.9284999999999997,7.8403354789064394
3929.0,3.929000000000002,7.842835478906451
3929.5,3.9294999999999973,7.845335478906428
3930.0,3.9299999999999997,7.83730402607933
3930.5,3.930500000000002,7.839804026079342
3931.0,3.9309999999999974,7.842304026079319
3931.5,3.9314999999999998,7.833998037548788
3932.0,3.932000000000002,7.8364980375488
3932.5,3.9324999999999974,7.838998037548777
3933.0,3.933,7.830417436899388
3933.5,3.933500000000002,7.8329174368994
3934.0,3.9339999999999975,7.835417436899377
3934.5,3.9345,7.826571866976124
3935.0,3.9350000000000023,7.829071866976136
3935.5,3.9354999999999976,7.8315718669761125
3936.0,3.936,7.822479424940099
3936.5,3.9365000000000023,7.824979424940111
3937.0,3.9369999999999976,7.827479424940087
3937.5,3.9375,7.818150550267724
3938.0,3.9380000000000024,7.820650550267736
3938.5,3.9384999999999977,7.823150550267712
3939.0,3.939,7.813635005671529
3939.5,3.9395000000000024,7.816135005671541
3940.0,3.9399999999999977,7.818635005671517
3940.5,3.9405,7.8089976568606545
3941.0,3.9410000000000025,7.811497656860666
3941.5,3.941499999999998,7.813997656860643
3942.0,3.942,7.804271458602514
3942.5,3.9425000000000026,7.806771458602526
3943.0,3.942999999999998,7.8092714586025025
3943.5,3.9435000000000002,7.799509070598845
3944.0,3.9440000000000026,7.8020090705988565
3944.5,3.944499999999998,7.804509070598833
3945.0,3.9450000000000003,7.794756317583307
3945.5,3.9455000000000027,7.797256317583319
3946.0,3.945999999999998,7.799756317583295
3946.5,3.9465000000000003,7.79006526196703
3947.0,3.9470000000000027,7.792565261967042
3947.5,3.947499999999998,7.795065261967018
3948.0,3.9480000000000004,7.785459510593533
3948.5,3.948500000000003,7.787959510593545
3949.0,3.948999999999998,7.7904595105935215
3949.5,3.9495000000000005,7.780948842127913
3950.0,3.950000000000003,7.783448842127925
3950.5,3.950499999999998,7.785948842127901
3951.0,3.9510000000000005,7.776526225232274
3951.5,3.951500000000003,7.779026225232286
3952.0,3.951999999999998,7.781526225232263
3952.5,3.9525000000000006,7.772173418112374
3953.0,3.953000000000003,7.7746734181123855
3953.5,3.9534999999999982,7.777173418112362
3954.0,3.9540000000000006,7.767904457695707
3954.5,3.954500000000003,7.770404457695719
3955.0,3.9549999999999983,7.772904457695695
3955.5,3.9555000000000007,7.763730791472518
3956.0,3.956000000000003,7.76623079147253
3956.5,3.9564999999999984,7.768730791472507
3957.0,3.9570000000000007,7.759644732485214
3957.5,3.957500000000003,7.7621447324852255
3958.0,3.9579999999999984,7.764644732485202
3958.5,3.958500000000001,7.7556456019748765
3959.0,3.959000000000003,7.7581456019748885
3959.5,3.9594999999999985,7.760645601974865
3960.0,3.960000000000001,7.751723742325076
3960.5,3.9605000000000032,7.754223742325088
3961.0,3.9609999999999985,7.756723742325065
3961.5,3.961500000000001,7.747842525344737
3962.0,3.9620000000000033,7.750342525344749
3962.5,3.9624999999999986,7.752842525344725
3963.0,3.963000000000001,7.743970001814482
3963.5,3.9635000000000034,7.746470001814494
3964.0,3.9639999999999986,7.74897000181447
3964.5,3.964500000000001,7.740091876874793
3965.0,3.9650000000000034,7.742591876874805
3965.5,3.9654999999999987,7.745091876874781
3966.0,3.966000000000001,7.7361913439977315
3966.5,3.9664999999999964,7.738691343997708
3967.0,3.9669999999999987,7.74119134399772
3967.5,3.967500000000001,7.732262166831028
3968.0,3.9680000000000035,7.73476216683104
3968.5,3.968499999999999,7.737262166831016
3969.0,3.969000000000001,7.728334077438923
3969.5,3.9694999999999965,7.7308340774388995
3970.0,3.969999999999999,7.733334077438911
3970.5,3.9705000000000013,7.724421335173375
3971.0,3.9710000000000036,7.726921335173387
3971.5,3.971499999999999,7.729421335173363
3972.0,3.9720000000000013,7.720548998962009
3972.5,3.9724999999999966,7.7230489989619855
3973.0,3.972999999999999,7.725548998961997
3973.5,3.9735000000000014,7.716737900043924
3974.0,3.9740000000000038,7.719237900043936
3974.5,3.974499999999999,7.721737900043912
3975.0,3.9750000000000014,7.713006086919378
3975.5,3.9754999999999967,7.715506086919355
3976.0,3.975999999999999,7.718006086919367
3976.5,3.9765000000000015,7.709387264310905
3977.0,3.9769999999999968,7.711887264310882
3977.5,3.977499999999999,7.7143872643108935
3978.0,3.9780000000000015,7.705916719512302
3978.5,3.978499999999997,7.708416719512279
3979.0,3.978999999999999,7.710916719512291
3979.5,3.9795000000000016,7.702629611270986
3980.0,3.979999999999997,7.705129611270962
3980.5,3.9804999999999993,7.707629611270974
3981.0,3.9810000000000016,7.699550971511258
3981.5,3.981499999999997,7.702050971511234
3982.0,3.9819999999999993,7.704550971511246
3982.5,3.9825000000000017,7.6966959279411995
3983.0,3.982999999999997,7.699195927941176
3983.5,3.9834999999999994,7.701695927941188
3984.0,3.9840000000000018,7.69406134761784
3984.5,3.984499999999997,7.696561347617816
3985.0,3.9849999999999994,7.699061347617828
3985.5,3.985500000000002,7.691617855032398
3986.0,3.985999999999997,7.694117855032374
3986.5,3.9864999999999995,7.696617855032386
3987.0,3.987000000000002,7.689344474203779
3987.5,3.987499999999997,7.691844474203755
3988.0,3.9879999999999995,7.694344474203767
3988.5,3.988500000000002,7.687195836945122
3989.0,3.988999999999997,7.6896958369450985
3989.5,3.9894999999999996,7.69219583694511
3990.0,3.990000000000002,7.685119151568571
3990.5,3.9904999999999973,7.687619151568548
3991.0,3.9909999999999997,7.69011915156856
3991.5,3.991500000000002,7.683074334029065
3992.0,3.9919999999999973,7.685574334029042
3992.5,3.9924999999999997,7.688074334029054
3993.0,3.993000000000002,7.68101673563816
3993.5,3.9934999999999974,7.683516735638136
3994.0,3.9939999999999998,7.686016735638148
3994.5,3.994500000000002,7.678923695542501
3995.0,3.9949999999999974,7.6814236955424775
3995.5,3.9955,7.683923695542489
3996.0,3.996000000000002,7.67677646267348
3996.5,3.9964999999999975,7.679276462673457
3997.0,3.997,7.681776462673469
3997.5,3.9975000000000023,7.674547788153774
3998.0,3.9979999999999976,7.67704778815375
3998.5,3.9985,7.679547788153762
3999.0,3.9990000000000023,7.672222047213602
3999.5,3.9994999999999976,7.674722047213578
4000.0,4.0,7.67722204721359
4000.5,4.000500000000002,7.669791850501397
4001.0,4.000999999999998,7.672291850501374
4001.5,4.0015,7.674791850501386
4002.0,4.0020000000000024,7.677291850501398
4002.5,4.002499999999998,7.66974007545123
4003.0,4.003,7.672240075451242
4003.5,4.0035000000000025,7.674740075451254
4004.0,4.003999999999998,7.66706851633554
4004.5,4.0045,7.669568516335552
4005.0,4.005000000000003,7.672068516335564
4005.5,4.005499999999998,7.664304146324028
4006.0,4.006,7.66680414632404
4006.5,4.006500000000003,7.669304146324052
4007.0,4.006999999999998,7.661470579048526
4007.5,4.0075,7.663970579048538
4008.0,4.008000000000003,7.66647057904855
4008.5,4.008499999999998,7.658597265886513
4009.0,4.009,7.661097265886525
4009.5,4.009500000000003,7.663597265886537
4010.0,4.009999999999998,7.655715235689797
4010.5,4.0105,7.658215235689809
4011.0,4.011000000000003,7.660715235689821
4011.5,4.011499999999998,7.652855000049712
4012.0,4.0120000000000005,7.655355000049724
4012.5,4.012500000000003,7.657855000049736
4013.0,4.012999999999998,7.650063707805543
4013.5,4.0135000000000005,7.652563707805555
4014.0,4.014000000000003,7.655063707805567
4014.5,4.014499999999998,7.647366347832225
4015.0,4.015000000000001,7.649866347832237
4015.5,4.015500000000003,7.652366347832249
4016.0,4.015999999999998,7.644758022642328
4016.5,4.016500000000001,7.64725802264234
4017.0,4.017000000000003,7.649758022642352
4017.5,4.017499999999998,7.642218524239652
4018.0,4.018000000000001,7.644718524239664
4018.5,4.018500000000003,7.647218524239676
4019.0,4.018999999999998,7.639713749875412
4019.5,4.019500000000001,7.642213749875424
4020.0,4.020000000000003,7.644713749875436
4020.5,4.020499999999998,7.637200841274527
4021.0,4.021000000000001,7.639700841274539
4021.5,4.021500000000003,7.642200841274551
4022.0,4.0219999999999985,7.634634849266142
4022.5,4.022500000000001,7.637134849266154
4023.0,4.022999999999996,7.63963484926613
4023.5,4.0234999999999985,7.631965160285468
4024.0,4.024000000000001,7.63446516028548
4024.5,4.024500000000003,7.6369651602854915
4025.0,4.024999999999999,7.629163047416867
4025.5,4.025500000000001,7.631663047416879
4026.0,4.025999999999996,7.634163047416855
4026.5,4.026499999999999,7.626184322914078
4027.0,4.027000000000001,7.62868432291409
4027.5,4.027500000000003,7.631184322914102
4028.0,4.027999999999999,7.6230012665894975
4028.5,4.028500000000001,7.625501266589509
4029.0,4.028999999999996,7.628001266589486
4029.5,4.029499999999999,7.61958894250693
4030.0,4.030000000000001,7.622088942506942
4030.5,4.0305000000000035,7.6245889425069535
4031.0,4.030999999999999,7.615924521873119
4031.5,4.031500000000001,7.618424521873131
4032.0,4.0319999999999965,7.620924521873107
4032.5,4.032499999999999,7.611991570586056
4033.0,4.033000000000001,7.614491570586068
4033.5,4.033500000000004,7.61699157058608
4034.0,4.033999999999999,7.607789376174772
4034.5,4.034500000000001,7.610289376174784
4035.0,4.034999999999997,7.61278937617476
4035.5,4.035499999999999,7.603320224699139
4036.0,4.036000000000001,7.605820224699151
4036.5,4.036500000000004,7.608320224699163
4037.0,4.036999999999999,7.5986181822024434
4037.5,4.037500000000001,7.601118182202455
4038.0,4.037999999999997,7.603618182202432
4038.5,4.038499999999999,7.593728233542016
4039.0,4.0390000000000015,7.596228233542028
4039.5,4.039500000000004,7.59872823354204
4040.0,4.039999999999999,7.588715863367206
4040.5,4.0405000000000015,7.591215863367218
4041.0,4.040999999999997,7.593715863367194
4041.5,4.041499999999999,7.583654155285586
4042.0,4.042000000000002,7.586154155285598
4042.5,4.042500000000004,7.58865415528561
4043.0,4.042999999999999,7.5786142225642905
4043.5,4.043500000000002,7.5811142225643025
4044.0,4.043999999999997,7.583614222564279
4044.5,4.044499999999999,7.573648658932299
4045.0,4.045000000000002,7.576148658932311
4045.5,4.045499999999997,7.578648658932288
4046.0,4.045999999999999,7.56881213192429
4046.5,4.046500000000002,7.5713121319243015
4047.0,4.046999999999997,7.573812131924278
4047.5,4.047499999999999,7.564127790120878
4048.0,4.048000000000002,7.56662779012089
4048.5,4.048499999999997,7.5691277901208665
4049.0,4.0489999999999995,7.559597409772145
4049.5,4.049500000000002,7.562097409772157
4050.0,4.049999999999997,7.564597409772134
4050.5,4.0504999999999995,7.555215486577289
4051.0,4.051000000000002,7.557715486577301
4051.5,4.051499999999997,7.5602154865772775
4052.0,4.052,7.55094052363539
4052.5,4.052500000000002,7.553440523635402
4053.0,4.052999999999997,7.555940523635378
4053.5,4.0535,7.546749854740433
4054.0,4.054000000000002,7.549249854740445
4054.5,4.054499999999997,7.551749854740422
4055.0,4.055,7.542612023221942
4055.5,4.055500000000002,7.545112023221954
4056.0,4.055999999999997,7.54761202322193
4056.5,4.0565,7.5384767604082015
4057.0,4.057000000000002,7.540976760408213
4057.5,4.057499999999997,7.54347676040819
4058.0,4.058,7.534311430422953
4058.5,4.058500000000002,7.536811430422965
4059.0,4.0589999999999975,7.539311430422941
4059.5,4.0595,7.530093348465776
4060.0,4.060000000000002,7.532593348465788
4060.5,4.0604999999999976,7.5350933484657645
4061.0,4.061,7.525776348778699
4061.5,4.061500000000002,7.528276348778711
4062.0,4.061999999999998,7.530776348778687
4062.5,4.0625,7.521338779470312
4063.0,4.063000000000002,7.523838779470324
4063.5,4.063499999999998,7.526338779470301
4064.0,4.064,7.516774525060406
4064.5,4.0645000000000024,7.519274525060418
4065.0,4.064999999999998,7.521774525060394
4065.5,4.0655,7.512083109858274
4066.0,4.0660000000000025,7.514583109858286
4066.5,4.066499999999998,7.5170831098582624
4067.0,4.067,7.507267312939412
4067.5,4.067500000000003,7.509767312939424
4068.0,4.067999999999998,7.5122673129394
4068.5,4.0685,7.5023403027966395
4069.0,4.069000000000003,7.5048403027966515
4069.5,4.069499999999998,7.507340302796628
4070.0,4.07,7.497335137435215
4070.5,4.070500000000003,7.499835137435227
4071.0,4.070999999999998,7.502335137435203
4071.5,4.0715,7.492307979440902
4072.0,4.072000000000003,7.494807979440914
4072.5,4.072499999999998,7.49730797944089
4073.0,4.073,7.48732871482737
4073.5,4.073500000000003,7.489828714827382
4074.0,4.073999999999998,7.492328714827359
4074.5,4.0745000000000005,7.48243982749031
4075.0,4.075000000000003,7.484939827490322
4075.5,4.075499999999998,7.487439827490299
4076.0,4.0760000000000005,7.477678929814502
4076.5,4.076500000000003,7.480178929814514
4077.0,4.076999999999998,7.48267892981449
4077.5,4.077500000000001,7.485178929814502
4078.0,4.078000000000003,7.475590485996015
4078.5,4.078499999999998,7.478090485995992
4079.0,4.079000000000001,7.480590485996004
4079.5,4.079500000000003,7.471214428710198
4080.0,4.079999999999998,7.473714428710174
4080.5,4.080500000000001,7.476214428710186
4081.0,4.081000000000003,7.467067881739915
4081.5,4.081499999999998,7.469567881739891
4082.0,4.082000000000001,7.472067881739903
4082.5,4.082500000000003,7.46315194417825
4083.0,4.082999999999998,7.4656519441782265
4083.5,4.083500000000001,7.4681519441782385
4084.0,4.084000000000003,7.459464023432645
4084.5,4.0844999999999985,7.461964023432621
4085.0,4.085000000000001,7.464464023432633
4085.5,4.085499999999996,7.455995684041348
4086.0,4.0859999999999985,7.45849568404136
4086.5,4.086500000000001,7.460995684041372
4087.0,4.087000000000003,7.452716367162537
4087.5,4.087499999999999,7.455216367162514
4088.0,4.088000000000001,7.457716367162526
4088.5,4.088499999999996,7.44958583206536
4089.0,4.088999999999999,7.452085832065372
4089.5,4.089500000000001,7.4545858320653835
4090.0,4.090000000000003,7.44656182744361
4090.5,4.090499999999999,7.449061827443586
4091.0,4.091000000000001,7.451561827443598
4091.5,4.091499999999996,7.443590275880183
4092.0,4.091999999999999,7.446090275880195
4092.5,4.092500000000001,7.448590275880207
4093.0,4.0930000000000035,7.440610365570208
4093.5,4.093499999999999,7.443110365570185
4094.0,4.094000000000001,7.445610365570197
4094.5,4.0944999999999965,7.437564116953439
4095.0,4.094999999999999,7.440064116953451
4095.5,4.095500000000001,7.442564116953463
4096.0,4.096000000000004,7.434398931247657
4096.5,4.096499999999999,7.436898931247633
4097.0,4.097000000000001,7.439398931247645
4097.5,4.097499999999997,7.4310902569546045
4098.0,4.097999999999999,7.433590256954616
4098.5,4.098500000000001,7.436090256954628
4099.0,4.099000000000004,7.427611057152426
4099.5,4.099499999999999,7.430111057152402
4100.0,4.100000000000001,7.432611057152414
4100.5,4.100499999999997,7.423963074052864
4101.0,4.100999999999999,7.426463074052876
4101.5,4.1015000000000015,7.428963074052888
4102.0,4.102000000000004,7.420175074641762
4102.5,4.102499999999999,7.422675074641738
4103.0,4.1030000000000015,7.42517507464175
4103.5,4.103499999999997,7.416275999467636
4104.0,4.103999999999999,7.418775999467648
4104.5,4.104500000000002,7.42127599946766
4105.0,4.105000000000004,7.412320047517085
4105.5,4.105499999999999,7.414820047517061
4106.0,4.106000000000002,7.417320047517073
4106.5,4.106499999999997,7.408373984664607
4107.0,4.106999999999999,7.410873984664619
4107.5,4.107500000000002,7.413373984664631
4108.0,4.107999999999997,7.404506722821651
4108.5,4.108499999999999,7.407006722821663
4109.0,4.109000000000002,7.409506722821675
4109.5,4.109499999999997,7.400760242165454
4110.0,4.109999999999999,7.403260242165466
4110.5,4.110500000000002,7.405760242165478
4111.0,4.110999999999997,7.397175742474573
4111.5,4.1114999999999995,7.399675742474585
4112.0,4.112000000000002,7.402175742474597
4112.5,4.112499999999997,7.393785554426806
4113.0,4.1129999999999995,7.396285554426818
4113.5,4.113500000000002,7.39878555442683
4114.0,4.113999999999997,7.390608572991155
4114.5,4.1145,7.393108572991167
4115.0,4.115000000000002,7.395608572991179
4115.5,4.115499999999997,7.387654023055106
4116.0,4.116,7.390154023055118
4116.5,4.116500000000002,7.39265402305513
4117.0,4.116999999999997,7.384921032009402
4117.5,4.1175,7.387421032009414
4118.0,4.118000000000002,7.3899210320094255
4118.5,4.118499999999997,7.382388142812459
4119.0,4.119,7.384888142812471
4119.5,4.119500000000002,7.387388142812483
4120.0,4.119999999999997,7.380050268057445
4120.5,4.1205,7.382550268057457
4121.0,4.121000000000002,7.385050268057469
4121.5,4.1214999999999975,7.377888698777362
4122.0,4.122,7.380388698777374
4122.5,4.122500000000002,7.382888698777386
4123.0,4.1229999999999976,7.37586055866668
4123.5,4.1235,7.378360558666692
4124.0,4.124000000000002,7.380860558666704
4124.5,4.124499999999998,7.373892517141094
4125.0,4.125,7.376392517141106
4125.5,4.125500000000002,7.378892517141118
4126.0,4.125999999999998,7.371920083040351
4126.5,4.1265,7.374420083040363
4127.0,4.1270000000000024,7.376920083040375
4127.5,4.127499999999998,7.369867019929295
4128.0,4.128,7.372367019929307
4128.5,4.1285000000000025,7.374867019929319
4129.0,4.128999999999998,7.3676581487854875
4129.5,4.1295,7.3701581487854995
4130.0,4.130000000000003,7.372658148785511
4130.5,4.130499999999998,7.365246106972876
4131.0,4.131,7.367746106972888
4131.5,4.131500000000003,7.3702461069729
4132.0,4.131999999999998,7.362605648099141
4132.5,4.1325,7.365105648099153
4133.0,4.133000000000003,7.367605648099165
4133.5,4.133499999999998,7.359720487118118
4134.0,4.134,7.36222048711813
4134.5,4.134500000000003,7.3647204871181415
4135.0,4.134999999999998,7.356598638906426
4135.5,4.1355,7.359098638906438
4136.0,4.136000000000003,7.36159863890645
4136.5,4.136499999999998,7.353263067374698
4137.0,4.1370000000000005,7.35576306737471
4137.5,4.137500000000003,7.358263067374722
4138.0,4.137999999999998,7.349752458374148
4138.5,4.1385000000000005,7.35225245837416
4139.0,4.139000000000003,7.354752458374172
4139.5,4.139499999999998,7.34611722374062
4140.0,4.140000000000001,7.348617223740632
4140.5,4.140500000000003,7.351117223740644
4141.0,4.140999999999998,7.342405406390782
4141.5,4.141500000000001,7.344905406390794
4142.0,4.142000000000003,7.347405406390806
4142.5,4.142499999999998,7.338650227108978
4143.0,4.143000000000001,7.34115022710899
4143.5,4.143500000000003,7.343650227109002
4144.0,4.143999999999998,7.334899127515193
4144.5,4.144500000000001,7.337399127515205
4145.0,4.145000000000003,7.339899127515217
4145.5,4.145499999999998,7.331184613701218
4146.0,4.146000000000001,7.33368461370123
4146.5,4.146500000000003,7.336184613701242
4147.0,4.1469999999999985,7.327525210619967
4147.5,4.147500000000001,7.330025210619979
4148.0,4.147999999999996,7.332525210619956
4148.5,4.1484999999999985,7.323933038603236
4149.0,4.149000000000001,7.326433038603248
4149.5,4.149500000000003,7.32893303860326
4150.0,4.149999999999999,7.320417011722746
4150.5,4.150500000000001,7.322917011722758
4151.0,4.150999999999996,7.325417011722735
4151.5,4.151499999999999,7.316968874588419
4152.0,4.152000000000001,7.319468874588431
4152.5,4.152500000000003,7.321968874588443
4153.0,4.152999999999999,7.324468874588419
4153.5,4.153500000000001,7.31605217157675
4154.0,4.153999999999996,7.3185521715767266
4154.5,4.154499999999999,7.3210521715767385
4155.0,4.155000000000001,7.312646675905441
4155.5,4.1555000000000035,7.315146675905453
4156.0,4.155999999999999,7.317646675905429
4156.5,4.156500000000001,7.309212276625274
4157.0,4.1569999999999965,7.311712276625251
4157.5,4.157499999999999,7.314212276625263
4158.0,4.158000000000001,7.305703720969845
4158.5,4.158500000000004,7.308203720969857
4159.0,4.158999999999999,7.310703720969833
4159.5,4.159500000000001,7.302099957855752
4160.0,4.159999999999997,7.304599957855729
4160.5,4.160499999999999,7.3070999578557405
4161.0,4.161000000000001,7.298376187134288
4161.5,4.161500000000004,7.3008761871343
4162.0,4.161999999999999,7.303376187134276
4162.5,4.162500000000001,7.294506518507902
4163.0,4.162999999999997,7.297006518507878
4163.5,4.163499999999999,7.29950651850789
4164.0,4.1640000000000015,7.290471151601636
4164.5,4.164500000000004,7.292971151601648
4165.0,4.164999999999999,7.295471151601625
4165.5,4.1655000000000015,7.286263803013604
4166.0,4.165999999999997,7.28876380301358
4166.5,4.166499999999999,7.291263803013592
4167.0,4.167000000000002,7.281894976355616
4167.5,4.167500000000004,7.284394976355628
4168.0,4.167999999999999,7.286894976355605
4168.5,4.168500000000002,7.27737565350008
4169.0,4.168999999999997,7.279875653500056
4169.5,4.169499999999999,7.282375653500068
4170.0,4.170000000000002,7.272715155980052
4170.5,4.170499999999997,7.275215155980028
4171.0,4.170999999999999,7.27771515598004
4171.5,4.171500000000002,7.267961693838636
4172.0,4.171999999999997,7.270461693838612
4172.5,4.172499999999999,7.272961693838624
4173.0,4.173000000000002,7.263153430787277
4173.5,4.173499999999997,7.265653430787253
4174.0,4.1739999999999995,7.268153430787265
4174.5,4.174500000000002,7.2583381752432174
4175.0,4.174999999999997,7.260838175243194
4175.5,4.1754999999999995,7.263338175243206
4176.0,4.176000000000002,7.253572641244332
4176.5,4.176499999999997,7.256072641244309
4177.0,4.177,7.258572641244321
4177.5,4.177500000000002,7.2489055125877755
4178.0,4.177999999999997,7.251405512587752
4178.5,4.1785,7.253905512587764
4179.0,4.179000000000002,7.244396596039913
4179.5,4.179499999999997,7.246896596039889
4180.0,4.18,7.249396596039901
4180.5,4.180500000000002,7.240081819327351
4181.0,4.180999999999997,7.242581819327327
4181.5,4.1815,7.245081819327339
4182.0,4.182000000000002,7.23597432362812
4182.5,4.182499999999997,7.238474323628097
4183.0,4.183,7.240974323628109
4183.5,4.183500000000002,7.2320696714025345
4184.0,4.1839999999999975,7.234569671402511
4184.5,4.1845,7.237069671402523
4185.0,4.185000000000002,7.2283525823274175
4185.5,4.1854999999999976,7.230852582327394
4186.0,4.186,7.233352582327406
4186.5,4.186500000000002,7.224793747042142
4187.0,4.186999999999998,7.227293747042118
4187.5,4.1875,7.22979374704213
4188.0,4.188000000000002,7.221337647078876
4188.5,4.188499999999998,7.223837647078852
4189.0,4.189,7.226337647078864
4189.5,4.1895000000000024,7.217941603189537
4190.0,4.189999999999998,7.220441603189514
4190.5,4.1905,7.2229416031895255
4191.0,4.1910000000000025,7.21455712908277
4191.5,4.191499999999998,7.217057129082747
4192.0,4.192,7.219557129082759
4192.5,4.192500000000003,7.21117142325955
4193.0,4.192999999999998,7.213671423259527
4193.5,4.1935,7.216171423259539
4194.0,4.194000000000003,7.20777811993603
4194.5,4.194499999999998,7.210278119936007
4195.0,4.195,7.212778119936019
4195.5,4.195500000000003,7.204354761062639
4196.0,4.195999999999998,7.2068547610626155
4196.5,4.1965,7.209354761062627
4197.0,4.197000000000003,7.200906274409142
4197.5,4.197499999999998,7.203406274409119
4198.0,4.198,7.205906274409131
4198.5,4.198500000000003,7.1974515011829965
4199.0,4.198999999999998,7.199951501182973
4199.5,4.1995000000000005,7.202451501182985
4200.0,4.200000000000003,7.194001308738613
4200.5,4.200499999999998,7.19650130873859
4201.0,4.2010000000000005,7.199001308738602
4201.5,4.201500000000003,7.190573000875986
4202.0,4.201999999999998,7.1930730008759625
4202.5,4.202500000000001,7.195573000875974
4203.0,4.203000000000003,7.187165968067113
4203.5,4.203499999999998,7.189665968067089
4204.0,4.204000000000001,7.192165968067101
4204.5,4.204500000000003,7.183780327924509
4205.0,4.204999999999998,7.186280327924486
4205.5,4.205500000000001,7.188780327924498
4206.0,4.206000000000003,7.180434593001337
4206.5,4.206499999999998,7.182934593001313
4207.0,4.207000000000001,7.185434593001325
4207.5,4.207500000000003,7.177162690439864
4208.0,4.207999999999998,7.179662690439841
4208.5,4.208500000000001,7.182162690439853
4209.0,4.209000000000003,7.173984259134905
4209.5,4.2094999999999985,7.176484259134881
4210.0,4.210000000000001,7.178984259134893
4210.5,4.210499999999996,7.170930686834929
4211.0,4.2109999999999985,7.173430686834941
4211.5,4.211500000000001,7.175930686834953
4212.0,4.212000000000003,7.168033840770889
4212.5,4.212499999999999,7.170533840770865
4213.0,4.213000000000001,7.173033840770877
4213.5,4.213499999999996,7.165308049099401
4214.0,4.213999999999999,7.167808049099413
4214.5,4.214500000000001,7.170308049099425
4215.0,4.215000000000003,7.162766675466088
4215.5,4.215499999999999,7.165266675466064
4216.0,4.216000000000001,7.167766675466076
4216.5,4.216499999999996,7.160402317900143
4217.0,4.216999999999999,7.162902317900155
4217.5,4.217500000000001,7.165402317900167
4218.0,4.2180000000000035,7.158202270092566
4218.5,4.218499999999999,7.160702270092543
4219.0,4.219000000000001,7.163202270092555
4219.5,4.2194999999999965,7.15612870333409
4220.0,4.219999999999999,7.158628703334102
4220.5,4.220500000000001,7.161128703334114
4221.0,4.221000000000004,7.154128935627568
4221.5,4.221499999999999,7.156628935627545
4222.0,4.222000000000001,7.159128935627557
4222.5,4.222499999999997,7.152151343179902
4223.0,4.222999999999999,7.154651343179914
4223.5,4.223500000000001,7.157151343179926
4224.0,4.224000000000004,7.15014779465406
4224.5,4.224499999999999,7.152647794654037
4225.0,4.225000000000001,7.155147794654049
4225.5,4.225499999999997,7.148067665044913
4226.0,4.225999999999999,7.150567665044925
4226.5,4.2265000000000015,7.1530676650449365
4227.0,4.227000000000004,7.14587359792354
4227.5,4.227499999999999,7.148373597923516
4228.0,4.2280000000000015,7.150873597923528
4228.5,4.228499999999997,7.153373597923505
4229.0,4.228999999999999,7.1460231255550255
4229.5,4.229500000000002,7.148523125555037
4230.0,4.230000000000004,7.151023125555049
4230.5,4.230499999999999,7.143473771444846
4231.0,4.231000000000002,7.145973771444858
4231.5,4.231499999999997,7.148473771444834
4232.0,4.231999999999999,7.1406952404086255
4232.5,4.232500000000002,7.143195240408637
4233.0,4.232999999999997,7.145695240408614
4233.5,4.233499999999999,7.137680082083833
4234.0,4.234000000000002,7.140180082083845
4234.5,4.234499999999997,7.142680082083821
4235.0,4.234999999999999,7.134411752565981
4235.5,4.235500000000002,7.136911752565993
4236.0,4.235999999999997,7.1394117525659695
4236.5,4.2364999999999995,7.130890251751971
4237.0,4.237000000000002,7.133390251751983
4237.5,4.237499999999997,7.13589025175196
4238.0,4.2379999999999995,7.127126524374177
4238.5,4.238500000000002,7.1296265243741885
4239.0,4.238999999999997,7.132126524374165
4239.5,4.2395,7.123154112011214
4240.0,4.240000000000002,7.125654112011226
4240.5,4.240499999999997,7.128154112011202
4241.0,4.241,7.1190128018085375
4241.5,4.241500000000002,7.121512801808549
4242.0,4.241999999999997,7.124012801808526
4242.5,4.2425,7.114732930550254
4243.0,4.243000000000002,7.117232930550266
4243.5,4.243499999999997,7.119732930550242
4244.0,4.244,7.110369360044828
4244.5,4.244500000000002,7.11286936004484
4245.0,4.244999999999997,7.1153693600448165
4245.5,4.2455,7.105965158564658
4246.0,4.246000000000002,7.10846515856467
4246.5,4.2464999999999975,7.110965158564646
4247.0,4.247,7.101571058871556
4247.5,4.247500000000002,7.104071058871568
4248.0,4.2479999999999976,7.106571058871545
4248.5,4.2485,7.097255215703413
4249.0,4.249000000000002,7.099755215703425
4249.5,4.249499999999998,7.102255215703401
4250.0,4.25,7.093080168489472
4250.5,4.250500000000002,7.095580168489484
4251.0,4.250999999999998,7.09808016848946
4251.5,4.2515,7.0890989656512104
4252.0,4.2520000000000024,7.091598965651222
4252.5,4.252499999999998,7.094098965651199
4253.0,4.253,7.085339660523715
4253.5,4.2535000000000025,7.087839660523727
4254.0,4.253999999999998,7.0903396605237035
4254.5,4.2545,7.0818049086096835
4255.0,4.255000000000003,7.084304908609695
4255.5,4.255499999999998,7.086804908609672
4256.0,4.256,7.078482540796145
4256.5,4.256500000000003,7.080982540796157
4257.0,4.256999999999998,7.083482540796133
4257.5,4.2575,7.0753347279526935
4258.0,4.258000000000003,7.077834727952705
4258.5,4.258499999999998,7.080334727952682
4259.0,4.259,7.072315125614388
4259.5,4.259500000000003,7.0748151256144
4260.0,4.259999999999998,7.077315125614376
4260.5,4.2605,7.0693634466043775
4261.0,4.261000000000003,7.0718634466043895
4261.5,4.261499999999998,7.074363446604366
4262.0,4.2620000000000005,7.066403286279552
4262.5,4.262500000000003,7.068903286279564
4263.0,4.262999999999998,7.071403286279541
4263.5,4.2635000000000005,7.063374089749459
4264.0,4.264000000000003,7.065874089749471
4264.5,4.264499999999998,7.068374089749447
4265.0,4.265000000000001,7.06021910642054
4265.5,4.265500000000003,7.062719106420552
4266.0,4.265999999999998,7.065219106420528
4266.5,4.266500000000001,7.056915105538586
4267.0,4.267000000000003,7.059415105538598
4267.5,4.267499999999998,7.061915105538574
4268.0,4.268000000000001,7.053447237386372
4268.5,4.268500000000003,7.055947237386384
4269.0,4.268999999999998,7.0584472373863605
4269.5,4.269500000000001,7.04982184127644
4270.0,4.270000000000003,7.052321841276452
4270.5,4.270499999999998,7.0548218412764285
4271.0,4.271000000000001,7.046048106212552
4271.5,4.271500000000003,7.048548106212564
4272.0,4.2719999999999985,7.051048106212541
4272.5,4.272500000000001,7.042127950040289
4273.0,4.272999999999996,7.044627950040265
4273.5,4.2734999999999985,7.047127950040277
4274.0,4.274000000000001,7.038088421508419
4274.5,4.274500000000003,7.040588421508431
4275.0,4.274999999999999,7.043088421508408
4275.5,4.275500000000001,7.0339642259181545
4276.0,4.275999999999996,7.036464225918131
4276.5,4.276499999999999,7.038964225918143
4277.0,4.277000000000001,7.0298068820948245
4277.5,4.277500000000003,7.0323068820948365
4278.0,4.277999999999999,7.034806882094813
4278.5,4.278500000000001,7.025671052168008
4279.0,4.278999999999996,7.028171052167984
4279.5,4.279499999999999,7.030671052167996
4280.0,4.280000000000001,7.021600759796804
4280.5,4.2805000000000035,7.024100759796816
4281.0,4.280999999999999,7.026600759796793
4281.5,4.281500000000001,7.017630807819444
4282.0,4.2819999999999965,7.02013080781942
4282.5,4.282499999999999,7.022630807819432
4283.0,4.283000000000001,7.013810639637299
4283.5,4.283500000000004,7.016310639637311
4284.0,4.283999999999999,7.018810639637287
4284.5,4.284500000000001,7.010189263539424
4285.0,4.284999999999997,7.0126892635394
4285.5,4.285499999999999,7.015189263539412
4286.0,4.286000000000001,7.0068152270931705
4286.5,4.286500000000004,7.009315227093182
4287.0,4.286999999999999,7.011815227093159
4287.5,4.287500000000001,7.003693817745678
4288.0,4.287999999999997,7.006193817745654
4288.5,4.288499999999999,7.008693817745666
4289.0,4.2890000000000015,7.000782279569009
4289.5,4.289500000000004,7.003282279569021
4290.0,4.289999999999999,7.005782279568997
4290.5,4.2905000000000015,6.998038159698865
4291.0,4.290999999999997,7.000538159698841
4291.5,4.291499999999999,7.003038159698853
4292.0,4.292000000000002,6.995383976570011
4292.5,4.292500000000004,6.997883976570023
4293.0,4.292999999999999,7.000383976569999
4293.5,4.293500000000002,6.992758496026639
4294.0,4.293999999999997,6.995258496026615
4294.5,4.294499999999999,6.997758496026627
4295.0,4.295000000000002,6.990088208536314
4295.5,4.295499999999997,6.99258820853629
4296.0,4.295999999999999,6.995088208536302
4296.5,4.296500000000002,6.9873102822358035
4297.0,4.296999999999997,6.98981028223578
4297.5,4.297499999999999,6.992310282235792
4298.0,4.298000000000002,6.984389138456173
4298.5,4.298499999999997,6.986889138456149
4299.0,4.2989999999999995,6.989389138456161
4299.5,4.299500000000002,6.981308061953122
4300.0,4.299999999999997,6.9838080619530984
4300.5,4.3004999999999995,6.98630806195311
4301.0,4.301000000000002,6.978046030529903
4301.5,4.301499999999997,6.980546030529879
4302.0,4.302,6.983046030529891
4302.5,4.302500000000002,6.974614674457662
4303.0,4.302999999999997,6.977114674457638
4303.5,4.3035,6.97961467445765
4304.0,4.304000000000002,6.982114674457662
4304.5,4.304499999999997,6.9735332729475985
4305.0,4.305,6.97603327294761
4305.5,4.305500000000002,6.978533272947622
4306.0,4.305999999999997,6.969828149465407
4306.5,4.3065,6.972328149465419
4307.0,4.307000000000002,6.974828149465431
4307.5,4.307499999999997,6.9660133106303235
4308.0,4.308,6.968513310630335
4308.5,4.308500000000002,6.971013310630347
4309.0,4.3089999999999975,6.962096649491869
4309.5,4.3095,6.964596649491881
4310.0,4.310000000000002,6.967096649491893
4310.5,4.3104999999999976,6.958101883733967
4311.0,4.311,6.960601883733979
4311.5,4.311500000000002,6.963101883733991
4312.0,4.311999999999998,6.954063113550966
4312.5,4.3125,6.956563113550978
4313.0,4.313000000000002,6.9590631135509895
4313.5,4.313499999999998,6.950017399940265
4314.0,4.314,6.952517399940277
4314.5,4.3145000000000024,6.955017399940289
4315.0,4.314999999999998,6.946013852987889
4315.5,4.3155,6.948513852987901
4316.0,4.3160000000000025,6.951013852987913
4316.5,4.316499999999998,6.9420925295383995
4317.0,4.317,6.944592529538411
4317.5,4.317500000000003,6.947092529538423
4318.0,4.317999999999998,6.93827966264692
4318.5,4.3185,6.940779662646932
4319.0,4.319000000000003,6.943279662646944
4319.5,4.319499999999998,6.934587960299048
4320.0,4.32,6.93708796029906
4320.5,4.320500000000003,6.939587960299072
4321.0,4.320999999999998,6.931022782550507
4321.5,4.3215,6.933522782550519
4322.0,4.322000000000003,6.9360227825505305
4322.5,4.322499999999998,6.927560402263246
4323.0,4.323,6.930060402263258
4323.5,4.323500000000003,6.93256040226327
4324.0,4.323999999999998,6.9241589216266775
4324.5,4.3245000000000005,6.926658921626689
4325.0,4.325000000000003,6.929158921626701
4325.5,4.325499999999998,6.920760896917848
4326.0,4.3260000000000005,6.92326089691786
4326.5,4.326500000000003,6.925760896917872
4327.0,4.326999999999998,6.917320033501788
4327.5,4.327500000000001,6.9198200335018
4328.0,4.328000000000003,6.922320033501812
4328.5,4.328499999999998,6.913784607425484
4329.0,4.329000000000001,6.916284607425496
4329.5,4.329500000000003,6.918784607425508
4330.0,4.329999999999998,6.91013566838226
4330.5,4.330500000000001,6.912635668382272
4331.0,4.331000000000003,6.915135668382284
4331.5,4.331499999999998,6.90634857919683
4332.0,4.332000000000001,6.908848579196842
4332.5,4.332500000000003,6.911348579196854
4333.0,4.332999999999998,6.902406395958245
4333.5,4.333500000000001,6.904906395958257
4334.0,4.334000000000003,6.907406395958269
4334.5,4.3344999999999985,6.898294585241089
4335.0,4.335000000000001,6.900794585241101
4335.5,4.335499999999996,6.903294585241078
4336.0,4.3359999999999985,6.894010966694424
4336.5,4.336500000000001,6.896510966694436
4337.0,4.337000000000003,6.899010966694448
4337.5,4.337499999999999,6.8895710425518075
4338.0,4.338000000000001,6.8920710425518195
4338.5,4.338499999999996,6.894571042551796
4339.0,4.338999999999999,6.885020797387575
4339.5,4.339500000000001,6.887520797387587
4340.0,4.340000000000003,6.890020797387599
4340.5,4.340499999999999,6.880410372172392
4341.0,4.341000000000001,6.882910372172404
4341.5,4.341499999999996,6.88541037217238
4342.0,4.341999999999999,6.87577528730543
4342.5,4.342500000000001,6.878275287305442
4343.0,4.3430000000000035,6.880775287305454
4343.5,4.343499999999999,6.871151800358319
4344.0,4.344000000000001,6.873651800358331
4344.5,4.3444999999999965,6.876151800358308
4345.0,4.344999999999999,6.866583579456176
4345.5,4.345500000000001,6.869083579456188
4346.0,4.346000000000004,6.8715835794562
4346.5,4.346499999999999,6.8621189262169935
4347.0,4.347000000000001,6.864618926217005
4347.5,4.347499999999997,6.867118926216982
4348.0,4.347999999999999,6.857792706969512
4348.5,4.348500000000001,6.860292706969524
4349.0,4.349000000000004,6.862792706969536
4349.5,4.349499999999999,6.8536160974633376
4350.0,4.350000000000001,6.8561160974633495
4350.5,4.350499999999997,6.858616097463326
4351.0,4.350999999999999,6.849577211002078
4351.5,4.3515000000000015,6.85207721100209
4352.0,4.352000000000004,6.854577211002102
4352.5,4.352499999999999,6.845663385029326
4353.0,4.3530000000000015,6.848163385029338
4353.5,4.353499999999997,6.850663385029314
4354.0,4.353999999999999,6.841862201047704
4354.5,4.354500000000002,6.844362201047716
4355.0,4.355000000000004,6.846862201047728
4355.5,4.355499999999999,6.838157735046693
4356.0,4.356000000000002,6.840657735046705
4356.5,4.356499999999997,6.843157735046681
4357.0,4.356999999999999,6.834533958245217
4357.5,4.357500000000002,6.837033958245229
4358.0,4.357999999999997,6.839533958245205
4358.5,4.358499999999999,6.830953810037954
4359.0,4.359000000000002,6.833453810037966
4359.5,4.359499999999997,6.8359538100379424
4360.0,4.359999999999999,6.827381040097258
4360.5,4.360500000000002,6.82988104009727
4361.0,4.360999999999997,6.832381040097246
4361.5,4.3614999999999995,6.823779159112249
4362.0,4.362000000000002,6.826279159112261
4362.5,4.362499999999997,6.828779159112237
4363.0,4.3629999999999995,6.820140486250423
4363.5,4.363500000000002,6.822640486250435
4364.0,4.363999999999997,6.825140486250412
4364.5,4.3645,6.816447099725984
4365.0,4.365000000000002,6.818947099725996
4365.5,4.365499999999997,6.821447099725972
4366.0,4.366,6.812684809681393
4366.5,4.366500000000002,6.815184809681405
4367.0,4.366999999999997,6.817684809681381
4367.5,4.3675,6.808853431071213
4368.0,4.368000000000002,6.811353431071225
4368.5,4.368499999999997,6.813853431071202
4369.0,4.369,6.804976816865604
4369.5,4.369500000000002,6.807476816865616
4370.0,4.369999999999997,6.809976816865593
4370.5,4.3705,6.80104555982453
4371.0,4.371000000000002,6.803545559824542
4371.5,4.3714999999999975,6.806045559824518
4372.0,4.372,6.797078277621935
4372.5,4.372500000000002,6.799578277621947
4373.0,4.3729999999999976,6.8020782776219235
4373.5,4.3735,6.793069138649308
4374.0,4.374000000000002,6.79556913864932
4374.5,4.374499999999998,6.798069138649296
4375.0,4.375,6.789017991578881
4375.5,4.375500000000002,6.791517991578893
4376.0,4.375999999999998,6.794017991578869
4376.5,4.3765,6.784916366919518
4377.0,4.3770000000000024,6.78741636691953
4377.5,4.377499999999998,6.789916366919506
4378.0,4.378,6.7807507382610055
4378.5,4.3785000000000025,6.783250738261017
4379.0,4.378999999999998,6.785750738260994
4379.5,4.3795,6.788250738261006
4380.0,4.380000000000003,6.778992577362644
4380.5,4.380499999999998,6.78149257736262
4381.0,4.381,6.783992577362632
4381.5,4.381500000000003,6.774649102490926
4382.0,4.381999999999998,6.7771491024909025
4382.5,4.3825,6.7796491024909145
4383.0,4.383000000000003,6.7702237056309755
4383.5,4.383499999999998,6.772723705630952
4384.0,4.384,6.775223705630964
4384.5,4.384500000000003,6.765709759700229
4385.0,4.384999999999998,6.7682097597002056
4385.5,4.3855,6.7707097597002175
4386.0,4.386000000000003,6.761120102284259
4386.5,4.386499999999998,6.763620102284236
4387.0,4.3870000000000005,6.766120102284248
4387.5,4.387500000000003,6.756448313375181
4388.0,4.387999999999998,6.758948313375157
4388.5,4.3885000000000005,6.761448313375169
4389.0,4.389000000000003,6.75170934363571
4389.5,4.389499999999998,6.7542093436356865
4390.0,4.390000000000001,6.756709343635698
4390.5,4.390500000000003,6.746916550687452
4391.0,4.390999999999998,6.749416550687428
4391.5,4.391500000000001,6.75191655068744
4392.0,4.392000000000003,6.742055401341638
4392.5,4.392499999999998,6.744555401341614
4393.0,4.393000000000001,6.747055401341626
4393.5,4.393500000000003,6.737145470184451
4394.0,4.393999999999998,6.739645470184428
4394.5,4.394500000000001,6.74214547018444
4395.0,4.395000000000003,6.732178482772575
4395.5,4.395499999999998,6.734678482772551
4396.0,4.396000000000001,6.737178482772563
4396.5,4.396500000000003,6.727161157743211
4397.0,4.3969999999999985,6.7296611577431875
4397.5,4.397500000000001,6.7321611577431995
4398.0,4.397999999999996,6.722102750466021
4398.5,4.3984999999999985,6.724602750466033
4399.0,4.399000000000001,6.727102750466045
4399.5,4.399500000000003,6.7170230118912855
4400.0,4.399999999999999,6.719523011891262
4400.5,4.400500000000001,6.722023011891274
4401.0,4.400999999999996,6.711944502033589
4401.5,4.401499999999999,6.714444502033601
4402.0,4.402000000000001,6.716944502033613
4402.5,4.402500000000003,6.7068823231030805
4403.0,4.402999999999999,6.709382323103057
4403.5,4.403500000000001,6.711882323103069
4404.0,4.403999999999996,6.7018389626313635
4404.5,4.404499999999999,6.704338962631375
4405.0,4.405000000000001,6.706838962631387
4405.5,4.4055000000000035,6.696819087649573
4406.0,4.405999999999999,6.699319087649549
4406.5,4.406500000000001,6.701819087649561
4407.0,4.4069999999999965,6.691830783558572
4407.5,4.407499999999999,6.694330783558584
4408.0,4.408000000000001,6.696830783558596
4408.5,4.408500000000004,6.686865040498411
4409.0,4.408999999999999,6.689365040498387
4409.5,4.409500000000001,6.691865040498399
4410.0,4.409999999999997,6.681926170612549
4410.5,4.410499999999999,6.684426170612561
4411.0,4.411000000000001,6.686926170612573
4411.5,4.411500000000004,6.67702140304371
4412.0,4.411999999999999,6.679521403043687
4412.5,4.412500000000001,6.682021403043699
4413.0,4.412999999999997,6.672168355085013
4413.5,4.413499999999999,6.674668355085025
4414.0,4.4140000000000015,6.677168355085037
4414.5,4.414500000000004,6.667391008583756
4415.0,4.414999999999999,6.669891008583733
4415.5,4.4155000000000015,6.672391008583745
4416.0,4.415999999999997,6.6627244266454255
4416.5,4.416499999999999,6.6652244266454375
4417.0,4.417000000000002,6.667724426645449
4417.5,4.417500000000004,6.6581636017584955
4418.0,4.417999999999999,6.660663601758472
4418.5,4.418500000000002,6.663163601758484
4419.0,4.418999999999997,6.653713570162694
4419.5,4.419499999999999,6.656213570162706
4420.0,4.420000000000002,6.658713570162718
4420.5,4.420499999999997,6.6493844177946215
4421.0,4.420999999999999,6.6518844177946335
4421.5,4.421500000000002,6.654384417794645
4422.0,4.421999999999997,6.645162916151897
4422.5,4.422499999999999,6.6476629161519085
4423.0,4.423000000000002,6.6501629161519205
4423.5,4.423499999999997,6.641046994261437
4424.0,4.4239999999999995,6.643546994261449
4424.5,4.424500000000002,6.646046994261461
4425.0,4.424999999999997,6.637032810993446
4425.5,4.4254999999999995,6.639532810993458
4426.0,4.426000000000002,6.64203281099347
4426.5,4.426499999999997,6.633114746643578
4427.0,4.427,6.63561474664359
4427.5,4.427500000000002,6.638114746643602
4428.0,4.427999999999997,6.629285560268237
4428.5,4.4285,6.6317855602682485
4429.0,4.429000000000002,6.63428556026826
4429.5,4.429499999999997,6.625531943281047
4430.0,4.43,6.628031943281059
4430.5,4.430500000000002,6.6305319432810705
4431.0,4.430999999999997,6.621845656540479
4431.5,4.4315,6.624345656540491
4432.0,4.432000000000002,6.626845656540503
4432.5,4.432499999999997,6.618228639220405
4433.0,4.433,6.620728639220417
4433.5,4.433500000000002,6.623228639220429
4434.0,4.4339999999999975,6.614657071961503
4434.5,4.4345,6.617157071961515
4435.0,4.435000000000002,6.619657071961527
4435.5,4.4354999999999976,6.611113913090989
4436.0,4.436,6.613613913091001
4436.5,4.436500000000002,6.616113913091013
4437.0,4.436999999999998,6.607586912102121
4437.5,4.4375,6.610086912102133
4438.0,4.438000000000002,6.612586912102145
4438.5,4.438499999999998,6.604070210906059
4439.0,4.439,6.606570210906071
4439.5,4.4395000000000024,6.609070210906083
4440.0,4.439999999999998,6.600540814498963
4440.5,4.4405,6.603040814498975
4441.0,4.4410000000000025,6.605540814498987
4441.5,4.441499999999998,6.596973817150875
4442.0,4.442,6.599473817150887
4442.5,4.442500000000003,6.601973817150899
4443.0,4.442999999999998,6.593370932666787
4443.5,4.4435,6.595870932666799
4444.0,4.444000000000003,6.5983709326668105
4444.5,4.444499999999998,6.589732513217896
4445.0,4.445,6.592232513217908
4445.5,4.445500000000003,6.59473251321792
4446.0,4.445999999999998,6.5860709533162165
4446.5,4.4465,6.588570953316228
4447.0,4.447000000000003,6.59107095331624
4447.5,4.447499999999998,6.58238440875202
4448.0,4.448,6.584884408752032
4448.5,4.448500000000003,6.587384408752044
4449.0,4.448999999999998,6.578681762608767
4449.5,4.4495000000000005,6.581181762608779
4450.0,4.450000000000003,6.583681762608791
4450.5,4.450499999999998,6.574979843517568
4451.0,4.4510000000000005,6.57747984351758
4451.5,4.451500000000003,6.579979843517592
4452.0,4.451999999999998,6.571266750766078
4452.5,4.452500000000001,6.57376675076609
4453.0,4.453000000000003,6.576266750766102
4453.5,4.453499999999998,6.5675318293481055
4454.0,4.454000000000001,6.5700318293481175
4454.5,4.454500000000003,6.572531829348129
4455.0,4.454999999999998,6.575031829348106
4455.5,4.455500000000001,6.56628532045346
4456.0,4.456000000000003,6.568785320453472
4456.5,4.456499999999998,6.571285320453448
4457.0,4.457000000000001,6.562531926614064
4457.5,4.457500000000003,6.5650319266140755
4458.0,4.457999999999998,6.567531926614052
4458.5,4.458500000000001,6.558751644386511
4459.0,4.459000000000003,6.561251644386523
4459.5,4.4594999999999985,6.5637516443865
4460.0,4.460000000000001,6.554939250284342
4460.5,4.460499999999996,6.557439250284318
4461.0,4.4609999999999985,6.55993925028433
4461.5,4.461500000000001,6.551083439565453
4462.0,4.462000000000003,6.553583439565465
4462.5,4.462499999999999,6.556083439565441
4463.0,4.463000000000001,6.54716368359896
4463.5,4.463499999999996,6.549663683598936
4464.0,4.463999999999999,6.552163683598948
4464.5,4.464500000000001,6.543159806773744
4465.0,4.465000000000003,6.545659806773756
4465.5,4.465499999999999,6.548159806773732
4466.0,4.466000000000001,6.539050816407368
4466.5,4.466499999999996,6.541550816407344
4467.0,4.466999999999999,6.544050816407356
4467.5,4.467500000000001,6.534835603482705
4468.0,4.4680000000000035,6.537335603482717
4468.5,4.468499999999999,6.539835603482693
4469.0,4.469000000000001,6.530502793029527
4469.5,4.4694999999999965,6.533002793029503
4470.0,4.469999999999999,6.535502793029515
4470.5,4.470500000000001,6.526040028225211
4471.0,4.471000000000004,6.528540028225223
4471.5,4.471499999999999,6.531040028225199
4472.0,4.472000000000001,6.521457964717143
4472.5,4.472499999999997,6.52395796471712
4473.0,4.472999999999999,6.526457964717132
4473.5,4.473500000000001,6.516769941969116
4474.0,4.474000000000004,6.519269941969128
4474.5,4.474499999999999,6.521769941969104
4475.0,4.475000000000001,6.511991621404327
4475.5,4.475499999999997,6.514491621404304
4476.0,4.475999999999999,6.5169916214043155
4476.5,4.4765000000000015,6.507146433115452
4477.0,4.477000000000004,6.5096464331154635
4477.5,4.477499999999999,6.51214643311544
4478.0,4.4780000000000015,6.50226024180764
4478.5,4.478499999999997,6.504760241807617
4479.0,4.478999999999999,6.507260241807629
4479.5,4.479500000000002,6.4973435210944075
4480.0,4.480000000000004,6.499843521094419
4480.5,4.480499999999999,6.502343521094396
4481.0,4.481000000000002,6.492420728618669
4481.5,4.481499999999997,6.494920728618645
4482.0,4.481999999999999,6.497420728618657
4482.5,4.482500000000002,6.487492521210747
4483.0,4.482999999999997,6.4899925212107235
4483.5,4.483499999999999,6.492492521210735
4484.0,4.484000000000002,6.482560863026556
4484.5,4.484499999999997,6.485060863026533
4485.0,4.484999999999999,6.487560863026545
4485.5,4.485500000000002,6.477633544774299
4486.0,4.485999999999997,6.480133544774276
4486.5,4.4864999999999995,6.482633544774288
4487.0,4.487000000000002,6.4726898667577615
4487.5,4.487499999999997,6.475189866757738
4488.0,4.4879999999999995,6.47768986675775
4488.5,4.488500000000002,6.467722811737424
4489.0,4.488999999999997,6.4702228117374005
4489.5,4.4895,6.4727228117374125
4490.0,4.490000000000002,6.462727173255871
4490.5,4.490499999999997,6.4652271732558475
4491.0,4.491,6.467727173255859
4491.5,4.491500000000002,6.45769570002809
4492.0,4.491999999999997,6.460195700028066
4492.5,4.4925,6.462695700028078
4493.0,4.493000000000002,6.452609084200596
4493.5,4.493499999999997,6.455109084200572
4494.0,4.494,6.457609084200584
4494.5,4.494500000000002,6.447464026780949
4495.0,4.494999999999997,6.4499640267809255
4495.5,4.4955,6.4524640267809374
4496.0,4.496000000000002,6.442277002820802
4496.5,4.4964999999999975,6.4447770028207785
4497.0,4.497,6.44727700282079
4497.5,4.497500000000002,6.4370531046938595
4498.0,4.4979999999999976,6.439553104693836
4498.5,4.4985,6.442053104693848
4499.0,4.499000000000002,6.431784837684198
4499.5,4.499499999999998,6.434284837684174
4500.0,4.5,6.436784837684186
4500.5,4.500500000000002,6.426483081049774
4501.0,4.500999999999998,6.428983081049751
4501.5,4.5015,6.4314830810497625
4502.0,4.5020000000000024,6.421158665595286
4502.5,4.502499999999998,6.423658665595262
4503.0,4.503,6.426158665595274
4503.5,4.5035000000000025,6.415822165171683
4504.0,4.503999999999998,6.418322165171659
4504.5,4.5045,6.420822165171671
4505.0,4.505000000000003,6.4104857092275935
4505.5,4.505499999999998,6.41298570922757
4506.0,4.506,6.415485709227582
4506.5,4.506500000000003,6.405144021133999
4507.0,4.506999999999998,6.407644021133976
4507.5,4.5075,6.410144021133988
4508.0,4.508000000000003,6.399792629075556
4508.5,4.508499999999998,6.402292629075532
4509.0,4.509,6.404792629075544
4509.5,4.509500000000003,6.394450567464638
4510.0,4.509999999999998,6.396950567464614
4510.5,4.5105,6.399450567464626
4511.0,4.511000000000003,6.389120264499368
4511.5,4.511499999999998,6.391620264499345
4512.0,4.5120000000000005,6.394120264499357
4512.5,4.512500000000003,6.383818486201527
4513.0,4.512999999999998,6.386318486201503
4513.5,4.5135000000000005,6.388818486201515
4514.0,4.514000000000003,6.378591809830922
4514.5,4.514499999999998,6.381091809830899
4515.0,4.515000000000001,6.383591809830911
4515.5,4.515500000000003,6.373464230453543
4516.0,4.515999999999998,6.375964230453519
4516.5,4.516500000000001,6.378464230453531
4517.0,4.517000000000003,6.368474866698826
4517.5,4.517499999999998,6.370974866698802
4518.0,4.518000000000001,6.373474866698814
4518.5,4.518500000000003,6.363657935254956
4519.0,4.518999999999998,6.3661579352549325
4519.5,4.519500000000001,6.368657935254944
4520.0,4.520000000000003,6.359008276780926
4520.5,4.520499999999998,6.361508276780903
4521.0,4.521000000000001,6.364008276780915
4521.5,4.521500000000003,6.354487981121828
4522.0,4.5219999999999985,6.356987981121804
4522.5,4.522500000000001,6.359487981121816
4523.0,4.522999999999996,6.350048445244063
4523.5,4.5234999999999985,6.352548445244075
4524.0,4.524000000000001,6.355048445244087
4524.5,4.524500000000003,6.345674260202578
4525.0,4.524999999999999,6.348174260202555
4525.5,4.525500000000001,6.350674260202567
4526.0,4.525999999999996,6.341344484012872
4526.5,4.526499999999999,6.343844484012884
4527.0,4.527000000000001,6.346344484012896
4527.5,4.527500000000003,6.337038807410984
4528.0,4.527999999999999,6.33953880741096
4528.5,4.528500000000001,6.342038807410972
4529.0,4.528999999999996,6.332726926430077
4529.5,4.529499999999999,6.335226926430089
4530.0,4.530000000000001,6.337726926430101
4530.5,4.5305000000000035,6.3402269264301125
4531.0,4.530999999999999,6.3309090378803035
4531.5,4.531500000000001,6.333409037880315
4532.0,4.5319999999999965,6.335909037880292
4532.5,4.532499999999999,6.326574516209398
4533.0,4.533000000000001,6.32907451620941
4533.5,4.533500000000004,6.331574516209422
4534.0,4.533999999999999,6.322221545155529
4534.5,4.534500000000001,6.3247215451555405
4535.0,4.534999999999997,6.327221545155517
4535.5,4.535499999999999,6.317833131855615
4536.0,4.536000000000001,6.320333131855627
4536.5,4.536500000000004,6.3228331318556386
4537.0,4.536999999999999,6.3134122192806785
4537.5,4.537500000000001,6.3159122192806905
4538.0,4.537999999999997,6.318412219280667
4538.5,4.538499999999999,6.30897815209714
4539.0,4.5390000000000015,6.311478152097152
4539.5,4.539500000000004,6.313978152097164
4540.0,4.539999999999999,6.304526867752855
4540.5,4.5405000000000015,6.307026867752867
4541.0,4.540999999999997,6.309526867752844
4541.5,4.541499999999999,6.30004026335552
4542.0,4.542000000000002,6.302540263355532
4542.5,4.542500000000004,6.305040263355544
4543.0,4.542999999999999,6.295501047955625
4543.5,4.543500000000002,6.298001047955637
4544.0,4.543999999999997,6.300501047955613
4544.5,4.544499999999999,6.290912907252633
4545.0,4.545000000000002,6.293412907252645
4545.5,4.545499999999997,6.295912907252621
4546.0,4.545999999999999,6.286299235032935
4546.5,4.546500000000002,6.288799235032947
4547.0,4.546999999999997,6.291299235032923
4547.5,4.547499999999999,6.281697681390348
4548.0,4.548000000000002,6.28419768139036
4548.5,4.548499999999997,6.286697681390336
4549.0,4.5489999999999995,6.277135800047269
4549.5,4.549500000000002,6.279635800047281
4550.0,4.549999999999997,6.282135800047257
4550.5,4.5504999999999995,6.272649472203646
4551.0,4.551000000000002,6.275149472203658
4551.5,4.551499999999997,6.277649472203635
4552.0,4.552,6.268281550874235
4552.5,4.552500000000002,6.270781550874247
4553.0,4.552999999999997,6.2732815508742235
4553.5,4.5535,6.264057599526076
4554.0,4.554000000000002,6.266557599526088
4554.5,4.554499999999997,6.2690575995260645
4555.0,4.555,6.259971894103167
4555.5,4.555500000000002,6.262471894103179
4556.0,4.555999999999997,6.264971894103155
4556.5,4.5565,6.256006263984624
4557.0,4.557000000000002,6.258506263984636
4557.5,4.557499999999997,6.261006263984612
4558.0,4.558,6.252142797706597
4558.5,4.558500000000002,6.254642797706609
4559.0,4.5589999999999975,6.257142797706585
4559.5,4.5595,6.248346162683518
4560.0,4.560000000000002,6.25084616268353
4560.5,4.5604999999999976,6.253346162683506
4561.0,4.561,6.2446037617206684
4561.5,4.561500000000002,6.24710376172068
4562.0,4.561999999999998,6.249603761720657
4562.5,4.5625,6.2409012540950926
4563.0,4.563000000000002,6.2434012540951045
4563.5,4.563499999999998,6.245901254095081
4564.0,4.564,6.237235082045487
4564.5,4.5645000000000024,6.239735082045499
4565.0,4.564999999999998,6.242235082045475
4565.5,4.5655,6.233590833146785
4566.0,4.5660000000000025,6.236090833146797
4566.5,4.566499999999998,6.238590833146773
4567.0,4.567,6.229954475878756
4567.5,4.567500000000003,6.232454475878768
4568.0,4.567999999999998,6.2349544758787445
4568.5,4.5685,6.226312881489555
4569.0,4.569000000000003,6.228812881489567
4569.5,4.569499999999998,6.2313128814895435
4570.0,4.57,6.222658176183344
4570.5,4.570500000000003,6.225158176183356
4571.0,4.570999999999998,6.227658176183333
4571.5,4.5715,6.218983201724235
4572.0,4.572000000000003,6.221483201724247
4572.5,4.572499999999998,6.223983201724224
4573.0,4.573,6.215261369410285
4573.5,4.573500000000003,6.217761369410297
4574.0,4.573999999999998,6.220261369410274
4574.5,4.5745000000000005,6.211455951802982
4575.0,4.575000000000003,6.213955951802994
4575.5,4.575499999999998,6.2164559518029705
4576.0,4.5760000000000005,6.207548536648098
4576.5,4.576500000000003,6.2100485366481095
4577.0,4.576999999999998,6.212548536648086
4577.5,4.577500000000001,6.2035290337735916
4578.0,4.578000000000003,6.2060290337736035
4578.5,4.578499999999998,6.20852903377358
4579.0,4.579000000000001,6.199382269534119
4579.5,4.579500000000003,6.201882269534131
4580.0,4.579999999999998,6.204382269534108
4580.5,4.580500000000001,6.195114452457986
4581.0,4.581000000000003,6.197614452457998
4581.5,4.581499999999998,6.200114452457974
4582.0,4.582000000000001,6.190768658534935
4582.5,4.582500000000003,6.193268658534947
4583.0,4.582999999999998,6.195768658534924
4583.5,4.583500000000001,6.186386148309069
4584.0,4.584000000000003,6.188886148309081
4584.5,4.5844999999999985,6.191386148309057
4585.0,4.585000000000001,6.182018472185007
4585.5,4.585499999999996,6.184518472184983
4586.0,4.5859999999999985,6.187018472184995
4586.5,4.586500000000001,6.177716354755525
4587.0,4.587000000000003,6.180216354755537
4587.5,4.587499999999999,6.182716354755513
4588.0,4.588000000000001,6.173500446277949
4588.5,4.588499999999996,6.176000446277925
4589.0,4.588999999999999,6.178500446277937
4589.5,4.589500000000001,6.16938221382604
4590.0,4.590000000000003,6.171882213826052
4590.5,4.590499999999999,6.1743822138260285
4591.0,4.591000000000001,6.165367169670475
4591.5,4.591499999999996,6.167867169670451
4592.0,4.591999999999999,6.170367169670463
4592.5,4.592500000000001,6.161448265975373
4593.0,4.5930000000000035,6.163948265975385
4593.5,4.593499999999999,6.166448265975362
4594.0,4.594000000000001,6.157616999400233
4594.5,4.5944999999999965,6.160116999400209
4595.0,4.594999999999999,6.162616999400221
4595.5,4.595500000000001,6.1538656075275
4596.0,4.596000000000004,6.156365607527512
4596.5,4.596499999999999,6.158865607527488
4597.0,4.597000000000001,6.150177042021738
4597.5,4.597499999999997,6.152677042021715
4598.0,4.597999999999999,6.155177042021727
4598.5,4.598500000000001,6.146527945626055
4599.0,4.599000000000004,6.149027945626067
4599.5,4.599499999999999,6.151527945626043
4600.0,4.600000000000001,6.142882034307817
4600.5,4.600499999999997,6.145382034307794
4601.0,4.600999999999999,6.1478820343078056
4601.5,4.6015000000000015,6.1392111345028155
4602.0,4.602000000000004,6.1417111345028275
4602.5,4.602499999999999,6.144211134502804
4603.0,4.6030000000000015,6.135483291505892
4603.5,4.603499999999997,6.1379832915058685
4604.0,4.603999999999999,6.1404832915058805
4604.5,4.604500000000002,6.131656602220659
4605.0,4.605000000000004,6.134156602220671
4605.5,4.605499999999999,6.136656602220647
4606.0,4.606000000000002,6.139156602220659
4606.5,4.606499999999997,6.1301816245039475
4607.0,4.606999999999999,6.1326816245039595
4607.5,4.607500000000002,6.135181624503971
4608.0,4.608000000000004,6.1260167096755325
4608.5,4.608499999999999,6.128516709675509
4609.0,4.609000000000002,6.131016709675521
4609.5,4.609499999999997,6.12163376122723
4610.0,4.609999999999999,6.124133761227242
4610.5,4.610500000000002,6.126633761227254
4611.0,4.610999999999997,6.117024337092545
4611.5,4.6114999999999995,6.119524337092557
4612.0,4.612000000000002,6.122024337092569
4612.5,4.612499999999997,6.112201626926357
4613.0,4.6129999999999995,6.114701626926369
4613.5,4.613500000000002,6.117201626926381
4614.0,4.613999999999997,6.107193766538366
4614.5,4.6145,6.109693766538378
4615.0,4.615000000000002,6.11219376653839
4615.5,4.615499999999997,6.102042805204384
4616.0,4.616,6.104542805204396
4616.5,4.616500000000002,6.107042805204408
4617.0,4.616999999999997,6.096782399744107
4617.5,4.6175,6.099282399744119
4618.0,4.618000000000002,6.101782399744131
4618.5,4.618499999999997,6.091460126473329
4619.0,4.619,6.093960126473341
4619.5,4.619500000000002,6.096460126473353
4620.0,4.619999999999997,6.086123139856099
4620.5,4.6205,6.088623139856111
4621.0,4.621000000000002,6.091123139856123
4621.5,4.6214999999999975,6.0808070423760086
4622.0,4.622,6.0833070423760205
4622.5,4.622500000000002,6.085807042376032
4623.0,4.6229999999999976,6.0755384049246075
4623.5,4.6235,6.078038404924619
4624.0,4.624000000000002,6.080538404924631
4624.5,4.624499999999998,6.07032961951564
4625.0,4.625,6.072829619515652
4625.5,4.625500000000002,6.075329619515664
4626.0,4.625999999999998,6.06520065965892
4626.5,4.6265,6.067700659658932
4627.0,4.6270000000000024,6.070200659658944
4627.5,4.627499999999998,6.060174907661313
4628.0,4.628,6.062674907661325
4628.5,4.6285000000000025,6.065174907661337
4629.0,4.628999999999998,6.055272462852734
4629.5,4.6295,6.057772462852746
4630.0,4.630000000000003,6.060272462852758
4630.5,4.630499999999998,6.050526087720733
4631.0,4.631,6.053026087720745
4631.5,4.631500000000003,6.055526087720757
4632.0,4.631999999999998,6.045937198257754
4632.5,4.6325,6.048437198257766
4633.0,4.633000000000003,6.0509371982577775
4633.5,4.633499999999998,6.041503480865771
4634.0,4.634,6.044003480865783
4634.5,4.634500000000003,6.046503480865795
4635.0,4.634999999999998,6.03722019201129
4635.5,4.6355,6.039720192011302
4636.0,4.636000000000003,6.042220192011314
4636.5,4.636499999999998,6.033062154625348
4637.0,4.6370000000000005,6.03556215462536
4637.5,4.637500000000003,6.038062154625372
4638.0,4.637999999999998,6.0290055665815245
4638.5,4.6385000000000005,6.0315055665815365
4639.0,4.639000000000003,6.034005566581548
4639.5,4.639499999999998,6.025017786576221
4640.0,4.640000000000001,6.027517786576233
4640.5,4.640500000000003,6.030017786576245
4641.0,4.640999999999998,6.0210515042285095
4641.5,4.641500000000001,6.0235515042285215
4642.0,4.642000000000003,6.026051504228533
4642.5,4.642499999999998,6.017076270998878
4643.0,4.643000000000001,6.01957627099889
4643.5,4.643500000000003,6.022076270998902
4644.0,4.643999999999998,6.013088448170905
4644.5,4.644500000000001,6.0155884481709165
4645.0,4.645000000000003,6.0180884481709285
4645.5,4.645499999999998,6.0090860641397725
4646.0,4.646000000000001,6.0115860641397845
4646.5,4.646500000000003,6.014086064139796
4647.0,4.6469999999999985,6.005091917691736
4647.5,4.647500000000001,6.007591917691748
4648.0,4.647999999999996,6.0100919176917245
4648.5,4.6484999999999985,6.0011225742521646
4649.0,4.649000000000001,6.0036225742521765
4649.5,4.649500000000003,6.006122574252188
4650.0,4.649999999999999,5.997184343685511
4650.5,4.650500000000001,5.999684343685523
4651.0,4.650999999999996,6.002184343685499
4651.5,4.651499999999999,5.993274960910959
4652.0,4.652000000000001,5.995774960910971
4652.5,4.652500000000003,5.998274960910983
4653.0,4.652999999999999,5.989384650550136
4653.5,4.653500000000001,5.991884650550148
4654.0,4.653999999999996,5.994384650550124
4654.5,4.654499999999999,5.985509518532517
4655.0,4.655000000000001,5.988009518532529
4655.5,4.6555000000000035,5.990509518532541
4656.0,4.655999999999999,5.98163541492891
4656.5,4.656500000000001,5.984135414928922
4657.0,4.6569999999999965,5.986635414928898
4657.5,4.657499999999999,5.977757147248504
4658.0,4.658000000000001,5.9802571472485155
4658.5,4.658500000000004,5.9827571472485275
4659.0,4.658999999999999,5.973905627852503
4659.5,4.659500000000001,5.976405627852515
4660.0,4.659999999999997,5.978905627852491
4660.5,4.660499999999999,5.970091947583924
4661.0,4.661000000000001,5.972591947583936
4661.5,4.661500000000004,5.975091947583948
4662.0,4.661999999999999,5.966344945049542
4662.5,4.662500000000001,5.968844945049554
4663.0,4.662999999999997,5.97134494504953
4663.5,4.663499999999999,5.962697148108873
4664.0,4.6640000000000015,5.965197148108885
4664.5,4.664500000000004,5.967697148108897
4665.0,4.664999999999999,5.959149072806618
4665.5,4.6655000000000015,5.96164907280663
4666.0,4.665999999999997,5.964149072806606
4666.5,4.666499999999999,5.95571654290989
4667.0,4.667000000000002,5.958216542909902
4667.5,4.667500000000004,5.960716542909914
4668.0,4.667999999999999,5.9524002573490264
4668.5,4.668500000000002,5.954900257349038
4669.0,4.668999999999997,5.957400257349015
4669.5,4.669499999999999,5.949137715731787
4670.0,4.670000000000002,5.951637715731799
4670.5,4.670500000000004,5.954137715731811
4671.0,4.670999999999999,5.945881107551045
4671.5,4.671500000000002,5.948381107551057
4672.0,4.671999999999997,5.950881107551034
4672.5,4.672499999999999,5.942584617538316
4673.0,4.673000000000002,5.945084617538328
4673.5,4.673499999999997,5.947584617538304
4674.0,4.6739999999999995,5.939197216921208
4674.5,4.674500000000002,5.94169721692122
4675.0,4.674999999999997,5.9441972169211965
4675.5,4.6754999999999995,5.935689289831032
4676.0,4.676000000000002,5.938189289831044
4676.5,4.676499999999997,5.94068928983102
4677.0,4.677,5.932051995884748
4677.5,4.677500000000002,5.93455199588476
4678.0,4.677999999999997,5.937051995884737
4678.5,4.6785,5.928292624974496
4679.0,4.679000000000002,5.930792624974508
4679.5,4.679499999999997,5.933292624974484
4680.0,4.68,5.924422832495004
4680.5,4.680500000000002,5.926922832495016
4681.0,4.680999999999997,5.929422832494993
4681.5,4.6815,5.931922832495005
4682.0,4.682000000000002,5.922940923883466
4682.5,4.682499999999997,5.925440923883443
4683.0,4.683,5.927940923883455
4683.5,4.683500000000002,5.918841028267892
4684.0,4.6839999999999975,5.921341028267868
4684.5,4.6845,5.92384102826788
4685.0,4.685000000000002,5.914635030794173
4685.5,4.6854999999999976,5.9171350307941495
4686.0,4.686,5.919635030794161
4686.5,4.686500000000002,5.910330743001246
4687.0,4.686999999999998,5.912830743001223
4687.5,4.6875,5.915330743001235
4688.0,4.688000000000002,5.905939825146049
4688.5,4.688499999999998,5.908439825146026
4689.0,4.689,5.910939825146038
4689.5,4.6895000000000024,5.901476333584199
4690.0,4.689999999999998,5.9039763335841755
4690.5,4.6905,5.906476333584187
4691.0,4.6910000000000025,5.896955656709295
4691.5,4.691499999999998,5.8994556567092715
4692.0,4.692,5.9019556567092835
4692.5,4.692500000000003,5.892410398850494
4693.0,4.692999999999998,5.89491039885047
4693.5,4.6935,5.897410398850482
4694.0,4.694000000000003,5.887881393490169
4694.5,4.694499999999998,5.890381393490145
4695.0,4.695,5.892881393490157
4695.5,4.695500000000003,5.883363398890928
4696.0,4.695999999999998,5.885863398890905
4696.5,4.6965,5.888363398890917
4697.0,4.697000000000003,5.878903366234667
4697.5,4.697499999999998,5.881403366234643
4698.0,4.698,5.883903366234655
4698.5,4.698500000000003,5.8745251365636975
4699.0,4.698999999999998,5.877025136563674
4699.5,4.6995000000000005,5.879525136563686
4700.0,4.700000000000003,5.870227718670584
4700.5,4.700499999999998,5.872727718670561
4701.0,4.7010000000000005,5.875227718670573
4701.5,4.701500000000003,5.86599578487192
4702.0,4.701999999999998,5.868495784871897
4702.5,4.702500000000001,5.8709957848719085
4703.0,4.703000000000003,5.861830407328803
4703.5,4.703499999999998,5.864330407328779
4704.0,4.704000000000001,5.866830407328791
4704.5,4.704500000000003,5.85771722155684
4705.0,4.704999999999998,5.860217221556816
4705.5,4.705500000000001,5.862717221556828
4706.0,4.706000000000003,5.853639453853248
4706.5,4.706499999999998,5.856139453853224
4707.0,4.707000000000001,5.858639453853236
4707.5,4.707500000000003,5.849583964758978
4708.0,4.707999999999998,5.852083964758954
4708.5,4.708500000000001,5.854583964758966
4709.0,4.709000000000003,5.84553559290903
4709.5,4.7094999999999985,5.848035592909007
4710.0,4.710000000000001,5.850535592909019
4710.5,4.710499999999996,5.841483249535884
4711.0,4.7109999999999985,5.843983249535896
4711.5,4.711500000000001,5.846483249535908
4712.0,4.712000000000003,5.837394200006969
4712.5,4.712499999999999,5.839894200006945
4713.0,4.713000000000001,5.842394200006957
4713.5,4.713499999999996,5.833274864630411
4714.0,4.713999999999999,5.835774864630423
4714.5,4.714500000000001,5.838274864630435
4715.0,4.715000000000003,5.829132294803365
4715.5,4.715499999999999,5.831632294803342
4716.0,4.716000000000001,5.834132294803354
4716.5,4.716499999999996,5.824944565916077
4717.0,4.716999999999999,5.827444565916089
4717.5,4.717500000000001,5.829944565916101
4718.0,4.7180000000000035,5.820706214795415
4718.5,4.718499999999999,5.823206214795391
4719.0,4.719000000000001,5.825706214795403
4719.5,4.7194999999999965,5.816407720951702
4720.0,4.719999999999999,5.818907720951714
4720.5,4.720500000000001,5.821407720951726
4721.0,4.721000000000004,5.81206633827037
4721.5,4.721499999999999,5.814566338270346
4722.0,4.722000000000001,5.817066338270358
4722.5,4.722499999999997,5.8077162119286285
4723.0,4.722999999999999,5.8102162119286405
4723.5,4.723500000000001,5.812716211928652
4724.0,4.724000000000004,5.803386383140712
4724.5,4.724499999999999,5.805886383140688
4725.0,4.725000000000001,5.8083863831407
4725.5,4.725499999999997,5.799105774139832
4726.0,4.725999999999999,5.801605774139844
4726.5,4.7265000000000015,5.804105774139856
4727.0,4.727000000000004,5.794888594321783
4727.5,4.727499999999999,5.79738859432176
4728.0,4.7280000000000015,5.7998885943217715
4728.5,4.728499999999997,5.790729081896373
4729.0,4.728999999999999,5.793229081896385
4729.5,4.729500000000002,5.795729081896397
4730.0,4.730000000000004,5.7866362827213536
4730.5,4.730499999999999,5.78913628272133
4731.0,4.731000000000002,5.791636282721342
4731.5,4.731499999999997,5.7826083344709645
4732.0,4.731999999999999,5.785108334470976
4732.5,4.732500000000002,5.787608334470988
4733.0,4.733000000000004,5.778631784910608
4733.5,4.733499999999999,5.781131784910585
4734.0,4.734000000000002,5.783631784910597
4734.5,4.734499999999997,5.77470481484017
4735.0,4.734999999999999,5.777204814840182
4735.5,4.735500000000002,5.779704814840194
4736.0,4.735999999999997,5.77081899448185
4736.5,4.7364999999999995,5.773318994481862
4737.0,4.737000000000002,5.775818994481874
4737.5,4.737499999999997,5.766974068702773
4738.0,4.7379999999999995,5.769474068702785
4738.5,4.738500000000002,5.7719740687027965
4739.0,4.738999999999997,5.763151832169129
4739.5,4.7395,5.765651832169141
4740.0,4.740000000000002,5.768151832169153
4740.5,4.740499999999997,5.759331043201676
4741.0,4.741,5.761831043201688
4741.5,4.741500000000002,5.7643310432017
4742.0,4.741999999999997,5.75550942751633
4742.5,4.7425,5.758009427516342
4743.0,4.743000000000002,5.760509427516354
4743.5,4.743499999999997,5.751665322781392
4744.0,4.744,5.754165322781404
4744.5,4.744500000000002,5.756665322781416
4745.0,4.744999999999997,5.747777592523882
4745.5,4.7455,5.750277592523894
4746.0,4.746000000000002,5.7527775925239055
4746.5,4.7464999999999975,5.743832046310686
4747.0,4.747,5.746332046310698
4747.5,4.747500000000002,5.74883204631071
4748.0,4.7479999999999976,5.739819310770891
4748.5,4.7485,5.7423193107709025
4749.0,4.749000000000002,5.7448193107709145
4749.5,4.749499999999998,5.73575374213533
4750.0,4.75,5.738253742135342
4750.5,4.750500000000002,5.740753742135354
4751.0,4.750999999999998,5.731634540396406
4751.5,4.7515,5.734134540396418
4752.0,4.7520000000000024,5.73663454039643
4752.5,4.752499999999998,5.727453351468554
4753.0,4.753,5.729953351468566
4753.5,4.7535000000000025,5.732453351468578
4754.0,4.753999999999998,5.723210999293009
4754.5,4.7545,5.725710999293021
4755.0,4.755000000000003,5.728210999293033
4755.5,4.755499999999998,5.7188976227785915
4756.0,4.756,5.721397622778603
4756.5,4.756500000000003,5.723897622778615
4757.0,4.756999999999998,5.726397622778592
4757.5,4.7575,5.7170365424412495
4758.0,4.758000000000003,5.719536542441261
4758.5,4.758499999999998,5.722036542441238
4759.0,4.759,5.7126524217973085
4759.5,4.759500000000003,5.71515242179732
4760.0,4.759999999999998,5.717652421797297
4760.5,4.7605,5.708264473361382
4761.0,4.761000000000003,5.710764473361394
4761.5,4.761499999999998,5.71326447336137
4762.0,4.7620000000000005,5.703897429731306
4762.5,4.762500000000003,5.706397429731318
4763.0,4.762999999999998,5.708897429731294
4763.5,4.7635000000000005,5.699548937399257
4764.0,4.764000000000003,5.702048937399269
4764.5,4.764499999999998,5.704548937399245
4765.0,4.765000000000001,5.695194711191718
4765.5,4.765500000000003,5.69769471119173
4766.0,4.765999999999998,5.700194711191706
4766.5,4.766500000000001,5.69083951638099
4767.0,4.767000000000003,5.693339516381002
4767.5,4.767499999999998,5.695839516380978
4768.0,4.768000000000001,5.686473123625824
4768.5,4.768500000000003,5.688973123625836
4769.0,4.768999999999998,5.691473123625812
4769.5,4.769500000000001,5.682088117241264
4770.0,4.770000000000003,5.684588117241276
4770.5,4.770499999999998,5.687088117241252
4771.0,4.771000000000001,5.67767621136511
4771.5,4.771500000000003,5.680176211365122
4772.0,4.7719999999999985,5.682676211365099
4772.5,4.772500000000001,5.673246767632492
4773.0,4.772999999999996,5.675746767632468
4773.5,4.7734999999999985,5.67824676763248
4774.0,4.774000000000001,5.66879259885539
4774.5,4.774500000000003,5.671292598855402
4775.0,4.774999999999999,5.673792598855378
4775.5,4.775500000000001,5.664307104327619
4776.0,4.775999999999996,5.666807104327596
4776.5,4.776499999999999,5.669307104327608
4777.0,4.777000000000001,5.659762456450714
4777.5,4.777500000000003,5.662262456450726
4778.0,4.777999999999999,5.664762456450703
4778.5,4.778500000000001,5.655141375530555
4779.0,4.778999999999996,5.657641375530531
4779.5,4.779499999999999,5.660141375530543
4780.0,4.780000000000001,5.650413335376285
4780.5,4.7805000000000035,5.652913335376297
4781.0,4.780999999999999,5.655413335376274
4781.5,4.781500000000001,5.645599027580808
4782.0,4.7819999999999965,5.648099027580784
4782.5,4.782499999999999,5.650599027580796
4783.0,4.783000000000001,5.6406894382017825
4783.5,4.783500000000004,5.643189438201794
4784.0,4.783999999999999,5.645689438201771
4784.5,4.784500000000001,5.635701459688391
4785.0,4.784999999999997,5.638201459688368
4785.5,4.785499999999999,5.64070145968838
4786.0,4.786000000000001,5.630659220737755
4786.5,4.786500000000004,5.633159220737767
4787.0,4.786999999999999,5.635659220737743
4787.5,4.787500000000001,5.625572366509566
4788.0,4.787999999999997,5.628072366509542
4788.5,4.788499999999999,5.630572366509554
4789.0,4.7890000000000015,5.620437352250001
4789.5,4.789500000000004,5.622937352250013
4790.0,4.789999999999999,5.625437352249989
4790.5,4.7905000000000015,5.615263613629686
4791.0,4.790999999999997,5.617763613629663
4791.5,4.791499999999999,5.620263613629675
4792.0,4.792000000000002,5.61006847793184
4792.5,4.792500000000004,5.612568477931852
4793.0,4.792999999999999,5.615068477931828
4793.5,4.793500000000002,5.60486506570971
4794.0,4.793999999999997,5.607365065709686
4794.5,4.794499999999999,5.609865065709698
4795.0,4.795000000000002,5.5996652421264415
4795.5,4.795500000000004,5.602165242126453
4796.0,4.795999999999999,5.60466524212643
4796.5,4.796500000000002,5.594490489926152
4797.0,4.796999999999997,5.596990489926128
4797.5,4.797499999999999,5.59949048992614
4798.0,4.798000000000002,5.589364305852662
4798.5,4.798499999999997,5.5918643058526385
4799.0,4.7989999999999995,5.59436430585265
4799.5,4.799500000000002,5.58428698250605
4800.0,4.799999999999997,5.586786982506027
4800.5,4.8004999999999995,5.589286982506039
4801.0,4.801000000000002,5.579247068419626
4801.5,4.801499999999997,5.581747068419602
4802.0,4.802,5.584247068419614
4802.5,4.802500000000002,5.574234792197927
4803.0,4.802999999999997,5.576734792197904
4803.5,4.8035,5.579234792197916
4804.0,4.804000000000002,5.569242652650033
4804.5,4.804499999999997,5.571742652650009
4805.0,4.805,5.574242652650021
4805.5,4.805500000000002,5.564235029053819
4806.0,4.805999999999997,5.566735029053795
4806.5,4.8065,5.569235029053807
4807.0,4.807000000000002,5.559211171429261
4807.5,4.807499999999997,5.561711171429238
4808.0,4.808,5.56421117142925
4808.5,4.808500000000002,5.554181734727237
4809.0,4.8089999999999975,5.5566817347272135
4809.5,4.8095,5.559181734727225
4810.0,4.810000000000002,5.5491413213851715
4810.5,4.8104999999999976,5.551641321385148
4811.0,4.811,5.55414132138516
4811.5,4.811500000000002,5.544096799227987
4812.0,4.811999999999998,5.546596799227963
4812.5,4.8125,5.549096799227975
4813.0,4.813000000000002,5.539050534912171
4813.5,4.813499999999998,5.541550534912147
4814.0,4.814,5.544050534912159
4814.5,4.8145000000000024,5.534001139544458
4815.0,4.814999999999998,5.536501139544434
4815.5,4.8155,5.539001139544446
4816.0,4.8160000000000025,5.528948451650493
4816.5,4.816499999999998,5.531448451650469
4817.0,4.817,5.533948451650481
4817.5,4.817500000000003,5.523903946381843
4818.0,4.817999999999998,5.526403946381819
4818.5,4.8185,5.528903946381831
4819.0,4.819000000000003,5.518877143311016
4819.5,4.819499999999998,5.521377143310993
4820.0,4.82,5.5238771433110045
4820.5,4.820500000000003,5.513877816625978
4821.0,4.820999999999998,5.516377816625955
4821.5,4.8215,5.518877816625967
4822.0,4.822000000000003,5.5089076359004
4822.5,4.822499999999998,5.511407635900376
4823.0,4.823,5.513907635900388
4823.5,4.823500000000003,5.503976050370802
4824.0,4.823999999999998,5.506476050370779
4824.5,4.8245000000000005,5.508976050370791
4825.0,4.825000000000003,5.499103838747601
4825.5,4.825499999999998,5.501603838747577
4826.0,4.8260000000000005,5.504103838747589
4826.5,4.826500000000003,5.4943032953052295
4827.0,4.826999999999998,5.496803295305206
4827.5,4.827500000000001,5.499303295305218
4828.0,4.828000000000003,5.489589567028084
4828.5,4.828499999999998,5.49208956702806
4829.0,4.829000000000001,5.494589567028072
4829.5,4.829500000000003,5.4849706478458415
4830.0,4.829999999999998,5.487470647845818
4830.5,4.830500000000001,5.48997064784583
4831.0,4.831000000000003,5.480459794042538
4831.5,4.831499999999998,5.4829597940425145
4832.0,4.832000000000001,5.4854597940425265
4832.5,4.832500000000003,5.487959794042538
4833.0,4.832999999999998,5.478548629147504
4833.5,4.833500000000001,5.481048629147516
4834.0,4.834000000000003,5.483548629147528
4834.5,4.8344999999999985,5.474207576746828
4835.0,4.835000000000001,5.47670757674684
4835.5,4.835499999999996,5.479207576746816
4836.0,4.8359999999999985,5.469903836937959
4836.5,4.836500000000001,5.472403836937971
4837.0,4.837000000000003,5.474903836937983
4837.5,4.837499999999999,5.465605030508165
4838.0,4.838000000000001,5.468105030508177
4838.5,4.838499999999996,5.470605030508153
4839.0,4.838999999999999,5.461289979749111
4839.5,4.839500000000001,5.463789979749123
4840.0,4.840000000000003,5.466289979749135
4840.5,4.840499999999999,5.456947186312604
4841.0,4.841000000000001,5.459447186312616
4841.5,4.841499999999996,5.461947186312592
4842.0,4.841999999999999,5.452576183069979
4842.5,4.842500000000001,5.455076183069991
4843.0,4.8430000000000035,5.457576183070003
4843.5,4.843499999999999,5.448178400766679
4844.0,4.844000000000001,5.450678400766691
4844.5,4.8444999999999965,5.453178400766667
4845.0,4.844999999999999,5.443760479826274
4845.5,4.845500000000001,5.446260479826286
4846.0,4.846000000000004,5.448760479826298
4846.5,4.846499999999999,5.439326394141197
4847.0,4.847000000000001,5.441826394141209
4847.5,4.847499999999997,5.444326394141186
4848.0,4.847999999999999,5.434899285468546
4848.5,4.848500000000001,5.437399285468558
4849.0,4.849000000000004,5.43989928546857
4849.5,4.849499999999999,5.430483395388492
4850.0,4.850000000000001,5.432983395388504
4850.5,4.850499999999997,5.435483395388481
4851.0,4.850999999999999,5.426088632012096
4851.5,4.8515000000000015,5.428588632012108
4852.0,4.852000000000004,5.43108863201212
4852.5,4.852499999999999,5.421720320744434
4853.0,4.8530000000000015,5.424220320744446
4853.5,4.853499999999997,5.426720320744423
4854.0,4.853999999999999,5.417367552757568
4854.5,4.854500000000002,5.41986755275758
4855.0,4.855000000000004,5.422367552757592
4855.5,4.855499999999999,5.413037061798853
4856.0,4.856000000000002,5.415537061798865
4856.5,4.856499999999997,5.418037061798842
4857.0,4.856999999999999,5.40871665352217
4857.5,4.857500000000002,5.411216653522182
4858.0,4.858000000000004,5.413716653522194
4858.5,4.858499999999999,5.404406302742117
4859.0,4.859000000000002,5.406906302742129
4859.5,4.859499999999997,5.409406302742106
4860.0,4.859999999999999,5.400102200574857
4860.5,4.860500000000002,5.402602200574869
4861.0,4.860999999999997,5.405102200574845
4861.5,4.8614999999999995,5.395788253930469
4862.0,4.862000000000002,5.398288253930481
4862.5,4.862499999999997,5.4007882539304575
4863.0,4.8629999999999995,5.391471967499868
4863.5,4.863500000000002,5.39397196749988
4864.0,4.863999999999997,5.396471967499856
4864.5,4.8645,5.3871485613100845
4865.0,4.865000000000002,5.389648561310096
4865.5,4.865499999999997,5.392148561310073
4866.0,4.866,5.382817966138376
4866.5,4.866500000000002,5.385317966138388
4867.0,4.866999999999997,5.387817966138364
4867.5,4.8675,5.378448150052861
4868.0,4.868000000000002,5.380948150052873
4868.5,4.868499999999997,5.38344815005285
4869.0,4.869,5.374027354472766
4869.5,4.869500000000002,5.376527354472778
4870.0,4.869999999999997,5.379027354472754
4870.5,4.8705,5.369526362033206
4871.0,4.871000000000002,5.372026362033218
4871.5,4.8714999999999975,5.374526362033194
4872.0,4.872,5.364934792825906
4872.5,4.872500000000002,5.367434792825918
4873.0,4.8729999999999976,5.3699347928258945
4873.5,4.8735,5.360247945882186
4874.0,4.874000000000002,5.362747945882198
4874.5,4.874499999999998,5.3652479458821745
4875.0,4.875,5.355459470993509
4875.5,4.875500000000002,5.357959470993521
4876.0,4.875999999999998,5.360459470993497
4876.5,4.8765,5.350558211559964
4877.0,4.8770000000000024,5.353058211559976
4877.5,4.877499999999998,5.355558211559952
4878.0,4.878,5.345560091222907
4878.5,4.8785000000000025,5.348060091222919
4879.0,4.878999999999998,5.350560091222896
4879.5,4.8795,5.3404863986359885
4880.0,4.880000000000003,5.3429863986360004
4880.5,4.880499999999998,5.345486398635977
4881.0,4.881,5.335351652952589
4881.5,4.881500000000003,5.337851652952601
4882.0,4.881999999999998,5.340351652952577
4882.5,4.8825,5.3301785524763545
4883.0,4.883000000000003,5.3326785524763665
4883.5,4.883499999999998,5.335178552476343
4884.0,4.884,5.32497010471527
4884.5,4.884500000000003,5.327470104715282
4885.0,4.884999999999998,5.329970104715258
4885.5,4.8855,5.31976717696196
4886.0,4.886000000000003,5.322267176961972
4886.5,4.886499999999998,5.324767176961949
4887.0,4.8870000000000005,5.314573026909528
4887.5,4.887500000000003,5.31707302690954
4888.0,4.887999999999998,5.3195730269095165
4888.5,4.8885000000000005,5.309394994917724
4889.0,4.889000000000003,5.311894994917736
4889.5,4.889499999999998,5.314394994917713
4890.0,4.890000000000001,5.304238149765119
4890.5,4.890500000000003,5.306738149765131
4891.0,4.890999999999998,5.3092381497651076
4891.5,4.891500000000001,5.299106687420014
4892.0,4.892000000000003,5.301606687420026
4892.5,4.892499999999998,5.304106687420003
4893.0,4.893000000000001,5.293993118873779
4893.5,4.893500000000003,5.296493118873791
4894.0,4.893999999999998,5.298993118873767
4894.5,4.894500000000001,5.288898109678257
4895.0,4.895000000000003,5.291398109678269
4895.5,4.895499999999998,5.293898109678246
4896.0,4.896000000000001,5.283825714483861
4896.5,4.896500000000003,5.286325714483873
4897.0,4.8969999999999985,5.288825714483849
4897.5,4.897500000000001,5.278774425600048
4898.0,4.897999999999996,5.281274425600024
4898.5,4.8984999999999985,5.283774425600036
4899.0,4.899000000000001,5.273727076108798
4899.5,4.899500000000003,5.27622707610881
4900.0,4.899999999999999,5.278727076108787
4900.5,4.900500000000001,5.268688888086039
4901.0,4.900999999999996,5.271188888086016
4901.5,4.901499999999999,5.273688888086028
4902.0,4.902000000000001,5.263649836198496
4902.5,4.902500000000003,5.266149836198508
4903.0,4.902999999999999,5.268649836198485
4903.5,4.903500000000001,5.258589905856006
4904.0,4.903999999999996,5.261089905855982
4904.5,4.904499999999999,5.263589905855994
4905.0,4.905000000000001,5.253477291415152
4905.5,4.9055000000000035,5.255977291415164
4906.0,4.905999999999999,5.25847729141514
4906.5,4.906500000000001,5.248288443342126
4907.0,4.9069999999999965,5.250788443342103
4907.5,4.907499999999999,5.2532884433421145
4908.0,4.908000000000001,5.2557884433421265
4908.5,4.908500000000004,5.245513537893665
4909.0,4.908999999999999,5.248013537893641
4909.5,4.909500000000001,5.250513537893653
4910.0,4.909999999999997,5.2401499211167035
4910.5,4.910499999999999,5.2426499211167155
4911.0,4.911000000000001,5.245149921116727
4911.5,4.911500000000004,5.234701029215323
4912.0,4.911999999999999,5.237201029215299
4912.5,4.912500000000001,5.239701029215311
4913.0,4.912999999999997,5.229202491036951
4913.5,4.913499999999999,5.2317024910369625
4914.0,4.9140000000000015,5.234202491036974
4914.5,4.914500000000004,5.223680978767682
4915.0,4.914999999999999,5.226180978767658
4915.5,4.9155000000000015,5.22868097876767
4916.0,4.915999999999997,5.21816925099273
4916.5,4.916499999999999,5.220669250992742
4917.0,4.917000000000002,5.223169250992754
4917.5,4.917500000000004,5.212699874506406
4918.0,4.917999999999999,5.215199874506382
4918.5,4.918500000000002,5.217699874506394
4919.0,4.918999999999997,5.207286856626965
4919.5,4.919499999999999,5.209786856626977
4920.0,4.920000000000002,5.212286856626989
4920.5,4.920500000000004,5.201960550868172
4921.0,4.920999999999999,5.2044605508681485
4921.5,4.921500000000002,5.2069605508681605
4922.0,4.921999999999997,5.196732480090844
4922.5,4.922499999999999,5.199232480090856
4923.0,4.923000000000002,5.201732480090868
4923.5,4.923499999999997,5.191608534886782
4924.0,4.9239999999999995,5.194108534886794
4924.5,4.924500000000002,5.196608534886806
4925.0,4.924999999999997,5.186597215613986
4925.5,4.9254999999999995,5.189097215613998
4926.0,4.926000000000002,5.19159721561401
4926.5,4.926499999999997,5.181691584524444
4927.0,4.927,5.184191584524456
4927.5,4.927500000000002,5.186691584524468
4928.0,4.927999999999997,5.176867467134123
4928.5,4.9285,5.179367467134135
4929.0,4.929000000000002,5.181867467134147
4929.5,4.929499999999997,5.172108129184352
4930.0,4.93,5.174608129184364
4930.5,4.930500000000002,5.177108129184376
4931.0,4.930999999999997,5.167408686793493
4931.5,4.9315,5.169908686793505
4932.0,4.932000000000002,5.172408686793517
4932.5,4.932499999999997,5.162773962357008
4933.0,4.933,5.16527396235702
4933.5,4.933500000000002,5.167773962357032
4934.0,4.9339999999999975,5.158179438765771
4934.5,4.9345,5.160679438765783
4935.0,4.935000000000002,5.163179438765795
4935.5,4.9354999999999976,5.15360667049336
4936.0,4.936,5.156106670493372
4936.5,4.936500000000002,5.158606670493384
4937.0,4.936999999999998,5.149035268307607
4937.5,4.9375,5.151535268307619
4938.0,4.938000000000002,5.154035268307631
4938.5,4.938499999999998,5.144443624421591
4939.0,4.939,5.146943624421603
4939.5,4.9395000000000024,5.149443624421615
4940.0,4.939999999999998,5.139807228628399
4940.5,4.9405,5.142307228628411
4941.0,4.9410000000000025,5.144807228628423
4941.5,4.941499999999998,5.13511576740342
4942.0,4.942,5.137615767403432
4942.5,4.942500000000003,5.140115767403444
4943.0,4.942999999999998,5.13037100338309
4943.5,4.9435,5.1328710033831015
4944.0,4.944000000000003,5.1353710033831135
4944.5,4.944499999999998,5.125604018952572
4945.0,4.945,5.128104018952584
4945.5,4.945500000000003,5.130604018952596
4946.0,4.945999999999998,5.120830139213872
4946.5,4.9465,5.123330139213884
4947.0,4.947000000000003,5.125830139213896
4947.5,4.947499999999998,5.116071919632255
4948.0,4.948,5.1185719196322665
4948.5,4.948500000000003,5.1210719196322785
4949.0,4.948999999999998,5.111367351653122
4949.5,4.9495000000000005,5.113867351653134
4950.0,4.950000000000003,5.116367351653146
4950.5,4.950499999999998,5.106733822597711
4951.0,4.9510000000000005,5.109233822597723
4951.5,4.951500000000003,5.111733822597735
4952.0,4.951999999999998,5.102183146672772
4952.5,4.952500000000001,5.104683146672784
4953.0,4.953000000000003,5.107183146672796
4953.5,4.953499999999998,5.0977219421382
4954.0,4.954000000000001,5.100221942138212
4954.5,4.954500000000003,5.102721942138224
4955.0,4.954999999999998,5.093351097352148
4955.5,4.955500000000001,5.09585109735216
4956.0,4.956000000000003,5.098351097352172
4956.5,4.956499999999998,5.089063415695421
4957.0,4.957000000000001,5.091563415695433
4957.5,4.957500000000003,5.0940634156954445
4958.0,4.957999999999998,5.084850560609766
4958.5,4.958500000000001,5.087350560609778
4959.0,4.959000000000003,5.08985056060979
4959.5,4.9594999999999985,5.0806745976144185
4960.0,4.960000000000001,5.0831745976144305
4960.5,4.960499999999996,5.085674597614407
4961.0,4.9609999999999985,5.076494539425411
4961.5,4.961500000000001,5.078994539425423
4962.0,4.962000000000003,5.081494539425435
4962.5,4.962499999999999,5.072259673994672
4963.0,4.963000000000001,5.074759673994684
4963.5,4.963499999999996,5.077259673994661
4964.0,4.963999999999999,5.067931507729355
4964.5,4.964500000000001,5.070431507729367
4965.0,4.965000000000003,5.072931507729379
4965.5,4.965499999999999,5.063464633377919
4966.0,4.966000000000001,5.065964633377931
4966.5,4.966499999999996,5.068464633377907
4967.0,4.966999999999999,5.058825521487584
4967.5,4.967500000000001,5.061325521487596
4968.0,4.9680000000000035,5.063825521487608
4968.5,4.968499999999999,5.053991765261827
4969.0,4.969000000000001,5.056491765261839
4969.5,4.9694999999999965,5.0589917652618155
4970.0,4.969999999999999,5.048971713023072
4970.5,4.970500000000001,5.0514717130230835
4971.0,4.971000000000004,5.0539717130230954
4971.5,4.971499999999999,5.043773468102479
4972.0,4.972000000000001,5.046273468102491
4972.5,4.972499999999997,5.048773468102468
4973.0,4.972999999999999,5.038386382205786
4973.5,4.973500000000001,5.040886382205798
4974.0,4.974000000000004,5.04338638220581
4974.5,4.974499999999999,5.032850424474624
4975.0,4.975000000000001,5.035350424474636
4975.5,4.975499999999997,5.0378504244746125
4976.0,4.975999999999999,5.027200420726459
4976.5,4.9765000000000015,5.029700420726471
4977.0,4.977000000000004,5.0322004207264825
4977.5,4.977499999999999,5.0214677545057285
4978.0,4.9780000000000015,5.02396775450574
4978.5,4.978499999999997,5.026467754505717
4979.0,4.978999999999999,5.015694759339695
4979.5,4.979500000000002,5.018194759339707
4980.0,4.980000000000004,5.020694759339719
4980.5,4.980499999999999,5.0099190413154915
4981.0,4.981000000000002,5.012419041315503
4981.5,4.981499999999997,5.01491904131548
4982.0,4.981999999999999,5.004185982299703
4982.5,4.982500000000002,5.0066859822997145
4983.0,4.983000000000004,5.0091859822997264
4983.5,4.983499999999999,5.011685982299703
4984.0,4.984000000000002,5.00103352293106
4984.5,4.984499999999997,5.003533522931036
4985.0,4.984999999999999,5.006033522931048
4985.5,4.985500000000002,4.995469379636575
4986.0,4.985999999999997,4.997969379636551
4986.5,4.9864999999999995,5.000469379636563
4987.0,4.987000000000002,4.990015473450136
4987.5,4.987499999999997,4.992515473450112
4988.0,4.9879999999999995,4.995015473450124
4988.5,4.988500000000002,4.984685520580463
4989.0,4.988999999999997,4.987185520580439
4989.5,4.9895,4.989685520580451
4990.0,4.990000000000002,4.979467228274714
4990.5,4.990499999999997,4.981967228274691
4991.0,4.991,4.984467228274703
4991.5,4.991500000000002,4.9743481764539155
4992.0,4.991999999999997,4.976848176453892
4992.5,4.9925,4.979348176453904
4993.0,4.993000000000002,4.969304928859906
4993.5,4.993499999999997,4.971804928859882
4994.0,4.994,4.974304928859894
4994.5,4.994500000000002,4.964296587286796
4995.0,4.994999999999997,4.9667965872867725
4995.5,4.9955,4.9692965872867845
4996.0,4.996000000000002,4.959280017265968
4996.5,4.9964999999999975,4.961780017265944
4997.0,4.997,4.964280017265956
4997.5,4.997500000000002,4.954206760623698
4998.0,4.9979999999999976,4.956706760623675
4998.5,4.9985,4.959206760623687
4999.0,4.999000000000002,4.9490406736850545
4999.5,4.999499999999998,4.951540673685031
5000.0,5.0,4.954040673685043
5000.5,5.000500000000002,4.943745682678191
5001.0,5.000999999999998,4.9462456826781676
5001.5,5.0015,4.9487456826781795
5002.0,5.0020000000000024,4.938305545467969
5002.5,5.002499999999998,4.940805545467946
5003.0,5.003,4.9433055454679575
5003.5,5.0035000000000025,4.932720334280454
5004.0,5.003999999999998,4.93522033428043
5004.5,5.0045,4.937720334280442
5005.0,5.005000000000003,4.927005360532881
5005.5,5.005499999999998,4.929505360532858
5006.0,5.006,4.9320053605328695
5006.5,5.006500000000003,4.9212172199557
5007.0,5.006999999999998,4.923717219955677
5007.5,5.0075,4.926217219955689
5008.0,5.008000000000003,4.9154372858356865
5008.5,5.008499999999998,4.917937285835663
5009.0,5.009,4.920437285835675
5009.5,5.009500000000003,4.90974583763947
5010.0,5.009999999999998,4.912245837639446
5010.5,5.0105,4.914745837639458
5011.0,5.011000000000003,4.904178021085563
5011.5,5.011499999999998,4.90667802108554
5012.0,5.0120000000000005,4.909178021085552
5012.5,5.012500000000003,4.898793770269059
5013.0,5.012999999999998,4.901293770269035
5013.5,5.0135000000000005,4.903793770269047
5014.0,5.014000000000003,4.89361296293378
5014.5,5.014499999999998,4.896112962933756
5015.0,5.015000000000001,4.898612962933768
5015.5,5.015500000000003,4.888630481530356
5016.0,5.015999999999998,4.8911304815303325
5016.5,5.016500000000001,4.893630481530344
5017.0,5.017000000000003,4.88384684898115
5017.5,5.017499999999998,4.886346848981127
5018.0,5.018000000000001,4.888846848981139
5018.5,5.018500000000003,4.8792473795182545
5019.0,5.018999999999998,4.881747379518231
5019.5,5.019500000000001,4.884247379518243
5020.0,5.020000000000003,4.874821707221244
5020.5,5.020499999999998,4.8773217072212205
5021.0,5.021000000000001,4.879821707221232
5021.5,5.021500000000003,4.870551495051316
5022.0,5.0219999999999985,4.873051495051293
5022.5,5.022500000000001,4.875551495051305
5023.0,5.022999999999996,4.866396316758461
5023.5,5.0234999999999985,4.868896316758473
5024.0,5.024000000000001,4.871396316758485
5024.5,5.024500000000003,4.862332476491034
5025.0,5.024999999999999,4.86483247649101
5025.5,5.025500000000001,4.867332476491022
5026.0,5.025999999999996,4.858346210489977
5026.5,5.026499999999999,4.8608462104899886
5027.0,5.027000000000001,4.8633462104900005
5027.5,5.027500000000003,4.854400029319379
5028.0,5.027999999999999,4.856900029319355
5028.5,5.028500000000001,4.859400029319367
5029.0,5.028999999999996,4.8504731750152885
5029.5,5.029499999999999,4.8529731750153005
5030.0,5.030000000000001,4.855473175015312
5030.5,5.0305000000000035,4.8465423815243724
5031.0,5.030999999999999,4.849042381524349
5031.5,5.031500000000001,4.851542381524361
5032.0,5.0319999999999965,4.842589492526592
5032.5,5.032499999999999,4.845089492526604
5033.0,5.033000000000001,4.847589492526616
5033.5,5.033500000000004,4.838607265168875
5034.0,5.033999999999999,4.841107265168851
5034.5,5.034500000000001,4.843607265168863
5035.0,5.034999999999997,4.834581999019427
5035.5,5.035499999999999,4.837081999019439
5036.0,5.036000000000001,4.839581999019451
5036.5,5.036500000000004,4.830507383122971
5037.0,5.036999999999999,4.833007383122947
5037.5,5.037500000000001,4.835507383122959
5038.0,5.037999999999997,4.826372439932776
5038.5,5.038499999999999,4.828872439932788
5039.0,5.0390000000000015,4.8313724399327995
5039.5,5.039500000000004,4.8221833059937325
5040.0,5.039999999999999,4.824683305993709
5040.5,5.0405000000000015,4.827183305993721
5041.0,5.040999999999997,4.81794754118301
5041.5,5.041499999999999,4.820447541183022
5042.0,5.042000000000002,4.822947541183034
5042.5,5.042500000000004,4.813685480986543
5043.0,5.042999999999999,4.816185480986519
5043.5,5.043500000000002,4.818685480986531
5044.0,5.043999999999997,4.809423227821803
5044.5,5.044499999999999,4.811923227821815
5045.0,5.045000000000002,4.814423227821827
5045.5,5.045500000000004,4.805169479291713
5046.0,5.045999999999999,4.80766947929169
5046.5,5.046500000000002,4.810169479291702
5047.0,5.046999999999997,4.800940010004098
5047.5,5.047499999999999,4.80344001000411
5048.0,5.048000000000002,4.805940010004122
5048.5,5.048499999999997,4.796732993832862
5049.0,5.0489999999999995,4.799232993832874
5049.5,5.049500000000002,4.801732993832886
5050.0,5.049999999999997,4.79253022295719
5050.5,5.0504999999999995,4.795030222957202
5051.0,5.051000000000002,4.797530222957214
5051.5,5.051499999999997,4.78829398153195
5052.0,5.052,4.790793981531962
5052.5,5.052500000000002,4.793293981531974
5053.0,5.052999999999997,4.784006809881589
5053.5,5.0535,4.786506809881601
5054.0,5.054000000000002,4.789006809881613
5054.5,5.054499999999997,4.779631592053839
5055.0,5.055,4.782131592053851
5055.5,5.055500000000002,4.784631592053863
5056.0,5.055999999999997,4.7751512312420274
5056.5,5.0565,4.777651231242039
5057.0,5.057000000000002,4.780151231242051
5057.5,5.057499999999997,4.770543154104914
5058.0,5.058,4.773043154104926
5058.5,5.058500000000002,4.775543154104938
5059.0,5.0589999999999975,4.778043154104914
5059.5,5.0595,4.768322334086612
5060.0,5.060000000000002,4.770822334086624
5060.5,5.0604999999999976,4.7733223340866004
5061.0,5.061,4.763475985423931
5061.5,5.061500000000002,4.7659759854239425
5062.0,5.061999999999998,4.768475985423919
5062.5,5.0625,4.758521140443044
5063.0,5.063000000000002,4.761021140443056
5063.5,5.063499999999998,4.763521140443032
5064.0,5.064,4.753472626648048
5064.5,5.0645000000000024,4.7559726266480595
5065.0,5.064999999999998,4.758472626648036
5065.5,5.0655,4.7483385645336895
5066.0,5.0660000000000025,4.7508385645337015
5066.5,5.066499999999998,4.753338564533678
5067.0,5.067,4.743123491608756
5067.5,5.067500000000003,4.745623491608768
5068.0,5.067999999999998,4.7481234916087445
5068.5,5.0685,4.737827646844188
5069.0,5.069000000000003,4.7403276468442
5069.5,5.069499999999998,4.742827646844177
5070.0,5.07,4.73244232924106
5070.5,5.070500000000003,4.734942329241072
5071.0,5.070999999999998,4.737442329241048
5071.5,5.0715,4.726961931074172
5072.0,5.072000000000003,4.729461931074184
5072.5,5.072499999999998,4.73196193107416
5073.0,5.073,4.721386608399136
5073.5,5.073500000000003,4.723886608399148
5074.0,5.073999999999998,4.726386608399125
5074.5,5.0745000000000005,4.715723027276404
5075.0,5.075000000000003,4.718223027276416
5075.5,5.075499999999998,4.720723027276392
5076.0,5.0760000000000005,4.7099828064505544
5076.5,5.076500000000003,4.712482806450566
5077.0,5.076999999999998,4.714982806450543
5077.5,5.077500000000001,4.704188703738481
5078.0,5.078000000000003,4.706688703738493
5078.5,5.078499999999998,4.709188703738469
5079.0,5.079000000000001,4.698384011437611
5079.5,5.079500000000003,4.700884011437623
5080.0,5.079999999999998,4.703384011437599
5080.5,5.080500000000001,4.692594800883221
5081.0,5.081000000000003,4.695094800883233
5081.5,5.081499999999998,4.697594800883209
5082.0,5.082000000000001,4.68685745739748
5082.5,5.082500000000003,4.689357457397492
5083.0,5.082999999999998,4.691857457397468
5083.5,5.083500000000001,4.68118199129016
5084.0,5.084000000000003,4.683681991290172
5084.5,5.0844999999999985,4.686181991290148
5085.0,5.085000000000001,4.675596581189296
5085.5,5.085499999999996,4.678096581189273
5086.0,5.0859999999999985,4.680596581189285
5086.5,5.086500000000001,4.6701010306363955
5087.0,5.087000000000003,4.672601030636407
5087.5,5.087499999999999,4.675101030636384
5088.0,5.088000000000001,4.664703910618151
5088.5,5.088499999999996,4.667203910618127
5089.0,5.088999999999999,4.669703910618139
5089.5,5.089500000000001,4.659414481230684
5090.0,5.090000000000003,4.661914481230696
5090.5,5.090499999999999,4.664414481230672
5091.0,5.091000000000001,4.654237902482166
5091.5,5.091499999999996,4.656737902482142
5092.0,5.091999999999999,4.659237902482154
5092.5,5.092500000000001,4.649160667495451
5093.0,5.0930000000000035,4.651660667495463
5093.5,5.093499999999999,4.654160667495439
5094.0,5.094000000000001,4.644188817052566
5094.5,5.0944999999999965,4.646688817052542
5095.0,5.094999999999999,4.649188817052554
5095.5,5.095500000000001,4.639307990892654
5096.0,5.096000000000004,4.641807990892666
5096.5,5.096499999999999,4.644307990892642
5097.0,5.097000000000001,4.634499916117214
5097.5,5.097499999999997,4.63699991611719
5098.0,5.097999999999999,4.639499916117202
5098.5,5.098500000000001,4.629734900936064
5099.0,5.099000000000004,4.632234900936076
5099.5,5.099499999999999,4.634734900936053
5100.0,5.100000000000001,4.624997368012416
5100.5,5.100499999999997,4.627497368012392
5101.0,5.100999999999999,4.629997368012404
5101.5,5.1015000000000015,4.6202740404146425
5102.0,5.102000000000004,4.6227740404146545
5102.5,5.102499999999999,4.625274040414631
5103.0,5.1030000000000015,4.615537134049674
5103.5,5.103499999999997,4.618037134049651
5104.0,5.103999999999999,4.620537134049663
5104.5,5.104500000000002,4.610774273834046
5105.0,5.105000000000004,4.613274273834058
5105.5,5.105499999999999,4.615774273834035
5106.0,5.106000000000002,4.605973240011494
5106.5,5.106499999999997,4.60847324001147
5107.0,5.106999999999999,4.610973240011482
5107.5,5.107500000000002,4.601136515398103
5108.0,5.108000000000004,4.603636515398115
5108.5,5.108499999999999,4.6061365153980915
5109.0,5.109000000000002,4.596261600447562
5109.5,5.109499999999997,4.5987616004475385
5110.0,5.109999999999999,4.60126160044755
5110.5,5.110500000000002,4.591382630185841
5111.0,5.110999999999997,4.593882630185817
5111.5,5.1114999999999995,4.596382630185829
5112.0,5.112000000000002,4.586517255743665
5112.5,5.112499999999997,4.5890172557436415
5113.0,5.1129999999999995,4.591517255743653
5113.5,5.113500000000002,4.581681613522193
5114.0,5.113999999999997,4.584181613522169
5114.5,5.1145,4.586681613522181
5115.0,5.115000000000002,4.576871112443293
5115.5,5.115499999999997,4.579371112443269
5116.0,5.116,4.581871112443281
5116.5,5.116500000000002,4.572077087628088
5117.0,5.116999999999997,4.5745770876280645
5117.5,5.1175,4.577077087628076
5118.0,5.118000000000002,4.567287809650686
5118.5,5.118499999999997,4.569787809650663
5119.0,5.119,4.572287809650675
5119.5,5.119500000000002,4.562495224034677
5120.0,5.119999999999997,4.564995224034654
5120.5,5.1205,4.567495224034666
5121.0,5.121000000000002,4.557684521729364
5121.5,5.1214999999999975,4.56018452172934
5122.0,5.122,4.562684521729352
5122.5,5.122500000000002,4.552868450081036
5123.0,5.1229999999999976,4.555368450081012
5123.5,5.1235,4.557868450081024
5124.0,5.124000000000002,4.548045890054517
5124.5,5.124499999999998,4.550545890054494
5125.0,5.125,4.553045890054506
5125.5,5.125500000000002,4.543223235031917
5126.0,5.125999999999998,4.545723235031893
5126.5,5.1265,4.548223235031905
5127.0,5.1270000000000024,4.53841115323776
5127.5,5.127499999999998,4.540911153237737
5128.0,5.128,4.543411153237749
5128.5,5.1285000000000025,4.53360108945386
5129.0,5.128999999999998,4.536101089453837
5129.5,5.1295,4.538601089453849
5130.0,5.130000000000003,4.528800874622938
5130.5,5.130499999999998,4.531300874622914
5131.0,5.131,4.533800874622926
5131.5,5.131500000000003,4.524002360136556
5132.0,5.131999999999998,4.526502360136533
5132.5,5.1325,4.529002360136545
5133.0,5.133000000000003,4.519201975931573
5133.5,5.133499999999998,4.521701975931549
5134.0,5.134,4.524201975931561
5134.5,5.134500000000003,4.526701975931573
5135.0,5.134999999999998,4.516908669227462
5135.5,5.1355,4.519408669227474
5136.0,5.136000000000003,4.521908669227486
5136.5,5.136499999999998,4.51214044936691
5137.0,5.1370000000000005,4.514640449366922
5137.5,5.137500000000003,4.517140449366934
5138.0,5.137999999999998,4.507411295436015
5138.5,5.1385000000000005,4.5099112954360265
5139.0,5.139000000000003,4.5124112954360385
5139.5,5.139499999999998,4.5027326701860915
5140.0,5.140000000000001,4.505232670186103
5140.5,5.140500000000003,4.507732670186115
5141.0,5.140999999999998,4.498109631609317
5141.5,5.141500000000001,4.500609631609329
5142.0,5.142000000000003,4.503109631609341
5142.5,5.142499999999998,4.493547885230669
5143.0,5.143000000000001,4.496047885230681
5143.5,5.143500000000003,4.498547885230693
5144.0,5.143999999999998,4.489032024818123
5144.5,5.144500000000001,4.4915320248181345
5145.0,5.145000000000003,4.4940320248181465
5145.5,5.145499999999998,4.484537477878554
5146.0,5.146000000000001,4.487037477878566
5146.5,5.146500000000003,4.489537477878578
5147.0,5.1469999999999985,4.480036285959663
5147.5,5.147500000000001,4.482536285959675
5148.0,5.147999999999996,4.4850362859596515
5148.5,5.1484999999999985,4.475501891875773
5149.0,5.149000000000001,4.478001891875785
5149.5,5.149500000000003,4.480501891875797
5150.0,5.149999999999999,4.47088874096405
5150.5,5.150500000000001,4.473388740964062
5151.0,5.150999999999996,4.475888740964038
5151.5,5.151499999999999,4.466159750198777
5152.0,5.152000000000001,4.468659750198789
5152.5,5.152500000000003,4.471159750198801
5153.0,5.152999999999999,4.4613098577127985
5153.5,5.153500000000001,4.4638098577128105
5154.0,5.153999999999996,4.466309857712787
5154.5,5.154499999999999,4.456331111210083
5155.0,5.155000000000001,4.458831111210095
5155.5,5.1555000000000035,4.461331111210107
5156.0,5.155999999999999,4.451231477704738
5156.5,5.156500000000001,4.45373147770475
5157.0,5.1569999999999965,4.456231477704726
5157.5,5.157499999999999,4.446036978145216
5158.0,5.158000000000001,4.448536978145228
5158.5,5.158500000000004,4.45103697814524
5159.0,5.158999999999999,4.4407726316993035
5159.5,5.159500000000001,4.443272631699315
5160.0,5.159999999999997,4.445772631699292
5160.5,5.160499999999999,4.435460108590021
5161.0,5.161000000000001,4.437960108590033
5161.5,5.161500000000004,4.440460108590045
5162.0,5.161999999999999,4.430121098721678
5162.5,5.162500000000001,4.43262109872169
5163.0,5.162999999999997,4.435121098721666
5163.5,5.163499999999999,4.424799190296476
5164.0,5.1640000000000015,4.4272991902964876
5164.5,5.164500000000004,4.4297991902964995
5165.0,5.164999999999999,4.4194963761158945
5165.5,5.1655000000000015,4.4219963761159065
5166.0,5.165999999999997,4.424496376115883
5166.5,5.166499999999999,4.414223610906092
5167.0,5.167000000000002,4.416723610906104
5167.5,5.167500000000004,4.419223610906116
5168.0,5.167999999999999,4.408990937264612
5168.5,5.168500000000002,4.411490937264624
5169.0,5.168999999999997,4.4139909372646
5169.5,5.169499999999999,4.403829087419524
5170.0,5.170000000000002,4.406329087419536
5170.5,5.170500000000004,4.408829087419548
5171.0,5.170999999999999,4.39873783270059
5171.5,5.171500000000002,4.401237832700602
5172.0,5.171999999999997,4.403737832700578
5172.5,5.172499999999999,4.393719891857266
5173.0,5.173000000000002,4.396219891857278
5173.5,5.173499999999997,4.3987198918572545
5174.0,5.1739999999999995,4.388781006869316
5174.5,5.174500000000002,4.3912810068693275
5175.0,5.174999999999997,4.393781006869304
5175.5,5.1754999999999995,4.383916377605956
5176.0,5.176000000000002,4.386416377605968
5176.5,5.176499999999997,4.388916377605945
5177.0,5.177,4.379119037259009
5177.5,5.177500000000002,4.381619037259021
5178.0,5.177999999999997,4.384119037258998
5178.5,5.1785,4.374362906989795
5179.0,5.179000000000002,4.376862906989807
5179.5,5.179499999999997,4.379362906989783
5180.0,5.18,4.369643353010417
5180.5,5.180500000000002,4.372143353010429
5181.0,5.180999999999997,4.374643353010406
5181.5,5.1815,4.364937308584089
5182.0,5.182000000000002,4.367437308584101
5182.5,5.182499999999997,4.369937308584078
5183.0,5.183,4.360237342184909
5183.5,5.183500000000002,4.362737342184921
5184.0,5.1839999999999975,4.365237342184898
5184.5,5.1845,4.355530206457026
5185.0,5.185000000000002,4.3580302064570375
5185.5,5.1854999999999976,4.360530206457014
5186.0,5.186,4.35082547518757
5186.5,5.186500000000002,4.353325475187582
5187.0,5.186999999999998,4.355825475187558
5187.5,5.1875,4.346124351108607
5188.0,5.188000000000002,4.348624351108619
5188.5,5.188499999999998,4.351124351108595
5189.0,5.189,4.341419154313826
5189.5,5.1895000000000024,4.343919154313838
5190.0,5.189999999999998,4.346419154313814
5190.5,5.1905,4.336733243843582
5191.0,5.1910000000000025,4.339233243843594
5191.5,5.191499999999998,4.341733243843571
5192.0,5.192,4.332075194693168
5192.5,5.192500000000003,4.33457519469318
5193.0,5.192999999999998,4.337075194693156
5193.5,5.1935,4.327450008202405
5194.0,5.194000000000003,4.329950008202417
5194.5,5.194499999999998,4.332450008202393
5195.0,5.195,4.322848704162965
5195.5,5.195500000000003,4.325348704162977
5196.0,5.195999999999998,4.327848704162953
5196.5,5.1965,4.318266562594424
5197.0,5.197000000000003,4.320766562594436
5197.5,5.197499999999998,4.323266562594412
5198.0,5.198,4.313685593090781
5198.5,5.198500000000003,4.316185593090793
5199.0,5.198999999999998,4.31868559309077
5199.5,5.1995000000000005,4.309091269167631
5200.0,5.200000000000003,4.311591269167643
5200.5,5.200499999999998,4.314091269167619
5201.0,5.2010000000000005,4.304457658292193
5201.5,5.201500000000003,4.306957658292205
5202.0,5.201999999999998,4.309457658292182
5202.5,5.202500000000001,4.299759776294856
5203.0,5.203000000000003,4.302259776294868
5203.5,5.203499999999998,4.304759776294844
5204.0,5.204000000000001,4.294990792013351
5204.5,5.204500000000003,4.297490792013363
5205.0,5.204999999999998,4.29999079201334
5205.5,5.205500000000001,4.290153121751423
5206.0,5.206000000000003,4.292653121751435
5206.5,5.206499999999998,4.295153121751412
5207.0,5.207000000000001,4.285278346666743
5207.5,5.207500000000003,4.287778346666755
5208.0,5.207999999999998,4.290278346666732
5208.5,5.208500000000001,4.280388108846331
5209.0,5.209000000000003,4.282888108846343
5209.5,5.2094999999999985,4.28538810884632
5210.0,5.210000000000001,4.287888108846332
5210.5,5.210499999999996,4.278007336116261
5211.0,5.2109999999999985,4.280507336116273
5211.5,5.211500000000001,4.283007336116285
5212.0,5.212000000000003,4.273165812531339
5212.5,5.212499999999999,4.275665812531315
5213.0,5.213000000000001,4.278165812531327
5213.5,5.213499999999996,4.268371818268584
5214.0,5.213999999999999,4.270871818268596
5214.5,5.214500000000001,4.273371818268608
5215.0,5.215000000000003,4.263630728218395
5215.5,5.215499999999999,4.266130728218371
5216.0,5.216000000000001,4.268630728218383
5216.5,5.216499999999996,4.258932963741167
5217.0,5.216999999999999,4.2614329637411785
5217.5,5.217500000000001,4.2639329637411905
5218.0,5.2180000000000035,4.254275593653993
5218.5,5.218499999999999,4.25677559365397
5219.0,5.219000000000001,4.259275593653982
5219.5,5.2194999999999965,4.249647724671988
5220.0,5.219999999999999,4.252147724672
5220.5,5.220500000000001,4.254647724672012
5221.0,5.221000000000004,4.245020920367075
5221.5,5.221499999999999,4.247520920367052
5222.0,5.222000000000001,4.250020920367064
5222.5,5.222499999999997,4.240359446861888
5223.0,5.222999999999999,4.2428594468619
5223.5,5.223500000000001,4.245359446861912
5224.0,5.224000000000004,4.235648494913669
5224.5,5.224499999999999,4.238148494913645
5225.0,5.225000000000001,4.240648494913657
5225.5,5.225499999999997,4.230853419105962
5226.0,5.225999999999999,4.233353419105974
5226.5,5.2265000000000015,4.235853419105986
5227.0,5.227000000000004,4.22597854719708
5227.5,5.227499999999999,4.2284785471970565
5228.0,5.2280000000000015,4.2309785471970685
5228.5,5.228499999999997,4.221027731809244
5229.0,5.228999999999999,4.223527731809256
5229.5,5.229500000000002,4.226027731809268
5230.0,5.230000000000004,4.215994025305783
5230.5,5.230499999999999,4.218494025305759
5231.0,5.231000000000002,4.220994025305771
5231.5,5.231499999999997,4.210886949542925
5232.0,5.231999999999999,4.213386949542937
5232.5,5.232500000000002,4.2158869495429485
5233.0,5.233000000000004,4.205691964731706
5233.5,5.233499999999999,4.208191964731682
5234.0,5.234000000000002,4.210691964731694
5234.5,5.234499999999997,4.2003847322957455
5235.0,5.234999999999999,4.202884732295757
5235.5,5.235500000000002,4.205384732295769
5236.0,5.235999999999997,4.194971389440916
5236.5,5.2364999999999995,4.197471389440928
5237.0,5.237000000000002,4.19997138944094
5237.5,5.237499999999997,4.189485890681297
5238.0,5.2379999999999995,4.191985890681309
5238.5,5.238500000000002,4.194485890681321
5239.0,5.238999999999997,4.183951164352848
5239.5,5.2395,4.18645116435286
5240.0,5.240000000000002,4.188951164352872
5240.5,5.240499999999997,4.178412607390243
5241.0,5.241,4.180912607390255
5241.5,5.241500000000002,4.183412607390267
5242.0,5.241999999999997,4.172904239964694
5242.5,5.2425,4.175404239964706
5243.0,5.243000000000002,4.177904239964718
5243.5,5.243499999999997,4.167462005565632
5244.0,5.244,4.169962005565644
5244.5,5.244500000000002,4.172462005565656
5245.0,5.244999999999997,4.1621023196317
5245.5,5.2455,4.164602319631712
5246.0,5.246000000000002,4.167102319631724
5246.5,5.2464999999999975,4.156835495222424
5247.0,5.247,4.159335495222436
5247.5,5.247500000000002,4.161835495222448
5248.0,5.2479999999999976,4.151657419880053
5248.5,5.2485,4.154157419880065
5249.0,5.249000000000002,4.1566574198800765
5249.5,5.249499999999998,4.146542197560841
5250.0,5.25,4.149042197560853
5250.5,5.250500000000002,4.151542197560865
5251.0,5.250999999999998,4.141457590496316
5251.5,5.2515,4.143957590496328
5252.0,5.2520000000000024,4.14645759049634
5252.5,5.252499999999998,4.13637626600341
5253.0,5.253,4.138876266003422
5253.5,5.2535000000000025,4.141376266003434
5254.0,5.253999999999998,4.131252849081761
5254.5,5.2545,4.133752849081773
5255.0,5.255000000000003,4.136252849081785
5255.5,5.255499999999998,4.1260613841814475
5256.0,5.256,4.1285613841814595
5256.5,5.256500000000003,4.131061384181471
5257.0,5.256999999999998,4.120785567846177
5257.5,5.2575,4.123285567846189
5258.0,5.258000000000003,4.125785567846201
5258.5,5.258499999999998,4.115433571070248
5259.0,5.259,4.11793357107026
5259.5,5.259500000000003,4.120433571070272
5260.0,5.259999999999998,4.110005871738522
5260.5,5.2605,4.112505871738534
5261.0,5.261000000000003,4.115005871738546
5261.5,5.261499999999998,4.104516869114363
5262.0,5.2620000000000005,4.107016869114375
5262.5,5.262500000000003,4.109516869114387
5263.0,5.262999999999998,4.0989930023244625
5263.5,5.2635000000000005,4.1014930023244744
5264.0,5.264000000000003,4.103993002324486
5264.5,5.264499999999998,4.093470844355949
5265.0,5.265000000000001,4.095970844355961
5265.5,5.265500000000003,4.0984708443559725
5266.0,5.265999999999998,4.0879847234483435
5266.5,5.266500000000001,4.0904847234483555
5267.0,5.267000000000003,4.092984723448367
5267.5,5.267499999999998,4.0825625326796455
5268.0,5.268000000000001,4.0850625326796575
5268.5,5.268500000000003,4.087562532679669
5269.0,5.268999999999998,4.077236692740236
5269.5,5.269500000000001,4.079736692740248
5270.0,5.270000000000003,4.08223669274026
5270.5,5.270499999999998,4.072039249998802
5271.0,5.271000000000001,4.074539249998814
5271.5,5.271500000000003,4.077039249998826
5272.0,5.2719999999999985,4.067026556544064
5272.5,5.272500000000001,4.069526556544076
5273.0,5.272999999999996,4.072026556544053
5273.5,5.2734999999999985,4.0621921848213205
5274.0,5.274000000000001,4.064692184821332
5274.5,5.274500000000003,4.067192184821344
5275.0,5.274999999999999,4.057566271153021
5275.5,5.275500000000001,4.060066271153033
5276.0,5.275999999999996,4.06256627115301
5276.5,5.276499999999999,4.053162577204468
5277.0,5.277000000000001,4.05566257720448
5277.5,5.277500000000003,4.058162577204492
5278.0,5.277999999999999,4.0489517799090535
5278.5,5.278500000000001,4.0514517799090655
5279.0,5.278999999999996,4.053951779909042
5279.5,5.279499999999999,4.044913501010967
5280.0,5.280000000000001,4.047413501010979
5280.5,5.2805000000000035,4.049913501010991
5281.0,5.280999999999999,4.041022840111381
5281.5,5.281500000000001,4.043522840111393
5282.0,5.2819999999999965,4.04602284011137
5282.5,5.282499999999999,4.037217247305058
5283.0,5.283000000000001,4.03971724730507
5283.5,5.283500000000004,4.042217247305082
5284.0,5.283999999999999,4.033427699396412
5284.5,5.284500000000001,4.035927699396424
5285.0,5.284999999999997,4.038427699396401
5285.5,5.285499999999999,4.040927699396413
5286.0,5.286000000000001,4.032120904610892
5286.5,5.286500000000004,4.034620904610904
5287.0,5.286999999999999,4.03712090461088
5287.5,5.287500000000001,4.028266459062735
5288.0,5.287999999999997,4.030766459062711
5288.5,5.288499999999999,4.033266459062723
5289.0,5.2890000000000015,4.024337816229284
5289.5,5.289500000000004,4.026837816229296
5290.0,5.289999999999999,4.029337816229273
5290.5,5.2905000000000015,4.020312287609933
5291.0,5.290999999999997,4.022812287609909
5291.5,5.291499999999999,4.025312287609921
5292.0,5.292000000000002,4.016188416175694
5292.5,5.292500000000004,4.018688416175706
5293.0,5.292999999999999,4.021188416175683
5293.5,5.293500000000002,4.01197788469613
5294.0,5.293999999999997,4.014477884696106
5294.5,5.294499999999999,4.016977884696118
5295.0,5.295000000000002,4.007693255627487
5295.5,5.295500000000004,4.010193255627499
5296.0,5.295999999999999,4.012693255627475
5296.5,5.296500000000002,4.003384630146627
5297.0,5.296999999999997,4.005884630146603
5297.5,5.297499999999999,4.008384630146615
5298.0,5.298000000000002,3.999091157090291
5298.5,5.298499999999997,4.001591157090267
5299.0,5.2989999999999995,4.004091157090279
5299.5,5.299500000000002,3.9948430734823503
5300.0,5.299999999999997,3.9973430734823268
5300.5,5.3004999999999995,3.9998430734823387
5301.0,5.301000000000002,3.990674667399823
5301.5,5.301499999999997,3.993174667399799
5302.0,5.302,3.995674667399811
5302.5,5.302500000000002,3.9865997835141442
5303.0,5.302999999999997,3.9890997835141206
5303.5,5.3035,3.9915997835141326
5304.0,5.304000000000002,3.982643790718079
5304.5,5.304499999999997,3.9851437907180554
5305.0,5.305,3.9876437907180673
5305.5,5.305500000000002,3.9788451362083777
5306.0,5.305999999999997,3.981345136208354
5306.5,5.3065,3.983845136208366
5307.0,5.307000000000002,3.975187354655212
5307.5,5.307499999999997,3.9776873546551883
5308.0,5.308,3.9801873546552002
5308.5,5.308500000000002,3.9716462395724506
5309.0,5.3089999999999975,3.974146239572427
5309.5,5.3095,3.976646239572439
5310.0,5.310000000000002,3.968185867622651
5310.5,5.3104999999999976,3.9706858676226275
5311.0,5.311,3.9731858676226395
5311.5,5.311500000000002,3.9647548712794034
5312.0,5.311999999999998,3.96725487127938
5312.5,5.3125,3.9697548712793918
5313.0,5.313000000000002,3.9613045450405338
5313.5,5.313499999999998,3.96380454504051
5314.0,5.314,3.966304545040522
5314.5,5.3145000000000024,3.9577872287056692
5315.0,5.314999999999998,3.9602872287056456
5315.5,5.3155,3.9627872287056576
5316.0,5.3160000000000025,3.9541356910361003
5316.5,5.316499999999998,3.9566356910360767
5317.0,5.317,3.9591356910360886
5317.5,5.317500000000003,3.950311678693481
5318.0,5.317999999999998,3.9528116786934575
5318.5,5.3185,3.9553116786934694
5319.0,5.319000000000003,3.9462738482118453
5319.5,5.319499999999998,3.9487738482118218
5320.0,5.32,3.9512738482118337
5320.5,5.320500000000003,3.9420002371715057
5321.0,5.320999999999998,3.944500237171482
5321.5,5.3215,3.947000237171494
5322.0,5.322000000000003,3.937498872789753
5322.5,5.322499999999998,3.9399988727897295
5323.0,5.323,3.9424988727897414
5323.5,5.323500000000003,3.932776521220198
5324.0,5.323999999999998,3.9352765212201746
5324.5,5.3245000000000005,3.9377765212201865
5325.0,5.325000000000003,3.9278383344198176
5325.5,5.325499999999998,3.930338334419794
5326.0,5.3260000000000005,3.932838334419806
5326.5,5.326500000000003,3.9227147576706045
5327.0,5.326999999999998,3.925214757670581
5327.5,5.327500000000001,3.927714757670593
5328.0,5.328000000000003,3.9174366096462165
5328.5,5.328499999999998,3.919936609646193
5329.0,5.329000000000001,3.922436609646205
5329.5,5.329500000000003,3.9120295697502883
5330.0,5.329999999999998,3.9145295697502647
5330.5,5.330500000000001,3.9170295697502766
5331.0,5.331000000000003,3.9065363850235713
5331.5,5.331499999999998,3.9090363850235477
5332.0,5.332000000000001,3.9115363850235596
5332.5,5.332500000000003,3.9010102699294436
5333.0,5.332999999999998,3.90351026992942
5333.5,5.333500000000001,3.906010269929432
5334.0,5.334000000000003,3.8955184968513734
5334.5,5.3344999999999985,3.89801849685135
5335.0,5.335000000000001,3.9005184968513618
5335.5,5.335499999999996,3.8900942611569533
5336.0,5.3359999999999985,3.8925942611569653
5336.5,5.336500000000001,3.895094261156977
5337.0,5.337000000000003,3.8847778251363607
5337.5,5.337499999999999,3.887277825136337
5338.0,5.338000000000001,3.889777825136349
5338.5,5.338499999999996,3.8795927458148682
5339.0,5.338999999999999,3.88209274581488
5339.5,5.339500000000001,3.884592745814892
5340.0,5.340000000000003,3.8745584539964284
5340.5,5.340499999999999,3.877058453996405
5341.0,5.341000000000001,3.8795584539964167
5341.5,5.341499999999996,3.86964246687846
5342.0,5.341999999999999,3.872142466878472
5342.5,5.342500000000001,3.874642466878484
5343.0,5.3430000000000035,3.8648175930220674
5343.5,5.343499999999999,3.867317593022044
5344.0,5.344000000000001,3.8698175930220557
5344.5,5.3444999999999965,3.86005178094198
5345.0,5.344999999999999,3.862551780941992
5345.5,5.345500000000001,3.8650517809420037
5346.0,5.346000000000004,3.85528889364263
5346.5,5.346499999999999,3.8577888936426064
5347.0,5.347000000000001,3.8602888936426183
5347.5,5.347499999999997,3.8504874971335923
5348.0,5.347999999999999,3.8529874971336042
5348.5,5.348500000000001,3.855487497133616
5349.0,5.349000000000004,3.8455876385704357
5349.5,5.349499999999999,3.848087638570412
5350.0,5.350000000000001,3.850587638570424
5350.5,5.350499999999997,3.8405617421154403
5351.0,5.350999999999999,3.8430617421154523
5351.5,5.3515000000000015,3.845561742115464
5352.0,5.352000000000004,3.835400645457412
5352.5,5.352499999999999,3.8379006454573883
5353.0,5.3530000000000015,3.8404006454574002
5353.5,5.353499999999997,3.8300892560303623
5354.0,5.353999999999999,3.8325892560303743
5354.5,5.354500000000002,3.835089256030386
5355.0,5.355000000000004,3.8246426718113824
5355.5,5.355499999999999,3.827142671811359
5356.0,5.356000000000002,3.8296426718113707
5356.5,5.356499999999997,3.819071508940617
5357.0,5.356999999999999,3.821571508940629
5357.5,5.357500000000002,3.8240715089406407
5358.0,5.358000000000004,3.813399723386688
5358.5,5.358499999999999,3.8158997233866643
5359.0,5.359000000000002,3.818399723386676
5359.5,5.359499999999997,3.8076626550046555
5360.0,5.359999999999999,3.8101626550046674
5360.5,5.360500000000002,3.8126626550046794
5361.0,5.360999999999997,3.815162655004656
5361.5,5.3614999999999995,3.804360768723072
5362.0,5.362000000000002,3.8068607687230838
5362.5,5.362499999999997,3.80936076872306
5363.0,5.3629999999999995,3.798524653553983
5363.5,5.363500000000002,3.801024653553995
5364.0,5.363999999999997,3.8035246535539713
5364.5,5.3645,3.7926850229020914
5365.0,5.365000000000002,3.7951850229021034
5365.5,5.365499999999997,3.7976850229020798
5366.0,5.366,3.786887738698894
5366.5,5.366500000000002,3.789387738698906
5367.0,5.366999999999997,3.7918877386988825
5367.5,5.3675,3.781155016025366
5368.0,5.368000000000002,3.783655016025378
5368.5,5.368499999999997,3.7861550160253543
5369.0,5.369,3.7755302236810806
5369.5,5.369500000000002,3.7780302236810925
5370.0,5.369999999999997,3.780530223681069
5370.5,5.3705,3.770015620092373
5371.0,5.371000000000002,3.772515620092385
5371.5,5.3714999999999975,3.7750156200923612
5372.0,5.372,3.764597016494946
5372.5,5.372500000000002,3.767097016494958
5373.0,5.3729999999999976,3.7695970164949344
5373.5,5.3735,3.759278602783205
5374.0,5.374000000000002,3.7617786027832167
5374.5,5.374499999999998,3.764278602783193
5375.0,5.375,3.7540566041244716
5375.5,5.375500000000002,3.7565566041244836
5376.0,5.375999999999998,3.75905660412446
5376.5,5.3765,3.7489375639411193
5377.0,5.3770000000000024,3.7514375639411313
5377.5,5.377499999999998,3.7539375639411077
5378.0,5.378,3.7439081814855513
5378.5,5.3785000000000025,3.746408181485563
5379.0,5.378999999999998,3.7489081814855396
5379.5,5.3795,3.7389524356476045
5380.0,5.380000000000003,3.7414524356476164
5380.5,5.380499999999998,3.743952435647593
5381.0,5.381,3.734057847104282
5381.5,5.381500000000003,3.7365578471042937
5382.0,5.381999999999998,3.73905784710427
5382.5,5.3825,3.7292187198842086
5383.0,5.383000000000003,3.7317187198842205
5383.5,5.383499999999998,3.734218719884197
5384.0,5.384,3.724419584592553
5384.5,5.384500000000003,3.726919584592565
5385.0,5.384999999999998,3.7294195845925415
5385.5,5.3855,3.7196791885273583
5386.0,5.386000000000003,3.7221791885273703
5386.5,5.386499999999998,3.7246791885273467
5387.0,5.3870000000000005,3.715020658734396
5387.5,5.387500000000003,3.717520658734408
5388.0,5.387999999999998,3.7200206587343843
5388.5,5.3885000000000005,3.7104619163533314
5389.0,5.389000000000003,3.7129619163533434
5389.5,5.389499999999998,3.71546191635332
5390.0,5.390000000000001,3.705986191372972
5390.5,5.390500000000003,3.708486191372984
5391.0,5.390999999999998,3.7109861913729603
5391.5,5.391500000000001,3.701582025359045
5392.0,5.392000000000003,3.7040820253590567
5392.5,5.392499999999998,3.706582025359033
5393.0,5.393000000000001,3.6972488577964313
5393.5,5.393500000000003,3.6997488577964432
5394.0,5.393999999999998,3.7022488577964197
5394.5,5.394500000000001,3.6929761591869337
5395.0,5.395000000000003,3.6954761591869456
5395.5,5.395499999999998,3.697976159186922
5396.0,5.396000000000001,3.688745067003474
5396.5,5.396500000000003,3.6912450670034858
5397.0,5.3969999999999985,3.693745067003462
5397.5,5.397500000000001,3.684533809957209
5398.0,5.397999999999996,3.6870338099571853
5398.5,5.3984999999999985,3.6895338099571973
5399.0,5.399000000000001,3.680330592219754
5399.5,5.399500000000003,3.6828305922197657
5400.0,5.399999999999999,3.685330592219742
5400.5,5.400500000000001,3.6761162415569615
5401.0,5.400999999999996,3.678616241556938
5401.5,5.401499999999999,3.68111624155695
5402.0,5.402000000000001,3.671877936227439
5402.5,5.402500000000003,3.674377936227451
5403.0,5.402999999999999,3.6768779362274273
5403.5,5.403500000000001,3.667608553535082
5404.0,5.403999999999996,3.6701085535350586
5404.5,5.404499999999999,3.6726085535350705
5405.0,5.405000000000001,3.6633019146850287
5405.5,5.4055000000000035,3.6658019146850407
5406.0,5.405999999999999,3.668301914685017
5406.5,5.406500000000001,3.658966256193139
5407.0,5.4069999999999965,3.6614662561931155
5407.5,5.407499999999999,3.6639662561931274
5408.0,5.408000000000001,3.6545844470497713
5408.5,5.408500000000004,3.657084447049783
5409.0,5.408999999999999,3.6595844470497596
5409.5,5.409500000000001,3.6501349853701015
5410.0,5.409999999999997,3.652634985370078
5410.5,5.410499999999999,3.65513498537009
5411.0,5.411000000000001,3.6456112539868712
5411.5,5.411500000000004,3.648111253986883
5412.0,5.411999999999999,3.6506112539868596
5412.5,5.412500000000001,3.6410219331894567
5413.0,5.412999999999997,3.643521933189433
5413.5,5.413499999999999,3.646021933189445
5414.0,5.4140000000000015,3.6363546340302833
5414.5,5.414500000000004,3.638854634030295
5415.0,5.414999999999999,3.6413546340302716
5415.5,5.4155000000000015,3.631615525694656
5416.0,5.415999999999997,3.6341155256946323
5416.5,5.416499999999999,3.636615525694644
5417.0,5.417000000000002,3.626801230406862
5417.5,5.417500000000004,3.629301230406874
5418.0,5.417999999999999,3.6318012304068503
5418.5,5.418500000000002,3.621885827083986
5419.0,5.418999999999997,3.6243858270839624
5419.5,5.419499999999999,3.6268858270839743
5420.0,5.420000000000002,3.6168631013369534
5420.5,5.420500000000004,3.6193631013369654
5421.0,5.420999999999999,3.621863101336942
5421.5,5.421500000000002,3.6117149729474107
5422.0,5.421999999999997,3.614214972947387
5422.5,5.422499999999999,3.616714972947399
5423.0,5.423000000000002,3.6064155351638405
5423.5,5.423499999999997,3.608915535163817
5424.0,5.4239999999999995,3.611415535163829
5424.5,5.424500000000002,3.6009695382189477
5425.0,5.424999999999997,3.603469538218924
5425.5,5.4254999999999995,3.605969538218936
5426.0,5.426000000000002,3.595363245290919
5426.5,5.426499999999997,3.5978632452908954
5427.0,5.427,3.6003632452909073
5427.5,5.427500000000002,3.589608760513201
5428.0,5.427999999999997,3.5921087605131774
5428.5,5.4285,3.5946087605131893
5429.0,5.429000000000002,3.5837125698358463
5429.5,5.429499999999997,3.5862125698358227
5430.0,5.43,3.5887125698358346
5430.5,5.430500000000002,3.5777039296128876
5431.0,5.430999999999997,3.580203929612864
5431.5,5.4315,3.582703929612876
5432.0,5.432000000000002,3.5716216186525074
5432.5,5.432499999999997,3.574121618652484
5433.0,5.433,3.5766216186524957
5433.5,5.433500000000002,3.565508722761841
5434.0,5.4339999999999975,3.5680087227618174
5434.5,5.4345,3.5705087227618293
5435.0,5.435000000000002,3.559397740136774
5435.5,5.4354999999999976,3.56189774013675
5436.0,5.436,3.564397740136762
5436.5,5.436500000000002,3.566897740136774
5437.0,5.436999999999998,3.5558202373801606
5437.5,5.4375,3.5583202373801726
5438.0,5.438000000000002,3.5608202373801845
5438.5,5.438499999999998,3.5498050235975853
5439.0,5.439,3.5523050235975973
5439.5,5.4395000000000024,3.554805023597609
5440.0,5.439999999999998,3.543880032904916
5440.5,5.4405,3.5463800329049278
5441.0,5.4410000000000025,3.5488800329049397
5441.5,5.441499999999998,3.5380617797016
5442.0,5.442,3.540561779701612
5442.5,5.442500000000003,3.543061779701624
5443.0,5.442999999999998,3.532339584780253
5443.5,5.4435,3.534839584780265
5444.0,5.444000000000003,3.537339584780277
5444.5,5.444499999999998,3.526690181833523
5445.0,5.445,3.5291901818335347
5445.5,5.445500000000003,3.5316901818335467
5446.0,5.445999999999998,3.521094057491112
5446.5,5.4465,3.523594057491124
5447.0,5.447000000000003,3.526094057491136
5447.5,5.447499999999998,3.515520073398264
5448.0,5.448,3.518020073398276
5448.5,5.448500000000003,3.5205200733982878
5449.0,5.448999999999998,3.5099281988136255
5449.5,5.4495000000000005,3.5124281988136374
5450.0,5.450000000000003,3.5149281988136494
5450.5,5.450499999999998,3.5042885146678415
5451.0,5.4510000000000005,3.5067885146678535
5451.5,5.451500000000003,3.5092885146678654
5452.0,5.451999999999998,3.498574743463223
5452.5,5.452500000000001,3.501074743463235
5453.0,5.453000000000003,3.503574743463247
5453.5,5.453499999999998,3.492774040041944
5454.0,5.454000000000001,3.4952740400419557
5454.5,5.454500000000003,3.4977740400419677
5455.0,5.454999999999998,3.486893001924578
5455.5,5.455500000000001,3.48939300192459
5456.0,5.456000000000003,3.491893001924602
5456.5,5.456499999999998,3.4809265608007323
5457.0,5.457000000000001,3.483426560800744
5457.5,5.457500000000003,3.485926560800756
5458.0,5.457999999999998,3.4748704570212396
5458.5,5.458500000000001,3.4773704570212516
5459.0,5.459000000000003,3.4798704570212635
5459.5,5.4594999999999985,3.4687551263508
5460.0,5.460000000000001,3.471255126350812
5460.5,5.460499999999996,3.473755126350788
5461.0,5.4609999999999985,3.4626316511554123
5461.5,5.461500000000001,3.465131651155424
5462.0,5.462000000000003,3.467631651155436
5462.5,5.462499999999999,3.4565554970832935
5463.0,5.463000000000001,3.4590554970833054
5463.5,5.463499999999996,3.461555497083282
5464.0,5.463999999999999,3.4505718905302274
5464.5,5.464500000000001,3.4530718905302393
5465.0,5.465000000000003,3.4555718905302513
5465.5,5.465499999999999,3.444712871782585
5466.0,5.466000000000001,3.4472128717825967
5466.5,5.466499999999996,3.449712871782573
5467.0,5.466999999999999,3.439010522586443
5467.5,5.467500000000001,3.441510522586455
5468.0,5.4680000000000035,3.444010522586467
5468.5,5.468499999999999,3.4335045280708343
5469.0,5.469000000000001,3.436004528070846
5469.5,5.4694999999999965,3.4385045280708226
5470.0,5.469999999999999,3.4282365567398543
5470.5,5.470500000000001,3.430736556739866
5471.0,5.471000000000004,3.433236556739878
5471.5,5.471499999999999,3.4231976992809265
5472.0,5.472000000000001,3.4256976992809385
5472.5,5.472499999999997,3.428197699280915
5473.0,5.472999999999999,3.4183867208743735
5473.5,5.473500000000001,3.4208867208743854
5474.0,5.474000000000004,3.4233867208743973
5474.5,5.474499999999999,3.413786889535473
5475.0,5.475000000000001,3.4162868895354848
5475.5,5.475499999999997,3.418786889535461
5476.0,5.475999999999999,3.409346798209505
5476.5,5.4765000000000015,3.411846798209517
5477.0,5.477000000000004,3.414346798209529
5477.5,5.477499999999999,3.405014437050049
5478.0,5.4780000000000015,3.407514437050061
5478.5,5.478499999999997,3.4100144370500374
5479.0,5.478999999999999,3.400765993140773
5479.5,5.479500000000002,3.403265993140785
5480.0,5.480000000000004,3.405765993140797
5480.5,5.480499999999999,3.39655928628126
5481.0,5.481000000000002,3.399059286281272
5481.5,5.481499999999997,3.4015592862812483
5482.0,5.481999999999999,3.3923366460888005
5482.5,5.482500000000002,3.3948366460888124
5483.0,5.483000000000004,3.3973366460888244
5483.5,5.483499999999999,3.388082084534645
5484.0,5.484000000000002,3.390582084534657
5484.5,5.484499999999997,3.3930820845346332
5485.0,5.484999999999999,3.383797083246378
5485.5,5.485500000000002,3.38629708324639
5486.0,5.485999999999997,3.3887970832463665
5486.5,5.4864999999999995,3.3794903591154224
5487.0,5.487000000000002,3.3819903591154343
5487.5,5.487499999999997,3.3844903591154107
5488.0,5.4879999999999995,3.3751796764480346
5488.5,5.488500000000002,3.3776796764480466
5489.0,5.488999999999997,3.380179676448023
5489.5,5.4895,3.3708802751661437
5490.0,5.490000000000002,3.3733802751661557
5490.5,5.490499999999997,3.375880275166132
5491.0,5.491,3.3665946806928915
5491.5,5.491500000000002,3.3690946806929034
5492.0,5.491999999999997,3.37159468069288
5492.5,5.4925,3.362342671834355
5493.0,5.493000000000002,3.364842671834367
5493.5,5.493499999999997,3.3673426718343435
5494.0,5.494,3.3581659688478993
5494.5,5.494500000000002,3.3606659688479112
5495.0,5.494999999999997,3.3631659688478877
5495.5,5.4955,3.3540709277924208
5496.0,5.496000000000002,3.3565709277924327
5496.5,5.4964999999999975,3.359070927792409
5497.0,5.497,3.3500812152828985
5497.5,5.497500000000002,3.3525812152829104
5498.0,5.4979999999999976,3.355081215282887
5498.5,5.4985,3.346184866862103
5499.0,5.499000000000002,3.348684866862115
5499.5,5.499499999999998,3.3511848668620914
5500.0,5.5,3.3423811509424795
5500.5,5.500500000000002,3.3448811509424914
5501.0,5.500999999999998,3.347381150942468
5501.5,5.5015,3.338646762820403
5502.0,5.5020000000000024,3.341146762820415
5502.5,5.502499999999998,3.3436467628203914
5503.0,5.503,3.334952743737105
5503.5,5.5035000000000025,3.337452743737117
5504.0,5.503999999999998,3.3399527437370935
5504.5,5.5045,3.3312512445700904
5505.0,5.505000000000003,3.3337512445701023
5505.5,5.505499999999998,3.3362512445700787
5506.0,5.506,3.3275000928994203
5506.5,5.506500000000003,3.330000092899432
5507.0,5.506999999999998,3.3325000928994086
5507.5,5.5075,3.323668978436949
5508.0,5.508000000000003,3.326168978436961
5508.5,5.508499999999998,3.328668978436937
5509.0,5.509,3.3197372176346818
5509.5,5.509500000000003,3.3222372176346937
5510.0,5.509999999999998,3.32473721763467
5510.5,5.5105,3.3157025269436957
5511.0,5.511000000000003,3.3182025269437077
5511.5,5.511499999999998,3.320702526943684
5512.0,5.5120000000000005,3.323202526943696
5512.5,5.512500000000003,3.3140615298480114
5513.0,5.512999999999998,3.316561529847988
5513.5,5.5135000000000005,3.3190615298479997
5514.0,5.514000000000003,3.309828937345287
5514.5,5.514499999999998,3.3123289373452636
5515.0,5.515000000000001,3.3148289373452755
5515.5,5.515500000000003,3.3054786314890805
5516.0,5.515999999999998,3.307978631489057
5516.5,5.516500000000001,3.310478631489069
5517.0,5.517000000000003,3.3009902623691545
5517.5,5.517499999999998,3.303490262369131
5518.0,5.518000000000001,3.305990262369143
5518.5,5.518500000000003,3.296364819877624
5519.0,5.518999999999998,3.2988648198776005
5519.5,5.519500000000001,3.3013648198776124
5520.0,5.520000000000003,3.2915991341162254
5520.5,5.520499999999998,3.294099134116202
5521.0,5.521000000000001,3.2965991341162137
5521.5,5.521500000000003,3.28668612162879
5522.0,5.5219999999999985,3.2891861216287666
5522.5,5.522500000000001,3.2916861216287785
5523.0,5.522999999999996,3.2816525690017784
5523.5,5.5234999999999985,3.2841525690017903
5524.0,5.524000000000001,3.2866525690018022
5524.5,5.524500000000003,3.2765250767102927
5525.0,5.524999999999999,3.279025076710269
5525.5,5.525500000000001,3.281525076710281
5526.0,5.525999999999996,3.2713377644214248
5526.5,5.526499999999999,3.2738377644214367
5527.0,5.527000000000001,3.2763377644214486
5527.5,5.527500000000003,3.2661166725228696
5528.0,5.527999999999999,3.268616672522846
5528.5,5.528500000000001,3.271116672522858
5529.0,5.528999999999996,3.2608789363740343
5529.5,5.529499999999999,3.263378936374046
5530.0,5.530000000000001,3.265878936374058
5530.5,5.5305000000000035,3.2556365578965085
5531.0,5.530999999999999,3.258136557896485
5531.5,5.531500000000001,3.260636557896497
5532.0,5.5319999999999965,3.250380423828503
5532.5,5.532499999999999,3.2528804238285147
5533.0,5.533000000000001,3.2553804238285267
5533.5,5.533500000000004,3.245099807732821
5534.0,5.533999999999999,3.247599807732797
5534.5,5.534500000000001,3.250099807732809
5535.0,5.534999999999997,3.2397867210940134
5535.5,5.535499999999999,3.2422867210940254
5536.0,5.536000000000001,3.2447867210940373
5536.5,5.536500000000004,3.2344075670544115
5537.0,5.536999999999999,3.236907567054388
5537.5,5.537500000000001,3.2394075670544
5538.0,5.537999999999997,3.2289561291093705
5538.5,5.538499999999999,3.2314561291093824
5539.0,5.5390000000000015,3.2339561291093943
5539.5,5.539500000000004,3.223435231588354
5540.0,5.539999999999999,3.2259352315883305
5540.5,5.5405000000000015,3.2284352315883424
5541.0,5.540999999999997,3.2178476672185496
5541.5,5.541499999999999,3.2203476672185616
5542.0,5.542000000000002,3.2228476672185735
5542.5,5.542500000000004,3.2121968315803784
5543.0,5.542999999999999,3.214696831580355
5543.5,5.543500000000002,3.2171968315803667
5544.0,5.543999999999997,3.2064894803936284
5544.5,5.544499999999999,3.2089894803936403
5545.0,5.545000000000002,3.2114894803936522
5545.5,5.545500000000004,3.200726917737917
5546.0,5.545999999999999,3.2032269177378936
5546.5,5.546500000000002,3.2057269177379055
5547.0,5.546999999999997,3.1949245355549394
5547.5,5.547499999999999,3.1974245355549513
5548.0,5.548000000000002,3.1999245355549633
5548.5,5.548499999999997,3.189085553966109
5549.0,5.5489999999999995,3.191585553966121
5549.5,5.549500000000002,3.194085553966133
5550.0,5.549999999999997,3.183220623095835
5550.5,5.5504999999999995,3.185720623095847
5551.0,5.551000000000002,3.1882206230958587
5551.5,5.551499999999997,3.1773316121317663
5552.0,5.552,3.1798316121317782
5552.5,5.552500000000002,3.18233161213179
5553.0,5.552999999999997,3.171422130937316
5553.5,5.5535,3.173922130937328
5554.0,5.554000000000002,3.1764221309373397
5554.5,5.554499999999997,3.1655296072077377
5555.0,5.555,3.1680296072077496
5555.5,5.555500000000002,3.1705296072077616
5556.0,5.555999999999997,3.1596760394893053
5556.5,5.5565,3.1621760394893172
5557.0,5.557000000000002,3.164676039489329
5557.5,5.557499999999997,3.1538701323911056
5558.0,5.558,3.1563701323911175
5558.5,5.558500000000002,3.1588701323911295
5559.0,5.5589999999999975,3.1481287530314717
5559.5,5.5595,3.1506287530314836
5560.0,5.560000000000002,3.1531287530314955
5560.5,5.5604999999999976,3.1424638008291694
5561.0,5.561,3.1449638008291814
5561.5,5.561500000000002,3.1474638008291933
5562.0,5.561999999999998,3.1369075835933913
5562.5,5.5625,3.139407583593403
5563.0,5.563000000000002,3.141907583593415
5563.5,5.563499999999998,3.131475197097231
5564.0,5.564,3.133975197097243
5564.5,5.5645000000000024,3.136475197097255
5565.0,5.564999999999998,3.1261873565538068
5565.5,5.5655,3.1286873565538187
5566.0,5.5660000000000025,3.1311873565538306
5566.5,5.566499999999998,3.1210563038916206
5567.0,5.567,3.1235563038916325
5567.5,5.567500000000003,3.1260563038916445
5568.0,5.567999999999998,3.1160996607084
5568.5,5.5685,3.118599660708412
5569.0,5.569000000000003,3.121099660708424
5569.5,5.569499999999998,3.1113191377333393
5570.0,5.57,3.1138191377333513
5570.5,5.570500000000003,3.116319137733363
5571.0,5.570999999999998,3.106688797022912
5571.5,5.5715,3.1091887970229237
5572.0,5.572000000000003,3.1116887970229357
5572.5,5.572499999999998,3.1021705499113494
5573.0,5.573,3.1046705499113614
5573.5,5.573500000000003,3.1071705499113733
5574.0,5.573999999999998,3.0977185576407607
5574.5,5.5745000000000005,3.1002185576407726
5575.0,5.575000000000003,3.1027185576407845
5575.5,5.575499999999998,3.093288779831589
5576.0,5.5760000000000005,3.095788779831601
5576.5,5.576500000000003,3.0982887798316128
5577.0,5.576999999999998,3.0888384940212177
5577.5,5.577500000000001,3.0913384940212296
5578.0,5.578000000000003,3.0938384940212416
5578.5,5.578499999999998,3.084358953313746
5579.0,5.579000000000001,3.086858953313758
5579.5,5.579500000000003,3.08935895331377
5580.0,5.579999999999998,3.0798330957626874
5580.5,5.580500000000001,3.0823330957626993
5581.0,5.581000000000003,3.0848330957627113
5581.5,5.581499999999998,3.075250903572666
5582.0,5.582000000000001,3.077750903572678
5582.5,5.582500000000003,3.08025090357269
5583.0,5.582999999999998,3.0706021015562257
5583.5,5.583500000000001,3.0731021015562376
5584.0,5.584000000000003,3.0756021015562496
5584.5,5.5844999999999985,3.0658787142384014
5585.0,5.585000000000001,3.0683787142384134
5585.5,5.585499999999996,3.0708787142383898
5586.0,5.5859999999999985,3.061081816126787
5586.5,5.586500000000001,3.063581816126799
5587.0,5.587000000000003,3.066081816126811
5587.5,5.587499999999999,3.0685818161267875
5588.0,5.588000000000001,3.0587095090273664
5588.5,5.588499999999996,3.061209509027343
5589.0,5.588999999999999,3.0637095090273547
5589.5,5.589500000000001,3.053774039438437
5590.0,5.590000000000003,3.056274039438449
5590.5,5.590499999999999,3.0587740394384255
5591.0,5.591000000000001,3.0488008351702334
5591.5,5.591499999999996,3.05130083517021
5592.0,5.591999999999999,3.0538008351702217
5592.5,5.592500000000001,3.043842598130162
5593.0,5.5930000000000035,3.046342598130174
5593.5,5.593499999999999,3.0488425981301503
5594.0,5.594000000000001,3.038923933125659
5594.5,5.5944999999999965,3.0414239331256354
5595.0,5.594999999999999,3.0439239331256474
5595.5,5.595500000000001,3.034091316328009
5596.0,5.596000000000004,3.036591316328021
5596.5,5.596499999999999,3.0390913163279976
5597.0,5.597000000000001,3.029373778786777
5597.5,5.597499999999997,3.0318737787867533
5598.0,5.597999999999999,3.0343737787867653
5598.5,5.598500000000001,3.024794072482919
5599.0,5.599000000000004,3.027294072482931
5599.5,5.599499999999999,3.0297940724829076
5600.0,5.600000000000001,3.0203517616323694
5600.5,5.600499999999997,3.022851761632346
5601.0,5.600999999999999,3.0253517616323577
5601.5,5.6015000000000015,3.0160542061015505
5602.0,5.602000000000004,3.0185542061015624
5602.5,5.602499999999999,3.021054206101539
5603.0,5.6030000000000015,3.011887547988401
5603.5,5.603499999999997,3.0143875479883775
5604.0,5.603999999999999,3.0168875479883894
5604.5,5.604500000000002,3.007831276221573
5605.0,5.605000000000004,3.010331276221585
5605.5,5.605499999999999,3.0128312762215614
5606.0,5.606000000000002,3.003836332678027
5606.5,5.606499999999997,3.0063363326780035
5607.0,5.606999999999999,3.0088363326780154
5607.5,5.607500000000002,2.999844324773626
5608.0,5.608000000000004,3.002344324773638
5608.5,5.608499999999999,3.0048443247736145
5609.0,5.609000000000002,2.9958082520742835
5609.5,5.609499999999997,2.99830825207426
5610.0,5.609999999999999,3.000808252074272
5610.5,5.610500000000002,2.991666082179769
5611.0,5.610999999999997,2.9941660821797456
5611.5,5.6114999999999995,2.9966660821797575
5612.0,5.612000000000002,2.9873660723310635
5612.5,5.612499999999997,2.98986607233104
5613.0,5.6129999999999995,2.992366072331052
5613.5,5.613500000000002,2.982875988532001
5614.0,5.613999999999997,2.9853759885319775
5614.5,5.6145,2.9878759885319894
5615.0,5.615000000000002,2.9781748152533183
5615.5,5.615499999999997,2.9806748152532947
5616.0,5.616,2.9831748152533066
5616.5,5.616500000000002,2.9732611875240167
5617.0,5.616999999999997,2.975761187523993
5617.5,5.6175,2.978261187524005
5618.0,5.618000000000002,2.968133472043597
5618.5,5.618499999999997,2.9706334720435734
5619.0,5.619,2.9731334720435854
5619.5,5.619500000000002,2.962822031612049
5620.0,5.619999999999997,2.9653220316120255
5620.5,5.6205,2.9678220316120374
5621.0,5.621000000000002,2.95736405922014
5621.5,5.6214999999999975,2.9598640592201164
5622.0,5.622,2.9623640592201284
5622.5,5.622500000000002,2.9517872727718952
5623.0,5.6229999999999976,2.9542872727718716
5623.5,5.6235,2.9567872727718836
5624.0,5.624000000000002,2.9461182913877693
5624.5,5.624499999999998,2.9486182913877457
5625.0,5.625,2.9511182913877576
5625.5,5.625500000000002,2.9403888492429786
5626.0,5.625999999999998,2.942888849242955
5626.5,5.6265,2.945388849242967
5627.0,5.6270000000000024,2.934648840425247
5627.5,5.627499999999998,2.9371488404252233
5628.0,5.628,2.939648840425235
5628.5,5.6285000000000025,2.9289272327257976
5629.0,5.628999999999998,2.931427232725774
5629.5,5.6295,2.933927232725786
5630.0,5.630000000000003,2.92326005051315
5630.5,5.630499999999998,2.9257600505131265
5631.0,5.631,2.9282600505131384
5631.5,5.631500000000003,2.9176922146440987
5632.0,5.631999999999998,2.920192214644075
5632.5,5.6325,2.922692214644087
5633.0,5.633000000000003,2.9122689725013373
5633.5,5.633499999999998,2.9147689725013137
5634.0,5.634,2.9172689725013257
5634.5,5.634500000000003,2.907014275563391
5635.0,5.634999999999998,2.9095142755633674
5635.5,5.6355,2.9120142755633793
5636.0,5.636000000000003,2.9019443150084
5636.5,5.636499999999998,2.9044443150083765
5637.0,5.6370000000000005,2.9069443150083885
5637.5,5.637500000000003,2.897068234008664
5638.0,5.637999999999998,2.8995682340086404
5638.5,5.6385000000000005,2.9020682340086523
5639.0,5.639000000000003,2.8923518343286148
5639.5,5.639499999999998,2.894851834328591
5640.0,5.640000000000001,2.897351834328603
5640.5,5.640500000000003,2.887748288273997
5641.0,5.640999999999998,2.8902482882739733
5641.5,5.641500000000001,2.8927482882739852
5642.0,5.642000000000003,2.883226402551564
5642.5,5.642499999999998,2.8857264025515406
5643.0,5.643000000000001,2.8882264025515525
5643.5,5.643500000000003,2.87873795726572
5644.0,5.643999999999998,2.8812379572656965
5644.5,5.644500000000001,2.8837379572657085
5645.0,5.645000000000003,2.8742358367079746
5645.5,5.645499999999998,2.876735836707951
5646.0,5.646000000000001,2.879235836707963
5646.5,5.646500000000003,2.8696398864626005
5647.0,5.6469999999999985,2.872139886462577
5647.5,5.647500000000001,2.874639886462589
5648.0,5.647999999999996,2.864915050407788
5648.5,5.6484999999999985,2.8674150504078
5649.0,5.649000000000001,2.869915050407812
5649.5,5.649500000000003,2.8600377095760976
5650.0,5.649999999999999,2.862537709576074
5650.5,5.650500000000001,2.865037709576086
5651.0,5.650999999999996,2.8550030134775284
5651.5,5.651499999999999,2.8575030134775403
5652.0,5.652000000000001,2.8600030134775523
5652.5,5.652500000000003,2.849817204898031
5653.0,5.652999999999999,2.852317204898007
5653.5,5.653500000000001,2.854817204898019
5654.0,5.653999999999996,2.8444939851010176
5654.5,5.654499999999999,2.8469939851010295
5655.0,5.655000000000001,2.8494939851010415
5655.5,5.6555000000000035,2.8390688000946085
5656.0,5.655999999999999,2.841568800094585
5656.5,5.656500000000001,2.844068800094597
5657.0,5.6569999999999965,2.833577905646969
5657.5,5.657499999999999,2.836077905646981
5658.0,5.658000000000001,2.838577905646993
5658.5,5.658500000000004,2.828053906166801
5659.0,5.658999999999999,2.8305539061667773
5659.5,5.659500000000001,2.833053906166789
5660.0,5.659999999999997,2.8225369792357213
5660.5,5.660499999999999,2.8250369792357333
5661.0,5.661000000000001,2.827536979235745
5661.5,5.661500000000004,2.8170638350841415
5662.0,5.661999999999999,2.819563835084118
5662.5,5.662500000000001,2.82206383508413
5663.0,5.662999999999997,2.8245638350841062
5663.5,5.663499999999999,2.814191299994242
5664.0,5.6640000000000015,2.816691299994254
5664.5,5.664500000000004,2.819191299994266
5665.0,5.664999999999999,2.808971416001924
5665.5,5.6655000000000015,2.811471416001936
5666.0,5.665999999999997,2.8139714160019125
5666.5,5.666499999999999,2.8039414799069817
5667.0,5.667000000000002,2.8064414799069937
5667.5,5.667500000000004,2.8089414799070056
5668.0,5.667999999999999,2.79912218252079
5668.5,5.668500000000002,2.801622182520802
5669.0,5.668999999999997,2.8041221825207785
5669.5,5.669499999999999,2.794533089339666
5670.0,5.670000000000002,2.7970330893396778
5670.5,5.670500000000004,2.7995330893396897
5671.0,5.670999999999999,2.7901432746576305
5671.5,5.671500000000002,2.7926432746576424
5672.0,5.671999999999997,2.795143274657619
5672.5,5.672499999999999,2.785929575245767
5673.0,5.673000000000002,2.788429575245779
5673.5,5.673499999999997,2.7909295752457552
5674.0,5.6739999999999995,2.78184982850032
5674.5,5.674500000000002,2.784349828500332
5675.0,5.674999999999997,2.7868498285003085
5675.5,5.6754999999999995,2.7778446213419272
5676.0,5.676000000000002,2.780344621341939
5676.5,5.676499999999997,2.7828446213419156
5677.0,5.677,2.7738655339805263
5677.5,5.677500000000002,2.776365533980538
5678.0,5.677999999999997,2.7788655339805146
5678.5,5.6785,2.769859753853261
5679.0,5.679000000000002,2.772359753853273
5679.5,5.679499999999997,2.7748597538532493
5680.0,5.68,2.765776202312651
5680.5,5.680500000000002,2.768276202312663
5681.0,5.680999999999997,2.770776202312639
5681.5,5.6815,2.7615472708357203
5682.0,5.682000000000002,2.764047270835732
5682.5,5.682499999999997,2.7665472708357086
5683.0,5.683,2.7571255472420475
5683.5,5.683500000000002,2.7596255472420594
5684.0,5.6839999999999975,2.762125547242036
5684.5,5.6845,2.752465877010337
5685.0,5.685000000000002,2.754965877010349
5685.5,5.6854999999999976,2.7574658770103255
5686.0,5.686,2.747541389458519
5686.5,5.686500000000002,2.7500413894585307
5687.0,5.686999999999998,2.752541389458507
5687.5,5.6875,2.742346976046761
5688.0,5.688000000000002,2.744846976046773
5688.5,5.688499999999998,2.7473469760467495
5689.0,5.689,2.7369035417154564
5689.5,5.6895000000000024,2.7394035417154683
5690.0,5.689999999999998,2.7419035417154447
5690.5,5.6905,2.731266231461298
5691.0,5.6910000000000025,2.73376623146131
5691.5,5.691499999999998,2.7362662314612862
5692.0,5.692,2.7255098546600465
5692.5,5.692500000000003,2.7280098546600584
5693.0,5.692999999999998,2.730509854660035
5693.5,5.6935,2.7197106774233504
5694.0,5.694000000000003,2.7222106774233623
5694.5,5.694499999999998,2.7247106774233387
5695.0,5.695,2.713943951153013
5695.5,5.695500000000003,2.7164439511530247
5696.0,5.695999999999998,2.718943951153001
5696.5,5.6965,2.708261361895019
5697.0,5.697000000000003,2.710761361895031
5697.5,5.697499999999998,2.7132613618950074
5698.0,5.698,2.7026960444661086
5698.5,5.698500000000003,2.7051960444661205
5699.0,5.698999999999998,2.707696044466097
5699.5,5.6995000000000005,2.697264342065253
5700.0,5.700000000000003,2.699764342065265
5700.5,5.700499999999998,2.7022643420652415
5701.0,5.7010000000000005,2.6919918245283014
5701.5,5.701500000000003,2.6944918245283134
5702.0,5.701999999999998,2.69699182452829
5702.5,5.702500000000001,2.6868902322944166
5703.0,5.703000000000003,2.6893902322944285
5703.5,5.703499999999998,2.691890232294405
5704.0,5.704000000000001,2.6819586557332897
5704.5,5.704500000000003,2.6844586557333017
5705.0,5.704999999999998,2.686958655733278
5705.5,5.705500000000001,2.6771764915812213
5706.0,5.706000000000003,2.679676491581233
5706.5,5.706499999999998,2.6821764915812096
5707.0,5.707000000000001,2.6725128722063474
5707.5,5.707500000000003,2.6750128722063593
5708.0,5.707999999999998,2.6775128722063357
5708.5,5.708500000000001,2.6679137743199988
5709.0,5.709000000000003,2.6704137743200107
5709.5,5.7094999999999985,2.672913774319987
5710.0,5.710000000000001,2.663355007274255
5710.5,5.710499999999996,2.6658550072742315
5711.0,5.7109999999999985,2.6683550072742435
5711.5,5.711500000000001,2.6588024339291394
5712.0,5.712000000000003,2.6613024339291513
5712.5,5.712499999999999,2.6638024339291277
5713.0,5.713000000000001,2.6541934630551722
5713.5,5.713499999999996,2.6566934630551486
5714.0,5.713999999999999,2.6591934630551606
5714.5,5.714500000000001,2.649464020628436
5715.0,5.715000000000003,2.651964020628448
5715.5,5.715499999999999,2.6544640206284242
5716.0,5.716000000000001,2.644578775384261
5716.5,5.716499999999996,2.6470787753842373
5717.0,5.716999999999999,2.6495787753842492
5717.5,5.717500000000001,2.6395124619221377
5718.0,5.7180000000000035,2.6420124619221497
5718.5,5.718499999999999,2.644512461922126
5719.0,5.719000000000001,2.634261704069303
5719.5,5.7194999999999965,2.6367617040692792
5720.0,5.719999999999999,2.639261704069291
5720.5,5.720500000000001,2.6288129996850884
5721.0,5.721000000000004,2.6313129996851004
5721.5,5.721499999999999,2.6338129996850768
5722.0,5.722000000000001,2.623163779299702
5722.5,5.722499999999997,2.6256637792996784
5723.0,5.722999999999999,2.6281637792996904
5723.5,5.723500000000001,2.617349112574807
5724.0,5.724000000000004,2.619849112574819
5724.5,5.724499999999999,2.6223491125747955
5725.0,5.725000000000001,2.6114139732398556
5725.5,5.725499999999997,2.613913973239832
5726.0,5.725999999999999,2.616413973239844
5726.5,5.7265000000000015,2.6054172601847014
5727.0,5.727000000000004,2.6079172601847134
5727.5,5.727499999999999,2.61041726018469
5728.0,5.7280000000000015,2.5993759446982168
5728.5,5.728499999999997,2.601875944698193
5729.0,5.728999999999999,2.604375944698205
5729.5,5.729500000000002,2.5933284445541105
5730.0,5.730000000000004,2.5958284445541224
5730.5,5.730499999999999,2.598328444554099
5731.0,5.731000000000002,2.587317327184948
5731.5,5.731499999999997,2.5898173271849245
5732.0,5.731999999999999,2.5923173271849365
5732.5,5.732500000000002,2.581389406918859
5733.0,5.733000000000004,2.583889406918871
5733.5,5.733499999999999,2.5863894069188476
5734.0,5.734000000000002,2.575585328573382
5734.5,5.734499999999997,2.5780853285733585
5735.0,5.734999999999999,2.5805853285733704
5735.5,5.735500000000002,2.5699505293589198
5736.0,5.735999999999997,2.572450529358896
5736.5,5.7364999999999995,2.574950529358908
5737.0,5.737000000000002,2.564493780576811
5737.5,5.737499999999997,2.5669937805767873
5738.0,5.7379999999999995,2.5694937805767992
5738.5,5.738500000000002,2.571993780576811
5739.0,5.738999999999997,2.561719005196643
5739.5,5.7395,2.564219005196655
5740.0,5.740000000000002,2.566719005196667
5740.5,5.740499999999997,2.5566194718489754
5741.0,5.741,2.5591194718489874
5741.5,5.741500000000002,2.5616194718489993
5742.0,5.741999999999997,2.5516798576366995
5742.5,5.7425,2.5541798576367114
5743.0,5.743000000000002,2.5566798576367233
5743.5,5.743499999999997,2.5468693648232588
5744.0,5.744,2.5493693648232707
5744.5,5.744500000000002,2.5518693648232826
5745.0,5.744999999999997,2.542152570310847
5745.5,5.7455,2.544652570310859
5746.0,5.746000000000002,2.547152570310871
5746.5,5.7464999999999975,2.5374724623069156
5747.0,5.747,2.5399724623069275
5747.5,5.747500000000002,2.5424724623069395
5748.0,5.7479999999999976,2.532803123305385
5748.5,5.7485,2.535303123305397
5749.0,5.749000000000002,2.537803123305409
5749.5,5.749499999999998,2.5281111577275084
5750.0,5.75,2.5306111577275203
5750.5,5.750500000000002,2.5331111577275323
5751.0,5.750999999999998,2.523362498806918
5751.5,5.7515,2.52586249880693
5752.0,5.7520000000000024,2.528362498806942
5752.5,5.752499999999998,2.5185212577498817
5753.0,5.753,2.5210212577498936
5753.5,5.7535000000000025,2.5235212577499055
5754.0,5.753999999999998,2.5135846324342026
5754.5,5.7545,2.5160846324342145
5755.0,5.755000000000003,2.5185846324342265
5755.5,5.755499999999998,2.5085325128517866
5756.0,5.756,2.5110325128517985
5756.5,5.756500000000003,2.5135325128518105
5757.0,5.756999999999998,2.503367015380249
5757.5,5.7575,2.505867015380261
5758.0,5.758000000000003,2.508367015380273
5758.5,5.758499999999998,2.498120463446938
5759.0,5.759,2.5006204634469498
5759.5,5.759500000000003,2.5031204634469617
5760.0,5.759999999999998,2.492841637758545
5760.5,5.7605,2.495341637758557
5761.0,5.761000000000003,2.497841637758569
5761.5,5.761499999999998,2.4875515385818048
5762.0,5.7620000000000005,2.4900515385818167
5762.5,5.762500000000003,2.4925515385818287
5763.0,5.762999999999998,2.4822611117734183
5763.5,5.7635000000000005,2.4847611117734303
5764.0,5.764000000000003,2.4872611117734422
5764.5,5.764499999999998,2.4769843833584204
5765.0,5.765000000000001,2.4794843833584324
5765.5,5.765500000000003,2.4819843833584443
5766.0,5.765999999999998,2.4717409919199795
5766.5,5.766500000000001,2.4742409919199915
5767.0,5.767000000000003,2.4767409919200034
5767.5,5.767499999999998,2.466546453993921
5768.0,5.768000000000001,2.4690464539939327
5768.5,5.768500000000003,2.4715464539939447
5769.0,5.768999999999998,2.461392446115873
5769.5,5.769500000000001,2.463892446115885
5770.0,5.770000000000003,2.466392446115897
5770.5,5.770499999999998,2.4562554385573776
5771.0,5.771000000000001,2.4587554385573895
5771.5,5.771500000000003,2.4612554385574015
5772.0,5.7719999999999985,2.451126993316386
5772.5,5.772500000000001,2.453626993316398
5773.0,5.772999999999996,2.4561269933163743
5773.5,5.7734999999999985,2.4460109106941275
5774.0,5.774000000000001,2.4485109106941394
5774.5,5.774500000000003,2.4510109106941513
5775.0,5.774999999999999,2.44090606831346
5775.5,5.775500000000001,2.4434060683134717
5776.0,5.775999999999996,2.445906068313448
5776.5,5.776499999999999,2.435811603632736
5777.0,5.777000000000001,2.438311603632748
5777.5,5.777500000000003,2.44081160363276
5778.0,5.777999999999999,2.430723305721507
5778.5,5.778500000000001,2.433223305721519
5779.0,5.778999999999996,2.4357233057214955
5779.5,5.779499999999999,2.425621371634854
5780.0,5.780000000000001,2.428121371634866
5780.5,5.7805000000000035,2.430621371634878
5781.0,5.780999999999999,2.4204951014052156
5781.5,5.781500000000001,2.4229951014052276
5782.0,5.7819999999999965,2.425495101405204
5782.5,5.782499999999999,2.4153563919441723
5783.0,5.783000000000001,2.4178563919441842
5783.5,5.783500000000004,2.420356391944196
5784.0,5.783999999999999,2.410201575116311
5784.5,5.784500000000001,2.4127015751163228
5785.0,5.784999999999997,2.415201575116299
5785.5,5.785499999999999,2.4050244709433954
5786.0,5.786000000000001,2.4075244709434074
5786.5,5.786500000000004,2.4100244709434193
5787.0,5.786999999999999,2.399828650052349
5787.5,5.787500000000001,2.402328650052361
5788.0,5.787999999999997,2.4048286500523375
5788.5,5.788499999999999,2.3946023559517116
5789.0,5.7890000000000015,2.3971023559517235
5789.5,5.789500000000004,2.3996023559517354
5790.0,5.789999999999999,2.3893461299937258
5790.5,5.7905000000000015,2.3918461299937377
5791.0,5.790999999999997,2.394346129993714
5791.5,5.791499999999999,2.3840515335393775
5792.0,5.792000000000002,2.3865515335393894
5792.5,5.792500000000004,2.3890515335394014
5793.0,5.792999999999999,2.378708187227474
5793.5,5.793500000000002,2.381208187227486
5794.0,5.793999999999997,2.3837081872274624
5794.5,5.794499999999999,2.3733074252075426
5795.0,5.795000000000002,2.3758074252075545
5795.5,5.795500000000004,2.3783074252075664
5796.0,5.795999999999999,2.3678475925087383
5796.5,5.796500000000002,2.3703475925087503
5797.0,5.796999999999997,2.3728475925087267
5797.5,5.797499999999999,2.3623230691711683
5798.0,5.798000000000002,2.3648230691711802
5798.5,5.798499999999997,2.3673230691711566
5799.0,5.7989999999999995,2.356717012033549
5799.5,5.799500000000002,2.359217012033561
5800.0,5.799999999999997,2.3617170120335373
5800.5,5.8004999999999995,2.351026551597819
5801.0,5.801000000000002,2.353526551597831
5801.5,5.801499999999997,2.3560265515978074
5802.0,5.802,2.345252484664506
5802.5,5.802500000000002,2.347752484664518
5803.0,5.802999999999997,2.3502524846644945
5803.5,5.8035,2.3394262804261245
5804.0,5.804000000000002,2.3419262804261365
5804.5,5.804499999999997,2.344426280426113
5805.0,5.805,2.3335900981726354
5805.5,5.805500000000002,2.3360900981726473
5806.0,5.805999999999997,2.3385900981726238
5806.5,5.8065,2.3277746982432745
5807.0,5.807000000000002,2.3302746982432865
5807.5,5.807499999999997,2.332774698243263
5808.0,5.808,2.3219983558549018
5808.5,5.808500000000002,2.3244983558549137
5809.0,5.8089999999999975,2.32699835585489
5809.5,5.8095,2.3162681898995885
5810.0,5.810000000000002,2.3187681898996004
5810.5,5.8104999999999976,2.321268189899577
5811.0,5.811,2.3105985465521073
5811.5,5.811500000000002,2.313098546552119
5812.0,5.811999999999998,2.3155985465520956
5812.5,5.8125,2.304997395664472
5813.0,5.813000000000002,2.307497395664484
5813.5,5.813499999999998,2.3099973956644604
5814.0,5.814,2.3124973956644723
5814.5,5.8145000000000024,2.3019540757688617
5815.0,5.814999999999998,2.304454075768838
5815.5,5.8155,2.30695407576885
5816.0,5.8160000000000025,2.296459707034977
5816.5,5.816499999999998,2.2989597070349532
5817.0,5.817,2.301459707034965
5817.5,5.817500000000003,2.29101761880667
5818.0,5.817999999999998,2.2935176188066464
5818.5,5.8185,2.2960176188066583
5819.0,5.819000000000003,2.285609042088268
5819.5,5.819499999999998,2.2881090420882444
5820.0,5.82,2.2906090420882563
5820.5,5.820500000000003,2.2802157721078586
5821.0,5.820999999999998,2.282715772107835
5821.5,5.8215,2.285215772107847
5822.0,5.822000000000003,2.2748110060852156
5822.5,5.822499999999998,2.277311006085192
5823.0,5.823,2.279811006085204
5823.5,5.823500000000003,2.2693828224394608
5824.0,5.823999999999998,2.271882822439437
5824.5,5.8245000000000005,2.274382822439449
5825.0,5.825000000000003,2.263916246147346
5825.5,5.825499999999998,2.2664162461473225
5826.0,5.8260000000000005,2.2689162461473344
5826.5,5.826500000000003,2.258426669712854
5827.0,5.826999999999998,2.2609266697128305
5827.5,5.827500000000001,2.2634266697128425
5828.0,5.828000000000003,2.2529201092592643
5828.5,5.828499999999998,2.2554201092592407
5829.0,5.829000000000001,2.2579201092592527
5829.5,5.829500000000003,2.2474046771099054
5830.0,5.829999999999998,2.249904677109882
5830.5,5.830500000000001,2.252404677109894
5831.0,5.831000000000003,2.2418994795491543
5831.5,5.831499999999998,2.2443994795491307
5832.0,5.832000000000001,2.2468994795491426
5832.5,5.832500000000003,2.23640935855574
5833.0,5.832999999999998,2.2389093585557163
5833.5,5.833500000000001,2.241409358555728
5834.0,5.834000000000003,2.2309676734242956
5834.5,5.8344999999999985,2.233467673424272
5835.0,5.835000000000001,2.235967673424284
5835.5,5.835499999999996,2.2256283068382388
5836.0,5.8359999999999985,2.2281283068382507
5836.5,5.836500000000001,2.2306283068382626
5837.0,5.837000000000003,2.2204195103342528
5837.5,5.837499999999999,2.222919510334229
5838.0,5.838000000000001,2.225419510334241
5838.5,5.838499999999996,2.215365187856264
5839.0,5.838999999999999,2.217865187856276
5839.5,5.839500000000001,2.220365187856288
5840.0,5.840000000000003,2.2104678560741675
5840.5,5.840499999999999,2.212967856074144
5841.0,5.841000000000001,2.215467856074156
5841.5,5.841499999999996,2.2057304592576443
5842.0,5.841999999999999,2.2082304592576563
5842.5,5.842500000000001,2.210730459257668
5843.0,5.8430000000000035,2.2011512380641562
5843.5,5.843499999999999,2.2036512380641327
5844.0,5.844000000000001,2.2061512380641446
5844.5,5.8444999999999965,2.196730047262818
5845.0,5.844999999999999,2.19923004726283
5845.5,5.845500000000001,2.201730047262842
5846.0,5.846000000000004,2.192450277501301
5846.5,5.846499999999999,2.1949502775012775
5847.0,5.847000000000001,2.1974502775012894
5847.5,5.847499999999997,2.1882937461111496
5848.0,5.847999999999999,2.1907937461111615
5848.5,5.848500000000001,2.1932937461111734
5849.0,5.849000000000004,2.184244695428461
5849.5,5.849499999999999,2.1867446954284375
5850.0,5.850000000000001,2.1892446954284495
5850.5,5.850499999999997,2.180272860333048
5851.0,5.850999999999999,2.18277286033306
5851.5,5.8515000000000015,2.1852728603330718
5852.0,5.852000000000004,2.176344979084206
5852.5,5.852499999999999,2.1788449790841824
5853.0,5.8530000000000015,2.1813449790841943
5853.5,5.853499999999997,2.1724335995352106
5854.0,5.853999999999999,2.1749335995352226
5854.5,5.854500000000002,2.1774335995352345
5855.0,5.855000000000004,2.1684982704412548
5855.5,5.855499999999999,2.170998270441231
5856.0,5.856000000000002,2.173498270441243
5856.5,5.856499999999997,2.1645324537427513
5857.0,5.856999999999999,2.167032453742763
5857.5,5.857500000000002,2.169532453742775
5858.0,5.858000000000004,2.1605352385461885
5858.5,5.858499999999999,2.163035238546165
5859.0,5.859000000000002,2.165535238546177
5859.5,5.859499999999997,2.156500862458266
5860.0,5.859999999999999,2.159000862458278
5860.5,5.860500000000002,2.16150086245829
5861.0,5.860999999999997,2.152445850307352
5861.5,5.8614999999999995,2.1549458503073637
5862.0,5.862000000000002,2.1574458503073757
5862.5,5.862499999999997,2.148402332700101
5863.0,5.8629999999999995,2.150902332700113
5863.5,5.863500000000002,2.153402332700125
5864.0,5.863999999999997,2.144391087453954
5864.5,5.8645,2.146891087453966
5865.0,5.865000000000002,2.149391087453978
5865.5,5.865499999999997,2.140422252267271
5866.0,5.866,2.142922252267283
5866.5,5.866500000000002,2.145422252267295
5867.0,5.866999999999997,2.1365073724608408
5867.5,5.8675,2.1390073724608527
5868.0,5.868000000000002,2.1415073724608646
5868.5,5.868499999999997,2.1326404032812363
5869.0,5.869,2.135140403281248
5869.5,5.869500000000002,2.13764040328126
5870.0,5.869999999999997,2.128817891625374
5870.5,5.8705,2.131317891625386
5871.0,5.871000000000002,2.133817891625398
5871.5,5.8714999999999975,2.125026604055691
5872.0,5.872,2.127526604055703
5872.5,5.872500000000002,2.1300266040557148
5873.0,5.8729999999999976,2.1212407560957303
5873.5,5.8735,2.123740756095742
5874.0,5.874000000000002,2.126240756095754
5874.5,5.874499999999998,2.1174448783458644
5875.0,5.875,2.1199448783458763
5875.5,5.875500000000002,2.1224448783458882
5876.0,5.875999999999998,2.113611749611799
5876.5,5.8765,2.116111749611811
5877.0,5.8770000000000024,2.118611749611823
5877.5,5.877499999999998,2.1097133361399045
5878.0,5.878,2.1122133361399165
5878.5,5.8785000000000025,2.1147133361399284
5879.0,5.878999999999998,2.105728429543099
5879.5,5.8795,2.108228429543111
5880.0,5.880000000000003,2.110728429543123
5880.5,5.880499999999998,2.1016532833671775
5881.0,5.881,2.1041532833671894
5881.5,5.881500000000003,2.1066532833672014
5882.0,5.881999999999998,2.097490889158067
5882.5,5.8825,2.0999908891580787
5883.0,5.883000000000003,2.1024908891580907
5883.5,5.883499999999998,2.0932390956435754
5884.0,5.884,2.0957390956435873
5884.5,5.884500000000003,2.0982390956435992
5885.0,5.884999999999998,2.088895424896826
5885.5,5.8855,2.091395424896838
5886.0,5.886000000000003,2.09389542489685
5886.5,5.886499999999998,2.0844487288227853
5887.0,5.8870000000000005,2.0869487288227972
5887.5,5.887500000000003,2.089448728822809
5888.0,5.887999999999998,2.0799038247554336
5888.5,5.8885000000000005,2.0824038247554455
5889.0,5.889000000000003,2.0849038247554574
5889.5,5.889499999999998,2.087403824755434
5890.0,5.890000000000001,2.0777360669369926
5890.5,5.890500000000003,2.0802360669370046
5891.0,5.890999999999998,2.082736066936981
5891.5,5.891500000000001,2.072938715018786
5892.0,5.892000000000003,2.075438715018798
5892.5,5.892499999999998,2.0779387150187745
5893.0,5.893000000000001,2.0680226087908338
5893.5,5.893500000000003,2.0705226087908457
5894.0,5.893999999999998,2.073022608790822
5894.5,5.894500000000001,2.062992128675347
5895.0,5.895000000000003,2.065492128675359
5895.5,5.895499999999998,2.0679921286753356
5896.0,5.896000000000001,2.0578382536472617
5896.5,5.896500000000003,2.0603382536472736
5897.0,5.8969999999999985,2.06283825364725
5897.5,5.897500000000001,2.0525514707708936
5898.0,5.897999999999996,2.05505147077087
5898.5,5.8984999999999985,2.057551470770882
5899.0,5.899000000000001,2.047158923265364
5899.5,5.899500000000003,2.049658923265376
5900.0,5.899999999999999,2.0521589232653525
5900.5,5.900500000000001,2.041688077825903
5901.0,5.900999999999996,2.044188077825879
5901.5,5.901499999999999,2.046688077825891
5902.0,5.902000000000001,2.036138761540691
5902.5,5.902500000000003,2.038638761540703
5903.0,5.902999999999999,2.0411387615406795
5903.5,5.903500000000001,2.0305176983442763
5904.0,5.903999999999996,2.0330176983442527
5904.5,5.904499999999999,2.0355176983442647
5905.0,5.905000000000001,2.024848424560588
5905.5,5.9055000000000035,2.0273484245606
5906.0,5.905999999999999,2.0298484245605763
5906.5,5.906500000000001,2.0191695425970124
5907.0,5.9069999999999965,2.021669542596989
5907.5,5.907499999999999,2.0241695425970008
5908.0,5.908000000000001,2.0134903169614304
5908.5,5.908500000000004,2.0159903169614424
5909.0,5.908999999999999,2.018490316961419
5909.5,5.909500000000001,2.007820820884021
5910.0,5.909999999999997,2.0103208208839973
5910.5,5.910499999999999,2.0128208208840093
5911.0,5.911000000000001,2.002156683023877
5911.5,5.911500000000004,2.0046566830238888
5912.0,5.911999999999999,2.007156683023865
5912.5,5.912500000000001,1.9964858321884194
5913.0,5.912999999999997,1.9989858321883958
5913.5,5.913499999999999,2.0014858321884077
5914.0,5.9140000000000015,1.9907910802145068
5914.5,5.914500000000004,1.9932910802145187
5915.0,5.914999999999999,1.9957910802144951
5915.5,5.9155000000000015,1.9850846458564675
5916.0,5.915999999999997,1.987584645856444
5916.5,5.916499999999999,1.9900846458564558
5917.0,5.917000000000002,1.9793612167066854
5917.5,5.917500000000004,1.9818612167066973
5918.0,5.917999999999999,1.9843612167066738
5918.5,5.918500000000002,1.9736134301106034
5919.0,5.918999999999997,1.9761134301105798
5919.5,5.919499999999999,1.9786134301105918
5920.0,5.920000000000002,1.9678332570058643
5920.5,5.920500000000004,1.9703332570058762
5921.0,5.920999999999999,1.9728332570058527
5921.5,5.921500000000002,1.9620068176953964
5922.0,5.921999999999997,1.9645068176953728
5922.5,5.922499999999999,1.9670068176953848
5923.0,5.923000000000002,1.9561430896640886
5923.5,5.923499999999997,1.958643089664065
5924.0,5.9239999999999995,1.961143089664077
5924.5,5.924500000000002,1.9502274053918
5925.0,5.924999999999997,1.9527274053917765
5925.5,5.9254999999999995,1.9552274053917884
5926.0,5.926000000000002,1.9442688603034952
5926.5,5.926499999999997,1.9467688603034716
5927.0,5.927,1.9492688603034836
5927.5,5.927500000000002,1.938282153934523
5928.0,5.927999999999997,1.9407821539344994
5928.5,5.9285,1.9432821539345113
5929.0,5.929000000000002,1.9322948817527674
5929.5,5.929499999999997,1.9347948817527438
5930.0,5.93,1.9372948817527558
5930.5,5.930500000000002,1.9263373068086054
5931.0,5.930999999999997,1.9288373068085818
5931.5,5.9315,1.9313373068085937
5932.0,5.932000000000002,1.9204536992689114
5932.5,5.932499999999997,1.9229536992688878
5933.0,5.933,1.9254536992688998
5933.5,5.933500000000002,1.914680921331744
5934.0,5.9339999999999975,1.9171809213317204
5934.5,5.9345,1.9196809213317323
5935.0,5.935000000000002,1.909067036291603
5935.5,5.9354999999999976,1.9115670362915793
5936.0,5.936,1.9140670362915913
5936.5,5.936500000000002,1.903654754725821
5937.0,5.936999999999998,1.9061547547257973
5937.5,5.9375,1.9086547547258093
5938.0,5.938000000000002,1.8984807903379775
5938.5,5.938499999999998,1.9009807903379539
5939.0,5.939,1.9034807903379658
5939.5,5.9395000000000024,1.8935759379046146
5940.0,5.939999999999998,1.896075937904591
5940.5,5.9405,1.898575937904603
5941.0,5.9410000000000025,1.8889620274949337
5941.5,5.941499999999998,1.89146202749491
5942.0,5.942,1.893962027494922
5942.5,5.942500000000003,1.8846534488933742
5943.0,5.942999999999998,1.8871534488933506
5943.5,5.9435,1.8896534488933625
5944.0,5.944000000000003,1.8806346940036178
5944.5,5.944499999999998,1.8831346940035942
5945.0,5.945,1.8856346940036062
5945.5,5.945500000000003,1.876891905223843
5946.0,5.945999999999998,1.8793919052238195
5946.5,5.9465,1.8818919052238314
5947.0,5.947000000000003,1.873396953712323
5947.5,5.947499999999998,1.8758969537122994
5948.0,5.948,1.8783969537123113
5948.5,5.948500000000003,1.870106674802976
5949.0,5.948999999999998,1.8726066748029524
5949.5,5.9495000000000005,1.8751066748029643
5950.0,5.950000000000003,1.8669672659946457
5950.5,5.950499999999998,1.869467265994622
5951.0,5.9510000000000005,1.871967265994634
5951.5,5.951500000000003,1.8639350594576243
5952.0,5.951999999999998,1.8664350594576007
5952.5,5.952500000000001,1.8689350594576126
5953.0,5.953000000000003,1.8609314836024993
5953.5,5.953499999999998,1.8634314836024757
5954.0,5.954000000000001,1.8659314836024876
5954.5,5.954500000000003,1.8578818104382933
5955.0,5.954999999999998,1.8603818104382697
5955.5,5.955500000000001,1.8628818104382816
5956.0,5.956000000000003,1.854740208310055
5956.5,5.956499999999998,1.8572402083100314
5957.0,5.957000000000001,1.8597402083100434
5957.5,5.957500000000003,1.8514511165712833
5958.0,5.957999999999998,1.8539511165712597
5958.5,5.958500000000001,1.8564511165712716
5959.0,5.959000000000003,1.8479654897558717
5959.5,5.9594999999999985,1.8504654897558481
5960.0,5.960000000000001,1.85296548975586
5960.5,5.960499999999996,1.8442598487843753
5961.0,5.9609999999999985,1.8467598487843873
5961.5,5.961500000000001,1.8492598487843992
5962.0,5.962000000000003,1.8403189696410394
5962.5,5.962499999999999,1.8428189696410158
5963.0,5.963000000000001,1.8453189696410277
5963.5,5.963499999999996,1.8361386214332498
5964.0,5.963999999999999,1.8386386214332617
5964.5,5.964500000000001,1.8411386214332737
5965.0,5.965000000000003,1.8436386214332856
5965.5,5.965499999999999,1.8342413905055466
5966.0,5.966000000000001,1.8367413905055585
5966.5,5.966499999999996,1.839241390505535
5967.0,5.966999999999999,1.8296575125122772
5967.5,5.967500000000001,1.832157512512289
5968.0,5.9680000000000035,1.834657512512301
5968.5,5.968499999999999,1.8249490522248024
5969.0,5.969000000000001,1.8274490522248144
5969.5,5.9694999999999965,1.8299490522247908
5970.0,5.969999999999999,1.8201752815625127
5970.5,5.970500000000001,1.8226752815625247
5971.0,5.971000000000004,1.8251752815625366
5971.5,5.971499999999999,1.8153920344415653
5972.0,5.972000000000001,1.8178920344415772
5972.5,5.972499999999997,1.8203920344415536
5973.0,5.972999999999999,1.8106330475199073
5973.5,5.973500000000001,1.8131330475199192
5974.0,5.974000000000004,1.8156330475199312
5974.5,5.974499999999999,1.8059439461072202
5975.0,5.975000000000001,1.8084439461072321
5975.5,5.975499999999997,1.8109439461072085
5976.0,5.975999999999999,1.8013292814235626
5976.5,5.9765000000000015,1.8038292814235746
5977.0,5.977000000000004,1.8063292814235865
5977.5,5.977499999999999,1.796790432869635
5978.0,5.9780000000000015,1.7992904328696468
5978.5,5.978499999999997,1.8017904328696233
5979.0,5.978999999999999,1.7923120629853884
5979.5,5.979500000000002,1.7948120629854003
5980.0,5.980000000000004,1.7973120629854122
5980.5,5.980499999999999,1.7878654532133353
5981.0,5.981000000000002,1.7903654532133473
5981.5,5.981499999999997,1.7928654532133237
5982.0,5.981999999999999,1.7834153233235739
5982.5,5.982500000000002,1.7859153233235858
5983.0,5.983000000000004,1.7884153233235978
5983.5,5.983499999999999,1.778928996889526
5984.0,5.984000000000002,1.781428996889538
5984.5,5.984499999999997,1.7839289968895145
5985.0,5.984999999999999,1.774348704180504
5985.5,5.985500000000002,1.7768487041805159
5986.0,5.985999999999997,1.7793487041804923
5986.5,5.9864999999999995,1.7696058358487576
5987.0,5.987000000000002,1.7721058358487696
5987.5,5.987499999999997,1.774605835848746
5988.0,5.9879999999999995,1.764637072097166
5988.5,5.988500000000002,1.767137072097178
5989.0,5.988999999999997,1.7696370720971544
5989.5,5.9895,1.7594032344410238
5990.0,5.990000000000002,1.7619032344410357
5990.5,5.990499999999997,1.764403234441012
5991.0,5.991,1.7538865992335317
5991.5,5.991500000000002,1.7563865992335437
5992.0,5.991999999999997,1.75888659923352
5992.5,5.9925,1.7480806897632917
5993.0,5.993000000000002,1.7505806897633036
5993.5,5.993499999999997,1.75308068976328
5994.0,5.994,1.741974181736019
5994.5,5.994500000000002,1.744474181736031
5995.0,5.994999999999997,1.7469741817360074
5995.5,5.9955,1.7355843119673864
5996.0,5.996000000000002,1.7380843119673983
5996.5,5.9964999999999975,1.7405843119673747
5997.0,5.997,1.728943500880149
5997.5,5.997500000000002,1.731443500880161
5998.0,5.9979999999999976,1.7339435008801374
5998.5,5.9985,1.722096136056166
5999.0,5.999000000000002,1.724596136056178
5999.5,5.999499999999998,1.7270961360561543
6000.0,6.0,1.715105004964954
6000.5,6.000500000000002,1.717605004964966
6001.0,6.000999999999998,1.7201050049649425
6001.5,6.0015,1.7080381084651464
6002.0,6.0020000000000024,1.7105381084651583
6002.5,6.002499999999998,1.7130381084651347
6003.0,6.003,1.7009849953914369
6003.5,6.0035000000000025,1.7034849953914488
6004.0,6.003999999999998,1.7059849953914252
6004.5,6.0045,1.694010177746712
6005.0,6.005000000000003,1.696510177746724
6005.5,6.005499999999998,1.6990101777467004
6006.0,6.006,1.6871743631310565
6006.5,6.006500000000003,1.6896743631310684
6007.0,6.006999999999998,1.6921743631310449
6007.5,6.0075,1.680539127796763
6008.0,6.008000000000003,1.683039127796775
6008.5,6.008499999999998,1.6855391277967513
6009.0,6.009,1.6741480538158982
6009.5,6.009500000000003,1.67664805381591
6010.0,6.009999999999998,1.6791480538158865
6010.5,6.0105,1.6680223125504412
6011.0,6.011000000000003,1.6705223125504531
6011.5,6.011499999999998,1.6730223125504295
6012.0,6.0120000000000005,1.6621578326238051
6012.5,6.012500000000003,1.664657832623817
6013.0,6.012999999999998,1.6671578326237935
6013.5,6.0135000000000005,1.6565481536849092
6014.0,6.014000000000003,1.659048153684921
6014.5,6.014499999999998,1.6615481536848975
6015.0,6.015000000000001,1.6511579599792725
6015.5,6.015500000000003,1.6536579599792844
6016.0,6.015999999999998,1.6561579599792609
6016.5,6.016500000000001,1.645922584717745
6017.0,6.017000000000003,1.648422584717757
6017.5,6.017499999999998,1.6509225847177333
6018.0,6.018000000000001,1.64078556216662
6018.5,6.018500000000003,1.643285562166632
6019.0,6.018999999999998,1.6457855621666084
6019.5,6.019500000000001,1.635697350192764
6020.0,6.020000000000003,1.638197350192776
6020.5,6.020499999999998,1.6406973501927524
6021.0,6.021000000000001,1.6306312945815549
6021.5,6.021500000000003,1.6331312945815668
6022.0,6.0219999999999985,1.6356312945815432
6022.5,6.022500000000001,1.625546985294335
6023.0,6.022999999999996,1.6280469852943114
6023.5,6.0234999999999985,1.6305469852943233
6024.0,6.024000000000001,1.6204135389834562
6024.5,6.024500000000003,1.6229135389834681
6025.0,6.024999999999999,1.6254135389834445
6025.5,6.025500000000001,1.61520439201432
6026.0,6.025999999999996,1.6177043920142964
6026.5,6.026499999999999,1.6202043920143083
6027.0,6.027000000000001,1.609898670208203
6027.5,6.027500000000003,1.612398670208215
6028.0,6.027999999999999,1.6148986702081913
6028.5,6.028500000000001,1.6045147308438956
6029.0,6.028999999999996,1.607014730843872
6029.5,6.029499999999999,1.609514730843884
6030.0,6.030000000000001,1.5990889560713129
6030.5,6.0305000000000035,1.6015889560713248
6031.0,6.030999999999999,1.6040889560713012
6031.5,6.031500000000001,1.5936508151910544
6032.0,6.0319999999999965,1.5961508151910309
6032.5,6.032499999999999,1.5986508151910428
6033.0,6.033000000000001,1.5882210502051919
6033.5,6.033500000000004,1.5907210502052038
6034.0,6.033999999999999,1.5932210502051802
6034.5,6.034500000000001,1.5828351290435805
6035.0,6.034999999999997,1.585335129043557
6035.5,6.035499999999999,1.5878351290435688
6036.0,6.036000000000001,1.5775233654310838
6036.5,6.036500000000004,1.5800233654310958
6037.0,6.036999999999999,1.5825233654310722
6037.5,6.037500000000001,1.572307086025937
6038.0,6.037999999999997,1.5748070860259133
6038.5,6.038499999999999,1.5773070860259253
6039.0,6.0390000000000015,1.5672108616224634
6039.5,6.039500000000004,1.5697108616224753
6040.0,6.039999999999999,1.5722108616224517
