Time (fs),Displacement (A),Force (eV/A)
0.0,0.0,0.0
0.5,0.0005000000000023874,0.002500000000011937
1.0,0.0009999999999976694,0.004172067574010896
1.5,0.0015000000000000568,0.006672067574022833
2.0,0.0020000000000024443,0.00917206757403477
2.5,0.0024999999999977263,0.010790446740855941
3.0,0.0030000000000001137,0.013290446740867878
3.5,0.003500000000002501,0.015790446740879815
4.0,0.003999999999997783,0.017325414101705405
4.5,0.0045000000000001705,0.019825414101717342
5.0,0.005000000000002558,0.02232541410172928
5.5,0.00549999999999784,0.023783037823861264
6.0,0.006000000000000227,0.0262830378238732
6.5,0.006500000000002615,0.028783037823885138
7.0,0.006999999999997897,0.030180203479623913
7.5,0.007500000000000284,0.03268020347963585
8.0,0.008000000000002672,0.03518020347964779
8.5,0.008499999999997954,0.03653434396518662
9.0,0.009000000000000341,0.03903434396519856
9.5,0.009500000000002728,0.041534343965210496
10.0,0.00999999999999801,0.0428694404179808
10.5,0.010500000000000398,0.045369440417992735
11.0,0.011000000000002785,0.04786944041800467
11.5,0.011499999999998067,0.04919918994488626
12.0,0.012000000000000455,0.051699189944898194
12.5,0.012500000000002842,0.05419918994491013
13.0,0.012999999999998124,0.05553980665979452
13.5,0.013500000000000512,0.05803980665980646
14.0,0.014000000000002899,0.060539806659818396
14.5,0.014499999999998181,0.061904523688696145
15.0,0.015000000000000568,0.06440452368870808
15.5,0.015500000000002956,0.06690452368872002
16.0,0.015999999999998238,0.06830288003040863
16.5,0.016500000000000625,0.07080288003042057
17.0,0.017000000000003013,0.0733028800304325
17.5,0.017499999999998295,0.07474231162024836
18.0,0.018000000000000682,0.0772423116202603
18.5,0.01850000000000307,0.07974231162027223
19.0,0.01899999999999835,0.08120938624273322
19.5,0.01950000000000074,0.08370938624274515
20.0,0.020000000000003126,0.08620938624275709
20.5,0.02049999999999841,0.08767902873778155
21.0,0.021000000000000796,0.09017902873779349
21.5,0.021500000000003183,0.09267902873780542
22.0,0.021999999999998465,0.09415129568136393
22.5,0.022500000000000853,0.09665129568137587
23.0,0.02300000000000324,0.09915129568138781
23.5,0.023499999999998522,0.10062670046906419
24.0,0.02400000000000091,0.10312670046907613
24.5,0.024500000000003297,0.10562670046908806
25.0,0.02499999999999858,0.10712201141902966
25.5,0.025500000000000966,0.1096220114190416
26.0,0.026000000000003354,0.11212201141905354
26.5,0.026499999999998636,0.11366576304787657
27.0,0.027000000000001023,0.1161657630478885
27.5,0.02750000000000341,0.11866576304790044
28.0,0.027999999999998693,0.12027466954631194
28.5,0.02850000000000108,0.12277466954632388
29.0,0.029000000000003467,0.12527466954633582
29.5,0.02949999999999875,0.1269416609163443
30.0,0.030000000000001137,0.12944166091635623
30.5,0.030500000000003524,0.13194166091636816
31.0,0.030999999999998806,0.1336811813684946
31.5,0.031500000000001194,0.13618118136850654
32.0,0.031999999999996476,0.13868118136848295
32.5,0.03249999999999886,0.1404948565102515
33.0,0.03300000000000125,0.14299485651026345
33.5,0.03349999999999653,0.14549485651023986
34.0,0.03399999999999892,0.1473670555230555
34.5,0.03450000000000131,0.14986705552306745
35.0,0.03499999999999659,0.15236705552304386
35.5,0.03549999999999898,0.15428977336924277
36.0,0.036000000000001364,0.1567897733692547
36.5,0.036499999999996646,0.1592897733692311
37.0,0.036999999999999034,0.1612763200548173
37.5,0.03750000000000142,0.16377632005482923
38.0,0.0379999999999967,0.16627632005480564
38.5,0.03849999999999909,0.16833568017009526
39.0,0.03900000000000148,0.1708356801701072
39.5,0.03949999999999676,0.1733356801700836
40.0,0.03999999999999915,0.17547128508788035
40.5,0.040500000000001535,0.17797128508789228
41.0,0.04099999999999682,0.1804712850878687
41.5,0.041499999999999204,0.18270344712458808
42.0,0.04200000000000159,0.18520344712460002
42.5,0.042499999999996874,0.18770344712457643
43.0,0.04299999999999926,0.19001850888844984
43.5,0.04350000000000165,0.19251850888846178
44.0,0.04399999999999693,0.1950185088884382
44.5,0.04449999999999932,0.19741293490007195
45.0,0.045000000000001705,0.19991293490008388
45.5,0.04549999999999699,0.2024129349000603
46.0,0.045999999999999375,0.2049086429592606
46.5,0.04650000000000176,0.20740864295927253
47.0,0.046999999999997044,0.20990864295924894
47.5,0.04749999999999943,0.21251279929423106
48.0,0.04800000000000182,0.215012799294243
48.5,0.0484999999999971,0.2175127992942194
49.0,0.04899999999999949,0.22020894254694667
49.5,0.049500000000001876,0.2227089425469586
50.0,0.04999999999999716,0.22520894254693502
50.5,0.050499999999999545,0.22797799270971808
51.0,0.05100000000000193,0.23047799270973002
51.5,0.051499999999997215,0.23297799270970643
52.0,0.0519999999999996,0.2358016812683772
52.5,0.05250000000000199,0.23830168126838913
53.0,0.05299999999999727,0.24080168126836554
53.5,0.05349999999999966,0.24366774836110494
54.0,0.054000000000002046,0.24616774836111688
54.5,0.05449999999999733,0.2486677483610933
55.0,0.054999999999999716,0.25154976618942726
55.5,0.0555000000000021,0.2540497661894392
56.0,0.055999999999997385,0.2565497661894156
56.5,0.05649999999999977,0.25943303476935853
57.0,0.05700000000000216,0.26193303476937047
57.5,0.05749999999999744,0.2644330347693469
58.0,0.05799999999999983,0.2673054804906627
58.5,0.05850000000000222,0.26980548049067465
59.0,0.0589999999999975,0.27230548049065106
59.5,0.059499999999999886,0.27515790236062543
60.0,0.060000000000002274,0.27765790236063737
60.5,0.060499999999997556,0.2801579023606138
61.0,0.06099999999999994,0.2829594743952413
61.5,0.06150000000000233,0.2854594743952532
62.0,0.06199999999999761,0.2879594743952296
62.5,0.0625,0.2906809743293337
63.0,0.06300000000000239,0.29318097432934564
63.5,0.06349999999999767,0.29568097432932205
64.0,0.06400000000000006,0.29831213797713474
64.5,0.06450000000000244,0.3008121379771467
65.0,0.06499999999999773,0.3033121379771231
65.5,0.06550000000000011,0.3058545930358392
66.0,0.0660000000000025,0.3083545930358511
66.5,0.06649999999999778,0.3108545930358275
67.0,0.06700000000000017,0.31331011890436855
67.5,0.06750000000000256,0.3158101189043805
68.0,0.06799999999999784,0.3183101189043569
68.5,0.06850000000000023,0.3206667436704791
69.0,0.06900000000000261,0.32316674367049103
69.5,0.0694999999999979,0.32566674367046744
70.0,0.07000000000000028,0.32792913257924994
70.5,0.07050000000000267,0.3304291325792619
71.0,0.07099999999999795,0.3329291325792383
71.5,0.07150000000000034,0.3351133879014867
72.0,0.07200000000000273,0.33761338790149864
72.5,0.07249999999999801,0.34011338790147505
73.0,0.0730000000000004,0.342231715936272
73.5,0.07350000000000279,0.34473171593628393
74.0,0.07399999999999807,0.34723171593626034
74.5,0.07450000000000045,0.3492989843838856
75.0,0.07500000000000284,0.35179898438389756
75.5,0.07549999999999812,0.35429898438387397
76.0,0.07600000000000051,0.3567989843838859
76.5,0.0765000000000029,0.3588181424848358
77.0,0.07699999999999818,0.3613181424848122
77.5,0.07750000000000057,0.36381814248482414
78.0,0.07800000000000296,0.36580793544658263
78.5,0.07849999999999824,0.36830793544655904
79.0,0.07900000000000063,0.370807935446571
79.5,0.07950000000000301,0.37278644768232283
80.0,0.0799999999999983,0.37528644768229924
80.5,0.08050000000000068,0.3777864476823112
81.0,0.08100000000000307,0.3797554541799286
81.5,0.08149999999999835,0.38225545417990503
82.0,0.08200000000000074,0.38475545417991697
82.5,0.08250000000000313,0.38669992205484505
83.0,0.08299999999999841,0.38919992205482146
83.5,0.0835000000000008,0.3916999220548334
84.0,0.08400000000000318,0.39360507103555875
84.5,0.08449999999999847,0.39610507103553516
85.0,0.08500000000000085,0.3986050710355471
85.5,0.08550000000000324,0.4004650412217714
86.0,0.08599999999999852,0.4029650412217478
86.5,0.08650000000000091,0.40546504122175975
87.0,0.0870000000000033,0.4072762985125067
87.5,0.08749999999999858,0.4097762985124831
88.0,0.08800000000000097,0.41227629851249503
88.5,0.08850000000000335,0.4140147373715308
89.0,0.08899999999999864,0.41651473737150724
89.5,0.08950000000000102,0.4190147373715192
90.0,0.09000000000000341,0.4206561109262097
90.5,0.09049999999999869,0.4231561109261861
91.0,0.09100000000000108,0.42565611092619804
91.5,0.09150000000000347,0.4271857307196214
92.0,0.09199999999999875,0.4296857307195978
92.5,0.09250000000000114,0.43218573071960975
93.0,0.09300000000000352,0.43357607121649266
93.5,0.0934999999999988,0.4360760712164691
94.0,0.0940000000000012,0.438576071216481
94.5,0.09449999999999648,0.4398233246575245
95.0,0.09499999999999886,0.44232332465753643
95.5,0.09550000000000125,0.44482332465754837
96.0,0.09599999999999653,0.44591799226953555
96.5,0.09649999999999892,0.4484179922695475
97.0,0.09700000000000131,0.4509179922695594
97.5,0.09749999999999659,0.4518357436499443
98.0,0.09799999999999898,0.4543357436499562
98.5,0.09850000000000136,0.45683574364996815
99.0,0.09899999999999665,0.45760018378683043
99.5,0.09949999999999903,0.46010018378684236
100.0,0.10000000000000142,0.4626001837868543
100.5,0.1004999999999967,0.46326118077864464
101.0,0.10099999999999909,0.4657611807786566
101.5,0.10150000000000148,0.4682611807786685
102.0,0.10199999999999676,0.46887937479766606
102.5,0.10249999999999915,0.471379374797678
103.0,0.10300000000000153,0.47387937479768993
103.5,0.10349999999999682,0.47448754722431374
104.0,0.1039999999999992,0.4769875472243257
104.5,0.10450000000000159,0.4794875472243376
105.0,0.10499999999999687,0.48014035762214746
105.5,0.10549999999999926,0.4826403576221594
106.0,0.10600000000000165,0.48514035762217134
106.5,0.10649999999999693,0.48587894706706436
107.0,0.10699999999999932,0.4883789470670763
107.5,0.1075000000000017,0.49087894706708823
108.0,0.10799999999999699,0.4917461297095471
108.5,0.10849999999999937,0.49424612970955906
109.0,0.10900000000000176,0.496746129709571
109.5,0.10949999999999704,0.49777287468003806
110.0,0.10999999999999943,0.50027287468005
110.5,0.11050000000000182,0.5027728746800619
111.0,0.1109999999999971,0.5039722036104521
111.5,0.11149999999999949,0.5064722036104641
112.0,0.11200000000000188,0.508972203610476
112.5,0.11249999999999716,0.5103490185857851
113.0,0.11299999999999955,0.512849018585797
113.5,0.11350000000000193,0.515349018585809
114.0,0.11399999999999721,0.5168834056210159
114.5,0.1144999999999996,0.5193834056210278
115.0,0.11500000000000199,0.5218834056210397
115.5,0.11549999999999727,0.5235495057864981
116.0,0.11599999999999966,0.52604950578651
116.5,0.11650000000000205,0.5285495057865219
117.0,0.11699999999999733,0.5303200821196086
117.5,0.11749999999999972,0.5328200821196205
118.0,0.1180000000000021,0.5353200821196324
118.5,0.11849999999999739,0.5371810112466591
119.0,0.11899999999999977,0.539681011246671
119.5,0.11950000000000216,0.5421810112466829
120.0,0.11999999999999744,0.5441244339752771
120.5,0.12049999999999983,0.546624433975289
121.0,0.12100000000000222,0.549124433975301
121.5,0.1214999999999975,0.5511087164942907
122.0,0.12199999999999989,0.5536087164943027
122.5,0.12250000000000227,0.5561087164943146
123.0,0.12299999999999756,0.5581007590883402
123.5,0.12349999999999994,0.5606007590883522
124.0,0.12400000000000233,0.5631007590883641
124.5,0.12449999999999761,0.5650701276441339
125.0,0.125,0.5675701276441458
125.5,0.1255000000000024,0.5700701276441578
126.0,0.12599999999999767,0.5719989167817019
126.5,0.12650000000000006,0.5744989167817138
127.0,0.12700000000000244,0.5769989167817258
127.5,0.12749999999999773,0.5788674136017846
128.0,0.1280000000000001,0.5813674136017966
128.5,0.1285000000000025,0.5838674136018085
129.0,0.12899999999999778,0.5856699598119164
129.5,0.12950000000000017,0.5881699598119283
130.0,0.13000000000000256,0.5906699598119403
130.5,0.13049999999999784,0.5924093004536601
131.0,0.13100000000000023,0.5949093004536721
131.5,0.13150000000000261,0.597409300453684
132.0,0.1319999999999979,0.5991015832328728
132.5,0.13250000000000028,0.6016015832328847
133.0,0.13300000000000267,0.6041015832328966
133.5,0.13349999999999795,0.6057764819243872
134.0,0.13400000000000034,0.6082764819243991
134.5,0.13450000000000273,0.610776481924411
135.0,0.134999999999998,0.612454979102921
135.5,0.1355000000000004,0.614954979102933
136.0,0.13600000000000279,0.6174549791029449
136.5,0.13649999999999807,0.619152617780756
137.0,0.13700000000000045,0.621652617780768
137.5,0.13750000000000284,0.6241526177807799
138.0,0.13799999999999812,0.625898467518553
138.5,0.1385000000000005,0.628398467518565
139.0,0.1390000000000029,0.6308984675185769
139.5,0.13949999999999818,0.6327350746088811
140.0,0.14000000000000057,0.6352350746088931
140.5,0.14050000000000296,0.637735074608905
141.0,0.14099999999999824,0.6396978637074824
141.5,0.14150000000000063,0.6421978637074943
142.0,0.142000000000003,0.6446978637075063
142.5,0.1424999999999983,0.646790046230663
143.0,0.14300000000000068,0.649290046230675
143.5,0.14350000000000307,0.6517900462306869
144.0,0.14399999999999835,0.6540000989755868
144.5,0.14450000000000074,0.6565000989755987
145.0,0.14500000000000313,0.6590000989756106
145.5,0.1454999999999984,0.661315357813308
146.0,0.1460000000000008,0.6638153578133199
146.5,0.14650000000000318,0.6663153578133318
147.0,0.14699999999999847,0.6687405339431507
147.5,0.14750000000000085,0.6712405339431626
148.0,0.14800000000000324,0.6737405339431746
148.5,0.14849999999999852,0.6762320592798687
149.0,0.1490000000000009,0.6787320592798807
149.5,0.1495000000000033,0.6812320592798926
150.0,0.14999999999999858,0.6837689989526297
150.5,0.15050000000000097,0.6862689989526416
151.0,0.15100000000000335,0.6887689989526535
151.5,0.15149999999999864,0.6912689989526299
152.0,0.15200000000000102,0.6938152452312707
152.5,0.1525000000000034,0.6963152452312826
153.0,0.1529999999999987,0.698815245231259
153.5,0.15350000000000108,0.7013284702894751
154.0,0.15400000000000347,0.703828470289487
154.5,0.15449999999999875,0.7063284702894634
155.0,0.15500000000000114,0.7087945668373763
155.5,0.15550000000000352,0.7112945668373882
156.0,0.1559999999999988,0.7137945668373646
156.5,0.1565000000000012,0.7161950280762497
157.0,0.15699999999999648,0.7186950280762261
157.5,0.15749999999999886,0.721195028076238
158.0,0.15800000000000125,0.7235113258480652
158.5,0.15849999999999653,0.7260113258480416
159.0,0.15899999999999892,0.7285113258480536
159.5,0.1595000000000013,0.7307458879126827
160.0,0.1599999999999966,0.7332458879126591
160.5,0.16049999999999898,0.735745887912671
161.0,0.16100000000000136,0.737885548192807
161.5,0.16149999999999665,0.7403855481927835
162.0,0.16199999999999903,0.7428855481927954
162.5,0.16250000000000142,0.7449240206157981
163.0,0.1629999999999967,0.7474240206157745
163.5,0.1634999999999991,0.7499240206157864
164.0,0.16400000000000148,0.7518699789579841
164.5,0.16449999999999676,0.7543699789579605
165.0,0.16499999999999915,0.7568699789579725
165.5,0.16550000000000153,0.7587363933417279
166.0,0.16599999999999682,0.7612363933417043
166.5,0.1664999999999992,0.7637363933417163
167.0,0.1670000000000016,0.7655350807190331
167.5,0.16749999999999687,0.7680350807190095
168.0,0.16799999999999926,0.7705350807190214
168.5,0.16850000000000165,0.7723007490454137
169.0,0.16899999999999693,0.7748007490453901
169.5,0.16949999999999932,0.777300749045402
170.0,0.1700000000000017,0.779081115079272
170.5,0.170499999999997,0.7815811150792484
171.0,0.17099999999999937,0.7840811150792604
171.5,0.17150000000000176,0.7858975194555029
172.0,0.17199999999999704,0.7883975194554793
172.5,0.17249999999999943,0.7908975194554912
173.0,0.17300000000000182,0.7927632668639006
173.5,0.1734999999999971,0.795263266863877
174.0,0.1739999999999995,0.797763266863889
174.5,0.17450000000000188,0.7996820889412604
175.0,0.17499999999999716,0.8021820889412368
175.5,0.17549999999999955,0.8046820889412487
176.0,0.17600000000000193,0.8066380151591446
176.5,0.17649999999999721,0.809138015159121
177.0,0.1769999999999996,0.8116380151591329
177.5,0.177500000000002,0.8136112118319616
178.0,0.17799999999999727,0.816111211831938
178.5,0.17849999999999966,0.81861121183195
179.0,0.17900000000000205,0.8205889858752258
179.5,0.17949999999999733,0.8230889858752022
180.0,0.17999999999999972,0.8255889858752141
180.5,0.1805000000000021,0.8275697566997309
181.0,0.18099999999999739,0.8300697566997073
181.5,0.18149999999999977,0.8325697566997192
182.0,0.18200000000000216,0.8345586610388622
182.5,0.18249999999999744,0.8370586610388386
183.0,0.18299999999999983,0.8395586610388506
183.5,0.18350000000000222,0.841554523236212
184.0,0.1839999999999975,0.8440545232361885
184.5,0.1844999999999999,0.8465545232362004
185.0,0.18500000000000227,0.848567111166858
185.5,0.18549999999999756,0.8510671111668344
186.0,0.18599999999999994,0.8535671111668464
186.5,0.18650000000000233,0.8555987861382874
187.0,0.1869999999999976,0.8580987861382638
187.5,0.1875,0.8605987861382758
188.0,0.1880000000000024,0.8626591499226777
188.5,0.18849999999999767,0.8651591499226541
189.0,0.18900000000000006,0.867659149922666
189.5,0.18950000000000244,0.8697317380775971
190.0,0.18999999999999773,0.8722317380775735
190.5,0.1905000000000001,0.8747317380775854
191.0,0.1910000000000025,0.8768132412571816
191.5,0.19149999999999778,0.879313241257158
192.0,0.19200000000000017,0.88181324125717
192.5,0.19250000000000256,0.8839003409929447
193.0,0.19299999999999784,0.8864003409929211
193.5,0.19350000000000023,0.888900340992933
194.0,0.19400000000000261,0.8909898011032524
194.5,0.1944999999999979,0.8934898011032288
195.0,0.19500000000000028,0.8959898011032408
195.5,0.19550000000000267,0.898068632619875
196.0,0.19599999999999795,0.9005686326198514
196.5,0.19650000000000034,0.9030686326198634
197.0,0.19700000000000273,0.9051428912207271
197.5,0.197499999999998,0.9076428912207035
198.0,0.1980000000000004,0.9101428912207155
198.5,0.19850000000000279,0.9122103273888271
199.0,0.19899999999999807,0.9147103273888035
199.5,0.19950000000000045,0.9172103273888155
200.0,0.20000000000000284,0.9192693741666957
200.5,0.20049999999999812,0.9217693741666722
201.0,0.2010000000000005,0.9242693741666841
201.5,0.2015000000000029,0.9263315761786828
202.0,0.20199999999999818,0.9288315761786592
202.5,0.20250000000000057,0.9313315761786711
203.0,0.20300000000000296,0.9333973470291923
203.5,0.20349999999999824,0.9358973470291687
204.0,0.20400000000000063,0.9383973470291807
204.5,0.204500000000003,0.9404639338214338
205.0,0.2049999999999983,0.9429639338214102
205.5,0.20550000000000068,0.9454639338214221
206.0,0.20600000000000307,0.9475348560365404
206.5,0.20649999999999835,0.9500348560365168
207.0,0.20700000000000074,0.9525348560365288
207.5,0.20750000000000313,0.954616189718358
208.0,0.2079999999999984,0.9571161897183345
208.5,0.2085000000000008,0.9596161897183464
209.0,0.20900000000000318,0.9617064469578906
209.5,0.20949999999999847,0.9642064469578671
210.0,0.21000000000000085,0.966706446957879
210.5,0.21050000000000324,0.968770717053431
211.0,0.21099999999999852,0.9712707170534074
211.5,0.2115000000000009,0.9737707170534193
212.0,0.2120000000000033,0.9757948862106502
212.5,0.21249999999999858,0.9782948862106267
213.0,0.21300000000000097,0.9807948862106386
213.5,0.21350000000000335,0.9827835326603207
214.0,0.21399999999999864,0.9852835326602971
214.5,0.21450000000000102,0.987783532660309
215.0,0.2150000000000034,0.9897358982121318
215.5,0.2154999999999987,0.9922358982121082
216.0,0.21600000000000108,0.9947358982121202
216.5,0.21650000000000347,0.9966658671542561
217.0,0.21699999999999875,0.9991658671542325
217.5,0.21750000000000114,1.0016658671542444
218.0,0.21800000000000352,1.0035906474594114
218.5,0.2184999999999988,1.0060906474593878
219.0,0.2190000000000012,1.0085906474593997
219.5,0.21949999999999648,1.0105198458282771
220.0,0.21999999999999886,1.013019845828289
220.5,0.22050000000000125,1.015519845828301
221.0,0.22099999999999653,1.0174472465675777
221.5,0.22149999999999892,1.0199472465675896
222.0,0.2220000000000013,1.0224472465676016
222.5,0.2224999999999966,1.024380422382869
223.0,0.22299999999999898,1.026880422382881
223.5,0.22350000000000136,1.0293804223828928
224.0,0.22399999999999665,1.0313148620438284
224.5,0.22449999999999903,1.0338148620438403
225.0,0.22500000000000142,1.0363148620438523
225.5,0.2254999999999967,1.0382460152408157
226.0,0.2259999999999991,1.0407460152408277
226.5,0.22650000000000148,1.0432460152408396
227.0,0.22699999999999676,1.045746015240816
227.5,0.22749999999999915,1.047648664841283
228.0,0.22800000000000153,1.050148664841295
228.5,0.22849999999999682,1.0526486648412714
229.0,0.2289999999999992,1.0545103818378365
229.5,0.2295000000000016,1.0570103818378485
230.0,0.22999999999999687,1.0595103818378249
230.5,0.23049999999999926,1.0613236421881567
231.0,0.23100000000000165,1.0638236421881686
231.5,0.23149999999999693,1.066323642188145
232.0,0.23199999999999932,1.068081618834249
232.5,0.2325000000000017,1.070581618834261
233.0,0.232999999999997,1.0730816188342374
233.5,0.23349999999999937,1.0747855276767737
234.0,0.23400000000000176,1.0772855276767856
234.5,0.23449999999999704,1.079785527676762
235.0,0.23499999999999943,1.0814293466554759
235.5,0.23550000000000182,1.0839293466554878
236.0,0.2359999999999971,1.0864293466554642
236.5,0.2364999999999995,1.0880120869856569
237.0,0.23700000000000188,1.0905120869856688
237.5,0.23749999999999716,1.0930120869856452
238.0,0.23799999999999955,1.0945744676696023
238.5,0.23850000000000193,1.0970744676696143
239.0,0.23899999999999721,1.0995744676695907
239.5,0.2394999999999996,1.1011546957400142
240.0,0.240000000000002,1.1036546957400262
240.5,0.24049999999999727,1.1061546957400026
241.0,0.24099999999999966,1.107733571922438
241.5,0.24150000000000205,1.1102335719224499
242.0,0.24199999999999733,1.1127335719224263
242.5,0.24249999999999972,1.1143248758518354
243.0,0.2430000000000021,1.1168248758518473
243.5,0.24349999999999739,1.1193248758518237
244.0,0.24399999999999977,1.120913448144485
244.5,0.24450000000000216,1.1234134481444968
245.0,0.24499999999999744,1.1259134481444733
245.5,0.24549999999999983,1.1275050394547748
246.0,0.24600000000000222,1.1300050394547867
246.5,0.2464999999999975,1.132505039454763
247.0,0.2469999999999999,1.134112039127828
247.5,0.24750000000000227,1.13661203912784
248.0,0.24799999999999756,1.1391120391278164
248.5,0.24849999999999994,1.1407598370106342
249.0,0.24900000000000233,1.1432598370106462
249.5,0.2494999999999976,1.1457598370106226
250.0,0.25,1.147455682771934
250.5,0.2505000000000024,1.149955682771946
251.0,0.25099999999999767,1.1524556827719223
251.5,0.25150000000000006,1.1542146568091738
252.0,0.25200000000000244,1.1567146568091857
252.5,0.2524999999999977,1.1592146568091621
253.0,0.2530000000000001,1.1610561075809755
253.5,0.2535000000000025,1.1635561075809875
254.0,0.2539999999999978,1.166056107580964
254.5,0.25450000000000017,1.1679881606901787
255.0,0.25500000000000256,1.1704881606901907
255.5,0.25549999999999784,1.172988160690167
256.0,0.2560000000000002,1.1750113495209646
256.5,0.2565000000000026,1.1775113495209766
257.0,0.2569999999999979,1.180011349520953
257.5,0.2575000000000003,1.1821194603053087
258.0,0.25800000000000267,1.1846194603053206
258.5,0.25849999999999795,1.187119460305297
259.0,0.25900000000000034,1.1893032876938392
259.5,0.25950000000000273,1.1918032876938511
260.0,0.259999999999998,1.1943032876938275
260.5,0.2605000000000004,1.196545507511928
261.0,0.2610000000000028,1.19904550751194
261.5,0.26149999999999807,1.2015455075119164
262.0,0.26200000000000045,1.2038235026176736
262.5,0.26250000000000284,1.2063235026176855
263.0,0.2629999999999981,1.208823502617662
263.5,0.2635000000000005,1.2111479974321426
264.0,0.2640000000000029,1.2136479974321546
264.5,0.2644999999999982,1.216147997432131
265.0,0.26500000000000057,1.2185160564119712
265.5,0.26550000000000296,1.2210160564119832
266.0,0.26599999999999824,1.2235160564119596
266.5,0.2665000000000006,1.2259252178711222
267.0,0.267000000000003,1.2284252178711341
267.5,0.2674999999999983,1.2309252178711105
268.0,0.2680000000000007,1.233374860252745
268.5,0.26850000000000307,1.235874860252757
269.0,0.26899999999999835,1.2383748602527334
269.5,0.26950000000000074,1.2408522227700658
270.0,0.2700000000000031,1.2433522227700777
270.5,0.2704999999999984,1.2458522227700541
271.0,0.2710000000000008,1.2483479902149242
271.5,0.2715000000000032,1.250847990214936
272.0,0.27199999999999847,1.2533479902149125
272.5,0.27250000000000085,1.2558408967185741
273.0,0.27300000000000324,1.258340896718586
273.5,0.2734999999999985,1.2608408967185625
274.0,0.2740000000000009,1.2633084566212816
274.5,0.2745000000000033,1.2658084566212935
275.0,0.2749999999999986,1.26830845662127
275.5,0.27550000000000097,1.2707364656341014
276.0,0.27600000000000335,1.2732364656341133
276.5,0.27649999999999864,1.2757364656340897
277.0,0.277000000000001,1.2781257375279864
277.5,0.2775000000000034,1.2806257375279984
278.0,0.2779999999999987,1.2831257375279748
278.5,0.2785000000000011,1.285492249325273
279.0,0.27900000000000347,1.2879922493252849
279.5,0.27949999999999875,1.2904922493252613
280.0,0.28000000000000114,1.2928289009484217
280.5,0.2805000000000035,1.2953289009484337
281.0,0.2809999999999988,1.29782890094841
281.5,0.2815000000000012,1.3001453352669756
282.0,0.2820000000000036,1.3026453352669876
282.5,0.28249999999999886,1.305145335266964
283.0,0.28300000000000125,1.3074321121191446
283.5,0.28349999999999653,1.309932112119121
284.0,0.2839999999999989,1.312432112119133
284.5,0.2845000000000013,1.314701031347667
285.0,0.2849999999999966,1.3172010313476434
285.5,0.285499999999999,1.3197010313476554
286.0,0.28600000000000136,1.3219457607262797
286.5,0.28649999999999665,1.324445760726256
287.0,0.28699999999999903,1.326945760726268
287.5,0.2875000000000014,1.329147290265773
288.0,0.2879999999999967,1.3316472902657495
288.5,0.2884999999999991,1.3341472902657614
289.0,0.2890000000000015,1.3363027634636282
289.5,0.28949999999999676,1.3388027634636046
290.0,0.28999999999999915,1.3413027634636165
290.5,0.29050000000000153,1.3434047384024694
291.0,0.2909999999999968,1.3459047384024458
291.5,0.2914999999999992,1.3484047384024578
292.0,0.2920000000000016,1.3504614570431173
292.5,0.2924999999999969,1.3529614570430937
293.0,0.29299999999999926,1.3554614570431056
293.5,0.29350000000000165,1.3574989282861338
294.0,0.29399999999999693,1.3599989282861102
294.5,0.2944999999999993,1.3624989282861222
295.0,0.2950000000000017,1.364544868477786
295.5,0.295499999999997,1.3670448684777625
296.0,0.2959999999999994,1.3695448684777745
296.5,0.29650000000000176,1.3716394609277316
297.0,0.29699999999999704,1.374139460927708
297.5,0.29749999999999943,1.37663946092772
298.0,0.2980000000000018,1.3787993672718812
298.5,0.2984999999999971,1.3812993672718576
299.0,0.2989999999999995,1.3837993672718696
299.5,0.2995000000000019,1.3860247707893691
300.0,0.29999999999999716,1.3885247707893456
300.5,0.30049999999999955,1.3910247707893575
301.0,0.30100000000000193,1.3932888589737047
301.5,0.3014999999999972,1.395788858973681
302.0,0.3019999999999996,1.398288858973693
302.5,0.302500000000002,1.400788858973705
303.0,0.30299999999999727,1.4030835285462473
303.5,0.30349999999999966,1.4055835285462592
304.0,0.30400000000000205,1.4080835285462712
304.5,0.30449999999999733,1.4103832879287737
305.0,0.3049999999999997,1.4128832879287856
305.5,0.3055000000000021,1.4153832879287975
306.0,0.3059999999999974,1.417681983240655
306.5,0.3064999999999998,1.420181983240667
307.0,0.30700000000000216,1.422681983240679
307.5,0.30749999999999744,1.4249521668014609
308.0,0.30799999999999983,1.4274521668014728
308.5,0.3085000000000022,1.4299521668014847
309.0,0.3089999999999975,1.4321796851772106
309.5,0.3094999999999999,1.4346796851772226
310.0,0.3100000000000023,1.4371796851772345
310.5,0.31049999999999756,1.4393609665231466
311.0,0.31099999999999994,1.4418609665231585
311.5,0.31150000000000233,1.4443609665231705
312.0,0.3119999999999976,1.4464880906686162
312.5,0.3125,1.448988090668628
313.0,0.3130000000000024,1.45148809066864
313.5,0.31349999999999767,1.4535672228224072
314.0,0.31400000000000006,1.4560672228224192
314.5,0.31450000000000244,1.4585672228224311
315.0,0.3149999999999977,1.4605918670664764
315.5,0.3155000000000001,1.4630918670664883
316.0,0.3160000000000025,1.4655918670665002
316.5,0.3164999999999978,1.4675568370468284
317.0,0.31700000000000017,1.4700568370468403
317.5,0.31750000000000256,1.4725568370468523
318.0,0.31799999999999784,1.4744691310858826
318.5,0.3185000000000002,1.4769691310858946
319.0,0.3190000000000026,1.4794691310859065
319.5,0.3194999999999979,1.481336739566359
320.0,0.3200000000000003,1.483836739566371
320.5,0.32050000000000267,1.486336739566383
321.0,0.32099999999999795,1.4881870268638053
321.5,0.32150000000000034,1.4906870268638173
322.0,0.32200000000000273,1.4931870268638292
322.5,0.322499999999998,1.495036082086969
323.0,0.3230000000000004,1.497536082086981
323.5,0.3235000000000028,1.500036082086993
324.0,0.32399999999999807,1.5019088130836522
324.5,0.32450000000000045,1.5044088130836641
325.0,0.32500000000000284,1.506908813083676
325.5,0.3254999999999981,1.5088420113741563
326.0,0.3260000000000005,1.5113420113741682
326.5,0.3265000000000029,1.5138420113741802
327.0,0.3269999999999982,1.5158600525089838
327.5,0.32750000000000057,1.5183600525089958
328.0,0.32800000000000296,1.5208600525090077
328.5,0.32849999999999824,1.5229926357538304
329.0,0.3290000000000006,1.5254926357538423
329.5,0.329500000000003,1.5279926357538542
330.0,0.3299999999999983,1.530246654606735
330.5,0.3305000000000007,1.532746654606747
331.0,0.33100000000000307,1.535246654606759
331.5,0.33149999999999835,1.5376066289388746
332.0,0.33200000000000074,1.5401066289388865
332.5,0.3325000000000031,1.5426066289388984
333.0,0.3329999999999984,1.5450533618615836
333.5,0.3335000000000008,1.5475533618615955
334.0,0.3340000000000032,1.5500533618616075
334.5,0.33449999999999847,1.5525930697175383
335.0,0.33500000000000085,1.5550930697175502
335.5,0.33550000000000324,1.5575930697175622
336.0,0.3359999999999985,1.5602010335675232
336.5,0.3365000000000009,1.562701033567535
337.0,0.3370000000000033,1.565201033567547
337.5,0.3374999999999986,1.567846747073638
338.0,0.33800000000000097,1.5703467470736499
338.5,0.33850000000000335,1.5728467470736618
339.0,0.33899999999999864,1.5754928778266475
339.5,0.339500000000001,1.5779928778266594
340.0,0.3400000000000034,1.5804928778266714
340.5,0.3404999999999987,1.583118247025368
341.0,0.3410000000000011,1.58561824702538
341.5,0.34150000000000347,1.5881182470253918
342.0,0.34199999999999875,1.5906901031689813
342.5,0.34250000000000114,1.5931901031689932
343.0,0.3430000000000035,1.5956901031690052
343.5,0.3434999999999988,1.59819789491344
344.0,0.3440000000000012,1.600697894913452
344.5,0.3445000000000036,1.603197894913464
345.0,0.34499999999999886,1.6056291295825176
345.5,0.34550000000000125,1.6081291295825295
346.0,0.34599999999999653,1.610629129582506
346.5,0.3464999999999989,1.6129643721613363
347.0,0.3470000000000013,1.6154643721613482
347.5,0.3474999999999966,1.6179643721613246
348.0,0.347999999999999,1.6202191736872606
348.5,0.34850000000000136,1.6227191736872726
349.0,0.34899999999999665,1.625219173687249
349.5,0.34949999999999903,1.6273896340540617
350.0,0.3500000000000014,1.6298896340540736
350.5,0.3504999999999967,1.63238963405405
351.0,0.3509999999999991,1.6344790251502062
351.5,0.3515000000000015,1.636979025150218
352.0,0.35199999999999676,1.6394790251501945
352.5,0.35249999999999915,1.641521992518733
353.0,0.35300000000000153,1.644021992518745
353.5,0.3534999999999968,1.6465219925187213
354.0,0.3539999999999992,1.6485571904973284
354.5,0.3545000000000016,1.6510571904973403
355.0,0.3549999999999969,1.6535571904973168
355.5,0.35549999999999926,1.6556143316880068
356.0,0.35600000000000165,1.6581143316880187
356.5,0.35649999999999693,1.660614331687995
357.0,0.3569999999999993,1.6627397664253962
357.5,0.3575000000000017,1.6652397664254082
358.0,0.357999999999997,1.6677397664253846
358.5,0.3584999999999994,1.6699563146030627
359.0,0.35900000000000176,1.6724563146030746
359.5,0.35949999999999704,1.674956314603051
360.0,0.35999999999999943,1.6772638533459627
360.5,0.3605000000000018,1.6797638533459747
361.0,0.3609999999999971,1.682263853345951
361.5,0.3614999999999995,1.684656122974033
362.0,0.3620000000000019,1.687156122974045
362.5,0.36249999999999716,1.6896561229740215
363.0,0.36299999999999955,1.6921217408663125
363.5,0.36350000000000193,1.6946217408663244
364.0,0.3639999999999972,1.6971217408663009
364.5,0.3644999999999996,1.6996408584025247
365.0,0.365000000000002,1.7021408584025366
365.5,0.36549999999999727,1.704640858402513
366.0,0.36599999999999966,1.707187520015161
366.5,0.36650000000000205,1.7096875200151729
367.0,0.36699999999999733,1.7121875200151493
367.5,0.3674999999999997,1.714754885407359
368.0,0.3680000000000021,1.717254885407371
368.5,0.3684999999999974,1.7197548854073474
369.0,0.3689999999999998,1.7223316415968526
369.5,0.36950000000000216,1.7248316415968645
370.0,0.36999999999999744,1.727331641596841
370.5,0.37049999999999983,1.729890940560459
371.0,0.3710000000000022,1.732390940560471
371.5,0.3714999999999975,1.7348909405604473
372.0,0.3719999999999999,1.7374216064642667
372.5,0.3725000000000023,1.7399216064642786
373.0,0.37299999999999756,1.742421606464255
373.5,0.37349999999999994,1.7449258534455936
374.0,0.37400000000000233,1.7474258534456055
374.5,0.3744999999999976,1.749925853445582
375.0,0.375,1.7523838960478244
375.5,0.3755000000000024,1.7548838960478363
376.0,0.37599999999999767,1.7573838960478128
376.5,0.37650000000000006,1.7597864653825468
377.0,0.37700000000000244,1.7622864653825587
377.5,0.3774999999999977,1.7647864653825351
378.0,0.3780000000000001,1.767286465382547
378.5,0.3785000000000025,1.76965541851974
379.0,0.3789999999999978,1.7721554185197164
379.5,0.37950000000000017,1.7746554185197283
380.0,0.38000000000000256,1.7769805346371825
380.5,0.38049999999999784,1.779480534637159
381.0,0.3810000000000002,1.7819805346371709
381.5,0.3815000000000026,1.7842621290235172
382.0,0.3819999999999979,1.7867621290234936
382.5,0.3825000000000003,1.7892621290235056
383.0,0.38300000000000267,1.7915104116805125
383.5,0.38349999999999795,1.794010411680489
384.0,0.38400000000000034,1.7965104116805009
384.5,0.38450000000000273,1.7987177368870633
385.0,0.384999999999998,1.8012177368870397
385.5,0.3855000000000004,1.8037177368870516
386.0,0.3860000000000028,1.8058795184033016
386.5,0.38649999999999807,1.808379518403278
387.0,0.38700000000000045,1.81087951840329
387.5,0.38750000000000284,1.8129958326015938
388.0,0.3879999999999981,1.8154958326015702
388.5,0.3885000000000005,1.8179958326015822
389.0,0.3890000000000029,1.8200588389308336
389.5,0.3894999999999982,1.82255883893081
390.0,0.39000000000000057,1.825058838930822
390.5,0.39050000000000296,1.8270685310911716
391.0,0.39099999999999824,1.829568531091148
391.5,0.3915000000000006,1.83206853109116
392.0,0.392000000000003,1.834027076595497
392.5,0.3924999999999983,1.8365270765954733
393.0,0.3930000000000007,1.8390270765954853
393.5,0.39350000000000307,1.840920141372635
394.0,0.39399999999999835,1.8434201413726115
394.5,0.39450000000000074,1.8459201413726234
395.0,0.3950000000000031,1.8477243589714476
395.5,0.3954999999999984,1.850224358971424
396.0,0.3960000000000008,1.852724358971436
396.5,0.3965000000000032,1.854459517752396
397.0,0.39699999999999847,1.8569595177523723
397.5,0.39750000000000085,1.8594595177523843
398.0,0.39800000000000324,1.8611593174322039
398.5,0.3984999999999985,1.8636593174321803
399.0,0.3990000000000009,1.8661593174321922
399.5,0.3995000000000033,1.8678477637146784
400.0,0.3999999999999986,1.8703477637146548
400.5,0.40050000000000097,1.8728477637146668
401.0,0.40100000000000335,1.874553423472456
401.5,0.40149999999999864,1.8770534234724323
402.0,0.402000000000001,1.8795534234724443
402.5,0.4025000000000034,1.8812948255160578
403.0,0.4029999999999987,1.8837948255160342
403.5,0.4035000000000011,1.886294825516046
404.0,0.40400000000000347,1.8880843301780814
404.5,0.40449999999999875,1.8905843301780578
405.0,0.40500000000000114,1.8930843301780698
405.5,0.4055000000000035,1.8949392828561784
406.0,0.4059999999999988,1.8974392828561548
406.5,0.4065000000000012,1.8999392828561668
407.0,0.4070000000000036,1.901867762173275
407.5,0.40749999999999886,1.9043677621732513
408.0,0.40800000000000125,1.9068677621732633
408.5,0.40849999999999653,1.9088868027893113
409.0,0.4089999999999989,1.9113868027893233
409.5,0.4095000000000013,1.9138868027893352
410.0,0.4099999999999966,1.9159950240401713
410.5,0.410499999999999,1.9184950240401832
411.0,0.41100000000000136,1.9209950240401952
411.5,0.41149999999999665,1.9231804810447883
412.0,0.41199999999999903,1.9256804810448003
412.5,0.4125000000000014,1.9281804810448122
413.0,0.4129999999999967,1.9304439035452603
413.5,0.4134999999999991,1.9329439035452722
414.0,0.4140000000000015,1.9354439035452842
414.5,0.41449999999999676,1.9377493994526773
415.0,0.41499999999999915,1.9402493994526893
415.5,0.41550000000000153,1.9427493994527012
416.0,0.4159999999999968,1.9451019008097958
416.5,0.4164999999999992,1.9476019008098078
417.0,0.4170000000000016,1.9501019008098197
417.5,0.4174999999999969,1.952468633984381
418.0,0.41799999999999926,1.954968633984393
418.5,0.41850000000000165,1.957468633984405
419.0,0.41899999999999693,1.959827569915653
419.5,0.4194999999999993,1.962327569915665
420.0,0.4200000000000017,1.964827569915677
420.5,0.420499999999997,1.9671453260195904
421.0,0.4209999999999994,1.9696453260196023
421.5,0.42150000000000176,1.9721453260196142
422.0,0.42199999999999704,1.974377692207625
422.5,0.42249999999999943,1.976877692207637
423.0,0.4230000000000018,1.979377692207649
423.5,0.4234999999999971,1.9814835906043626
424.0,0.4239999999999995,1.9839835906043746
424.5,0.4245000000000019,1.9864835906043865
425.0,0.42499999999999716,1.9884584649829762
425.5,0.42549999999999955,1.9909584649829881
426.0,0.42600000000000193,1.993458464983
426.5,0.4264999999999972,1.9953127569846885
427.0,0.4269999999999996,1.9978127569847004
427.5,0.427500000000002,2.0003127569847123
428.0,0.42799999999999727,2.002065449220005
428.5,0.42849999999999966,2.004565449220017
429.0,0.42900000000000205,2.007065449220029
429.5,0.42949999999999733,2.008735528975407
430.0,0.4299999999999997,2.011235528975419
430.5,0.4305000000000021,2.013735528975431
431.0,0.4309999999999974,2.015338252557086
431.5,0.4314999999999998,2.017838252557098
432.0,0.43200000000000216,2.02033825255711
432.5,0.43249999999999744,2.0218901464411942
433.0,0.43299999999999983,2.024390146441206
433.5,0.4335000000000022,2.026890146441218
434.0,0.4339999999999975,2.0284150000563983
434.5,0.4344999999999999,2.0309150000564102
435.0,0.4350000000000023,2.033415000056422
435.5,0.43549999999999756,2.03493590134439
436.0,0.43599999999999994,2.037435901344402
436.5,0.43650000000000233,2.039935901344414
437.0,0.4369999999999976,2.0414712521551337
437.5,0.4375,2.0439712521551456
438.0,0.4380000000000024,2.0464712521551576
438.5,0.43849999999999767,2.0480355808081185
439.0,0.43900000000000006,2.0505355808081305
439.5,0.43950000000000244,2.0530355808081424
440.0,0.4399999999999977,2.0546505251788005
440.5,0.4405000000000001,2.0571505251788125
441.0,0.4410000000000025,2.0596505251788244
441.5,0.4414999999999978,2.0613430319282955
442.0,0.44200000000000017,2.0638430319283074
442.5,0.44250000000000256,2.0663430319283194
443.0,0.44299999999999784,2.068133743630085
443.5,0.4435000000000002,2.070633743630097
444.0,0.4440000000000026,2.073133743630109
444.5,0.4444999999999979,2.0750480336774757
445.0,0.4450000000000003,2.0775480336774876
445.5,0.44550000000000267,2.0800480336774996
446.0,0.44599999999999795,2.082098496683038
446.5,0.44650000000000034,2.08459849668305
447.0,0.44700000000000273,2.087098496683062
447.5,0.447499999999998,2.089269317645659
448.0,0.4480000000000004,2.091769317645671
448.5,0.4485000000000028,2.094269317645683
449.0,0.44899999999999807,2.0965283831005976
449.5,0.44950000000000045,2.0990283831006096
450.0,0.45000000000000284,2.1015283831006215
450.5,0.4504999999999981,2.1038378495046572
451.0,0.4510000000000005,2.106337849504669
451.5,0.4515000000000029,2.108837849504681
452.0,0.4519999999999982,2.111161984857013
452.5,0.45250000000000057,2.113661984857025
453.0,0.45300000000000296,2.1161619848570368
453.5,0.45349999999999824,2.118661984857013
454.0,0.4540000000000006,2.120948150080686
454.5,0.454500000000003,2.123448150080698
455.0,0.4549999999999983,2.1259481500806743
455.5,0.4555000000000007,2.1281653838903125
456.0,0.45600000000000307,2.1306653838903244
456.5,0.45649999999999835,2.133165383890301
457.0,0.45700000000000074,2.135283616883221
457.5,0.4575000000000031,2.137783616883233
458.0,0.4579999999999984,2.1402836168832096
458.5,0.4585000000000008,2.1422712829182444
459.0,0.4590000000000032,2.1447712829182564
459.5,0.45949999999999847,2.1472712829182328
460.0,0.46000000000000085,2.149102453819509
460.5,0.46050000000000324,2.151602453819521
461.0,0.4609999999999985,2.1541024538194975
461.5,0.4615000000000009,2.1557899715335793
462.0,0.4620000000000033,2.1582899715335913
462.5,0.4624999999999986,2.1607899715335677
463.0,0.46300000000000097,2.162340254512465
463.5,0.46350000000000335,2.1648402545124767
464.0,0.46399999999999864,2.167340254512453
464.5,0.464500000000001,2.168766408868734
465.0,0.4650000000000034,2.171266408868746
465.5,0.4654999999999987,2.1737664088687225
466.0,0.4660000000000011,2.1750946172889485
466.5,0.46650000000000347,2.1775946172889604
467.0,0.46699999999999875,2.180094617288937
467.5,0.46750000000000114,2.181347037038286
468.0,0.4680000000000035,2.183847037038298
468.5,0.4684999999999988,2.1863470370382743
469.0,0.4690000000000012,2.1875480761861965
469.5,0.4695000000000036,2.1900480761862084
470.0,0.46999999999999886,2.192548076186185
470.5,0.47050000000000125,2.1937486191154676
471.0,0.47099999999999653,2.196248619115444
471.5,0.4714999999999989,2.198748619115456
472.0,0.4720000000000013,2.199986078118066
472.5,0.4724999999999966,2.202486078118042
473.0,0.472999999999999,2.204986078118054
473.5,0.47350000000000136,2.2063260866229584
474.0,0.47399999999999665,2.208826086622935
474.5,0.47449999999999903,2.2113260866229467
475.0,0.4750000000000014,2.212780078939325
475.5,0.4754999999999967,2.2152800789393012
476.0,0.4759999999999991,2.217780078939313
476.5,0.4765000000000015,2.2193439107609336
477.0,0.47699999999999676,2.22184391076091
477.5,0.47749999999999915,2.224343910760922
478.0,0.47800000000000153,2.2260137424471083
478.5,0.4784999999999968,2.2285137424470847
479.0,0.4789999999999992,2.2310137424470966
479.5,0.4795000000000016,2.2327623383720763
480.0,0.4799999999999969,2.2352623383720527
480.5,0.48049999999999926,2.2377623383720646
481.0,0.48100000000000165,2.23958382155935
481.5,0.48149999999999693,2.2420838215593264
482.0,0.4819999999999993,2.2445838215593383
482.5,0.4825000000000017,2.246484144601162
483.0,0.482999999999997,2.2489841446011383
483.5,0.4834999999999994,2.25148414460115
484.0,0.48400000000000176,2.2534401664215054
484.5,0.48449999999999704,2.2559401664214818
485.0,0.48499999999999943,2.2584401664214937
485.5,0.4855000000000018,2.260420219184418
486.0,0.4859999999999971,2.2629202191843945
486.5,0.4864999999999995,2.2654202191844064
487.0,0.4870000000000019,2.2674212397864224
487.5,0.48749999999999716,2.269921239786399
488.0,0.48799999999999955,2.2724212397864108
488.5,0.48850000000000193,2.2744135598138726
489.0,0.4889999999999972,2.276913559813849
489.5,0.4894999999999996,2.279413559813861
490.0,0.490000000000002,2.2813473639133974
490.5,0.49049999999999727,2.283847363913374
491.0,0.49099999999999966,2.2863473639133858
491.5,0.49150000000000205,2.288209795661089
492.0,0.49199999999999733,2.2907097956610656
492.5,0.4924999999999997,2.2932097956610775
493.0,0.4930000000000021,2.2950183867661877
493.5,0.4934999999999974,2.297518386766164
494.0,0.4939999999999998,2.300018386766176
494.5,0.49450000000000216,2.3017773469820213
495.0,0.49499999999999744,2.3042773469819977
495.5,0.49549999999999983,2.3067773469820096
496.0,0.4960000000000022,2.3084813091841383
496.5,0.4964999999999975,2.3109813091841147
497.0,0.4969999999999999,2.3134813091841266
497.5,0.4975000000000023,2.315133559315967
498.0,0.49799999999999756,2.3176335593159436
498.5,0.49849999999999994,2.3201335593159556
499.0,0.49900000000000233,2.3217406673889585
499.5,0.4994999999999976,2.324240667388935
500.0,0.5,2.326740667388947
500.5,0.5005000000000024,2.3283179761452644
501.0,0.5009999999999977,2.3308179761452408
501.5,0.5015000000000001,2.3333179761452527
502.0,0.5020000000000024,2.3348900411709295
502.5,0.5024999999999977,2.337390041170906
503.0,0.5030000000000001,2.339890041170918
503.5,0.5035000000000025,2.341483372501969
504.0,0.5039999999999978,2.3439833725019454
504.5,0.5045000000000002,2.3464833725019574
505.0,0.5050000000000026,2.348135296670044
505.5,0.5054999999999978,2.3506352966700206
506.0,0.5060000000000002,2.3531352966700325
506.5,0.5065000000000026,2.3548429964732875
507.0,0.5069999999999979,2.357342996473264
507.5,0.5075000000000003,2.359842996473276
508.0,0.5080000000000027,2.3616244644452067
508.5,0.508499999999998,2.364124464445183
509.0,0.5090000000000003,2.366624464445195
509.5,0.5095000000000027,2.3685037200955605
510.0,0.509999999999998,2.371003720095537
510.5,0.5105000000000004,2.373503720095549
511.0,0.5110000000000028,2.3754862673850496
511.5,0.5114999999999981,2.377986267385026
512.0,0.5120000000000005,2.380486267385038
512.5,0.5125000000000028,2.3825483288310068
513.0,0.5129999999999981,2.385048328830983
513.5,0.5135000000000005,2.387548328830995
514.0,0.5140000000000029,2.3896762362865687
514.5,0.5144999999999982,2.392176236286545
515.0,0.5150000000000006,2.394676236286557
515.5,0.515500000000003,2.3968635841215757
516.0,0.5159999999999982,2.399363584121552
516.5,0.5165000000000006,2.401863584121564
517.0,0.517000000000003,2.4040888255953874
517.5,0.5174999999999983,2.406588825595364
518.0,0.5180000000000007,2.4090888255953757
518.5,0.5185000000000031,2.411316446836693
519.0,0.5189999999999984,2.4138164468366696
519.5,0.5195000000000007,2.4163164468366816
520.0,0.5200000000000031,2.418518563491112
520.5,0.5204999999999984,2.4210185634910886
521.0,0.5210000000000008,2.4235185634911005
521.5,0.5215000000000032,2.4256700893751315
522.0,0.5219999999999985,2.428170089375108
522.5,0.5225000000000009,2.43067008937512
523.0,0.5230000000000032,2.432755502510311
523.5,0.5234999999999985,2.4352555025102873
524.0,0.5240000000000009,2.4377555025102993
524.5,0.5245000000000033,2.4397545303920865
525.0,0.5249999999999986,2.442254530392063
525.5,0.525500000000001,2.444754530392075
526.0,0.5260000000000034,2.446674412609191
526.5,0.5264999999999986,2.4491744126091675
527.0,0.527000000000001,2.4516744126091794
527.5,0.5275000000000034,2.453512261397215
528.0,0.5279999999999987,2.4560122613971913
528.5,0.5285000000000011,2.4585122613972032
529.0,0.5290000000000035,2.461012261397215
529.5,0.5294999999999987,2.4627680047296963
530.0,0.5300000000000011,2.465268004729708
530.5,0.5304999999999964,2.4677680047296846
531.0,0.5309999999999988,2.469434693088921
531.5,0.5315000000000012,2.471934693088933
532.0,0.5320000000000036,2.474434693088945
532.5,0.5324999999999989,2.476024373456731
533.0,0.5330000000000013,2.478524373456743
533.5,0.5334999999999965,2.4810243734567194
534.0,0.5339999999999989,2.4825401331377606
534.5,0.5345000000000013,2.4850401331377725
535.0,0.5349999999999966,2.487540133137749
535.5,0.535499999999999,2.489000767186873
536.0,0.5360000000000014,2.491500767186885
536.5,0.5364999999999966,2.4940007671868614
537.0,0.536999999999999,2.4954095169468005
537.5,0.5375000000000014,2.4979095169468124
538.0,0.5379999999999967,2.500409516946789
538.5,0.5384999999999991,2.501781060383088
539.0,0.5390000000000015,2.5042810603831
539.5,0.5394999999999968,2.5067810603830765
540.0,0.5399999999999991,2.5081301033516823
540.5,0.5405000000000015,2.5106301033516942
541.0,0.5409999999999968,2.5131301033516706
541.5,0.5414999999999992,2.514472249631048
542.0,0.5420000000000016,2.51697224963106
542.5,0.5424999999999969,2.519472249631036
543.0,0.5429999999999993,2.5208301143937817
543.5,0.5435000000000016,2.5233301143937936
544.0,0.5439999999999969,2.52583011439377
544.5,0.5444999999999993,2.5272262066877715
545.0,0.5450000000000017,2.5297262066877835
545.5,0.545499999999997,2.53222620668776
546.0,0.5459999999999994,2.533680897462176
546.5,0.5465000000000018,2.536180897462188
547.0,0.546999999999997,2.5386808974621644
547.5,0.5474999999999994,2.540197754905691
548.0,0.5480000000000018,2.542697754905703
548.5,0.5484999999999971,2.5451977549056792
549.0,0.5489999999999995,2.546785414803452
549.5,0.5495000000000019,2.549285414803464
550.0,0.5499999999999972,2.5517854148034402
550.5,0.5504999999999995,2.5534062818174874
551.0,0.5510000000000019,2.5559062818174993
551.5,0.5514999999999972,2.5584062818174758
552.0,0.5519999999999996,2.56004719613518
552.5,0.552500000000002,2.562547196135192
553.0,0.5529999999999973,2.5650471961351684
553.5,0.5534999999999997,2.566686601362811
554.0,0.554000000000002,2.569186601362823
554.5,0.5544999999999973,2.5716866013627993
555.0,0.5549999999999997,2.5733118277274514
555.5,0.5555000000000021,2.5758118277274633
556.0,0.5559999999999974,2.5783118277274397
556.5,0.5564999999999998,2.5799230740620516
557.0,0.5570000000000022,2.5824230740620635
557.5,0.5574999999999974,2.58492307406204
558.0,0.5579999999999998,2.586538230404578
558.5,0.5585000000000022,2.58903823040459
559.0,0.5589999999999975,2.5915382304045664
559.5,0.5594999999999999,2.593177080191289
560.0,0.5600000000000023,2.595677080191301
560.5,0.5604999999999976,2.5981770801912774
561.0,0.5609999999999999,2.599871045172506
561.5,0.5615000000000023,2.602371045172518
562.0,0.5619999999999976,2.6048710451724943
562.5,0.5625,2.606656164238892
563.0,0.5630000000000024,2.609156164238904
563.5,0.5634999999999977,2.6116561642388803
564.0,0.5640000000000001,2.613563133082195
564.5,0.5645000000000024,2.616063133082207
565.0,0.5649999999999977,2.6185631330821835
565.5,0.5655000000000001,2.620569544006557
566.0,0.5660000000000025,2.6230695440065688
566.5,0.5664999999999978,2.625569544006545
567.0,0.5670000000000002,2.6276196024421594
567.5,0.5675000000000026,2.6301196024421714
568.0,0.5679999999999978,2.6326196024421478
568.5,0.5685000000000002,2.634678447841239
569.0,0.5690000000000026,2.6371784478412508
569.5,0.5694999999999979,2.639678447841227
570.0,0.5700000000000003,2.641717969031845
570.5,0.5705000000000027,2.644217969031857
571.0,0.570999999999998,2.646717969031833
571.5,0.5715000000000003,2.648705350078693
572.0,0.5720000000000027,2.6512053500787047
572.5,0.572499999999998,2.653705350078681
573.0,0.5730000000000004,2.6556182249095173
573.5,0.5735000000000028,2.658118224909529
574.0,0.5739999999999981,2.6606182249095056
574.5,0.5745000000000005,2.6624192123479062
575.0,0.5750000000000028,2.664919212347918
575.5,0.5754999999999981,2.6674192123478946
576.0,0.5760000000000005,2.6690921682740054
576.5,0.5765000000000029,2.6715921682740174
577.0,0.5769999999999982,2.6740921682739938
577.5,0.5775000000000006,2.6756279494101065
578.0,0.578000000000003,2.6781279494101184
578.5,0.5784999999999982,2.680627949410095
579.0,0.5790000000000006,2.6820330885914245
579.5,0.579500000000003,2.6845330885914365
580.0,0.5799999999999983,2.687033088591413
580.5,0.5805000000000007,2.688336804043061
581.0,0.5810000000000031,2.690836804043073
581.5,0.5814999999999984,2.6933368040430494
582.0,0.5820000000000007,2.6945655825493375
582.5,0.5825000000000031,2.6970655825493495
583.0,0.5829999999999984,2.699565582549326
583.5,0.5835000000000008,2.70074598767021
584.0,0.5840000000000032,2.703245987670222
584.5,0.5844999999999985,2.7057459876701984
585.0,0.5850000000000009,2.7068967791980825
585.5,0.5855000000000032,2.7093967791980944
586.0,0.5859999999999985,2.711896779198071
586.5,0.5865000000000009,2.713041623826804
587.0,0.5870000000000033,2.715541623826816
587.5,0.5874999999999986,2.7180416238267924
588.0,0.588000000000001,2.719191350282202
588.5,0.5885000000000034,2.7216913502822138
589.0,0.5889999999999986,2.72419135028219
589.5,0.589500000000001,2.725363453176648
590.0,0.5900000000000034,2.72786345317666
590.5,0.5904999999999987,2.7303634531766363
591.0,0.5910000000000011,2.731557076342135
591.5,0.5915000000000035,2.734057076342147
592.0,0.5919999999999987,2.736557076342123
592.5,0.5925000000000011,2.7377804449222864
593.0,0.5929999999999964,2.740280444922263
593.5,0.5934999999999988,2.742780444922275
594.0,0.5940000000000012,2.744026314507799
594.5,0.5945000000000036,2.746526314507811
595.0,0.5949999999999989,2.7490263145077876
595.5,0.5955000000000013,2.750284442524098
596.0,0.5959999999999965,2.7527844425240744
596.5,0.5964999999999989,2.7552844425240863
597.0,0.5970000000000013,2.7565277103302677
597.5,0.5974999999999966,2.759027710330244
598.0,0.597999999999999,2.761527710330256
598.5,0.5985000000000014,2.7627536817485066
599.0,0.5989999999999966,2.765253681748483
599.5,0.599499999999999,2.767753681748495
600.0,0.6000000000000014,2.7689694061454517
600.5,0.6004999999999967,2.771469406145428
601.0,0.6009999999999991,2.77396940614544
601.5,0.6015000000000015,2.775198964611292
602.0,0.6019999999999968,2.777698964611268
602.5,0.6024999999999991,2.78019896461128
603.0,0.6030000000000015,2.781432558729904
603.5,0.6034999999999968,2.78393255872988
604.0,0.6039999999999992,2.786432558729892
604.5,0.6045000000000016,2.788932558729904
605.0,0.6049999999999969,2.790157349973512
605.5,0.6054999999999993,2.792657349973524
606.0,0.6060000000000016,2.795157349973536
606.5,0.6064999999999969,2.796370866259572
607.0,0.6069999999999993,2.798870866259584
607.5,0.6075000000000017,2.801370866259596
608.0,0.607999999999997,2.802568895204587
608.5,0.6084999999999994,2.805068895204599
609.0,0.6090000000000018,2.8075688952046107
609.5,0.609499999999997,2.808741732112665
610.0,0.6099999999999994,2.811241732112677
610.5,0.6105000000000018,2.813741732112689
611.0,0.6109999999999971,2.814904993252725
611.5,0.6114999999999995,2.8174049932527367
612.0,0.6120000000000019,2.8199049932527487
612.5,0.6124999999999972,2.8210578850532286
613.0,0.6129999999999995,2.8235578850532406
613.5,0.6135000000000019,2.8260578850532525
614.0,0.6139999999999972,2.8272345387496856
614.5,0.6144999999999996,2.8297345387496975
615.0,0.615000000000002,2.8322345387497094
615.5,0.6154999999999973,2.8334633211821014
616.0,0.6159999999999997,2.8359633211821134
616.5,0.616500000000002,2.8384633211821253
617.0,0.6169999999999973,2.839747402286932
617.5,0.6174999999999997,2.8422474022869437
618.0,0.6180000000000021,2.8447474022869557
618.5,0.6184999999999974,2.846067961641374
619.0,0.6189999999999998,2.848567961641386
619.5,0.6195000000000022,2.851067961641398
620.0,0.6199999999999974,2.8524246295796374
620.5,0.6204999999999998,2.8549246295796493
621.0,0.6210000000000022,2.8574246295796613
621.5,0.6214999999999975,2.8588340208288088
622.0,0.6219999999999999,2.8613340208288207
622.5,0.6225000000000023,2.8638340208288326
623.0,0.6229999999999976,2.865293838772338
623.5,0.6234999999999999,2.86779383877235
624.0,0.6240000000000023,2.870293838772362
624.5,0.6244999999999976,2.871810960496788
625.0,0.625,2.8743109604968
625.5,0.6255000000000024,2.8768109604968117
626.0,0.6259999999999977,2.8783766054256077
626.5,0.6265000000000001,2.8808766054256196
627.0,0.6270000000000024,2.8833766054256316
627.5,0.6274999999999977,2.88497074563395
628.0,0.6280000000000001,2.887470745633962
628.5,0.6285000000000025,2.889970745633974
629.0,0.6289999999999978,2.8915875218813625
629.5,0.6295000000000002,2.8940875218813744
630.0,0.6300000000000026,2.8965875218813864
630.5,0.6304999999999978,2.898229998608599
631.0,0.6310000000000002,2.900729998608611
631.5,0.6315000000000026,2.903229998608623
632.0,0.6319999999999979,2.904905921286236
632.5,0.6325000000000003,2.907405921286248
633.0,0.6330000000000027,2.90990592128626
633.5,0.633499999999998,2.9116100542310974
634.0,0.6340000000000003,2.9141100542311094
634.5,0.6345000000000027,2.9166100542311213
635.0,0.634999999999998,2.9183281659442883
635.5,0.6355000000000004,2.9208281659443003
636.0,0.6360000000000028,2.923328165944312
636.5,0.6364999999999981,2.925047705112007
637.0,0.6370000000000005,2.927547705112019
637.5,0.6375000000000028,2.930047705112031
638.0,0.6379999999999981,2.931773576697445
638.5,0.6385000000000005,2.934273576697457
639.0,0.6390000000000029,2.936773576697469
639.5,0.6394999999999982,2.9384977953873204
640.0,0.6400000000000006,2.9409977953873323
640.5,0.640500000000003,2.9434977953873442
641.0,0.6409999999999982,2.9452072328368217
641.5,0.6415000000000006,2.9477072328368337
642.0,0.642000000000003,2.9502072328368456
642.5,0.6424999999999983,2.951882390169054
643.0,0.6430000000000007,2.954382390169066
643.5,0.6435000000000031,2.9568823901690777
644.0,0.6439999999999984,2.958537333503628
644.5,0.6445000000000007,2.96103733350364
645.0,0.6450000000000031,2.963537333503652
645.5,0.6454999999999984,2.965191859863836
646.0,0.6460000000000008,2.967691859863848
646.5,0.6465000000000032,2.97019185986386
647.0,0.6469999999999985,2.9718661416135106
647.5,0.6475000000000009,2.9743661416135225
648.0,0.6480000000000032,2.9768661416135345
648.5,0.6484999999999985,2.9785613782417286
649.0,0.6490000000000009,2.9810613782417406
649.5,0.6495000000000033,2.9835613782417525
650.0,0.6499999999999986,2.9853084636967964
650.5,0.650500000000001,2.9878084636968083
651.0,0.6510000000000034,2.9903084636968202
651.5,0.6514999999999986,2.9920803371174642
652.0,0.652000000000001,2.994580337117476
652.5,0.6525000000000034,2.997080337117488
653.0,0.6529999999999987,2.998845573251181
653.5,0.6535000000000011,3.001345573251193
654.0,0.6540000000000035,3.003845573251205
654.5,0.6544999999999987,3.005606412080226
655.0,0.6550000000000011,3.008106412080238
655.5,0.6554999999999964,3.0106064120802145
656.0,0.6559999999999988,3.0123520150206318
656.5,0.6565000000000012,3.0148520150206437
657.0,0.6570000000000036,3.0173520150206556
657.5,0.6574999999999989,3.0190675969179637
658.0,0.6580000000000013,3.0215675969179756
658.5,0.6584999999999965,3.024067596917952
659.0,0.6589999999999989,3.025771571155147
659.5,0.6595000000000013,3.028271571155159
660.0,0.6599999999999966,3.0307715711551353
660.5,0.660499999999999,3.032482740363953
661.0,0.6610000000000014,3.034982740363965
661.5,0.6614999999999966,3.0374827403639415
662.0,0.661999999999999,3.03919328404028
662.5,0.6625000000000014,3.041693284040292
663.0,0.6629999999999967,3.0441932840402686
663.5,0.6634999999999991,3.0459293168574675
664.0,0.6640000000000015,3.0484293168574794
664.5,0.6644999999999968,3.050929316857456
665.0,0.6649999999999991,3.0527191353109018
665.5,0.6655000000000015,3.0552191353109137
666.0,0.6659999999999968,3.05771913531089
666.5,0.6664999999999992,3.0595655988679837
667.0,0.6670000000000016,3.0620655988679957
667.5,0.6674999999999969,3.064565598867972
668.0,0.6679999999999993,3.0664631615813676
668.5,0.6685000000000016,3.0689631615813795
669.0,0.6689999999999969,3.071463161581356
669.5,0.6694999999999993,3.0734021077872953
670.0,0.6700000000000017,3.075902107787307
670.5,0.670499999999997,3.0784021077872836
671.0,0.6709999999999994,3.0803858894136837
671.5,0.6715000000000018,3.0828858894136957
672.0,0.671999999999997,3.085385889413672
672.5,0.6724999999999994,3.087412671401104
673.0,0.6730000000000018,3.089912671401116
673.5,0.6734999999999971,3.0924126714010924
674.0,0.6739999999999995,3.094470334222841
674.5,0.6745000000000019,3.0969703342228527
675.0,0.6749999999999972,3.099470334222829
675.5,0.6754999999999995,3.1015245107517586
676.0,0.6760000000000019,3.1040245107517705
676.5,0.6764999999999972,3.106524510751747
677.0,0.6769999999999996,3.1085676644935134
677.5,0.677500000000002,3.1110676644935253
678.0,0.6779999999999973,3.1135676644935018
678.5,0.6784999999999997,3.1155773723537905
679.0,0.679000000000002,3.1180773723538024
679.5,0.6794999999999973,3.120577372353779
680.0,0.6799999999999997,3.123077372353791
680.5,0.6805000000000021,3.125000949983807
681.0,0.6809999999999974,3.1275009499837836
681.5,0.6814999999999998,3.1300009499837955
682.0,0.6820000000000022,3.1318184320069165
682.5,0.6824999999999974,3.134318432006893
683.0,0.6829999999999998,3.136818432006905
683.5,0.6835000000000022,3.1385166094817407
684.0,0.6839999999999975,3.141016609481717
684.5,0.6844999999999999,3.143516609481729
685.0,0.6850000000000023,3.14509483715387
685.5,0.6854999999999976,3.1475948371538465
686.0,0.6859999999999999,3.1500948371538584
686.5,0.6865000000000023,3.1515725580711873
687.0,0.6869999999999976,3.1540725580711637
687.5,0.6875,3.1565725580711756
688.0,0.6880000000000024,3.1579986175188424
688.5,0.6884999999999977,3.1604986175188188
689.0,0.6890000000000001,3.1629986175188307
689.5,0.6895000000000024,3.1644295390612243
690.0,0.6899999999999977,3.1669295390612007
690.5,0.6905000000000001,3.1694295390612126
691.0,0.6910000000000025,3.1709140426636395
691.5,0.6914999999999978,3.173414042663616
692.0,0.6920000000000002,3.175914042663628
692.5,0.6925000000000026,3.177490749968861
693.0,0.6929999999999978,3.1799907499688373
693.5,0.6935000000000002,3.1824907499688493
694.0,0.6940000000000026,3.1841832905330847
694.5,0.6944999999999979,3.186683290533061
695.0,0.6950000000000003,3.189183290533073
695.5,0.6955000000000027,3.190987472866702
696.0,0.695999999999998,3.1934874728666784
696.5,0.6965000000000003,3.1959874728666904
697.0,0.6970000000000027,3.1979254093017317
697.5,0.697499999999998,3.200425409301708
698.0,0.6980000000000004,3.20292540930172
698.5,0.6985000000000028,3.2049771240430402
699.0,0.6989999999999981,3.2074771240430167
699.5,0.6995000000000005,3.2099771240430286
700.0,0.7000000000000028,3.212102946247093
700.5,0.7004999999999981,3.2146029462470693
701.0,0.7010000000000005,3.2171029462470813
701.5,0.7015000000000029,3.21927210081121
702.0,0.7019999999999982,3.2217721008111866
702.5,0.7025000000000006,3.2242721008111985
703.0,0.703000000000003,3.226439053824315
703.5,0.7034999999999982,3.2289390538242912
704.0,0.7040000000000006,3.231439053824303
704.5,0.704500000000003,3.233571904976884
705.0,0.7049999999999983,3.2360719049768605
705.5,0.7055000000000007,3.2385719049768724
706.0,0.7060000000000031,3.24062072155769
706.5,0.7064999999999984,3.2431207215576663
707.0,0.7070000000000007,3.2456207215576782
707.5,0.7075000000000031,3.2475370918417212
708.0,0.7079999999999984,3.2500370918416976
708.5,0.7085000000000008,3.2525370918417096
709.0,0.7090000000000032,3.25430005468327
709.5,0.7094999999999985,3.2568000546832465
710.0,0.7100000000000009,3.2593000546832585
710.5,0.7105000000000032,3.260868419675269
711.0,0.7109999999999985,3.2633684196752455
711.5,0.7115000000000009,3.2658684196752574
712.0,0.7120000000000033,3.267211252465856
712.5,0.7124999999999986,3.2697112524658323
713.0,0.713000000000001,3.272211252465844
713.5,0.7135000000000034,3.273315619429269
714.0,0.7139999999999986,3.2758156194292454
714.5,0.714500000000001,3.2783156194292573
715.0,0.7150000000000034,3.2792002690610644
715.5,0.7154999999999987,3.281700269061041
716.0,0.7160000000000011,3.284200269061053
716.5,0.7165000000000035,3.2849063595168815
717.0,0.7169999999999987,3.287406359516858
717.5,0.7175000000000011,3.28990635951687
718.0,0.7179999999999964,3.290520344420287
718.5,0.7184999999999988,3.293020344420299
719.0,0.7190000000000012,3.2955203444203107
719.5,0.7195000000000036,3.2961191778991505
720.0,0.7199999999999989,3.298619177899127
720.5,0.7205000000000013,3.301119177899139
721.0,0.7209999999999965,3.3017641481514204
721.5,0.7214999999999989,3.3042641481514323
722.0,0.7220000000000013,3.3067641481514443
722.5,0.7224999999999966,3.307494916558582
723.0,0.722999999999999,3.309994916558594
723.5,0.7235000000000014,3.312494916558606
724.0,0.7239999999999966,3.3133471668336156
724.5,0.724499999999999,3.3158471668336276
725.0,0.7250000000000014,3.3183471668336395
725.5,0.7254999999999967,3.3193604038427793
726.0,0.7259999999999991,3.3218604038427912
726.5,0.7265000000000015,3.324360403842803
727.0,0.7269999999999968,3.3255352455008946
727.5,0.7274999999999991,3.3280352455009066
728.0,0.7280000000000015,3.3305352455009185
728.5,0.7284999999999968,3.331844946355176
729.0,0.7289999999999992,3.3343449463551877
729.5,0.7295000000000016,3.3368449463551997
730.0,0.7299999999999969,3.3382550824698143
730.5,0.7304999999999993,3.340755082469826
731.0,0.7310000000000016,3.343255082469838
731.5,0.7314999999999969,3.344730742481943
732.0,0.7319999999999993,3.3472307424819547
732.5,0.7325000000000017,3.3497307424819667
733.0,0.732999999999997,3.351258511993791
733.5,0.7334999999999994,3.353758511993803
734.0,0.7340000000000018,3.356258511993815
734.5,0.734499999999997,3.3577882392408043
735.0,0.7349999999999994,3.360288239240816
735.5,0.7355000000000018,3.362788239240828
736.0,0.7359999999999971,3.3642820183114353
736.5,0.7364999999999995,3.366782018311447
737.0,0.7370000000000019,3.369282018311459
737.5,0.7374999999999972,3.370695797014953
738.0,0.7379999999999995,3.373195797014965
738.5,0.7385000000000019,3.375695797014977
739.0,0.7389999999999972,3.376978398662267
739.5,0.7394999999999996,3.379478398662279
740.0,0.740000000000002,3.381978398662291
740.5,0.7404999999999973,3.383078956138199
741.0,0.7409999999999997,3.385578956138211
741.5,0.741500000000002,3.388078956138223
742.0,0.7419999999999973,3.3889618660789367
742.5,0.7424999999999997,3.3914618660789486
743.0,0.7430000000000021,3.3939618660789606
743.5,0.7434999999999974,3.394615988368024
744.0,0.7439999999999998,3.3971159883680357
744.5,0.7445000000000022,3.3996159883680477
745.0,0.7449999999999974,3.4000617579536296
745.5,0.7454999999999998,3.4025617579536416
746.0,0.7460000000000022,3.4050617579536535
746.5,0.7464999999999975,3.4053446741982896
747.0,0.7469999999999999,3.4078446741983015
747.5,0.7475000000000023,3.4103446741983134
748.0,0.7479999999999976,3.4105168940994446
748.5,0.7484999999999999,3.4130168940994565
749.0,0.7490000000000023,3.4155168940994685
749.5,0.7494999999999976,3.4156377580853103
750.0,0.75,3.4181377580853223
750.5,0.7505000000000024,3.420637758085334
751.0,0.7509999999999977,3.420779675994119
751.5,0.7515000000000001,3.423279675994131
752.0,0.7520000000000024,3.425779675994143
752.5,0.7524999999999977,3.425999789036851
753.0,0.7530000000000001,3.428499789036863
753.5,0.7535000000000025,3.430999789036875
754.0,0.7539999999999978,3.4313357488862195
754.5,0.7545000000000002,3.4338357488862314
755.0,0.7550000000000026,3.4363357488862434
755.5,0.7554999999999978,3.43883574888622
756.0,0.7560000000000002,3.439310350023632
756.5,0.7565000000000026,3.441810350023644
757.0,0.7569999999999979,3.4443103500236205
757.5,0.7575000000000003,3.4449340121123484
758.0,0.7580000000000027,3.4474340121123603
758.5,0.758499999999998,3.4499340121123367
759.0,0.7590000000000003,3.4507237930337453
759.5,0.7595000000000027,3.4532237930337573
760.0,0.759999999999998,3.4557237930337337
760.5,0.7605000000000004,3.45668303703782
761.0,0.7610000000000028,3.459183037037832
761.5,0.7614999999999981,3.461683037037808
762.0,0.7620000000000005,3.462803472951208
762.5,0.7625000000000028,3.46530347295122
763.0,0.7629999999999981,3.4678034729511964
763.5,0.7635000000000005,3.469063116393265
764.0,0.7640000000000029,3.471563116393277
764.5,0.7644999999999982,3.4740631163932534
765.0,0.7650000000000006,3.4754275369032683
765.5,0.765500000000003,3.4779275369032803
766.0,0.7659999999999982,3.4804275369032567
766.5,0.7665000000000006,3.4818784930991598
767.0,0.767000000000003,3.4843784930991717
767.5,0.7674999999999983,3.486878493099148
768.0,0.7680000000000007,3.488380105710398
768.5,0.7685000000000031,3.49088010571041
769.0,0.7689999999999984,3.4933801057103864
769.5,0.7695000000000007,3.494897974217217
770.0,0.7700000000000031,3.497397974217229
770.5,0.7704999999999984,3.4998979742172054
771.0,0.7710000000000008,3.5013862596873224
771.5,0.7715000000000032,3.5038862596873344
772.0,0.7719999999999985,3.5063862596873108
772.5,0.7725000000000009,3.507809935065005
773.0,0.7730000000000032,3.510309935065017
773.5,0.7734999999999985,3.5128099350649933
774.0,0.7740000000000009,3.514139582640148
774.5,0.7745000000000033,3.5166395826401597
775.0,0.7749999999999986,3.519139582640136
775.5,0.775500000000001,3.520373110350512
776.0,0.7760000000000034,3.522873110350524
776.5,0.7764999999999986,3.5253731103505004
777.0,0.777000000000001,3.5265167739910197
777.5,0.7775000000000034,3.5290167739910316
778.0,0.7779999999999987,3.531516773991008
778.5,0.7785000000000011,3.5325968259398977
779.0,0.7790000000000035,3.5350968259399096
779.5,0.7794999999999987,3.537596825939886
780.0,0.7800000000000011,3.5386473694159193
780.5,0.7804999999999964,3.5411473694158957
781.0,0.7809999999999988,3.5436473694159076
781.5,0.7815000000000012,3.544723803808232
782.0,0.7820000000000036,3.5472238038082438
782.5,0.7824999999999989,3.54972380380822
783.0,0.7830000000000013,3.550879880530431
783.5,0.7834999999999965,3.5533798805304073
784.0,0.7839999999999989,3.5558798805304193
784.5,0.7845000000000013,3.5571389175784773
785.0,0.7849999999999966,3.5596389175784537
785.5,0.785499999999999,3.5621389175784657
786.0,0.7860000000000014,3.5635134864169515
786.5,0.7864999999999966,3.566013486416928
787.0,0.786999999999999,3.56851348641694
787.5,0.7875000000000014,3.5700198408489214
788.0,0.7879999999999967,3.572519840848898
788.5,0.7884999999999991,3.57501984084891
789.0,0.7890000000000015,3.576667752333371
789.5,0.7894999999999968,3.5791677523333476
790.0,0.7899999999999991,3.5816677523333595
790.5,0.7905000000000015,3.583481492038736
791.0,0.7909999999999968,3.5859814920387123
791.5,0.7914999999999992,3.5884814920387242
792.0,0.7920000000000016,3.5904688521685557
792.5,0.7924999999999969,3.592968852168532
793.0,0.7929999999999993,3.595468852168544
793.5,0.7935000000000016,3.5976108138110874
794.0,0.7939999999999969,3.600110813811064
794.5,0.7944999999999993,3.6026108138110757
795.0,0.7950000000000017,3.6049000837794765
795.5,0.795499999999997,3.607400083779453
796.0,0.7959999999999994,3.609900083779465
796.5,0.7965000000000018,3.612336528045077
797.0,0.796999999999997,3.6148365280450534
797.5,0.7974999999999994,3.6173365280450653
798.0,0.7980000000000018,3.6198694024762545
798.5,0.7984999999999971,3.622369402476231
799.0,0.7989999999999995,3.624869402476243
799.5,0.7995000000000019,3.627454514764956
800.0,0.7999999999999972,3.6299545147649326
800.5,0.8004999999999995,3.6324545147649445
801.0,0.8010000000000019,3.6350713943134494
801.5,0.8014999999999972,3.637571394313426
802.0,0.8019999999999996,3.6400713943134377
802.5,0.802500000000002,3.6426984109298743
803.0,0.8029999999999973,3.6451984109298508
803.5,0.8034999999999997,3.6476984109298627
804.0,0.804000000000002,3.6503340989736444
804.5,0.8044999999999973,3.6528340989736208
805.0,0.8049999999999997,3.6553340989736327
805.5,0.8055000000000021,3.6579579282024355
806.0,0.8059999999999974,3.660457928202412
806.5,0.8064999999999998,3.662957928202424
807.0,0.8070000000000022,3.6655462603748035
807.5,0.8074999999999974,3.66804626037478
808.0,0.8079999999999998,3.670546260374792
808.5,0.8085000000000022,3.673059458767156
809.0,0.8089999999999975,3.6755594587671325
809.5,0.8094999999999999,3.6780594587671445
810.0,0.8100000000000023,3.6804825425648247
810.5,0.8104999999999976,3.682982542564801
811.0,0.8109999999999999,3.685482542564813
811.5,0.8115000000000023,3.687800053637531
812.0,0.8119999999999976,3.6903000536375075
812.5,0.8125,3.6928000536375194
813.0,0.8130000000000024,3.695006603280362
813.5,0.8134999999999977,3.6975066032803383
814.0,0.8140000000000001,3.7000066032803502
814.5,0.8145000000000024,3.7021076889772786
815.0,0.8149999999999977,3.704607688977255
815.5,0.8155000000000001,3.707107688977267
816.0,0.8160000000000025,3.7091177074738724
816.5,0.8164999999999978,3.711617707473849
817.0,0.8170000000000002,3.7141177074738607
817.5,0.8175000000000026,3.7160536111676734
818.0,0.8179999999999978,3.71855361116765
818.5,0.8185000000000002,3.7210536111676618
819.0,0.8190000000000026,3.7229330026219998
819.5,0.8194999999999979,3.725433002621976
820.0,0.8200000000000003,3.727933002621988
820.5,0.8205000000000027,3.7297669150659374
821.0,0.820999999999998,3.732266915065914
821.5,0.8215000000000003,3.7347669150659257
822.0,0.8220000000000027,3.7365932246499156
822.5,0.822499999999998,3.739093224649892
823.0,0.8230000000000004,3.741593224649904
823.5,0.8235000000000028,3.743447108893818
824.0,0.8239999999999981,3.7459471088937946
824.5,0.8245000000000005,3.7484471088938065
825.0,0.8250000000000028,3.750357131272928
825.5,0.8254999999999981,3.752857131272904
826.0,0.8260000000000005,3.755357131272916
826.5,0.8265000000000029,3.7573342371654306
827.0,0.8269999999999982,3.759834237165407
827.5,0.8275000000000006,3.762334237165419
828.0,0.828000000000003,3.764378355146576
828.5,0.8284999999999982,3.7668783551465523
829.0,0.8290000000000006,3.7693783551465643
829.5,0.829500000000003,3.7714900921191585
830.0,0.8299999999999983,3.773990092119135
830.5,0.8305000000000007,3.776490092119147
831.0,0.8310000000000031,3.778990092119159
831.5,0.8314999999999984,3.781164948725646
832.0,0.8320000000000007,3.783664948725658
832.5,0.8325000000000031,3.78616494872567
833.0,0.8329999999999984,3.788400517450512
833.5,0.8335000000000008,3.790900517450524
834.0,0.8340000000000032,3.793400517450536
834.5,0.8344999999999985,3.795665997213966
835.0,0.8350000000000009,3.798165997213978
835.5,0.8355000000000032,3.80066599721399
836.0,0.8359999999999985,3.8029327298973925
836.5,0.8365000000000009,3.8054327298974044
837.0,0.8370000000000033,3.8079327298974164
837.5,0.8374999999999986,3.8101469408757183
838.0,0.838000000000001,3.81264694087573
838.5,0.8385000000000034,3.815146940875742
839.0,0.8389999999999986,3.8172456433778024
839.5,0.839500000000001,3.8197456433778143
840.0,0.8400000000000034,3.8222456433778262
840.5,0.8404999999999987,3.8241759393794084
841.0,0.8410000000000011,3.8266759393794203
841.5,0.8415000000000035,3.8291759393794322
842.0,0.8419999999999987,3.8309151893844273
842.5,0.8425000000000011,3.8334151893844393
843.0,0.8429999999999964,3.8359151893844157
843.5,0.8434999999999988,3.837444148679481
844.0,0.8440000000000012,3.8399441486794927
844.5,0.8445000000000036,3.8424441486795047
845.0,0.8449999999999989,3.8437570653418973
845.5,0.8455000000000013,3.8462570653419093
846.0,0.8459999999999965,3.8487570653418857
846.5,0.8464999999999989,3.8498591116591996
847.0,0.8470000000000013,3.8523591116592115
847.5,0.8474999999999966,3.854859111659188
848.0,0.847999999999999,3.855777494231205
848.5,0.8485000000000014,3.858277494231217
849.0,0.8489999999999966,3.8607774942311934
849.5,0.849499999999999,3.8615348375671132
850.0,0.8500000000000014,3.864034837567125
850.5,0.8504999999999967,3.8665348375671016
851.0,0.8509999999999991,3.867159457122753
851.5,0.8515000000000015,3.869659457122765
852.0,0.8519999999999968,3.8721594571227413
852.5,0.8524999999999991,3.872705780918473
853.0,0.8530000000000015,3.8752057809184848
853.5,0.8534999999999968,3.877705780918461
854.0,0.8539999999999992,3.8782059404592673
854.5,0.8545000000000016,3.880705940459279
855.0,0.8549999999999969,3.8832059404592556
855.5,0.8554999999999993,3.883698828266411
856.0,0.8560000000000016,3.886198828266423
856.5,0.8564999999999969,3.8886988282663992
857.0,0.8569999999999993,3.889238510570472
857.5,0.8575000000000017,3.891738510570484
858.0,0.857999999999997,3.89423851057046
858.5,0.8584999999999994,3.894883613047675
859.0,0.8590000000000018,3.897383613047687
859.5,0.859499999999997,3.8998836130476633
860.0,0.8599999999999994,3.9006940684831193
860.5,0.8605000000000018,3.903194068483131
861.0,0.8609999999999971,3.9056940684831076
861.5,0.8614999999999995,3.9067018372807283
862.0,0.8620000000000019,3.90920183728074
862.5,0.8624999999999972,3.9117018372807166
863.0,0.8629999999999995,3.9129384604196815
863.5,0.8635000000000019,3.9154384604196935
864.0,0.8639999999999972,3.91793846041967
864.5,0.8644999999999996,3.9194062661160345
865.0,0.865000000000002,3.9219062661160464
865.5,0.8654999999999973,3.924406266116023
866.0,0.8659999999999997,3.9260880810571663
866.5,0.866500000000002,3.9285880810571783
867.0,0.8669999999999973,3.9310880810571547
867.5,0.8674999999999997,3.93297226097971
868.0,0.8680000000000021,3.935472260979722
868.5,0.8684999999999974,3.9379722609796985
869.0,0.8689999999999998,3.9400129641990134
869.5,0.8695000000000022,3.9425129641990253
870.0,0.8699999999999974,3.9450129641990017
870.5,0.8704999999999998,3.9471592257204335
871.0,0.8710000000000022,3.9496592257204455
871.5,0.8714999999999975,3.952159225720422
872.0,0.8719999999999999,3.954328076284135
872.5,0.8725000000000023,3.956828076284147
873.0,0.8729999999999976,3.959328076284123
873.5,0.8734999999999999,3.96146516795298
874.0,0.8740000000000023,3.963965167952992
874.5,0.8744999999999976,3.9664651679529683
875.0,0.875,3.968530429425172
875.5,0.8755000000000024,3.971030429425184
876.0,0.8759999999999977,3.9735304294251605
876.5,0.8765000000000001,3.9754974667841836
877.0,0.8770000000000024,3.9779974667841955
877.5,0.8774999999999977,3.980497466784172
878.0,0.8780000000000001,3.9823502903856323
878.5,0.8785000000000025,3.984850290385644
879.0,0.8789999999999978,3.9873502903856206
879.5,0.8795000000000002,3.9890727378166346
880.0,0.8800000000000026,3.9915727378166466
880.5,0.8804999999999978,3.994072737816623
881.0,0.8810000000000002,3.995671756628667
881.5,0.8815000000000026,3.998171756628679
882.0,0.8819999999999979,4.000671756628655
882.5,0.8825000000000003,4.002173825631665
883.0,0.8830000000000027,4.004673825631677
883.5,0.883499999999998,4.007173825631654
884.0,0.8840000000000003,4.008603282883136
884.5,0.8845000000000027,4.011103282883148
885.0,0.884999999999998,4.013603282883125
885.5,0.8855000000000004,4.015002297317096
886.0,0.8860000000000028,4.017502297317108
886.5,0.8864999999999981,4.020002297317085
887.0,0.8870000000000005,4.021413521335759
887.5,0.8875000000000028,4.023913521335771
888.0,0.8879999999999981,4.026413521335748
888.5,0.8885000000000005,4.027857615148918
889.0,0.8890000000000029,4.0303576151489295
889.5,0.8894999999999982,4.032857615148906
890.0,0.8900000000000006,4.034357176143111
890.5,0.890500000000003,4.036857176143123
891.0,0.8909999999999982,4.039357176143099
891.5,0.8915000000000006,4.040941765714976
892.0,0.892000000000003,4.043441765714988
892.5,0.8924999999999983,4.045941765714964
893.0,0.8930000000000007,4.047614666684076
893.5,0.8935000000000031,4.050114666684088
894.0,0.8939999999999984,4.052614666684065
894.5,0.8945000000000007,4.054390550251696
895.0,0.8950000000000031,4.056890550251708
895.5,0.8954999999999984,4.059390550251685
896.0,0.8960000000000008,4.061286275180578
896.5,0.8965000000000032,4.06378627518059
897.0,0.8969999999999985,4.066286275180566
897.5,0.8975000000000009,4.068298388617855
898.0,0.8980000000000032,4.070798388617867
898.5,0.8984999999999985,4.073298388617843
899.0,0.8990000000000009,4.075395374936868
899.5,0.8995000000000033,4.07789537493688
900.0,0.8999999999999986,4.080395374936856
900.5,0.900500000000001,4.08257813941308
901.0,0.9010000000000034,4.085078139413092
901.5,0.9014999999999986,4.087578139413068
902.0,0.902000000000001,4.0898223121624255
902.5,0.9025000000000034,4.0923223121624375
903.0,0.9029999999999987,4.094822312162414
903.5,0.9035000000000011,4.09708732255659
904.0,0.9040000000000035,4.0995873225566015
904.5,0.9044999999999987,4.102087322556578
905.0,0.9050000000000011,4.104312431121961
905.5,0.9054999999999964,4.106812431121938
906.0,0.9059999999999988,4.10931243112195
906.5,0.9065000000000012,4.111812431121962
907.0,0.9070000000000036,4.113961217664581
907.5,0.9074999999999989,4.116461217664558
908.0,0.9080000000000013,4.11896121766457
908.5,0.9084999999999965,4.12100545403149
909.0,0.9089999999999989,4.123505454031502
909.5,0.9095000000000013,4.126005454031514
910.0,0.9099999999999966,4.127926245435063
910.5,0.910499999999999,4.130426245435075
911.0,0.9110000000000014,4.132926245435087
911.5,0.9114999999999966,4.134735733188286
912.0,0.911999999999999,4.137235733188298
912.5,0.9125000000000014,4.13973573318831
913.0,0.9129999999999967,4.141432808275951
913.5,0.9134999999999991,4.143932808275963
914.0,0.9140000000000015,4.146432808275975
914.5,0.9144999999999968,4.148016687347109
915.0,0.9149999999999991,4.150516687347121
915.5,0.9155000000000015,4.153016687347133
916.0,0.9159999999999968,4.1544915672352545
916.5,0.9164999999999992,4.156991567235266
917.0,0.9170000000000016,4.159491567235278
917.5,0.9174999999999969,4.160880062369863
918.0,0.9179999999999993,4.163380062369875
918.5,0.9185000000000016,4.165880062369887
919.0,0.9189999999999969,4.167209835307837
919.5,0.9194999999999993,4.169709835307849
920.0,0.9200000000000017,4.172209835307861
920.5,0.920499999999997,4.173491714581736
921.0,0.9209999999999994,4.175991714581748
921.5,0.9215000000000018,4.17849171458176
922.0,0.921999999999997,4.179752832746324
922.5,0.9224999999999994,4.182252832746336
923.0,0.9230000000000018,4.184752832746348
923.5,0.9234999999999971,4.186014624740082
924.0,0.9239999999999995,4.188514624740094
924.5,0.9245000000000019,4.191014624740106
925.0,0.9249999999999972,4.192282674226462
925.5,0.9254999999999995,4.194782674226474
926.0,0.9260000000000019,4.197282674226486
926.5,0.9264999999999972,4.1985754464380065
927.0,0.9269999999999996,4.2010754464380184
927.5,0.927500000000002,4.20357544643803
928.0,0.9279999999999973,4.204913640759891
928.5,0.9284999999999997,4.207413640759903
929.0,0.929000000000002,4.209913640759915
929.5,0.9294999999999973,4.211313791664217
930.0,0.9299999999999997,4.213813791664229
930.5,0.9305000000000021,4.216313791664241
931.0,0.9309999999999974,4.2177698215461135
931.5,0.9314999999999998,4.220269821546125
932.0,0.9320000000000022,4.222769821546137
932.5,0.9324999999999974,4.2242715247790485
933.0,0.9329999999999998,4.2267715247790605
933.5,0.9335000000000022,4.229271524779072
934.0,0.9339999999999975,4.230801748930304
934.5,0.9344999999999999,4.233301748930316
935.0,0.9350000000000023,4.235801748930328
935.5,0.9354999999999976,4.237340845119597
936.0,0.9359999999999999,4.239840845119609
936.5,0.9365000000000023,4.242340845119621
937.0,0.9369999999999976,4.243872775889841
937.5,0.9375,4.246372775889853
938.0,0.9380000000000024,4.248872775889865
938.5,0.9384999999999977,4.250381802425238
939.0,0.9390000000000001,4.25288180242525
939.5,0.9395000000000024,4.255381802425262
940.0,0.9399999999999977,4.256851163708291
940.5,0.9405000000000001,4.259351163708303
941.0,0.9410000000000025,4.2618511637083145
941.5,0.9414999999999978,4.263273921744073
942.0,0.9420000000000002,4.265773921744085
942.5,0.9425000000000026,4.268273921744097
943.0,0.9429999999999978,4.269662847999811
943.5,0.9435000000000002,4.272162847999823
944.0,0.9440000000000026,4.274662847999835
944.5,0.9444999999999979,4.2760253993047215
945.0,0.9450000000000003,4.278525399304733
945.5,0.9455000000000027,4.281025399304745
946.0,0.945999999999998,4.282360511053973
946.5,0.9465000000000003,4.284860511053985
947.0,0.9470000000000027,4.287360511053997
947.5,0.947499999999998,4.288668696071234
948.0,0.9480000000000004,4.291168696071246
948.5,0.9485000000000028,4.293668696071258
949.0,0.9489999999999981,4.294943658167973
949.5,0.9495000000000005,4.297443658167985
950.0,0.9500000000000028,4.299943658167997
950.5,0.9504999999999981,4.301203171661285
951.0,0.9510000000000005,4.303703171661297
951.5,0.9515000000000029,4.306203171661309
952.0,0.9519999999999982,4.30746054278039
952.5,0.9525000000000006,4.309960542780402
953.0,0.953000000000003,4.312460542780414
953.5,0.9534999999999982,4.31372103804172
954.0,0.9540000000000006,4.316221038041732
954.5,0.954500000000003,4.318721038041744
955.0,0.9549999999999983,4.319988629471396
955.5,0.9555000000000007,4.322488629471408
956.0,0.9560000000000031,4.32498862947142
956.5,0.9564999999999984,4.326292334701698
957.0,0.9570000000000007,4.32879233470171
957.5,0.9575000000000031,4.331292334701722
958.0,0.9579999999999984,4.3326652869412285
958.5,0.9585000000000008,4.3351652869412405
959.0,0.9590000000000032,4.337665286941252
959.5,0.9594999999999985,4.339131830291159
960.0,0.9600000000000009,4.3416318302911705
960.5,0.9605000000000032,4.344131830291182
961.0,0.9609999999999985,4.345692150968574
961.5,0.9615000000000009,4.348192150968586
962.0,0.9620000000000033,4.350692150968598
962.5,0.9624999999999986,4.352349107790943
963.0,0.963000000000001,4.354849107790955
963.5,0.9635000000000034,4.3573491077909665
964.0,0.9639999999999986,4.359093131943155
964.5,0.964500000000001,4.361593131943167
965.0,0.9650000000000034,4.364093131943179
965.5,0.9654999999999987,4.365920129588758
966.0,0.9660000000000011,4.36842012958877
966.5,0.9665000000000035,4.370920129588782
967.0,0.9669999999999987,4.3728067372821045
967.5,0.9675000000000011,4.375306737282116
968.0,0.9679999999999964,4.377806737282093
968.5,0.9684999999999988,4.379725812578279
969.0,0.9690000000000012,4.382225812578291
969.5,0.9695000000000036,4.384725812578303
970.0,0.9699999999999989,4.3866256576687945
970.5,0.9705000000000013,4.3891256576688065
971.0,0.9709999999999965,4.391625657668783
971.5,0.9714999999999989,4.393478329092666
972.0,0.9720000000000013,4.395978329092678
972.5,0.9724999999999966,4.398478329092654
973.0,0.972999999999999,4.400261448504423
973.5,0.9735000000000014,4.402761448504435
974.0,0.9739999999999966,4.405261448504412
974.5,0.974499999999999,4.406940463179119
975.0,0.9750000000000014,4.409440463179131
975.5,0.9754999999999967,4.411940463179107
976.0,0.9759999999999991,4.413504583939023
976.5,0.9765000000000015,4.416004583939035
977.0,0.9769999999999968,4.418504583939011
977.5,0.9774999999999991,4.419946263586283
978.0,0.9780000000000015,4.422446263586295
978.5,0.9784999999999968,4.424946263586271
979.0,0.9789999999999992,4.426245978731167
979.5,0.9795000000000016,4.428745978731179
980.0,0.9799999999999969,4.431245978731155
980.5,0.9804999999999993,4.432408931888681
981.0,0.9810000000000016,4.4349089318886925
981.5,0.9814999999999969,4.437408931888669
982.0,0.9819999999999993,4.439908931888681
982.5,0.9825000000000017,4.440951444293013
983.0,0.982999999999997,4.4434514442929895
983.5,0.9834999999999994,4.4459514442930015
984.0,0.9840000000000018,4.446884944938887
984.5,0.984499999999997,4.449384944938863
985.0,0.9849999999999994,4.451884944938875
985.5,0.9855000000000018,4.452712966416286
986.0,0.9859999999999971,4.455212966416262
986.5,0.9864999999999995,4.457712966416274
987.0,0.9870000000000019,4.45845758339896
987.5,0.9874999999999972,4.460957583398937
988.0,0.9879999999999995,4.463457583398949
988.5,0.9885000000000019,4.464136474451834
989.0,0.9889999999999972,4.466636474451811
989.5,0.9894999999999996,4.4691364744518225
990.0,0.990000000000002,4.469785850261232
990.5,0.9904999999999973,4.472285850261208
991.0,0.9909999999999997,4.47478585026122
991.5,0.991500000000002,4.475436393684475
992.0,0.9919999999999973,4.477936393684452
992.5,0.9924999999999997,4.480436393684464
993.0,0.9930000000000021,4.481102501195444
993.5,0.9934999999999974,4.483602501195421
994.0,0.9939999999999998,4.4861025011954325
994.5,0.9945000000000022,4.486821672843817
995.0,0.9949999999999974,4.4893216728437935
995.5,0.9954999999999998,4.491821672843805
996.0,0.9960000000000022,4.492611810305505
996.5,0.9964999999999975,4.495111810305481
997.0,0.9969999999999999,4.497611810305493
997.5,0.9975000000000023,4.498479278634413
998.0,0.9979999999999976,4.500979278634389
998.5,0.9984999999999999,4.503479278634401
999.0,0.9990000000000023,4.50441942403252
999.5,0.9994999999999976,4.506919424032496
1000.0,1.0,4.509419424032508
1000.5,1.0005000000000024,4.510392641001957
1001.0,1.0009999999999977,4.512892641001933
1001.5,1.0015,4.515392641001945
1002.0,1.0020000000000024,4.516368001951712
1002.5,1.0024999999999977,4.518868001951688
1003.0,1.0030000000000001,4.5213680019517
1003.5,1.0035000000000025,4.522311743085652
1004.0,1.0039999999999978,4.524811743085628
1004.5,1.0045000000000002,4.52731174308564
1005.0,1.0050000000000026,4.528199031049596
1005.5,1.0054999999999978,4.530699031049572
1006.0,1.0060000000000002,4.533199031049584
1006.5,1.0065000000000026,4.534017858439725
1007.0,1.006999999999998,4.5365178584397015
1007.5,1.0075000000000003,4.539017858439713
1008.0,1.0080000000000027,4.539782802152779
1008.5,1.008499999999998,4.542282802152755
1009.0,1.0090000000000003,4.544782802152767
1009.5,1.0095000000000027,4.545521604884826
1010.0,1.009999999999998,4.548021604884802
1010.5,1.0105000000000004,4.550521604884814
1011.0,1.0110000000000028,4.551229392824929
1011.5,1.011499999999998,4.553729392824906
1012.0,1.0120000000000005,4.556229392824918
1012.5,1.0125000000000028,4.5569226198349355
1013.0,1.0129999999999981,4.559422619834912
1013.5,1.0135000000000005,4.561922619834924
1014.0,1.014000000000003,4.562611940575714
1014.5,1.0144999999999982,4.56511194057569
1015.0,1.0150000000000006,4.567611940575702
1015.5,1.015500000000003,4.568291260118755
1016.0,1.0159999999999982,4.570791260118732
1016.5,1.0165000000000006,4.573291260118744
1017.0,1.017000000000003,4.573961922018626
1017.5,1.0174999999999983,4.576461922018602
1018.0,1.0180000000000007,4.578961922018614
1018.5,1.018500000000003,4.579634993762802
1019.0,1.0189999999999984,4.582134993762779
1019.5,1.0195000000000007,4.584634993762791
1020.0,1.0200000000000031,4.585319230158724
1020.5,1.0204999999999984,4.587819230158701
1021.0,1.0210000000000008,4.590319230158713
1021.5,1.0215000000000032,4.591021827160198
1022.0,1.0219999999999985,4.593521827160174
1022.5,1.0225000000000009,4.596021827160186
1023.0,1.0230000000000032,4.5967585864718785
1023.5,1.0234999999999985,4.599258586471855
1024.0,1.024000000000001,4.601758586471867
1024.5,1.0245000000000033,4.602528595378743
1025.0,1.0249999999999986,4.60502859537872
1025.5,1.025500000000001,4.6075285953787315
1026.0,1.0260000000000034,4.608363959079753
1026.5,1.0264999999999986,4.61086395907973
1027.0,1.027000000000001,4.6133639590797415
1027.5,1.0275000000000034,4.614285788172445
1028.0,1.0279999999999987,4.616785788172422
1028.5,1.028500000000001,4.619285788172434
1029.0,1.0290000000000035,4.620290641932918
1029.5,1.0294999999999987,4.622790641932895
1030.0,1.0300000000000011,4.6252906419329065
1030.5,1.0304999999999964,4.626396638767787
1031.0,1.0309999999999988,4.628896638767799
1031.5,1.0315000000000012,4.631396638767811
1032.0,1.0320000000000036,4.632598666921979
1032.5,1.0324999999999989,4.635098666921955
1033.0,1.0330000000000013,4.637598666921967
1033.5,1.0334999999999965,4.638878528145369
1034.0,1.033999999999999,4.641378528145381
1034.5,1.0345000000000013,4.643878528145393
1035.0,1.0349999999999966,4.645224905772949
1035.5,1.035499999999999,4.647724905772961
1036.0,1.0360000000000014,4.650224905772973
1036.5,1.0364999999999966,4.651631597239501
1037.0,1.036999999999999,4.6541315972395125
1037.5,1.0375000000000014,4.6566315972395245
1038.0,1.0379999999999967,4.658086193466353
1038.5,1.038499999999999,4.660586193466365
1039.0,1.0390000000000015,4.663086193466377
1039.5,1.0394999999999968,4.664595693046429
1040.0,1.0399999999999991,4.667095693046441
1040.5,1.0405000000000015,4.669595693046453
1041.0,1.0409999999999968,4.6711461010168165
1041.5,1.0414999999999992,4.673646101016828
1042.0,1.0420000000000016,4.67614610101684
1042.5,1.0424999999999969,4.677718450885315
1043.0,1.0429999999999993,4.680218450885327
1043.5,1.0435000000000016,4.682718450885339
1044.0,1.043999999999997,4.684299074769562
1044.5,1.0444999999999993,4.686799074769574
1045.0,1.0450000000000017,4.689299074769586
1045.5,1.045499999999997,4.690864381744113
1046.0,1.0459999999999994,4.693364381744125
1046.5,1.0465000000000018,4.695864381744137
1047.0,1.046999999999997,4.697390994513846
1047.5,1.0474999999999994,4.699890994513858
1048.0,1.0480000000000018,4.70239099451387
1048.5,1.048499999999997,4.70386065738893
1049.0,1.0489999999999995,4.706360657388942
1049.5,1.0495000000000019,4.7088606573889535
1050.0,1.0499999999999972,4.710237445014869
1050.5,1.0504999999999995,4.712737445014881
1051.0,1.051000000000002,4.715237445014893
1051.5,1.0514999999999972,4.716492272747637
1052.0,1.0519999999999996,4.7189922727476485
1052.5,1.052500000000002,4.7214922727476605
1053.0,1.0529999999999973,4.7226142002105576
1053.5,1.0534999999999997,4.7251142002105695
1054.0,1.054000000000002,4.727614200210581
1054.5,1.0544999999999973,4.72860834959242
1055.0,1.0549999999999997,4.731108349592432
1055.5,1.055500000000002,4.733608349592444
1056.0,1.0559999999999974,4.73446581143893
1056.5,1.0564999999999998,4.736965811438942
1057.0,1.0570000000000022,4.739465811438954
1057.5,1.0574999999999974,4.741965811438931
1058.0,1.0579999999999998,4.742698608409981
1058.5,1.0585000000000022,4.745198608409993
1059.0,1.0589999999999975,4.747698608409969
1059.5,1.0594999999999999,4.748347977028473
1060.0,1.0600000000000023,4.750847977028485
1060.5,1.0604999999999976,4.7533479770284615
1061.0,1.061,4.753981482806573
1061.5,1.0615000000000023,4.756481482806585
1062.0,1.0619999999999976,4.758981482806561
1062.5,1.0625,4.759638272563045
1063.0,1.0630000000000024,4.762138272563057
1063.5,1.0634999999999977,4.764638272563033
1064.0,1.064,4.765358198726588
1064.5,1.0645000000000024,4.7678581987266
1065.0,1.0649999999999977,4.770358198726576
1065.5,1.0655000000000001,4.771165190858291
1066.0,1.0660000000000025,4.773665190858303
1066.5,1.0664999999999978,4.776165190858279
1067.0,1.0670000000000002,4.7770790502010385
1067.5,1.0675000000000026,4.7795790502010504
1068.0,1.0679999999999978,4.782079050201027
1068.5,1.0685000000000002,4.7830839831282645
1069.0,1.0690000000000026,4.7855839831282765
1069.5,1.069499999999998,4.788083983128253
1070.0,1.0700000000000003,4.789138660743895
1070.5,1.0705000000000027,4.7916386607439065
1071.0,1.070999999999998,4.794138660743883
1071.5,1.0715000000000003,4.795218610536196
1072.0,1.0720000000000027,4.797718610536208
1072.5,1.072499999999998,4.800218610536184
1073.0,1.0730000000000004,4.801306909837848
1073.5,1.0735000000000028,4.80380690983786
1074.0,1.073999999999998,4.806306909837836
1074.5,1.0745000000000005,4.807367276768026
1075.0,1.0750000000000028,4.809867276768038
1075.5,1.0754999999999981,4.812367276768015
1076.0,1.0760000000000005,4.813381228833009
1076.5,1.076500000000003,4.815881228833021
1077.0,1.0769999999999982,4.8183812288329975
1077.5,1.0775000000000006,4.819307702545359
1078.0,1.078000000000003,4.821807702545371
1078.5,1.0784999999999982,4.824307702545347
1079.0,1.0790000000000006,4.825102034623789
1079.5,1.079500000000003,4.827602034623801
1080.0,1.0799999999999983,4.830102034623778
1080.5,1.0805000000000007,4.8307409607070895
1081.0,1.081000000000003,4.833240960707101
1081.5,1.0814999999999984,4.835740960707078
1082.0,1.0820000000000007,4.836182514705243
1082.5,1.0825000000000031,4.838682514705255
1083.0,1.0829999999999984,4.841182514705231
1083.5,1.0835000000000008,4.84141070942453
1084.0,1.0840000000000032,4.8439107094245415
1084.5,1.0844999999999985,4.846410709424518
1085.0,1.0850000000000009,4.846437644572639
1085.5,1.0855000000000032,4.848937644572651
1086.0,1.0859999999999985,4.851437644572627
1086.5,1.086500000000001,4.851293132102086
1087.0,1.0870000000000033,4.853793132102098
1087.5,1.0874999999999986,4.856293132102074
1088.0,1.088000000000001,4.856003805150806
1088.5,1.0885000000000034,4.858503805150818
1089.0,1.0889999999999986,4.861003805150794
1089.5,1.089500000000001,4.860599380906621
1090.0,1.0900000000000034,4.8630993809066325
1090.5,1.0904999999999987,4.865599380906609
1091.0,1.091000000000001,4.865148234543142
1091.5,1.0915000000000035,4.867648234543154
1092.0,1.0919999999999987,4.87014823454313
1092.5,1.0925000000000011,4.869706482356442
1093.0,1.0929999999999964,4.872206482356418
1093.5,1.0934999999999988,4.87470648235643
1094.0,1.0940000000000012,4.874333327354563
1094.5,1.0945000000000036,4.876833327354575
1095.0,1.0949999999999989,4.879333327354551
1095.5,1.0955000000000013,4.879114211142621
1096.0,1.0959999999999965,4.8816142111425975
1096.5,1.096499999999999,4.8841142111426095
1097.0,1.0970000000000013,4.884094244677328
1097.5,1.0974999999999966,4.886594244677305
1098.0,1.097999999999999,4.889094244677317
1098.5,1.0985000000000014,4.88927910250144
1099.0,1.0989999999999966,4.891779102501417
1099.5,1.099499999999999,4.894279102501429
1100.0,1.1000000000000014,4.894667931708341
1100.5,1.1004999999999967,4.897167931708317
1101.0,1.100999999999999,4.899667931708329
1101.5,1.1015000000000015,4.90021483094079
1102.0,1.1019999999999968,4.902714830940766
1102.5,1.1024999999999991,4.905214830940778
1103.0,1.1030000000000015,4.9058990791887425
1103.5,1.1034999999999968,4.908399079188719
1104.0,1.1039999999999992,4.910899079188731
1104.5,1.1045000000000016,4.9116782892375355
1105.0,1.1049999999999969,4.914178289237512
1105.5,1.1054999999999993,4.916678289237524
1106.0,1.1060000000000016,4.917497294766164
1106.5,1.106499999999997,4.919997294766141
1107.0,1.1069999999999993,4.922497294766153
1107.5,1.1075000000000017,4.923320911683113
1108.0,1.107999999999997,4.92582091168309
1108.5,1.1084999999999994,4.928320911683102
1109.0,1.1090000000000018,4.929116489806873
1109.5,1.109499999999997,4.931616489806849
1110.0,1.1099999999999994,4.934116489806861
1110.5,1.1105000000000018,4.934845956980354
1111.0,1.110999999999997,4.93734595698033
1111.5,1.1114999999999995,4.939845956980342
1112.0,1.1120000000000019,4.940498071427619
1112.5,1.1124999999999972,4.942998071427596
1113.0,1.1129999999999995,4.945498071427608
1113.5,1.113500000000002,4.946078236100604
1114.0,1.1139999999999972,4.94857823610058
1114.5,1.1144999999999996,4.951078236100592
1115.0,1.115000000000002,4.9515810144769645
1115.5,1.1154999999999973,4.954081014476941
1116.0,1.1159999999999997,4.956581014476953
1116.5,1.116500000000002,4.957037250866314
1117.0,1.1169999999999973,4.9595372508662905
1117.5,1.1174999999999997,4.962037250866302
1118.0,1.118000000000002,4.96246627608965
1118.5,1.1184999999999974,4.964966276089626
1119.0,1.1189999999999998,4.967466276089638
1119.5,1.1195000000000022,4.967882581473013
1120.0,1.1199999999999974,4.97038258147299
1120.5,1.1204999999999998,4.9728825814730016
1121.0,1.1210000000000022,4.9732810385089365
1121.5,1.1214999999999975,4.975781038508913
1122.0,1.1219999999999999,4.978281038508925
1122.5,1.1225000000000023,4.978677160958647
1123.0,1.1229999999999976,4.981177160958623
1123.5,1.1235,4.983677160958635
1124.0,1.1240000000000023,4.98409715723561
1124.5,1.1244999999999976,4.986597157235586
1125.0,1.125,4.989097157235598
1125.5,1.1255000000000024,4.9895511451695285
1126.0,1.1259999999999977,4.992051145169505
1126.5,1.1265,4.994551145169517
1127.0,1.1270000000000024,4.995053389818551
1127.5,1.1274999999999977,4.997553389818528
1128.0,1.1280000000000001,5.0000533898185395
1128.5,1.1285000000000025,5.000604276617473
1129.0,1.1289999999999978,5.003104276617449
1129.5,1.1295000000000002,5.005604276617461
1130.0,1.1300000000000026,5.006213199249174
1130.5,1.1304999999999978,5.008713199249151
1131.0,1.1310000000000002,5.011213199249163
1131.5,1.1315000000000026,5.01188967466792
1132.0,1.131999999999998,5.014389674667896
1132.5,1.1325000000000003,5.016889674667908
1133.0,1.1330000000000027,5.01938967466792
1133.5,1.133499999999998,5.020123676445216
1134.0,1.1340000000000003,5.022623676445228
1134.5,1.1345000000000027,5.02512367644524
1135.0,1.134999999999998,5.025898017763062
1135.5,1.1355000000000004,5.028398017763074
1136.0,1.1360000000000028,5.030898017763086
1136.5,1.136499999999998,5.031680611824321
1137.0,1.1370000000000005,5.034180611824333
1137.5,1.1375000000000028,5.036680611824345
1138.0,1.1379999999999981,5.037451400575819
1138.5,1.1385000000000005,5.039951400575831
1139.0,1.139000000000003,5.0424514005758425
1139.5,1.1394999999999982,5.043195631260353
1140.0,1.1400000000000006,5.045695631260365
1140.5,1.140500000000003,5.048195631260377
1141.0,1.1409999999999982,5.048935415226659
1141.5,1.1415000000000006,5.0514354152266705
1142.0,1.142000000000003,5.053935415226682
1142.5,1.1424999999999983,5.054695253517352
1143.0,1.1430000000000007,5.057195253517364
1143.5,1.143500000000003,5.059695253517376
1144.0,1.1439999999999984,5.060503693092819
1144.5,1.1445000000000007,5.063003693092831
1145.0,1.1450000000000031,5.065503693092843
1145.5,1.1454999999999984,5.066368223328261
1146.0,1.1460000000000008,5.068868223328273
1146.5,1.1465000000000032,5.071368223328285
1147.0,1.1469999999999985,5.072286774113124
1147.5,1.1475000000000009,5.074786774113136
1148.0,1.1480000000000032,5.077286774113148
1148.5,1.1484999999999985,5.078272812316591
1149.0,1.149000000000001,5.080772812316603
1149.5,1.1495000000000033,5.083272812316615
1150.0,1.1499999999999986,5.084309655945276
1150.5,1.150500000000001,5.086809655945288
1151.0,1.1510000000000034,5.0893096559453
1151.5,1.1514999999999986,5.090374944710483
1152.0,1.152000000000001,5.092874944710495
1152.5,1.1525000000000034,5.095374944710507
1153.0,1.1529999999999987,5.096449842056998
1153.5,1.153500000000001,5.09894984205701
1154.0,1.1540000000000035,5.101449842057022
1154.5,1.1544999999999987,5.102504522391591
1155.0,1.1550000000000011,5.105004522391603
1155.5,1.1554999999999964,5.107504522391579
1156.0,1.1559999999999988,5.108516561930898
1156.5,1.1565000000000012,5.11101656193091
1157.0,1.1570000000000036,5.113516561930922
1157.5,1.1574999999999989,5.114460084174404
1158.0,1.1580000000000013,5.116960084174416
1158.5,1.1584999999999965,5.119460084174392
1159.0,1.158999999999999,5.120309520379429
1159.5,1.1595000000000013,5.122809520379441
1160.0,1.1599999999999966,5.1253095203794174
1160.5,1.160499999999999,5.12603785377884
1161.0,1.1610000000000014,5.128537853778852
1161.5,1.1614999999999966,5.131037853778828
1162.0,1.161999999999999,5.131615706074868
1162.5,1.1625000000000014,5.13411570607488
1163.0,1.1629999999999967,5.136615706074856
1163.5,1.163499999999999,5.137031262308547
1164.0,1.1640000000000015,5.139531262308559
1164.5,1.1644999999999968,5.142031262308535
1165.0,1.1649999999999991,5.142326343364445
1165.5,1.1655000000000015,5.144826343364457
1166.0,1.1659999999999968,5.147326343364433
1166.5,1.1664999999999992,5.147520908231336
1167.0,1.1670000000000016,5.1500209082313475
1167.5,1.1674999999999969,5.152520908231324
1168.0,1.1679999999999993,5.15263455609027
1168.5,1.1685000000000016,5.155134556090282
1169.0,1.168999999999997,5.157634556090258
1169.5,1.1694999999999993,5.157695994928488
1170.0,1.1700000000000017,5.1601959949285
1170.5,1.170499999999997,5.162695994928477
1171.0,1.1709999999999994,5.162746719294695
1171.5,1.1715000000000018,5.165246719294707
1172.0,1.171999999999997,5.1677467192946835
1172.5,1.1724999999999994,5.16781429692994
1173.0,1.1730000000000018,5.170314296929952
1173.5,1.173499999999997,5.1728142969299284
1174.0,1.1739999999999995,5.172904818903845
1174.5,1.1745000000000019,5.175404818903857
1175.0,1.1749999999999972,5.1779048189038335
1175.5,1.1754999999999995,5.178039293868224
1176.0,1.176000000000002,5.180539293868236
1176.5,1.1764999999999972,5.183039293868212
1177.0,1.1769999999999996,5.18323171485779
1177.5,1.177500000000002,5.185731714857802
1178.0,1.1779999999999973,5.188231714857778
1178.5,1.1784999999999997,5.188500836053187
1179.0,1.179000000000002,5.191000836053199
1179.5,1.1794999999999973,5.193500836053175
1180.0,1.1799999999999997,5.193851085126191
1180.5,1.180500000000002,5.196351085126203
1181.0,1.1809999999999974,5.198851085126179
1181.5,1.1814999999999998,5.199279885438628
1182.0,1.1820000000000022,5.20177988543864
1182.5,1.1824999999999974,5.204279885438616
1183.0,1.1829999999999998,5.204778518511368
1183.5,1.1835000000000022,5.20727851851138
1184.0,1.1839999999999975,5.2097785185113565
1184.5,1.1844999999999999,5.210329358993349
1185.0,1.1850000000000023,5.2128293589933605
1185.5,1.1854999999999976,5.215329358993337
1186.0,1.186,5.215916395244413
1186.5,1.1865000000000023,5.218416395244425
1187.0,1.1869999999999976,5.2209163952444015
1187.5,1.1875,5.22150694900283
1188.0,1.1880000000000024,5.224006949002842
1188.5,1.1884999999999977,5.226506949002818
1189.0,1.189,5.227062153187738
1189.5,1.1895000000000024,5.22956215318775
1190.0,1.1899999999999977,5.2320621531877265
1190.5,1.1905000000000001,5.232535221299308
1191.0,1.1910000000000025,5.23503522129932
1191.5,1.1914999999999978,5.2375352212992965
1192.0,1.1920000000000002,5.2379010368219525
1192.5,1.1925000000000026,5.2404010368219645
1193.0,1.1929999999999978,5.242901036821941
1193.5,1.1935000000000002,5.243150198548108
1194.0,1.1940000000000026,5.24565019854812
1194.5,1.194499999999998,5.248150198548096
1195.0,1.1950000000000003,5.248271171916912
1195.5,1.1955000000000027,5.250771171916924
1196.0,1.195999999999998,5.2532711719169
1196.5,1.1965000000000003,5.253283073366752
1197.0,1.1970000000000027,5.255783073366764
1197.5,1.197499999999998,5.258283073366741
1198.0,1.1980000000000004,5.258221634826192
1198.5,1.1985000000000028,5.260721634826204
1199.0,1.198999999999998,5.263221634826181
1199.5,1.1995000000000005,5.263118367544308
1200.0,1.2000000000000028,5.26561836754432
1200.5,1.2004999999999981,5.268118367544297
1201.0,1.2010000000000005,5.268012821446071
1201.5,1.201500000000003,5.270512821446083
1202.0,1.2019999999999982,5.273012821446059
1202.5,1.2025000000000006,5.272934556873565
1203.0,1.203000000000003,5.275434556873577
1203.5,1.2034999999999982,5.277934556873554
1204.0,1.2040000000000006,5.277898233812657
1204.5,1.204500000000003,5.280398233812669
1205.0,1.2049999999999983,5.282898233812645
1205.5,1.2055000000000007,5.282907276674855
1206.0,1.206000000000003,5.285407276674867
1206.5,1.2064999999999984,5.287907276674844
1207.0,1.2070000000000007,5.287994684540145
1207.5,1.2075000000000031,5.290494684540157
1208.0,1.2079999999999984,5.292994684540133
1208.5,1.2085000000000008,5.295494684540145
1209.0,1.2090000000000032,5.295654556054075
1209.5,1.2094999999999985,5.298154556054051
1210.0,1.2100000000000009,5.300654556054063
1210.5,1.2105000000000032,5.3008903096789695
1211.0,1.2109999999999985,5.303390309678946
1211.5,1.211500000000001,5.305890309678958
1212.0,1.2120000000000033,5.306209145372556
1212.5,1.2124999999999986,5.308709145372532
1213.0,1.213000000000001,5.311209145372544
1213.5,1.2135000000000034,5.311598279234424
1214.0,1.2139999999999986,5.3140982792344005
1214.5,1.214500000000001,5.316598279234412
1215.0,1.2150000000000034,5.317049723793623
1215.5,1.2154999999999987,5.3195497237936
1216.0,1.216000000000001,5.3220497237936115
1216.5,1.2165000000000035,5.322547804580395
1217.0,1.2169999999999987,5.325047804580372
1217.5,1.2175000000000011,5.327547804580384
1218.0,1.2179999999999964,5.328061379965909
1218.5,1.2184999999999988,5.330561379965921
1219.0,1.2190000000000012,5.333061379965933
1219.5,1.2195000000000036,5.333587460285223
1220.0,1.2199999999999989,5.336087460285199
1220.5,1.2205000000000013,5.338587460285211
1221.0,1.2209999999999965,5.339117027215146
1221.5,1.221499999999999,5.3416170272151575
1222.0,1.2220000000000013,5.3441170272151695
1222.5,1.2224999999999966,5.34466122826327
1223.0,1.222999999999999,5.347161228263282
1223.5,1.2235000000000014,5.349661228263294
1224.0,1.2239999999999966,5.350244424941373
1224.5,1.224499999999999,5.352744424941385
1225.0,1.2250000000000014,5.355244424941397
1225.5,1.2254999999999967,5.355857474033563
1226.0,1.225999999999999,5.358357474033575
1226.5,1.2265000000000015,5.360857474033587
1227.0,1.2269999999999968,5.361507161945269
1227.5,1.2274999999999991,5.364007161945281
1228.0,1.2280000000000015,5.366507161945293
1228.5,1.2284999999999968,5.367205448709491
1229.0,1.2289999999999992,5.369705448709503
1229.5,1.2295000000000016,5.372205448709515
1230.0,1.2299999999999969,5.372955964496526
1230.5,1.2304999999999993,5.375455964496538
1231.0,1.2310000000000016,5.37795596449655
1231.5,1.231499999999997,5.3787387772546325
1232.0,1.2319999999999993,5.381238777254644
1232.5,1.2325000000000017,5.383738777254656
1233.0,1.232999999999997,5.384546611713539
1233.5,1.2334999999999994,5.387046611713551
1234.0,1.2340000000000018,5.389546611713563
1234.5,1.234499999999997,5.390358331644869
1235.0,1.2349999999999994,5.392858331644881
1235.5,1.2355000000000018,5.395358331644893
1236.0,1.235999999999997,5.396150010866911
1236.5,1.2364999999999995,5.398650010866923
1237.0,1.2370000000000019,5.401150010866935
1237.5,1.2374999999999972,5.4018911022703975
1238.0,1.2379999999999995,5.404391102270409
1238.5,1.238500000000002,5.406891102270421
1239.0,1.2389999999999972,5.407551919303302
1239.5,1.2394999999999996,5.410051919303314
1240.0,1.240000000000002,5.412551919303326
1240.5,1.2404999999999973,5.413127793367174
1241.0,1.2409999999999997,5.415627793367186
1241.5,1.241500000000002,5.418127793367198
1242.0,1.2419999999999973,5.418616361552004
1242.5,1.2424999999999997,5.421116361552016
1243.0,1.243000000000002,5.423616361552028
1243.5,1.2434999999999974,5.4240303208662155
1244.0,1.2439999999999998,5.426530320866227
1244.5,1.2445000000000022,5.429030320866239
1245.0,1.2449999999999974,5.429364015246385
1245.5,1.2454999999999998,5.431864015246397
1246.0,1.2460000000000022,5.434364015246409
1246.5,1.2464999999999975,5.434627316406804
1247.0,1.2469999999999999,5.437127316406816
1247.5,1.2475000000000023,5.439627316406828
1248.0,1.2479999999999976,5.439864328306037
1248.5,1.2485,5.4423643283060485
1249.0,1.2490000000000023,5.4448643283060605
1249.5,1.2494999999999976,5.445106017966488
1250.0,1.25,5.4476060179665
1250.5,1.2505000000000024,5.450106017966512
1251.0,1.2509999999999977,5.450367893603776
1251.5,1.2515,5.452867893603788
1252.0,1.2520000000000024,5.4553678936038
1252.5,1.2524999999999977,5.455662326159469
1253.0,1.2530000000000001,5.458162326159481
1253.5,1.2535000000000025,5.460662326159493
1254.0,1.2539999999999978,5.460976929294645
1254.5,1.2545000000000002,5.463476929294657
1255.0,1.2550000000000026,5.465976929294669
1255.5,1.2554999999999978,5.466300856074611
1256.0,1.2560000000000002,5.468800856074623
1256.5,1.2565000000000026,5.471300856074635
1257.0,1.256999999999998,5.471632748911581
1257.5,1.2575000000000003,5.474132748911593
1258.0,1.2580000000000027,5.476632748911605
1258.5,1.258499999999998,5.476984817501318
1259.0,1.2590000000000003,5.47948481750133
1259.5,1.2595000000000027,5.481984817501342
1260.0,1.259999999999998,5.4823677294987405
1260.5,1.2605000000000004,5.4848677294987525
1261.0,1.2610000000000028,5.487367729498764
1261.5,1.261499999999998,5.487766283104065
1262.0,1.2620000000000005,5.490266283104077
1262.5,1.2625000000000028,5.492766283104089
1263.0,1.2629999999999981,5.493180090562824
1263.5,1.2635000000000005,5.495680090562836
1264.0,1.264000000000003,5.4981800905628475
1264.5,1.2644999999999982,5.498603319263893
1265.0,1.2650000000000006,5.501103319263905
1265.5,1.265500000000003,5.503603319263917
1266.0,1.2659999999999982,5.504050460005914
1266.5,1.2665000000000006,5.506550460005926
1267.0,1.267000000000003,5.509050460005938
1267.5,1.2674999999999983,5.509504414509507
1268.0,1.2680000000000007,5.512004414509519
1268.5,1.268500000000003,5.514504414509531
1269.0,1.2689999999999984,5.514960337439163
1269.5,1.2695000000000007,5.517460337439175
1270.0,1.2700000000000031,5.519960337439187
1270.5,1.2704999999999984,5.520408934751906
1271.0,1.2710000000000008,5.522908934751918
1271.5,1.2715000000000032,5.52540893475193
1272.0,1.2719999999999985,5.525831241310826
1272.5,1.2725000000000009,5.528331241310838
1273.0,1.2730000000000032,5.53083124131085
1273.5,1.2734999999999985,5.53121157414779
1274.0,1.274000000000001,5.533711574147802
1274.5,1.2745000000000033,5.5362115741478135
1275.0,1.2749999999999986,5.536549184376192
1275.5,1.275500000000001,5.5390491843762035
1276.0,1.2760000000000034,5.5415491843762155
1276.5,1.2764999999999986,5.541869158577448
1277.0,1.277000000000001,5.54436915857746
1277.5,1.2775000000000034,5.546869158577472
1278.0,1.2779999999999987,5.547196589763033
1278.5,1.278500000000001,5.549696589763045
1279.0,1.2790000000000035,5.5521965897630565
1279.5,1.2794999999999987,5.552538078511766
1280.0,1.2800000000000011,5.555038078511778
1280.5,1.2804999999999964,5.5575380785117545
1281.0,1.2809999999999988,5.5579051030058935
1281.5,1.2815000000000012,5.560405103005905
1282.0,1.2820000000000036,5.562905103005917
1282.5,1.2824999999999989,5.563301395273683
1283.0,1.2830000000000013,5.565801395273695
1283.5,1.2834999999999965,5.5683013952736715
1284.0,1.283999999999999,5.5708013952736835
1284.5,1.2845000000000013,5.571212225764519
1285.0,1.2849999999999966,5.5737122257644955
1285.5,1.285499999999999,5.5762122257645075
1286.0,1.2860000000000014,5.576617658377749
1286.5,1.2864999999999966,5.579117658377726
1287.0,1.286999999999999,5.581617658377738
1287.5,1.2875000000000014,5.582017405983706
1288.0,1.2879999999999967,5.584517405983682
1288.5,1.288499999999999,5.587017405983694
1289.0,1.2890000000000015,5.5873961890671
1289.5,1.2894999999999968,5.589896189067076
1290.0,1.2899999999999991,5.592396189067088
1290.5,1.2905000000000015,5.592753183250032
1291.0,1.2909999999999968,5.5952531832500085
1291.5,1.2914999999999992,5.5977531832500205
1292.0,1.2920000000000016,5.5980894062759035
1292.5,1.2924999999999969,5.60058940627588
1293.0,1.2929999999999993,5.603089406275892
1293.5,1.2935000000000016,5.603404628785853
1294.0,1.293999999999997,5.605904628785829
1294.5,1.2944999999999993,5.608404628785841
1295.0,1.2950000000000017,5.608692784312979
1295.5,1.295499999999997,5.611192784312955
1296.0,1.2959999999999994,5.613692784312967
1296.5,1.2965000000000018,5.613943221574758
1297.0,1.296999999999997,5.616443221574734
1297.5,1.2974999999999994,5.618943221574746
1298.0,1.2980000000000018,5.6191549707089905
1298.5,1.298499999999997,5.621654970708967
1299.0,1.2989999999999995,5.624154970708979
1299.5,1.2995000000000019,5.624332490880128
1300.0,1.2999999999999972,5.626832490880105
1300.5,1.3004999999999995,5.629332490880117
1301.0,1.301000000000002,5.62947737779929
1301.5,1.3014999999999972,5.6319773777992665
1302.0,1.3019999999999996,5.6344773777992785
1302.5,1.302500000000002,5.6345967425688315
1303.0,1.3029999999999973,5.637096742568808
1303.5,1.3034999999999997,5.63959674256882
1304.0,1.304000000000002,5.639697251344771
1304.5,1.3044999999999973,5.642197251344747
1305.0,1.3049999999999997,5.644697251344759
1305.5,1.305500000000002,5.644798156154351
1306.0,1.3059999999999974,5.647298156154328
1306.5,1.3064999999999998,5.64979815615434
1307.0,1.3070000000000022,5.649930813644097
1307.5,1.3074999999999974,5.652430813644074
1308.0,1.3079999999999998,5.654930813644086
1308.5,1.3085000000000022,5.655100636734467
1309.0,1.3089999999999975,5.657600636734443
1309.5,1.3094999999999999,5.660100636734455
1310.0,1.3100000000000023,5.660322364099137
1310.5,1.3104999999999976,5.662822364099114
1311.0,1.311,5.665322364099126
1311.5,1.3115000000000023,5.665604825663202
1312.0,1.3119999999999976,5.668104825663178
1312.5,1.3125,5.67060482566319
1313.0,1.3130000000000024,5.670940356329162
1313.5,1.3134999999999977,5.673440356329138
1314.0,1.314,5.67594035632915
1314.5,1.3145000000000024,5.676331758155122
1315.0,1.3149999999999977,5.678831758155098
1315.5,1.3155000000000001,5.68133175815511
1316.0,1.3160000000000025,5.681779851816486
1316.5,1.3164999999999978,5.684279851816463
1317.0,1.3170000000000002,5.686779851816475
1317.5,1.3175000000000026,5.687253988119494
1318.0,1.3179999999999978,5.68975398811947
1318.5,1.3185000000000002,5.692253988119482
1319.0,1.3190000000000026,5.6927316446791565
1319.5,1.319499999999998,5.695231644679133
1320.0,1.3200000000000003,5.697731644679145
1320.5,1.3205000000000027,5.698184633900993
1321.0,1.320999999999998,5.70068463390097
1321.5,1.3215000000000003,5.703184633900982
1322.0,1.3220000000000027,5.703595741258454
1322.5,1.322499999999998,5.70609574125843
1323.0,1.3230000000000004,5.708595741258442
1323.5,1.3235000000000028,5.708939873270573
1324.0,1.323999999999998,5.71143987327055
1324.5,1.3245000000000005,5.7139398732705615
1325.0,1.3250000000000028,5.714199751518549
1325.5,1.3254999999999981,5.716699751518526
1326.0,1.3260000000000005,5.719199751518538
1326.5,1.326500000000003,5.7193697859070625
1327.0,1.3269999999999982,5.721869785907039
1327.5,1.3275000000000006,5.724369785907051
1328.0,1.328000000000003,5.72443735975753
1328.5,1.3284999999999982,5.726937359757507
1329.0,1.3290000000000006,5.729437359757519
1329.5,1.329500000000003,5.7294103203896185
1330.0,1.3299999999999983,5.731910320389595
1330.5,1.3305000000000007,5.734410320389607
1331.0,1.331000000000003,5.73428477775952
1331.5,1.3314999999999984,5.736784777759496
1332.0,1.3320000000000007,5.739284777759508
1332.5,1.3325000000000031,5.739059030091234
1333.0,1.3329999999999984,5.74155903009121
1333.5,1.3335000000000008,5.744059030091222
1334.0,1.3340000000000032,5.743745456835896
1334.5,1.3344999999999985,5.746245456835872
1335.0,1.3350000000000009,5.748745456835884
1335.5,1.3355000000000032,5.748385201100561
1336.0,1.3359999999999985,5.750885201100537
1336.5,1.336500000000001,5.753385201100549
1337.0,1.3370000000000033,5.752983103123164
1337.5,1.3374999999999986,5.75548310312314
1338.0,1.338000000000001,5.757983103123152
1338.5,1.3385000000000034,5.757559049516523
1339.0,1.3389999999999986,5.760059049516499
1339.5,1.339500000000001,5.762559049516511
1340.0,1.3400000000000034,5.7621058882944
1340.5,1.3404999999999987,5.764605888294376
1341.0,1.341000000000001,5.767105888294388
1341.5,1.3415000000000035,5.766627891228353
1342.0,1.3419999999999987,5.7691278912283295
1342.5,1.3425000000000011,5.771627891228341
1343.0,1.3429999999999964,5.771143909853187
1343.5,1.3434999999999988,5.773643909853199
1344.0,1.3440000000000012,5.776143909853211
1344.5,1.3445000000000036,5.775659382057299
1345.0,1.3449999999999989,5.778159382057275
1345.5,1.3455000000000013,5.780659382057287
1346.0,1.3459999999999965,5.780174665899729
1346.5,1.346499999999999,5.782674665899741
1347.0,1.3470000000000013,5.785174665899753
1347.5,1.3474999999999966,5.784715074592199
1348.0,1.347999999999999,5.787215074592211
1348.5,1.3485000000000014,5.789715074592223
1349.0,1.3489999999999966,5.789273454672639
1349.5,1.349499999999999,5.791773454672651
1350.0,1.3500000000000014,5.794273454672663
1350.5,1.3504999999999967,5.793843018445095
1351.0,1.350999999999999,5.796343018445107
1351.5,1.3515000000000015,5.798843018445119
1352.0,1.3519999999999968,5.798432141451606
1352.5,1.3524999999999991,5.800932141451618
1353.0,1.3530000000000015,5.80343214145163
1353.5,1.3534999999999968,5.803037471611603
1354.0,1.3539999999999992,5.805537471611615
1354.5,1.3545000000000016,5.808037471611627
1355.0,1.3549999999999969,5.80765052926278
1355.5,1.3554999999999993,5.810150529262792
1356.0,1.3560000000000016,5.812650529262804
1356.5,1.356499999999997,5.812258755508708
1357.0,1.3569999999999993,5.81475875550872
1357.5,1.3575000000000017,5.817258755508732
1358.0,1.357999999999997,5.816849809863598
1358.5,1.3584999999999994,5.81934980986361
1359.0,1.3590000000000018,5.821849809863622
1359.5,1.359499999999997,5.824349809863598
1360.0,1.3599999999999994,5.823916592818179
1360.5,1.3605000000000018,5.826416592818191
1361.0,1.360999999999997,5.828916592818167
1361.5,1.3614999999999995,5.828463142098883
1362.0,1.3620000000000019,5.830963142098895
1362.5,1.3624999999999972,5.833463142098871
1363.0,1.3629999999999995,5.8329963327025425
1363.5,1.363500000000002,5.835496332702554
1364.0,1.3639999999999972,5.837996332702531
1364.5,1.3644999999999996,5.837537826484578
1365.0,1.365000000000002,5.84003782648459
1365.5,1.3654999999999973,5.842537826484566
1366.0,1.3659999999999997,5.842099988639511
1366.5,1.366500000000002,5.844599988639523
1367.0,1.3669999999999973,5.847099988639499
1367.5,1.3674999999999997,5.846666482621394
1368.0,1.368000000000002,5.849166482621406
1368.5,1.3684999999999974,5.851666482621383
1369.0,1.3689999999999998,5.8512188186703895
1369.5,1.3695000000000022,5.8537188186704014
1370.0,1.3699999999999974,5.856218818670378
1370.5,1.3704999999999998,5.85574442579194
1371.0,1.3710000000000022,5.858244425791952
1371.5,1.3714999999999975,5.860744425791928
1372.0,1.3719999999999999,5.86023694435724
1372.5,1.3725000000000023,5.862736944357252
1373.0,1.3729999999999976,5.865236944357228
1373.5,1.3735,5.864713223098903
1374.0,1.3740000000000023,5.867213223098915
1374.5,1.3744999999999976,5.869713223098891
1375.0,1.375,5.869167608838666
1375.5,1.3755000000000024,5.871667608838678
1376.0,1.3759999999999977,5.874167608838654
1376.5,1.3765,5.873602486335834
1377.0,1.3770000000000024,5.876102486335846
1377.5,1.3774999999999977,5.878602486335822
1378.0,1.3780000000000001,5.8780464287450584
1378.5,1.3785000000000025,5.88054642874507
1379.0,1.3789999999999978,5.883046428745047
1379.5,1.3795000000000002,5.882512744794752
1380.0,1.3800000000000026,5.885012744794764
1380.5,1.3804999999999978,5.887512744794741
1381.0,1.3810000000000002,5.887042869836279
1381.5,1.3815000000000026,5.889542869836291
1382.0,1.381999999999998,5.892042869836267
1382.5,1.3825000000000003,5.891686580050397
1383.0,1.3830000000000027,5.894186580050409
1383.5,1.383499999999998,5.896686580050385
1384.0,1.3840000000000003,5.896466631430393
1384.5,1.3845000000000027,5.898966631430405
1385.0,1.384999999999998,5.901466631430381
1385.5,1.3855000000000004,5.901398855866979
1386.0,1.3860000000000028,5.903898855866991
1386.5,1.386499999999998,5.906398855866968
1387.0,1.3870000000000005,5.90651761327841
1387.5,1.3875000000000028,5.909017613278422
1388.0,1.3879999999999981,5.911517613278399
1388.5,1.3885000000000005,5.911796889815726
1389.0,1.389000000000003,5.914296889815738
1389.5,1.3894999999999982,5.916796889815714
1390.0,1.3900000000000006,5.9171984283070245
1390.5,1.390500000000003,5.919698428307036
1391.0,1.3909999999999982,5.922198428307013
1391.5,1.3915000000000006,5.922682000774984
1392.0,1.392000000000003,5.925182000774996
1392.5,1.3924999999999983,5.927682000774972
1393.0,1.3930000000000007,5.928225814863524
1393.5,1.393500000000003,5.930725814863536
1394.0,1.3939999999999984,5.933225814863512
1394.5,1.3945000000000007,5.933818693349799
1395.0,1.3950000000000031,5.936318693349811
1395.5,1.3954999999999984,5.938818693349788
1396.0,1.3960000000000008,5.939412597041844
1396.5,1.3965000000000032,5.941912597041856
1397.0,1.3969999999999985,5.944412597041833
1397.5,1.3975000000000009,5.94497874319682
1398.0,1.3980000000000032,5.947478743196832
1398.5,1.3984999999999985,5.949978743196809
1399.0,1.399000000000001,5.950497241781925
1399.5,1.3995000000000033,5.952997241781937
1400.0,1.3999999999999986,5.955497241781913
1400.5,1.400500000000001,5.955950050814742
1401.0,1.4010000000000034,5.958450050814754
1401.5,1.4014999999999986,5.960950050814731
1402.0,1.402000000000001,5.9613195131004915
1402.5,1.4025000000000034,5.963819513100503
1403.0,1.4029999999999987,5.96631951310048
1403.5,1.403500000000001,5.966599614019543
1404.0,1.4040000000000035,5.969099614019555
1404.5,1.4044999999999987,5.9715996140195315
1405.0,1.4050000000000011,5.971784350533262
1405.5,1.4054999999999964,5.974284350533239
1406.0,1.4059999999999988,5.976784350533251
1406.5,1.4065000000000012,5.976891498203862
1407.0,1.4070000000000036,5.979391498203874
1407.5,1.4074999999999989,5.981891498203851
1408.0,1.4080000000000013,5.981944706733415
1408.5,1.4084999999999965,5.984444706733392
1409.0,1.408999999999999,5.986944706733404
1409.5,1.4095000000000013,5.986956776808974
1410.0,1.4099999999999966,5.98945677680895
1410.5,1.410499999999999,5.991956776808962
1411.0,1.4110000000000014,5.991958761228986
1411.5,1.4114999999999966,5.994458761228962
1412.0,1.411999999999999,5.996958761228974
1412.5,1.4125000000000014,5.9969805505550156
1413.0,1.4129999999999967,5.999480550554992
1413.5,1.413499999999999,6.001980550555004
1414.0,1.4140000000000015,6.002060855015294
1414.5,1.4144999999999968,6.004560855015271
1415.0,1.4149999999999991,6.007060855015283
1415.5,1.4155000000000015,6.007225202007547
1416.0,1.4159999999999968,6.009725202007523
1416.5,1.4164999999999992,6.012225202007535
1417.0,1.4170000000000016,6.012474082529629
1417.5,1.4174999999999969,6.014974082529605
1418.0,1.4179999999999993,6.017474082529617
1418.5,1.4185000000000016,6.0178018518731236
1419.0,1.418999999999997,6.0203018518731
1419.5,1.4194999999999993,6.022801851873112
1420.0,1.4200000000000017,6.023202806650474
1420.5,1.420499999999997,6.02570280665045
1421.0,1.4209999999999994,6.028202806650462
1421.5,1.4215000000000018,6.028663774588914
1422.0,1.421999999999997,6.03116377458889
1422.5,1.4224999999999994,6.033663774588902
1423.0,1.4230000000000018,6.034159113046478
1423.5,1.423499999999997,6.036659113046454
1424.0,1.4239999999999995,6.039159113046466
1424.5,1.4245000000000019,6.03966155514172
1425.0,1.4249999999999972,6.042161555141696
1425.5,1.4254999999999995,6.044661555141708
1426.0,1.426000000000002,6.045121341719408
1426.5,1.4264999999999972,6.047621341719385
1427.0,1.4269999999999996,6.050121341719397
1427.5,1.427500000000002,6.050485119882687
1428.0,1.4279999999999973,6.052985119882663
1428.5,1.4284999999999997,6.055485119882675
1429.0,1.429000000000002,6.055720680138137
1429.5,1.4294999999999973,6.058220680138113
1430.0,1.4299999999999997,6.060720680138125
1430.5,1.430500000000002,6.0608056357065365
1431.0,1.4309999999999974,6.063305635706513
1431.5,1.4314999999999998,6.065805635706525
1432.0,1.4320000000000022,6.065740075810524
1432.5,1.4324999999999974,6.0682400758105
1433.0,1.4329999999999998,6.070740075810512
1433.5,1.4335000000000022,6.070507229393272
1434.0,1.4339999999999975,6.073007229393248
1434.5,1.4344999999999999,6.07550722939326
1435.0,1.4350000000000023,6.078007229393272
1435.5,1.4354999999999976,6.077615733998876
1436.0,1.436,6.080115733998888
1436.5,1.4365000000000023,6.0826157339988995
1437.0,1.4369999999999976,6.082082698176308
1437.5,1.4375,6.08458269817632
1438.0,1.4380000000000024,6.0870826981763315
1438.5,1.4384999999999977,6.086402366787631
1439.0,1.439,6.088902366787643
1439.5,1.4395000000000024,6.091402366787655
1440.0,1.4399999999999977,6.090577846263017
1440.5,1.4405000000000001,6.093077846263029
1441.0,1.4410000000000025,6.0955778462630406
1441.5,1.4414999999999978,6.094628620487228
1442.0,1.4420000000000002,6.09712862048724
1442.5,1.4425000000000026,6.099628620487252
1443.0,1.4429999999999978,6.0985977365712785
1443.5,1.4435000000000002,6.10109773657129
1444.0,1.4440000000000026,6.103597736571302
1444.5,1.444499999999998,6.1025112053849995
1445.0,1.4450000000000003,6.105011205385011
1445.5,1.4455000000000027,6.107511205385023
1446.0,1.445999999999998,6.106408934473038
1446.5,1.4465000000000003,6.10890893447305
1447.0,1.4470000000000027,6.1114089344730615
1447.5,1.447499999999998,6.110328733207631
1448.0,1.4480000000000004,6.1128287332076425
1448.5,1.4485000000000028,6.1153287332076545
1449.0,1.448999999999998,6.1143127901416605
1449.5,1.4495000000000005,6.1168127901416725
1450.0,1.4500000000000028,6.119312790141684
1450.5,1.4504999999999981,6.11839212761641
1451.0,1.4510000000000005,6.120892127616422
1451.5,1.451500000000003,6.123392127616434
1452.0,1.4519999999999982,6.122572858595383
1452.5,1.4525000000000006,6.125072858595395
1453.0,1.453000000000003,6.127572858595407
1453.5,1.4534999999999982,6.126864376505665
1454.0,1.4540000000000006,6.129364376505677
1454.5,1.454500000000003,6.131864376505689
1455.0,1.4549999999999983,6.131237018252342
1455.5,1.4555000000000007,6.133737018252354
1456.0,1.456000000000003,6.136237018252366
1456.5,1.4564999999999984,6.135661456343087
1457.0,1.4570000000000007,6.138161456343099
1457.5,1.4575000000000031,6.140661456343111
1458.0,1.4579999999999984,6.1401010499520225
1458.5,1.4585000000000008,6.1426010499520345
1459.0,1.4590000000000032,6.145101049952046
1459.5,1.4594999999999985,6.144534413814888
1460.0,1.4600000000000009,6.1470344138149
1460.5,1.4605000000000032,6.149534413814912
1461.0,1.4609999999999985,6.148936813734416
1461.5,1.461500000000001,6.151436813734428
1462.0,1.4620000000000033,6.15393681373444
1462.5,1.4624999999999986,6.153289060434268
1463.0,1.463000000000001,6.15578906043428
1463.5,1.4635000000000034,6.158289060434292
1464.0,1.4639999999999986,6.157574607467886
1464.5,1.464500000000001,6.160074607467898
1465.0,1.4650000000000034,6.16257460746791
1465.5,1.4654999999999987,6.161792450343242
1466.0,1.466000000000001,6.164292450343254
1466.5,1.4665000000000035,6.166792450343266
1467.0,1.4669999999999987,6.16593730959849
1467.5,1.4675000000000011,6.168437309598502
1468.0,1.4679999999999964,6.170937309598479
1468.5,1.4684999999999988,6.170020064997779
1469.0,1.4690000000000012,6.172520064997791
1469.5,1.4695000000000036,6.175020064997803
1470.0,1.4699999999999989,6.174040505003724
1470.5,1.4705000000000013,6.176540505003736
1471.0,1.4709999999999965,6.179040505003712
1471.5,1.471499999999999,6.177996492836826
1472.0,1.4720000000000013,6.180496492836838
1472.5,1.4724999999999966,6.182996492836814
1473.0,1.472999999999999,6.181889195325887
1473.5,1.4735000000000014,6.184389195325899
1474.0,1.4739999999999966,6.186889195325875
1474.5,1.474499999999999,6.185705970395681
1475.0,1.4750000000000014,6.188205970395693
1475.5,1.4754999999999967,6.190705970395669
1476.0,1.475999999999999,6.189458232305007
1476.5,1.4765000000000015,6.191958232305019
1477.0,1.4769999999999968,6.194458232304996
1477.5,1.4774999999999991,6.193168399891569
1478.0,1.4780000000000015,6.195668399891581
1478.5,1.4784999999999968,6.198168399891557
1479.0,1.4789999999999992,6.196857100933322
1479.5,1.4795000000000016,6.199357100933334
1480.0,1.4799999999999969,6.20185710093331
1480.5,1.4804999999999993,6.200556004274453
1481.0,1.4810000000000016,6.203056004274465
1481.5,1.481499999999997,6.205556004274442
1482.0,1.4819999999999993,6.204279150786647
1482.5,1.4825000000000017,6.206779150786659
1483.0,1.482999999999997,6.209279150786635
1483.5,1.4834999999999994,6.20805261204179
1484.0,1.4840000000000018,6.210552612041802
1484.5,1.484499999999997,6.213052612041778
1485.0,1.4849999999999994,6.21188648462681
1485.5,1.4855000000000018,6.2143864846268215
1486.0,1.485999999999997,6.216886484626798
1486.5,1.4864999999999995,6.21580218248905
1487.0,1.4870000000000019,6.218302182489062
1487.5,1.4874999999999972,6.220802182489038
1488.0,1.4879999999999995,6.219820617276746
1488.5,1.488500000000002,6.222320617276758
1489.0,1.4889999999999972,6.224820617276734
1489.5,1.4894999999999996,6.223932416242626
1490.0,1.490000000000002,6.226432416242638
1490.5,1.4904999999999973,6.228932416242614
1491.0,1.4909999999999997,6.228130584119711
1491.5,1.491500000000002,6.230630584119723
1492.0,1.4919999999999973,6.233130584119699
1492.5,1.4924999999999997,6.232375045072018
1493.0,1.493000000000002,6.23487504507203
1493.5,1.4934999999999974,6.237375045072007
1494.0,1.4939999999999998,6.236642035919182
1494.5,1.4945000000000022,6.239142035919194
1495.0,1.4949999999999974,6.24164203591917
1495.5,1.4954999999999998,6.2409233506293305
1496.0,1.4960000000000022,6.243423350629342
1496.5,1.4964999999999975,6.245923350629319
1497.0,1.4969999999999999,6.2451942809004635
1497.5,1.4975000000000023,6.247694280900475
1498.0,1.4979999999999976,6.250194280900452
1498.5,1.4985,6.249441517001699
1499.0,1.4990000000000023,6.251941517001711
1499.5,1.4994999999999976,6.254441517001688
1500.0,1.5,6.253660005107768
1500.5,1.5005000000000024,6.25616000510778
1501.0,1.5009999999999977,6.258660005107757
1501.5,1.5015,6.257844345206003
1502.0,1.5020000000000024,6.260344345206015
1502.5,1.5024999999999977,6.262844345205991
1503.0,1.5030000000000001,6.261997781275674
1503.5,1.5035000000000025,6.264497781275686
1504.0,1.5039999999999978,6.266997781275663
1504.5,1.5045000000000002,6.266104745039449
1505.0,1.5050000000000026,6.268604745039461
1505.5,1.5054999999999978,6.2711047450394375
1506.0,1.5060000000000002,6.270176716557572
1506.5,1.5065000000000026,6.272676716557584
1507.0,1.506999999999998,6.27517671655756
1507.5,1.5075000000000003,6.2742235319598905
1508.0,1.5080000000000027,6.276723531959902
1508.5,1.508499999999998,6.279223531959879
1509.0,1.5090000000000003,6.278267497446741
1509.5,1.5095000000000027,6.280767497446753
1510.0,1.509999999999998,6.2832674974467295
1510.5,1.5105000000000004,6.2857674974467415
1511.0,1.5110000000000028,6.284817200415276
1511.5,1.511499999999998,6.287317200415252
1512.0,1.5120000000000005,6.289817200415264
1512.5,1.5125000000000028,6.288862598861087
1513.0,1.5129999999999981,6.291362598861063
1513.5,1.5135000000000005,6.293862598861075
1514.0,1.514000000000003,6.292909450608306
1514.5,1.5144999999999982,6.2954094506082825
1515.0,1.5150000000000006,6.297909450608294
1515.5,1.515500000000003,6.296971588416618
1516.0,1.5159999999999982,6.299471588416594
1516.5,1.5165000000000006,6.301971588416606
1517.0,1.517000000000003,6.301048874516937
1517.5,1.5174999999999983,6.303548874516913
1518.0,1.5180000000000007,6.306048874516925
1518.5,1.518500000000003,6.305145625175683
1519.0,1.5189999999999984,6.30764562517566
1519.5,1.5195000000000007,6.310145625175672
1520.0,1.5200000000000031,6.309276135905186
1520.5,1.5204999999999984,6.311776135905163
1521.0,1.5210000000000008,6.314276135905175
1521.5,1.5215000000000032,6.313460620470863
1522.0,1.5219999999999985,6.31596062047084
1522.5,1.5225000000000009,6.3184606204708516
1523.0,1.5230000000000032,6.317684276786331
1523.5,1.5234999999999985,6.320184276786307
1524.0,1.524000000000001,6.322684276786319
1524.5,1.5245000000000033,6.321945152357564
1525.0,1.5249999999999986,6.324445152357541
1525.5,1.525500000000001,6.326945152357553
1526.0,1.5260000000000034,6.32622317875942
1526.5,1.5264999999999986,6.328723178759397
1527.0,1.527000000000001,6.331223178759409
1527.5,1.5275000000000034,6.330513551867227
1528.0,1.5279999999999987,6.333013551867204
1528.5,1.528500000000001,6.335513551867216
1529.0,1.5290000000000035,6.334795964130322
1529.5,1.5294999999999987,6.337295964130298
1530.0,1.5300000000000011,6.33979596413031
1530.5,1.5304999999999964,6.339074949732293
1531.0,1.5309999999999988,6.341574949732305
1531.5,1.5315000000000012,6.344074949732317
1532.0,1.5320000000000036,6.343341009285588
1532.5,1.5324999999999989,6.345841009285564
1533.0,1.5330000000000013,6.348341009285576
1533.5,1.5334999999999965,6.347599931524179
1534.0,1.533999999999999,6.350099931524191
1534.5,1.5345000000000013,6.352599931524203
1535.0,1.5350000000000037,6.351857612580005
1535.5,1.535499999999999,6.354357612579982
1536.0,1.5360000000000014,6.356857612579994
1536.5,1.5364999999999966,6.356115898867429
1537.0,1.536999999999999,6.358615898867441
1537.5,1.5375000000000014,6.361115898867453
1538.0,1.5379999999999967,6.36036906680026
1538.5,1.538499999999999,6.362869066800272
1539.0,1.5390000000000015,6.365369066800284
1539.5,1.5394999999999968,6.364636835799438
1540.0,1.5399999999999991,6.36713683579945
1540.5,1.5405000000000015,6.3696368357994615
1541.0,1.5409999999999968,6.36891614179806
1541.5,1.5414999999999992,6.371416141798072
1542.0,1.5420000000000016,6.373916141798084
1542.5,1.5424999999999969,6.373212804212791
1543.0,1.5429999999999993,6.375712804212803
1543.5,1.5435000000000016,6.378212804212815
1544.0,1.543999999999997,6.3775642079092165
1544.5,1.5444999999999993,6.3800642079092285
1545.0,1.5450000000000017,6.38256420790924
1545.5,1.545499999999997,6.381994248887075
1546.0,1.5459999999999994,6.384494248887087
1546.5,1.5465000000000018,6.386994248887099
1547.0,1.546999999999997,6.3865190513290315
1547.5,1.5474999999999994,6.3890190513290435
1548.0,1.5480000000000018,6.391519051329055
1548.5,1.548499999999997,6.391167013193915
1549.0,1.5489999999999995,6.393667013193927
1549.5,1.5495000000000019,6.3961670131939385
1550.0,1.5499999999999972,6.395931459430209
1550.5,1.5504999999999995,6.3984314594302205
1551.0,1.551000000000002,6.4009314594302325
1551.5,1.5514999999999972,6.400799159957131
1552.0,1.5519999999999996,6.403299159957143
1552.5,1.552500000000002,6.405799159957155
1553.0,1.5529999999999973,6.405756296609866
1553.5,1.5534999999999997,6.408256296609878
1554.0,1.554000000000002,6.41075629660989
1554.5,1.5544999999999973,6.410772184111302
1555.0,1.5549999999999997,6.413272184111314
1555.5,1.555500000000002,6.415772184111326
1556.0,1.5559999999999974,6.415821896514835
1556.5,1.5564999999999998,6.418321896514847
1557.0,1.5570000000000022,6.420821896514859
1557.5,1.5574999999999974,6.420854825590645
1558.0,1.5579999999999998,6.423354825590657
1558.5,1.5585000000000022,6.425854825590669
1559.0,1.5589999999999975,6.425834807493871
1559.5,1.5594999999999999,6.428334807493883
1560.0,1.5600000000000023,6.430834807493895
1560.5,1.5604999999999976,6.430753300403005
1561.0,1.561,6.433253300403017
1561.5,1.5615000000000023,6.435753300403029
1562.0,1.5619999999999976,6.43559913004097
1562.5,1.5625,6.438099130040982
1563.0,1.5630000000000024,6.440599130040994
1563.5,1.5634999999999977,6.4403768650787185
1564.0,1.564,6.4428768650787305
1564.5,1.5645000000000024,6.445376865078742
1565.0,1.5649999999999977,6.445080905622866
1565.5,1.5655000000000001,6.447580905622878
1566.0,1.5660000000000025,6.45008090562289
1566.5,1.5664999999999978,6.449706952609375
1567.0,1.5670000000000002,6.452206952609387
1567.5,1.5675000000000026,6.454706952609399
1568.0,1.5679999999999978,6.454264201383282
1568.5,1.5685000000000002,6.456764201383294
1569.0,1.5690000000000026,6.459264201383306
1569.5,1.569499999999998,6.458770107296772
1570.0,1.5700000000000003,6.461270107296784
1570.5,1.5705000000000027,6.463770107296796
1571.0,1.570999999999998,6.463242367594475
1571.5,1.5715000000000003,6.465742367594487
1572.0,1.5720000000000027,6.468242367594499
1572.5,1.572499999999998,6.4676782322958815
1573.0,1.5730000000000004,6.470178232295893
1573.5,1.5735000000000028,6.472678232295905
1574.0,1.573999999999998,6.472082217244761
1574.5,1.5745000000000005,6.474582217244773
1575.0,1.5750000000000028,6.477082217244785
1575.5,1.5754999999999981,6.476454058216987
1576.0,1.5760000000000005,6.478954058216999
1576.5,1.576500000000003,6.481454058217011
1577.0,1.5769999999999982,6.480794868773856
1577.5,1.5775000000000006,6.483294868773868
1578.0,1.578000000000003,6.48579486877388
1578.5,1.5784999999999982,6.485121274422738
1579.0,1.5790000000000006,6.48762127442275
1579.5,1.579500000000003,6.490121274422762
1580.0,1.5799999999999983,6.489441977742452
1580.5,1.5805000000000007,6.491941977742464
1581.0,1.581000000000003,6.494441977742476
1581.5,1.5814999999999984,6.493750616194625
1582.0,1.5820000000000007,6.4962506161946365
1582.5,1.5825000000000031,6.498750616194648
1583.0,1.5829999999999984,6.498064595691986
1583.5,1.5835000000000008,6.500564595691998
1584.0,1.5840000000000032,6.50306459569201
1584.5,1.5844999999999985,6.502385394459544
1585.0,1.5850000000000009,6.504885394459556
1585.5,1.5855000000000032,6.507385394459568
1586.0,1.5859999999999985,6.509885394459545
1586.5,1.586500000000001,6.509228424380495
1587.0,1.5870000000000033,6.511728424380507
1587.5,1.5874999999999986,6.514228424380484
1588.0,1.588000000000001,6.513605149565116
1588.5,1.5885000000000034,6.516105149565128
1589.0,1.5889999999999986,6.518605149565104
1589.5,1.589500000000001,6.518012654481211
1590.0,1.5900000000000034,6.520512654481223
1590.5,1.5904999999999987,6.5230126544811995
1591.0,1.591000000000001,6.522455077538112
1591.5,1.5915000000000035,6.524955077538124
1592.0,1.5919999999999987,6.5274550775381
1592.5,1.5925000000000011,6.526919012213881
1593.0,1.5929999999999964,6.529419012213857
1593.5,1.5934999999999988,6.531919012213869
1594.0,1.5940000000000012,6.531393129093672
1594.5,1.5945000000000036,6.533893129093684
1595.0,1.5949999999999989,6.5363931290936605
1595.5,1.5955000000000013,6.5358715014205515
1596.0,1.5959999999999965,6.538371501420528
1596.5,1.596499999999999,6.54087150142054
1597.0,1.5970000000000013,6.540356495823829
1597.5,1.5975000000000037,6.542856495823841
1598.0,1.597999999999999,6.5453564958238175
1598.5,1.5985000000000014,6.544834524947838
1599.0,1.5989999999999966,6.547334524947814
1599.5,1.599499999999999,6.549834524947826
1600.0,1.6000000000000014,6.54930889928476
1600.5,1.6004999999999967,6.551808899284737
1601.0,1.600999999999999,6.554308899284749
1601.5,1.6015000000000015,6.5537787788115764
1602.0,1.6019999999999968,6.556278778811553
1602.5,1.6024999999999991,6.558778778811565
1603.0,1.6030000000000015,6.558237151929234
1603.5,1.6034999999999968,6.56073715192921
1604.0,1.6039999999999992,6.563237151929222
1604.5,1.6045000000000016,6.562652573056518
1605.0,1.6049999999999969,6.565152573056494
1605.5,1.6054999999999993,6.567652573056506
1606.0,1.6060000000000016,6.567019729209456
1606.5,1.606499999999997,6.569519729209432
1607.0,1.6069999999999993,6.572019729209444
1607.5,1.6075000000000017,6.57132106395423
1608.0,1.607999999999997,6.573821063954206
1608.5,1.6084999999999994,6.576321063954218
1609.0,1.6090000000000018,6.575526597635708
1609.5,1.609499999999997,6.578026597635684
1610.0,1.6099999999999994,6.580526597635696
1610.5,1.6105000000000018,6.57961877799373
1611.0,1.610999999999997,6.582118777993706
1611.5,1.6114999999999995,6.584618777993718
1612.0,1.6120000000000019,6.583578668534749
1612.5,1.6124999999999972,6.586078668534725
1613.0,1.6129999999999995,6.588578668534737
1613.5,1.613500000000002,6.587413291716402
1614.0,1.6139999999999972,6.589913291716378
1614.5,1.6144999999999996,6.59241329171639
1615.0,1.615000000000002,6.591131066455915
1615.5,1.6154999999999973,6.593631066455892
1616.0,1.6159999999999997,6.596131066455904
1616.5,1.616500000000002,6.594741836067186
1617.0,1.6169999999999973,6.5972418360671625
1617.5,1.6174999999999997,6.5997418360671745
1618.0,1.618000000000002,6.598258992934021
1618.5,1.6184999999999974,6.600758992933997
1619.0,1.6189999999999998,6.603258992934009
1619.5,1.6195000000000022,6.601701867025689
1620.0,1.6199999999999974,6.604201867025665
1620.5,1.6204999999999998,6.606701867025677
1621.0,1.6210000000000022,6.6050880131882295
1621.5,1.6214999999999975,6.607588013188206
1622.0,1.6219999999999999,6.610088013188218
1622.5,1.6225000000000023,6.608455944717697
1623.0,1.6229999999999976,6.610955944717674
1623.5,1.6235,6.6134559447176855
1624.0,1.6240000000000023,6.61183606573065
1624.5,1.6244999999999976,6.614336065730626
1625.0,1.625,6.616836065730638
1625.5,1.6255000000000024,6.6152652734322
1626.0,1.6259999999999977,6.617765273432177
1626.5,1.6265,6.620265273432189
1627.0,1.6270000000000024,6.6187671681036875
1627.5,1.6274999999999977,6.621267168103664
1628.0,1.6280000000000001,6.623767168103676
1628.5,1.6285000000000025,6.6223645057296565
1629.0,1.6289999999999978,6.624864505729633
1629.5,1.6295000000000002,6.627364505729645
1630.0,1.6300000000000026,6.626071573592149
1630.5,1.6304999999999978,6.628571573592126
1631.0,1.6310000000000002,6.631071573592138
1631.5,1.6315000000000026,6.6298829370309065
1632.0,1.631999999999998,6.632382937030883
1632.5,1.6325000000000003,6.634882937030895
1633.0,1.6330000000000027,6.6337680278286015
1633.5,1.633499999999998,6.636268027828578
1634.0,1.6340000000000003,6.63876802782859
1634.5,1.6345000000000027,6.637689935466682
1635.0,1.634999999999998,6.640189935466658
1635.5,1.6355000000000004,6.64268993546667
1636.0,1.6360000000000028,6.641605576766594
1636.5,1.636499999999998,6.64410557676657
1637.0,1.6370000000000005,6.646605576766582
1637.5,1.6375000000000028,6.6454904869706155
1638.0,1.6379999999999981,6.647990486970592
1638.5,1.6385000000000005,6.650490486970604
1639.0,1.639000000000003,6.649320796185485
1639.5,1.6394999999999982,6.651820796185461
1640.0,1.6400000000000006,6.654320796185473
1640.5,1.640500000000003,6.6530886950447865
1641.0,1.6409999999999982,6.655588695044763
1641.5,1.6415000000000006,6.658088695044775
1642.0,1.642000000000003,6.656788948921175
1642.5,1.6424999999999983,6.6592889489211515
1643.0,1.6430000000000007,6.6617889489211635
1643.5,1.643500000000003,6.660412282588197
1644.0,1.6439999999999984,6.662912282588174
1644.5,1.6445000000000007,6.665412282588186
1645.0,1.6450000000000031,6.663960417458483
1645.5,1.6454999999999984,6.66646041745846
1646.0,1.6460000000000008,6.668960417458472
1646.5,1.6465000000000032,6.66743065025905
1647.0,1.6469999999999985,6.669930650259026
1647.5,1.6475000000000009,6.672430650259038
1648.0,1.6480000000000032,6.670799054680039
1648.5,1.6484999999999985,6.673299054680015
1649.0,1.649000000000001,6.675799054680027
1649.5,1.6495000000000033,6.674072461804457
1650.0,1.6499999999999986,6.676572461804433
1650.5,1.650500000000001,6.679072461804445
1651.0,1.6510000000000034,6.677260544568462
1651.5,1.6514999999999986,6.679760544568438
1652.0,1.652000000000001,6.68226054456845
1652.5,1.6525000000000034,6.680393921335046
1653.0,1.6529999999999987,6.6828939213350225
1653.5,1.653500000000001,6.685393921335034
1654.0,1.6540000000000035,6.683502162674806
1654.5,1.6544999999999987,6.686002162674782
1655.0,1.6550000000000011,6.688502162674794
1655.5,1.6554999999999964,6.686618271823299
1656.0,1.6559999999999988,6.689118271823311
1656.5,1.6565000000000012,6.691618271823323
1657.0,1.6570000000000036,6.689774585776931
1657.5,1.6574999999999989,6.692274585776907
1658.0,1.6580000000000013,6.694774585776919
1658.5,1.6584999999999965,6.693006043132037
1659.0,1.658999999999999,6.695506043132049
1659.5,1.6595000000000013,6.698006043132061
1660.0,1.6600000000000037,6.696347876799855
1660.5,1.660499999999999,6.698847876799832
1661.0,1.6610000000000014,6.701347876799844
1661.5,1.6614999999999966,6.70384787679982
1662.0,1.661999999999999,6.702352034057206
1662.5,1.6625000000000014,6.704852034057218
1663.0,1.6629999999999967,6.707352034057195
1663.5,1.663499999999999,6.706029570916492
1664.0,1.6640000000000015,6.708529570916504
1664.5,1.6644999999999968,6.71102957091648
1665.0,1.6649999999999991,6.709871215908585
1665.5,1.6655000000000015,6.712371215908597
1666.0,1.6659999999999968,6.714871215908573
1666.5,1.6664999999999992,6.713855755488751
1667.0,1.6670000000000016,6.716355755488763
1667.5,1.6674999999999969,6.71885575548874
1668.0,1.6679999999999993,6.71796338792074
1668.5,1.6685000000000016,6.720463387920752
1669.0,1.668999999999997,6.7229633879207285
1669.5,1.6694999999999993,6.722175444898184
1670.0,1.6700000000000017,6.724675444898196
1670.5,1.670499999999997,6.727175444898172
1671.0,1.6709999999999994,6.726464420346723
1671.5,1.6715000000000018,6.728964420346735
1672.0,1.671999999999997,6.731464420346711
1672.5,1.6724999999999994,6.730800555204688
1673.0,1.6730000000000018,6.7333005552047
1673.5,1.673499999999997,6.735800555204676
1674.0,1.6739999999999995,6.735131831226688
1674.5,1.6745000000000019,6.7376318312267
1675.0,1.6749999999999972,6.740131831226677
1675.5,1.6754999999999995,6.739430165860263
1676.0,1.676000000000002,6.741930165860275
1676.5,1.6764999999999972,6.744430165860251
1677.0,1.6769999999999996,6.743678183355648
1677.5,1.677500000000002,6.74617818335566
1678.0,1.6779999999999973,6.748678183355636
1678.5,1.6784999999999997,6.74786529053641
1679.0,1.679000000000002,6.750365290536422
1679.5,1.6794999999999973,6.752865290536398
1680.0,1.6799999999999997,6.751985039504582
1680.5,1.680500000000002,6.754485039504594
1681.0,1.6809999999999974,6.7569850395045705
1681.5,1.6814999999999998,6.75606110905143
1682.0,1.6820000000000022,6.758561109051442
1682.5,1.6824999999999974,6.761061109051418
1683.0,1.6829999999999998,6.760093289141125
1683.5,1.6835000000000022,6.762593289141137
1684.0,1.6839999999999975,6.765093289141113
1684.5,1.6844999999999999,6.764093343528721
1685.0,1.6850000000000023,6.766593343528733
1685.5,1.6854999999999976,6.769093343528709
1686.0,1.686,6.768050787254758
1686.5,1.6865000000000023,6.77055078725477
1687.0,1.6869999999999976,6.773050787254746
1687.5,1.6875,6.7719874634829225
1688.0,1.6880000000000024,6.774487463482934
1688.5,1.6884999999999977,6.776987463482911
1689.0,1.689,6.775916071653896
1689.5,1.6895000000000024,6.778416071653908
1690.0,1.6899999999999977,6.780916071653884
1690.5,1.6905000000000001,6.77983820979172
1691.0,1.6910000000000025,6.782338209791732
1691.5,1.6914999999999978,6.784838209791708
1692.0,1.6920000000000002,6.783774862229457
1692.5,1.6925000000000026,6.786274862229469
1693.0,1.6929999999999978,6.788774862229445
1693.5,1.6935000000000002,6.7877349142513665
1694.0,1.6940000000000026,6.7902349142513785
1694.5,1.694499999999998,6.792734914251355
1695.0,1.6950000000000003,6.791756240251239
1695.5,1.6955000000000027,6.794256240251251
1696.0,1.695999999999998,6.796756240251227
1696.5,1.6965000000000003,6.795894380284437
1697.0,1.6970000000000027,6.798394380284449
1697.5,1.697499999999998,6.800894380284426
1698.0,1.6980000000000004,6.800170696604688
1698.5,1.6985000000000028,6.8026706966047
1699.0,1.698999999999998,6.8051706966046766
1699.5,1.6995000000000005,6.804592728737191
1700.0,1.7000000000000028,6.807092728737203
1700.5,1.7004999999999981,6.809592728737179
1701.0,1.7010000000000005,6.80915152066607
1701.5,1.701500000000003,6.811651520666082
1702.0,1.7019999999999982,6.814151520666059
1702.5,1.7025000000000006,6.813803382702126
1703.0,1.703000000000003,6.816303382702138
1703.5,1.7034999999999982,6.818803382702114
1704.0,1.7040000000000006,6.818498874076688
1704.5,1.704500000000003,6.8209988740767
1705.0,1.7049999999999983,6.823498874076677
1705.5,1.7055000000000007,6.82319558976026
1706.0,1.706000000000003,6.825695589760272
1706.5,1.7064999999999984,6.828195589760249
1707.0,1.7070000000000007,6.827853898877159
1707.5,1.7075000000000031,6.830353898877171
1708.0,1.7079999999999984,6.832853898877147
1708.5,1.7085000000000008,6.832433735728252
1709.0,1.7090000000000032,6.834933735728264
1709.5,1.7094999999999985,6.83743373572824
1710.0,1.7100000000000009,6.836908521370013
1710.5,1.7105000000000032,6.839408521370025
1711.0,1.7109999999999985,6.8419085213700015
1711.5,1.711500000000001,6.841260505582021
1712.0,1.7120000000000033,6.843760505582033
1712.5,1.7124999999999986,6.846260505582009
1713.0,1.713000000000001,6.845475757685158
1713.5,1.7135000000000034,6.84797575768517
1714.0,1.7139999999999986,6.850475757685146
1714.5,1.714500000000001,6.8495554510341705
1715.0,1.7150000000000034,6.8520554510341825
1715.5,1.7154999999999987,6.854555451034159
1716.0,1.716000000000001,6.853489276243749
1716.5,1.7165000000000035,6.855989276243761
1717.0,1.7169999999999987,6.858489276243738
1717.5,1.7175000000000011,6.857268737002187
1718.0,1.7179999999999964,6.859768737002163
1718.5,1.7184999999999988,6.862268737002175
1719.0,1.7190000000000012,6.860906521283816
1719.5,1.7195000000000036,6.863406521283828
1720.0,1.7199999999999989,6.865906521283804
1720.5,1.7205000000000013,6.8644243394967575
1721.0,1.7209999999999965,6.866924339496734
1721.5,1.721499999999999,6.869424339496746
1722.0,1.7220000000000013,6.867856016756413
1722.5,1.7225000000000037,6.870356016756425
1723.0,1.722999999999999,6.872856016756401
1723.5,1.7235000000000014,6.871247033142147
1724.0,1.7239999999999966,6.8737470331421235
1724.5,1.724499999999999,6.8762470331421355
1725.0,1.7250000000000014,6.874660971972624
1725.5,1.7254999999999967,6.8771609719726
1726.0,1.725999999999999,6.879660971972612
1726.5,1.7265000000000015,6.878122896910064
1727.0,1.7269999999999968,6.88062289691004
1727.5,1.7274999999999991,6.883122896910052
1728.0,1.7280000000000015,6.881668064049649
1728.5,1.7284999999999968,6.884168064049625
1729.0,1.7289999999999992,6.886668064049637
1729.5,1.7295000000000016,6.885310779209561
1730.0,1.7299999999999969,6.887810779209538
1730.5,1.7304999999999993,6.89031077920955
1731.0,1.7310000000000016,6.889060237344431
1731.5,1.731499999999997,6.891560237344407
1732.0,1.7319999999999993,6.894060237344419
1732.5,1.7325000000000017,6.892913861344354
1733.0,1.732999999999997,6.8954138613443305
1733.5,1.7334999999999994,6.8979138613443425
1734.0,1.7340000000000018,6.896879661939046
1734.5,1.734499999999997,6.899379661939022
1735.0,1.7349999999999994,6.901879661939034
1735.5,1.7355000000000018,6.900972180192326
1736.0,1.735999999999997,6.903472180192303
1736.5,1.7364999999999995,6.905972180192315
1737.0,1.7370000000000019,6.908472180192327
1737.5,1.7374999999999972,6.907679968638583
1738.0,1.7379999999999995,6.9101799686385945
1738.5,1.738500000000002,6.9126799686386065
1739.0,1.7389999999999972,6.911960276307667
1739.5,1.7394999999999996,6.914460276307679
1740.0,1.740000000000002,6.916960276307691
1740.5,1.7404999999999973,6.916260105965293
1741.0,1.7409999999999997,6.918760105965305
1741.5,1.741500000000002,6.921260105965317
1742.0,1.7419999999999973,6.920534481624934
1742.5,1.7424999999999997,6.923034481624946
1743.0,1.743000000000002,6.9255344816249576
1743.5,1.7434999999999974,6.924736202629589
1744.0,1.7439999999999998,6.927236202629601
1744.5,1.7445000000000022,6.929736202629613
1745.0,1.7449999999999974,6.928815690216759
1745.5,1.7454999999999998,6.9313156902167705
1746.0,1.7460000000000022,6.9338156902167825
1746.5,1.7464999999999975,6.93274507931271
1747.0,1.7469999999999999,6.935245079312722
1747.5,1.7475000000000023,6.937745079312734
1748.0,1.7479999999999976,6.93651443502219
1748.5,1.7485,6.939014435022202
1749.0,1.7490000000000023,6.9415144350222135
1749.5,1.7494999999999976,6.940098661839755
1750.0,1.75,6.942598661839767
1750.5,1.7505000000000024,6.945098661839779
1751.0,1.7509999999999977,6.943495337954921
1751.5,1.7515,6.945995337954933
1752.0,1.7520000000000024,6.948495337954945
1752.5,1.7524999999999977,6.946717491088954
1753.0,1.7530000000000001,6.949217491088966
1753.5,1.7535000000000025,6.951717491088978
1754.0,1.7539999999999978,6.949779709381971
1754.5,1.7545000000000002,6.952279709381983
1755.0,1.7550000000000026,6.954779709381995
1755.5,1.7554999999999978,6.952708643930272
1756.0,1.7560000000000002,6.955208643930284
1756.5,1.7565000000000026,6.957708643930296
1757.0,1.756999999999998,6.955500078857213
1757.5,1.7575000000000003,6.958000078857225
1758.0,1.7580000000000027,6.960500078857237
1758.5,1.758499999999998,6.958167801121817
1759.0,1.7590000000000003,6.960667801121829
1759.5,1.7595000000000027,6.963167801121841
1760.0,1.759999999999998,6.960742042808938
1760.5,1.7605000000000004,6.96324204280895
1761.0,1.7610000000000028,6.965742042808962
1761.5,1.761499999999998,6.963256800596547
1762.0,1.7620000000000005,6.965756800596559
1762.5,1.7625000000000028,6.968256800596571
1763.0,1.7629999999999981,6.965749600274513
1763.5,1.7635000000000005,6.968249600274525
1764.0,1.764000000000003,6.970749600274537
1764.5,1.7644999999999982,6.968268364599481
1765.0,1.7650000000000006,6.970768364599493
1765.5,1.765500000000003,6.973268364599505
1766.0,1.7659999999999982,6.970854867950003
1766.5,1.7665000000000006,6.973354867950015
1767.0,1.767000000000003,6.9758548679500265
1767.5,1.7674999999999983,6.973549483162316
1768.0,1.7680000000000007,6.976049483162328
1768.5,1.768500000000003,6.97854948316234
1769.0,1.7689999999999984,6.976368890855689
1769.5,1.7695000000000007,6.978868890855701
1770.0,1.7700000000000031,6.9813688908557126
1770.5,1.7704999999999984,6.979317158832394
1771.0,1.7710000000000008,6.981817158832406
1771.5,1.7715000000000032,6.984317158832418
1772.0,1.7719999999999985,6.982393464372585
1772.5,1.7725000000000009,6.984893464372597
1773.0,1.7730000000000032,6.987393464372609
1773.5,1.7734999999999985,6.985593102829739
1774.0,1.774000000000001,6.988093102829751
1774.5,1.7745000000000033,6.990593102829763
1775.0,1.7749999999999986,6.988893999684329
1775.5,1.775500000000001,6.991393999684341
1776.0,1.7760000000000034,6.993893999684353
1776.5,1.7764999999999986,6.99230156723619
1777.0,1.777000000000001,6.994801567236202
1777.5,1.7775000000000034,6.997301567236214
1778.0,1.7779999999999987,6.995790595956137
1778.5,1.778500000000001,6.998290595956149
1779.0,1.7790000000000035,7.000790595956161
1779.5,1.7794999999999987,6.99935751812184
1780.0,1.7800000000000011,7.001857518121852
1780.5,1.7804999999999964,7.004357518121829
1781.0,1.7809999999999988,7.002979675592691
1781.5,1.7815000000000012,7.005479675592703
1782.0,1.7820000000000036,7.007979675592715
1782.5,1.7824999999999989,7.006652847785126
1783.0,1.7830000000000013,7.009152847785138
1783.5,1.7834999999999965,7.011652847785115
1784.0,1.783999999999999,7.010337033222989
1784.5,1.7845000000000013,7.012837033223001
1785.0,1.7850000000000037,7.0153370332230125
1785.5,1.785499999999999,7.013973613367881
1786.0,1.7860000000000014,7.016473613367893
1786.5,1.7864999999999966,7.018973613367869
1787.0,1.786999999999999,7.017511239300518
1787.5,1.7875000000000014,7.02001123930053
1788.0,1.7879999999999967,7.022511239300506
1788.5,1.788499999999999,7.020917458999989
1789.0,1.7890000000000015,7.023417459000001
1789.5,1.7894999999999968,7.025917458999977
1790.0,1.7899999999999991,7.024183836753579
1790.5,1.7905000000000015,7.026683836753591
1791.0,1.7909999999999968,7.0291838367535675
1791.5,1.7914999999999992,7.0273179509174
1792.0,1.7920000000000016,7.029817950917412
1792.5,1.7924999999999969,7.032317950917388
1793.0,1.7929999999999993,7.030321239370778
1793.5,1.7935000000000016,7.03282123937079
1794.0,1.793999999999997,7.0353212393707665
1794.5,1.7944999999999993,7.033231628058552
1795.0,1.7950000000000017,7.035731628058564
1795.5,1.795499999999997,7.03823162805854
1796.0,1.7959999999999994,7.036110016092003
1796.5,1.7965000000000018,7.038610016092015
1797.0,1.796999999999997,7.0411100160919915
1797.5,1.7974999999999994,7.038994028659111
1798.0,1.7980000000000018,7.041494028659123
1798.5,1.798499999999997,7.0439940286591
1799.0,1.7989999999999995,7.041925226481958
1799.5,1.7995000000000019,7.04442522648197
1800.0,1.7999999999999972,7.046925226481946
1800.5,1.8004999999999995,7.0449632289872
1801.0,1.801000000000002,7.047463228987212
1801.5,1.8014999999999972,7.049963228987188
1802.0,1.8019999999999996,7.048145754772754
1802.5,1.802500000000002,7.050645754772766
1803.0,1.8029999999999973,7.053145754772743
1803.5,1.8034999999999997,7.051505691710176
1804.0,1.804000000000002,7.054005691710188
1804.5,1.8044999999999973,7.056505691710164
1805.0,1.8049999999999997,7.055055414056923
1805.5,1.805500000000002,7.057555414056935
1806.0,1.8059999999999974,7.060055414056912
1806.5,1.8064999999999998,7.058815640806415
1807.0,1.8070000000000022,7.061315640806427
1807.5,1.8074999999999974,7.0638156408064035
1808.0,1.8079999999999998,7.0628037226858
1808.5,1.8085000000000022,7.065303722685812
1809.0,1.8089999999999975,7.067803722685788
1809.5,1.8094999999999999,7.067035718086636
1810.0,1.8100000000000023,7.069535718086648
1810.5,1.8104999999999976,7.0720357180866245
1811.0,1.811,7.071477895238836
1811.5,1.8115000000000023,7.073977895238848
1812.0,1.8119999999999976,7.076477895238824
1812.5,1.8125,7.078977895238836
1813.0,1.8130000000000024,7.07857207622915
1813.5,1.8134999999999977,7.081072076229127
1814.0,1.814,7.083572076229139
1814.5,1.8145000000000024,7.083243687668954
1815.0,1.8149999999999977,7.085743687668931
1815.5,1.8155000000000001,7.0882436876689425
1816.0,1.8160000000000025,7.087917457526629
1816.5,1.8164999999999978,7.0904174575266055
1817.0,1.8170000000000002,7.092917457526617
1817.5,1.8175000000000026,7.092526032028736
1818.0,1.8179999999999978,7.095026032028713
1818.5,1.8185000000000002,7.097526032028725
1819.0,1.8190000000000026,7.097012883214937
1819.5,1.819499999999998,7.0995128832149135
1820.0,1.8200000000000003,7.102012883214925
1820.5,1.8205000000000027,7.1013306488821115
1821.0,1.820999999999998,7.103830648882088
1821.5,1.8215000000000003,7.1063306488821
1822.0,1.8220000000000027,7.105456957735505
1822.5,1.822499999999998,7.107956957735482
1823.0,1.8230000000000004,7.110456957735494
1823.5,1.8235000000000028,7.109377535153776
1824.0,1.823999999999998,7.111877535153752
1824.5,1.8245000000000005,7.114377535153764
1825.0,1.8250000000000028,7.113084929883051
1825.5,1.8254999999999981,7.115584929883028
1826.0,1.8260000000000005,7.1180849298830395
1826.5,1.826500000000003,7.116592775540376
1827.0,1.8269999999999982,7.119092775540352
1827.5,1.8275000000000006,7.121592775540364
1828.0,1.828000000000003,7.119915521987963
1828.5,1.8284999999999982,7.122415521987939
1829.0,1.8290000000000006,7.124915521987951
1829.5,1.829500000000003,7.123100897309378
1830.0,1.8299999999999983,7.125600897309354
1830.5,1.8305000000000007,7.128100897309366
1831.0,1.831000000000003,7.1262185717985815
1831.5,1.8314999999999984,7.128718571798558
1832.0,1.8320000000000007,7.13121857179857
1832.5,1.8325000000000031,7.129342309769271
1833.0,1.8329999999999984,7.131842309769247
1833.5,1.8335000000000008,7.134342309769259
1834.0,1.8340000000000032,7.132531165888487
1834.5,1.8344999999999985,7.1350311658884635
1835.0,1.8350000000000009,7.1375311658884755
1835.5,1.8355000000000032,7.135819459423018
1836.0,1.8359999999999985,7.138319459422995
1836.5,1.836500000000001,7.140819459423007
1837.0,1.8370000000000033,7.139239042913452
1837.5,1.8374999999999986,7.141739042913429
1838.0,1.838000000000001,7.144239042913441
1838.5,1.8385000000000034,7.142811949569996
1839.0,1.8389999999999986,7.145311949569972
1839.5,1.839500000000001,7.147811949569984
1840.0,1.8400000000000034,7.146538819845283
1840.5,1.8404999999999987,7.149038819845259
1841.0,1.841000000000001,7.151538819845271
1841.5,1.8415000000000035,7.150391831306955
1842.0,1.8419999999999987,7.152891831306931
1842.5,1.8425000000000011,7.155391831306943
1843.0,1.8429999999999964,7.154335435477677
1843.5,1.8434999999999988,7.156835435477689
1844.0,1.8440000000000012,7.159335435477701
1844.5,1.8445000000000036,7.158318939322399
1845.0,1.8449999999999989,7.160818939322375
1845.5,1.8455000000000013,7.163318939322387
1846.0,1.8459999999999965,7.162316803218047
1846.5,1.846499999999999,7.164816803218059
1847.0,1.8470000000000013,7.167316803218071
1847.5,1.8475000000000037,7.166269428997261
1848.0,1.847999999999999,7.168769428997237
1848.5,1.8485000000000014,7.171269428997249
1849.0,1.8489999999999966,7.170147815379586
1849.5,1.849499999999999,7.172647815379598
1850.0,1.8500000000000014,7.17514781537961
1850.5,1.8504999999999967,7.173923376086222
1851.0,1.850999999999999,7.176423376086234
1851.5,1.8515000000000015,7.178923376086246
1852.0,1.8519999999999968,7.1775599622019115
1852.5,1.8524999999999991,7.180059962201923
1853.0,1.8530000000000015,7.182559962201935
1853.5,1.8534999999999968,7.181007337089724
1854.0,1.8539999999999992,7.183507337089736
1854.5,1.8545000000000016,7.186007337089748
1855.0,1.8549999999999969,7.184219529052811
1855.5,1.8554999999999993,7.186719529052823
1856.0,1.8560000000000016,7.189219529052835
1856.5,1.856499999999997,7.187185288893438
1857.0,1.8569999999999993,7.18968528889345
1857.5,1.8575000000000017,7.192185288893462
1858.0,1.857999999999997,7.1899162263060745
1858.5,1.8584999999999994,7.1924162263060865
1859.0,1.8590000000000018,7.194916226306098
1859.5,1.859499999999997,7.192414454348217
1860.0,1.8599999999999994,7.194914454348229
1860.5,1.8605000000000018,7.197414454348241
1861.0,1.860999999999997,7.194723121082873
1861.5,1.8614999999999995,7.197223121082885
1862.0,1.8620000000000019,7.199723121082897
1862.5,1.8624999999999972,7.196890568723511
1863.0,1.8629999999999995,7.199390568723523
1863.5,1.863500000000002,7.201890568723535
1864.0,1.8639999999999972,7.1989978711706115
1864.5,1.8644999999999996,7.2014978711706235
1865.0,1.865000000000002,7.203997871170635
1865.5,1.8654999999999973,7.201140950493716
1866.0,1.8659999999999997,7.203640950493728
1866.5,1.866500000000002,7.20614095049374
1867.0,1.8669999999999973,7.203394208306904
1867.5,1.8674999999999997,7.2058942083069155
1868.0,1.868000000000002,7.2083942083069275
1868.5,1.8684999999999974,7.2057927014588685
1869.0,1.8689999999999998,7.2082927014588805
1869.5,1.8695000000000022,7.210792701458892
1870.0,1.8699999999999974,7.20835910278339
1870.5,1.8704999999999998,7.210859102783402
1871.0,1.8710000000000022,7.213359102783414
1871.5,1.8714999999999975,7.211094519190802
1872.0,1.8719999999999999,7.2135945191908135
1872.5,1.8725000000000023,7.2160945191908255
1873.0,1.8729999999999976,7.213981821399678
1873.5,1.8735,7.2164818213996895
1874.0,1.8740000000000023,7.2189818213997015
1874.5,1.8744999999999976,7.2170014897083234
1875.0,1.875,7.219501489708335
1875.5,1.8755000000000024,7.222001489708347
1876.0,1.8759999999999977,7.2201282998237915
1876.5,1.8765,7.222628299823803
1877.0,1.8770000000000024,7.225128299823815
1877.5,1.8774999999999977,7.22335581591345
1878.0,1.8780000000000001,7.225855815913462
1878.5,1.8785000000000025,7.228355815913474
1879.0,1.8789999999999978,7.226681401731767
1879.5,1.8795000000000002,7.229181401731779
1880.0,1.8800000000000026,7.231681401731791
1880.5,1.8804999999999978,7.230098803984326
1881.0,1.8810000000000002,7.232598803984338
1881.5,1.8815000000000026,7.23509880398435
1882.0,1.881999999999998,7.233581210502322
1882.5,1.8825000000000003,7.236081210502334
1883.0,1.8830000000000027,7.238581210502346
1883.5,1.883499999999998,7.23710267483618
1884.0,1.8840000000000003,7.239602674836192
1884.5,1.8845000000000027,7.242102674836204
1885.0,1.884999999999998,7.240600633028151
1885.5,1.8855000000000004,7.243100633028163
1886.0,1.8860000000000028,7.245600633028175
1886.5,1.886499999999998,7.244024980406856
1887.0,1.8870000000000005,7.246524980406868
1887.5,1.8875000000000028,7.24902498040688
1888.0,1.8879999999999981,7.251524980406856
1888.5,1.8885000000000005,7.249844328914179
1889.0,1.889000000000003,7.252344328914191
1889.5,1.8894999999999982,7.254844328914167
1890.0,1.8900000000000006,7.25305120562858
1890.5,1.890500000000003,7.255551205628592
1891.0,1.8909999999999982,7.258051205628568
1891.5,1.8915000000000006,7.25614608782756
1892.0,1.892000000000003,7.258646087827572
1892.5,1.8924999999999983,7.261146087827548
1893.0,1.8930000000000007,7.259152078216644
1893.5,1.893500000000003,7.261652078216656
1894.0,1.8939999999999984,7.2641520782166324
1894.5,1.8945000000000007,7.2621132786608555
1895.0,1.8950000000000031,7.2646132786608675
1895.5,1.8954999999999984,7.267113278660844
1896.0,1.8960000000000008,7.265071043428577
1896.5,1.8965000000000032,7.267571043428589
1897.0,1.8969999999999985,7.270071043428565
1897.5,1.8975000000000009,7.268048716374409
1898.0,1.8980000000000032,7.270548716374421
1898.5,1.8984999999999985,7.273048716374397
1899.0,1.899000000000001,7.2710661123001685
1899.5,1.8995000000000033,7.2735661123001805
1900.0,1.8999999999999986,7.276066112300157
1900.5,1.900500000000001,7.274132860273355
1901.0,1.9010000000000034,7.2766328602733665
1901.5,1.9014999999999986,7.279132860273343
1902.0,1.902000000000001,7.27727859873724
1902.5,1.9025000000000034,7.279778598737252
1903.0,1.9029999999999987,7.2822785987372285
1903.5,1.903500000000001,7.280526833404437
1904.0,1.9040000000000035,7.283026833404449
1904.5,1.9044999999999987,7.285526833404425
1905.0,1.9050000000000011,7.283872498680246
1905.5,1.9054999999999964,7.2863724986802225
1906.0,1.9059999999999988,7.2888724986802345
1906.5,1.9065000000000012,7.287314449756579
1907.0,1.9070000000000036,7.289814449756591
1907.5,1.9074999999999989,7.292314449756567
1908.0,1.9080000000000013,7.290853166179012
1908.5,1.9084999999999965,7.2933531661789885
1909.0,1.908999999999999,7.2958531661790005
1909.5,1.9095000000000013,7.294491750213545
1910.0,1.9100000000000037,7.296991750213557
1910.5,1.910499999999999,7.299491750213534
1911.0,1.9110000000000014,7.298216253977365
1911.5,1.9114999999999966,7.300716253977342
1912.0,1.911999999999999,7.303216253977354
1912.5,1.9125000000000014,7.302016230605872
1913.0,1.9129999999999967,7.304516230605849
1913.5,1.913499999999999,7.307016230605861
1914.0,1.9140000000000015,7.305863891672395
1914.5,1.9144999999999968,7.308363891672371
1915.0,1.9149999999999991,7.310863891672383
1915.5,1.9155000000000015,7.309730486116521
1916.0,1.9159999999999968,7.312230486116498
1916.5,1.9164999999999992,7.31473048611651
1917.0,1.9170000000000016,7.313560802907375
1917.5,1.9174999999999969,7.3160608029073515
1918.0,1.9179999999999993,7.318560802907363
1918.5,1.9185000000000016,7.317333785722937
1919.0,1.918999999999997,7.319833785722913
1919.5,1.9194999999999993,7.322333785722925
1920.0,1.9200000000000017,7.321029636504406
1920.5,1.920499999999997,7.323529636504382
1921.0,1.9209999999999994,7.326029636504394
1921.5,1.9215000000000018,7.3246130126736375
1922.0,1.921999999999997,7.327113012673614
1922.5,1.9224999999999994,7.329613012673626
1923.0,1.9230000000000018,7.3280653468736645
1923.5,1.923499999999997,7.330565346873641
1924.0,1.9239999999999995,7.333065346873653
1924.5,1.9245000000000019,7.33138987772012
1925.0,1.9249999999999972,7.333889877720097
1925.5,1.9254999999999995,7.336389877720109
1926.0,1.926000000000002,7.334586461107513
1926.5,1.9264999999999972,7.337086461107489
1927.0,1.9269999999999996,7.339586461107501
1927.5,1.927500000000002,7.337670487997769
1928.0,1.9279999999999973,7.340170487997746
1928.5,1.9284999999999997,7.342670487997758
1929.0,1.929000000000002,7.340669723002122
1929.5,1.9294999999999973,7.343169723002099
1930.0,1.9299999999999997,7.345669723002111
1930.5,1.930500000000002,7.3436149808858175
1931.0,1.9309999999999974,7.346114980885794
1931.5,1.9314999999999998,7.348614980885806
1932.0,1.9320000000000022,7.346553303606136
1932.5,1.9324999999999974,7.349053303606112
1933.0,1.9329999999999998,7.351553303606124
1933.5,1.9335000000000022,7.349534201007479
1934.0,1.9339999999999975,7.352034201007456
1934.5,1.9344999999999999,7.354534201007468
1935.0,1.9350000000000023,7.352604584770681
1935.5,1.9354999999999976,7.3551045847706575
1936.0,1.936,7.3576045847706695
1936.5,1.9365000000000023,7.355819312791958
1937.0,1.9369999999999976,7.358319312791934
1937.5,1.9375,7.360819312791946
1938.0,1.9380000000000024,7.3592157979366135
1938.5,1.9384999999999977,7.36171579793659
1939.0,1.939,7.364215797936602
1939.5,1.9395000000000024,7.362766524558424
1940.0,1.9399999999999977,7.3652665245584
1940.5,1.9405000000000001,7.367766524558412
1941.0,1.9410000000000025,7.366452555202869
1941.5,1.9414999999999978,7.368952555202846
1942.0,1.9420000000000002,7.371452555202858
1942.5,1.9425000000000026,7.370229273993161
1943.0,1.9429999999999978,7.372729273993137
1943.5,1.9435000000000002,7.375229273993149
1944.0,1.9440000000000026,7.3740529510902775
1944.5,1.944499999999998,7.376552951090254
1945.0,1.9450000000000003,7.379052951090266
1945.5,1.9455000000000027,7.377893894827174
1946.0,1.945999999999998,7.380393894827151
1946.5,1.9465000000000003,7.382893894827163
1947.0,1.9470000000000027,7.3817212265039345
1947.5,1.947499999999998,7.384221226503911
1948.0,1.9480000000000004,7.386721226503923
1948.5,1.9485000000000028,7.385503002900258
1949.0,1.948999999999998,7.388003002900234
1949.5,1.9495000000000005,7.390503002900246
1950.0,1.9500000000000028,7.389198542823827
1950.5,1.9504999999999981,7.391698542823804
1951.0,1.9510000000000005,7.3941985428238155
1951.5,1.951500000000003,7.392772371891638
1952.0,1.9519999999999982,7.395272371891615
1952.5,1.9525000000000006,7.397772371891627
1953.0,1.953000000000003,7.396182054160185
1953.5,1.9534999999999982,7.398682054160162
1954.0,1.9540000000000006,7.401182054160174
1954.5,1.954500000000003,7.399421953373242
1955.0,1.9549999999999983,7.401921953373218
1955.5,1.9555000000000007,7.40442195337323
1956.0,1.956000000000003,7.402498092358485
1956.5,1.9564999999999984,7.404998092358461
1957.0,1.9570000000000007,7.407498092358473
1957.5,1.9575000000000031,7.405417400466483
1958.0,1.9579999999999984,7.407917400466459
1958.5,1.9585000000000008,7.410417400466471
1959.0,1.9590000000000032,7.408201977266451
1959.5,1.9594999999999985,7.410701977266427
1960.0,1.9600000000000009,7.413201977266439
1960.5,1.9605000000000032,7.410874907673808
1961.0,1.9609999999999985,7.413374907673784
1961.5,1.961500000000001,7.415874907673796
1962.0,1.9620000000000033,7.413466468182115
1962.5,1.9624999999999986,7.415966468182091
1963.0,1.963000000000001,7.418466468182103
1963.5,1.9635000000000034,7.420966468182115
1964.0,1.9639999999999986,7.418497911413162
1964.5,1.964500000000001,7.420997911413174
1965.0,1.9650000000000034,7.423497911413186
1965.5,1.9654999999999987,7.421020292929654
1966.0,1.966000000000001,7.423520292929666
1966.5,1.9665000000000035,7.426020292929678
1967.0,1.9669999999999987,7.423578700505509
1967.5,1.9675000000000011,7.426078700505521
1968.0,1.9679999999999964,7.428578700505497
1968.5,1.9684999999999988,7.426205446542511
1969.0,1.9690000000000012,7.428705446542523
1969.5,1.9695000000000036,7.431205446542535
1970.0,1.9699999999999989,7.428912386999436
1970.5,1.9705000000000013,7.4314123869994475
1971.0,1.9709999999999965,7.433912386999424
1971.5,1.971499999999999,7.431701759266467
1972.0,1.9720000000000013,7.434201759266479
1972.5,1.9725000000000037,7.436701759266491
1973.0,1.972999999999999,7.434581439772288
1973.5,1.9735000000000014,7.4370814397722995
1974.0,1.9739999999999966,7.439581439772276
1974.5,1.974499999999999,7.437544600960138
1975.0,1.9750000000000014,7.4400446009601495
1975.5,1.9754999999999967,7.442544600960126
1976.0,1.975999999999999,7.440578538856251
1976.5,1.9765000000000015,7.443078538856263
1977.0,1.9769999999999968,7.445578538856239
1977.5,1.9774999999999991,7.443647165272829
1978.0,1.9780000000000015,7.446147165272841
1978.5,1.9784999999999968,7.448647165272817
1979.0,1.9789999999999992,7.44671518963127
1979.5,1.9795000000000016,7.449215189631282
1980.0,1.9799999999999969,7.451715189631258
1980.5,1.9804999999999993,7.449758863907654
1981.0,1.9810000000000016,7.452258863907666
1981.5,1.981499999999997,7.454758863907642
1982.0,1.9819999999999993,7.45275667318797
1982.5,1.9825000000000017,7.455256673187982
1983.0,1.982999999999997,7.4577566731879585
1983.5,1.9834999999999994,7.455687011066594
1984.0,1.9840000000000018,7.458187011066606
1984.5,1.984499999999997,7.460687011066582
1985.0,1.9849999999999994,7.458547294645577
1985.5,1.9855000000000018,7.461047294645589
1986.0,1.985999999999997,7.463547294645565
1986.5,1.9864999999999995,7.4613584892854234
1987.0,1.9870000000000019,7.463858489285435
1987.5,1.9874999999999972,7.466358489285412
1988.0,1.9879999999999995,7.464146758258181
1988.5,1.988500000000002,7.466646758258193
1989.0,1.9889999999999972,7.469146758258169
1989.5,1.9894999999999996,7.466923910600478
1990.0,1.990000000000002,7.46942391060049
1990.5,1.9904999999999973,7.4719239106004665
1991.0,1.9909999999999997,7.469677247705704
1991.5,1.991500000000002,7.472177247705716
1992.0,1.9919999999999973,7.474677247705692
1992.5,1.9924999999999997,7.472413420853705
1993.0,1.993000000000002,7.474913420853717
1993.5,1.9934999999999974,7.4774134208536935
1994.0,1.9939999999999998,7.475109430463078
1994.5,1.9945000000000022,7.47760943046309
1995.0,1.9949999999999974,7.480109430463067
1995.5,1.9954999999999998,7.477775149666286
1996.0,1.9960000000000022,7.480275149666298
1996.5,1.9964999999999975,7.482775149666274
1997.0,1.9969999999999999,7.480435728600803
1997.5,1.9975000000000023,7.482935728600815
1998.0,1.9979999999999976,7.485435728600791
1998.5,1.9985,7.4831229406837
1999.0,1.9990000000000023,7.485622940683712
1999.5,1.9994999999999976,7.488122940683688
2000.0,2.0,7.485855952761931
2000.5,2.0005000000000024,7.4883559527619425
2001.0,2.0009999999999977,7.490855952761919
2001.5,2.0015,7.488678906347843
2002.0,2.0020000000000024,7.491178906347855
2002.5,2.0024999999999977,7.4936789063478315
2003.0,2.003,7.491626039241126
2003.5,2.0035000000000025,7.494126039241138
2004.0,2.003999999999998,7.496626039241114
2004.5,2.0045,7.494694516647051
2005.0,2.0050000000000026,7.497194516647063
2005.5,2.005499999999998,7.49969451664704
2006.0,2.0060000000000002,7.4978728427611685
2006.5,2.0065000000000026,7.50037284276118
2007.0,2.006999999999998,7.502872842761157
2007.5,2.0075000000000003,7.501131176160136
2008.0,2.0080000000000027,7.503631176160148
2008.5,2.008499999999998,7.506131176160125
2009.0,2.0090000000000003,7.50443876344054
2009.5,2.0095000000000027,7.5069387634405516
2010.0,2.009999999999998,7.509438763440528
2010.5,2.0105000000000004,7.507761825121797
2011.0,2.011000000000003,7.510261825121809
2011.5,2.011499999999998,7.512761825121785
2012.0,2.0120000000000005,7.511069432955715
2012.5,2.012500000000003,7.513569432955727
2013.0,2.012999999999998,7.516069432955703
2013.5,2.0135000000000005,7.514329921080005
2014.0,2.014000000000003,7.516829921080017
2014.5,2.014499999999998,7.5193299210799935
2015.0,2.0150000000000006,7.517519107182515
2015.5,2.015500000000003,7.520019107182527
2016.0,2.0159999999999982,7.522519107182504
2016.5,2.0165000000000006,7.520629536346988
2017.0,2.017000000000003,7.523129536347
2017.5,2.0174999999999983,7.525629536346976
2018.0,2.0180000000000007,7.523663881455249
2018.5,2.018500000000003,7.526163881455261
2019.0,2.0189999999999984,7.528663881455238
2019.5,2.0195000000000007,7.526621428399558
2020.0,2.020000000000003,7.52912142839957
2020.5,2.0204999999999984,7.531621428399546
2021.0,2.021000000000001,7.52950692834947
2021.5,2.021500000000003,7.532006928349482
2022.0,2.0219999999999985,7.534506928349458
2022.5,2.022500000000001,7.532312770344767
2023.0,2.0230000000000032,7.534812770344779
2023.5,2.0234999999999985,7.537312770344755
2024.0,2.024000000000001,7.535031901432667
2024.5,2.0245000000000033,7.537531901432679
2025.0,2.0249999999999986,7.540031901432656
2025.5,2.025500000000001,7.537658268740941
2026.0,2.0260000000000034,7.540158268740953
2026.5,2.0264999999999986,7.542658268740929
2027.0,2.027000000000001,7.5402074863722035
2027.5,2.0274999999999963,7.54270748637218
2028.0,2.0279999999999987,7.545207486372192
2028.5,2.028500000000001,7.542708900591855
2029.0,2.0290000000000035,7.5452089005918666
2029.5,2.0294999999999987,7.547708900591843
2030.0,2.030000000000001,7.545179857578326
2030.5,2.0304999999999964,7.547679857578302
2031.0,2.030999999999999,7.550179857578314
2031.5,2.031500000000001,7.547666405941058
2032.0,2.0320000000000036,7.55016640594107
2032.5,2.032499999999999,7.552666405941046
2033.0,2.0330000000000013,7.550200923542789
2033.5,2.0334999999999965,7.552700923542766
2034.0,2.033999999999999,7.5552009235427775
2034.5,2.0345000000000013,7.552802494696529
2035.0,2.0350000000000037,7.555302494696541
2035.5,2.035499999999999,7.557802494696517
2036.0,2.0360000000000014,7.555472054031824
2036.5,2.0364999999999966,7.557972054031801
2037.0,2.036999999999999,7.560472054031813
2037.5,2.0375000000000014,7.558222498821898
2038.0,2.038000000000004,7.56072249882191
2038.5,2.038499999999999,7.563222498821887
2039.0,2.0390000000000015,7.5657224988218985
2039.5,2.0394999999999968,7.563550584241874
2040.0,2.039999999999999,7.566050584241886
2040.5,2.0405000000000015,7.568550584241898
2041.0,2.040999999999997,7.566430782122779
2041.5,2.041499999999999,7.568930782122791
2042.0,2.0420000000000016,7.571430782122803
2042.5,2.042499999999997,7.569338425414145
2043.0,2.0429999999999993,7.571838425414157
2043.5,2.0435000000000016,7.574338425414169
2044.0,2.043999999999997,7.5722441260399265
2044.5,2.0444999999999993,7.574744126039938
2045.0,2.0450000000000017,7.57724412603995
2045.5,2.045499999999997,7.575138390089009
2046.0,2.0459999999999994,7.577638390089021
2046.5,2.0465000000000018,7.580138390089033
2047.0,2.046999999999997,7.5780114130481735
2047.5,2.0474999999999994,7.580511413048185
2048.0,2.048000000000002,7.583011413048197
2048.5,2.048499999999997,7.580836734097112
2049.0,2.0489999999999995,7.583336734097124
2049.5,2.049500000000002,7.5858367340971355
2050.0,2.049999999999997,7.5836009743541055
2050.5,2.0504999999999995,7.5861009743541175
2051.0,2.051000000000002,7.588600974354129
2051.5,2.051499999999997,7.586286912705376
2052.0,2.0519999999999996,7.5887869127053875
2052.5,2.052500000000002,7.5912869127053995
2053.0,2.0529999999999973,7.588885359695503
2053.5,2.0534999999999997,7.591385359695515
2054.0,2.054000000000002,7.593885359695527
2054.5,2.0544999999999973,7.591401834598095
2055.0,2.0549999999999997,7.593901834598107
2055.5,2.055500000000002,7.596401834598119
2056.0,2.0559999999999974,7.593859408508017
2056.5,2.0564999999999998,7.596359408508029
2057.0,2.057000000000002,7.598859408508041
2057.5,2.0574999999999974,7.596264960263888
2058.0,2.058,7.5987649602639
2058.5,2.058500000000002,7.6012649602639115
2059.0,2.0589999999999975,7.598631833788829
2059.5,2.0595,7.601131833788841
2060.0,2.0600000000000023,7.603631833788853
2060.5,2.0604999999999976,7.600987174535803
2061.0,2.061,7.603487174535815
2061.5,2.0615000000000023,7.6059871745358265
2062.0,2.0619999999999976,7.603372371619024
2062.5,2.0625,7.605872371619036
2063.0,2.0630000000000024,7.608372371619048
2063.5,2.0634999999999977,7.605829239612838
2064.0,2.064,7.60832923961285
2064.5,2.0645000000000024,7.610829239612862
2065.0,2.0649999999999977,7.608392988683477
2065.5,2.0655,7.610892988683489
2066.0,2.0660000000000025,7.613392988683501
2066.5,2.066499999999998,7.6110993071372235
2067.0,2.067,7.613599307137235
2067.5,2.0675000000000026,7.616099307137247
2068.0,2.067999999999998,7.6139787543948145
2068.5,2.0685000000000002,7.6164787543948265
2069.0,2.0690000000000026,7.618978754394838
2069.5,2.069499999999998,7.617035547570765
2070.0,2.0700000000000003,7.619535547570777
2070.5,2.0705000000000027,7.622035547570789
2071.0,2.070999999999998,7.620264431470183
2071.5,2.0715000000000003,7.622764431470195
2072.0,2.0720000000000027,7.625264431470207
2072.5,2.072499999999998,7.623649328641626
2073.0,2.0730000000000004,7.626149328641638
2073.5,2.073500000000003,7.62864932864165
2074.0,2.073999999999998,7.627163919822415
2074.5,2.0745000000000005,7.629663919822427
2075.0,2.075000000000003,7.632163919822439
2075.5,2.075499999999998,7.6307816815627305
2076.0,2.0760000000000005,7.6332816815627424
2076.5,2.076500000000003,7.635781681562754
2077.0,2.076999999999998,7.634463114510446
2077.5,2.0775000000000006,7.636963114510458
2078.0,2.078000000000003,7.63946311451047
2078.5,2.0784999999999982,7.6381649504383375
2079.0,2.0790000000000006,7.6406649504383495
2079.5,2.079500000000003,7.643164950438361
2080.0,2.0799999999999983,7.641854622214623
2080.5,2.0805000000000007,7.644354622214635
2081.0,2.081000000000003,7.646854622214647
2081.5,2.0814999999999984,7.645500298629315
2082.0,2.0820000000000007,7.648000298629327
2082.5,2.082500000000003,7.650500298629339
2083.0,2.0829999999999984,7.6490506000582315
2083.5,2.083500000000001,7.651550600058243
2084.0,2.084000000000003,7.654050600058255
2084.5,2.0844999999999985,7.652464107269026
2085.0,2.085000000000001,7.654964107269038
2085.5,2.0855000000000032,7.65746410726905
2086.0,2.0859999999999985,7.6557043327224505
2086.5,2.086500000000001,7.6582043327224625
2087.0,2.0870000000000033,7.660704332722474
2087.5,2.0874999999999986,7.658746995136845
2088.0,2.088000000000001,7.661246995136857
2088.5,2.0885000000000034,7.663746995136869
2089.0,2.0889999999999986,7.661593917330052
2089.5,2.089500000000001,7.664093917330064
2090.0,2.0899999999999963,7.66659391733004
2090.5,2.0904999999999987,7.6642717745733435
2091.0,2.091000000000001,7.6667717745733555
2091.5,2.0915000000000035,7.669271774573367
2092.0,2.0919999999999987,7.6668150664617585
2092.5,2.092500000000001,7.66931506646177
2093.0,2.0929999999999964,7.671815066461747
2093.5,2.093499999999999,7.669239576150204
2094.0,2.094000000000001,7.671739576150216
2094.5,2.0945000000000036,7.674239576150228
2095.0,2.094999999999999,7.6716013209409795
2095.5,2.0955000000000013,7.674101320940991
2096.0,2.0959999999999965,7.676601320940968
2096.5,2.096499999999999,7.673970117982805
2097.0,2.0970000000000013,7.6764701179828165
2097.5,2.0975000000000037,7.6789701179828285
2098.0,2.097999999999999,7.676389764897387
2098.5,2.0985000000000014,7.678889764897399
2099.0,2.0989999999999966,7.681389764897375
2099.5,2.099499999999999,7.678902907047309
2100.0,2.1000000000000014,7.681402907047321
2100.5,2.100500000000004,7.683902907047333
2101.0,2.100999999999999,7.681536598074672
2101.5,2.1015000000000015,7.684036598074684
2102.0,2.1019999999999968,7.68653659807466
2102.5,2.102499999999999,7.6842994547350685
2103.0,2.1030000000000015,7.68679945473508
2103.5,2.103499999999997,7.689299454735057
2104.0,2.103999999999999,7.6871841303373145
2104.5,2.1045000000000016,7.6896841303373265
2105.0,2.104999999999997,7.692184130337303
2105.5,2.1054999999999993,7.690172483664135
2106.0,2.1060000000000016,7.692672483664147
2106.5,2.106499999999997,7.695172483664123
2107.0,2.1069999999999993,7.693211023471598
2107.5,2.1075000000000017,7.69571102347161
2108.0,2.107999999999997,7.698211023471586
2108.5,2.1084999999999994,7.69626137450139
2109.0,2.1090000000000018,7.698761374501402
2109.5,2.109499999999997,7.701261374501378
2110.0,2.1099999999999994,7.699281395801698
2110.5,2.110500000000002,7.70178139580171
2111.0,2.110999999999997,7.7042813958016865
2111.5,2.1114999999999995,7.702216632239995
2112.0,2.112000000000002,7.704716632240007
2112.5,2.112499999999997,7.707216632239984
2113.0,2.1129999999999995,7.705024011384651
2113.5,2.113500000000002,7.707524011384663
2114.0,2.113999999999997,7.71002401138464
2114.5,2.1144999999999996,7.712524011384652
2115.0,2.115000000000002,7.71017068333947
2115.5,2.1154999999999973,7.7126706833394465
2116.0,2.1159999999999997,7.715170683339458
2116.5,2.116500000000002,7.712629991937696
2117.0,2.1169999999999973,7.715129991937673
2117.5,2.1174999999999997,7.7176299919376845
2118.0,2.118000000000002,7.714896940168714
2118.5,2.1184999999999974,7.71739694016869
2119.0,2.1189999999999998,7.719896940168702
2119.5,2.119500000000002,7.716959194516058
2120.0,2.1199999999999974,7.719459194516034
2120.5,2.1205,7.721959194516046
2121.0,2.121000000000002,7.718821624885983
2121.5,2.1214999999999975,7.7213216248859595
2122.0,2.122,7.7238216248859715
2122.5,2.1225000000000023,7.720473717984788
2123.0,2.1229999999999976,7.722973717984765
2123.5,2.1235,7.725473717984777
2124.0,2.1240000000000023,7.7219304409713985
2124.5,2.1244999999999976,7.724430440971375
2125.0,2.125,7.726930440971387
2125.5,2.1255000000000024,7.723218797695601
2126.0,2.1259999999999977,7.725718797695578
2126.5,2.1265,7.72821879769559
2127.0,2.1270000000000024,7.724376923478715
2127.5,2.1274999999999977,7.726876923478692
2128.0,2.128,7.7293769234787035
2128.5,2.1285000000000025,7.725463520830651
2129.0,2.128999999999998,7.727963520830627
2129.5,2.1295,7.730463520830639
2130.0,2.1300000000000026,7.726554374958283
2130.5,2.130499999999998,7.72905437495826
2131.0,2.1310000000000002,7.731554374958272
2131.5,2.1315000000000026,7.7277163308274055
2132.0,2.131999999999998,7.730216330827382
2132.5,2.1325000000000003,7.732716330827394
2133.0,2.1330000000000027,7.729010445692346
2133.5,2.133499999999998,7.731510445692322
2134.0,2.1340000000000003,7.734010445692334
2134.5,2.1345000000000027,7.730475922993385
2135.0,2.134999999999998,7.7329759229933615
2135.5,2.1355000000000004,7.735475922993373
2136.0,2.136000000000003,7.732122799176899
2136.5,2.136499999999998,7.734622799176876
2137.0,2.1370000000000005,7.737122799176888
2137.5,2.137500000000003,7.73393866338143
2138.0,2.137999999999998,7.736438663381406
2138.5,2.1385000000000005,7.738938663381418
2139.0,2.139000000000003,7.735895923372702
2139.5,2.139499999999998,7.7383959233726785
2140.0,2.1400000000000006,7.74089592337269
2140.5,2.140500000000003,7.737944013074234
2141.0,2.1409999999999982,7.74044401307421
2141.5,2.1415000000000006,7.742944013074222
2142.0,2.142000000000003,7.740067847855805
2142.5,2.1424999999999983,7.742567847855781
2143.0,2.1430000000000007,7.745067847855793
2143.5,2.143500000000003,7.7422372381163385
2144.0,2.1439999999999984,7.744737238116315
2144.5,2.1445000000000007,7.747237238116327
2145.0,2.145000000000003,7.744416077345946
2145.5,2.1454999999999984,7.746916077345922
2146.0,2.146000000000001,7.749416077345934
2146.5,2.146500000000003,7.746600661675345
2147.0,2.1469999999999985,7.749100661675321
2147.5,2.147500000000001,7.751600661675333
2148.0,2.1480000000000032,7.748775914696218
2148.5,2.1484999999999985,7.751275914696194
2149.0,2.149000000000001,7.753775914696206
2149.5,2.1495000000000033,7.7509284817825375
2150.0,2.1499999999999986,7.753428481782514
2150.5,2.150500000000001,7.755928481782526
2151.0,2.1510000000000034,7.7530316381563225
2151.5,2.1514999999999986,7.755531638156299
2152.0,2.152000000000001,7.758031638156311
2152.5,2.1524999999999963,7.755054836782591
2153.0,2.1529999999999987,7.757554836782603
2153.5,2.153500000000001,7.760054836782615
2154.0,2.1540000000000035,7.756967021495491
2154.5,2.1544999999999987,7.7594670214954675
2155.0,2.155000000000001,7.7619670214954795
2155.5,2.1554999999999964,7.758766644170265
2156.0,2.155999999999999,7.761266644170277
2156.5,2.156500000000001,7.763766644170289
2157.0,2.1570000000000036,7.760467444870862
2157.5,2.157499999999999,7.762967444870839
2158.0,2.1580000000000013,7.7654674448708505
2158.5,2.1584999999999965,7.762101714453777
2159.0,2.158999999999999,7.764601714453789
2159.5,2.1595000000000013,7.767101714453801
2160.0,2.1600000000000037,7.763728592927954
2160.5,2.160499999999999,7.766228592927931
2161.0,2.1610000000000014,7.768728592927943
2161.5,2.1614999999999966,7.765408393481934
2162.0,2.161999999999999,7.767908393481946
2162.5,2.1625000000000014,7.770408393481958
2163.0,2.163000000000004,7.767202553211661
2163.5,2.163499999999999,7.769702553211637
2164.0,2.1640000000000015,7.772202553211649
2164.5,2.1644999999999968,7.76917450734711
2165.0,2.164999999999999,7.771674507347122
2165.5,2.1655000000000015,7.7741745073471336
2166.0,2.165999999999997,7.771388223242646
2166.5,2.166499999999999,7.773888223242658
2167.0,2.1670000000000016,7.7763882232426695
2167.5,2.167499999999997,7.7738638780920155
2168.0,2.1679999999999993,7.7763638780920274
2168.5,2.1685000000000016,7.778863878092039
2169.0,2.168999999999997,7.776592754402749
2169.5,2.1694999999999993,7.779092754402761
2170.0,2.1700000000000017,7.781592754402773
2170.5,2.170499999999997,7.779562359233054
2171.0,2.1709999999999994,7.782062359233066
2171.5,2.1715000000000018,7.784562359233078
2172.0,2.171999999999997,7.7827512536159205
2172.5,2.1724999999999994,7.785251253615932
2173.0,2.173000000000002,7.787751253615944
2173.5,2.173499999999997,7.786103696619087
2174.0,2.1739999999999995,7.788603696619099
2174.5,2.174500000000002,7.7911036966191105
2175.0,2.174999999999997,7.789580862286485
2175.5,2.1754999999999995,7.792080862286497
2176.0,2.176000000000002,7.794580862286509
2176.5,2.176499999999997,7.793145878036114
2177.0,2.1769999999999996,7.795645878036126
2177.5,2.177500000000002,7.798145878036138
2178.0,2.1779999999999973,7.796758842959015
2178.5,2.1784999999999997,7.799258842959027
2179.0,2.179000000000002,7.801758842959039
2179.5,2.1794999999999973,7.800403318792952
2180.0,2.1799999999999997,7.802903318792964
2180.5,2.180500000000002,7.805403318792976
2181.0,2.1809999999999974,7.804054768147033
2181.5,2.1814999999999998,7.806554768147045
2182.0,2.182000000000002,7.809054768147057
2182.5,2.1824999999999974,7.807658100199504
2183.0,2.183,7.810158100199516
2183.5,2.183500000000002,7.812658100199528
2184.0,2.1839999999999975,7.811160012612639
2184.5,2.1845,7.813660012612651
2185.0,2.1850000000000023,7.816160012612663
2185.5,2.1854999999999976,7.814521859239072
2186.0,2.186,7.817021859239084
2186.5,2.1865000000000023,7.819521859239096
2187.0,2.1869999999999976,7.817709577105454
2187.5,2.1875,7.820209577105466
2188.0,2.1880000000000024,7.822709577105478
2188.5,2.1884999999999977,7.820710202469705
2189.0,2.189,7.823210202469717
2189.5,2.1895000000000024,7.825710202469729
2190.0,2.1899999999999977,7.828210202469705
2190.5,2.1905,7.826023260183916
2191.0,2.1910000000000025,7.828523260183928
2191.5,2.191499999999998,7.831023260183905
2192.0,2.192,7.828670788515062
2192.5,2.1925000000000026,7.831170788515074
2193.0,2.192999999999998,7.83367078851505
2193.5,2.1935000000000002,7.831191052200879
2194.0,2.1940000000000026,7.833691052200891
2194.5,2.194499999999998,7.836191052200867
2195.0,2.1950000000000003,7.833621058502196
2195.5,2.1955000000000027,7.836121058502208
2196.0,2.195999999999998,7.838621058502184
2196.5,2.1965000000000003,7.835986746069601
2197.0,2.1970000000000027,7.838486746069613
2197.5,2.197499999999998,7.840986746069589
2198.0,2.1980000000000004,7.838321031436379
2198.5,2.198500000000003,7.840821031436391
2199.0,2.198999999999998,7.843321031436368
2199.5,2.1995000000000005,7.840675951480769
2200.0,2.200000000000003,7.843175951480781
2200.5,2.200499999999998,7.845675951480757
2201.0,2.2010000000000005,7.843067497997325
2201.5,2.201500000000003,7.845567497997337
2202.0,2.201999999999998,7.848067497997313
2202.5,2.2025000000000006,7.845518296148839
2203.0,2.203000000000003,7.848018296148851
2203.5,2.2034999999999982,7.850518296148827
2204.0,2.2040000000000006,7.84801291611263
2204.5,2.204500000000003,7.850512916112642
2205.0,2.2049999999999983,7.853012916112618
2205.5,2.2055000000000007,7.850557261839306
2206.0,2.206000000000003,7.853057261839318
2206.5,2.2064999999999984,7.855557261839294
2207.0,2.2070000000000007,7.853180254268821
2207.5,2.207500000000003,7.855680254268833
2208.0,2.2079999999999984,7.8581802542688095
2208.5,2.208500000000001,7.8558877951369865
2209.0,2.209000000000003,7.8583877951369985
2209.5,2.2094999999999985,7.860887795136975
2210.0,2.210000000000001,7.858660260570112
2210.5,2.2105000000000032,7.861160260570124
2211.0,2.2109999999999985,7.8636602605701
2211.5,2.211500000000001,7.861450315457645
2212.0,2.2120000000000033,7.863950315457657
2212.5,2.2124999999999986,7.866450315457634
2213.0,2.213000000000001,7.86421663153245
2213.5,2.2135000000000034,7.866716631532462
2214.0,2.2139999999999986,7.8692166315324386
2214.5,2.214500000000001,7.866912407190512
2215.0,2.2149999999999963,7.869412407190488
2215.5,2.2154999999999987,7.8719124071905
2216.0,2.216000000000001,7.869489021134157
2216.5,2.2165000000000035,7.871989021134169
2217.0,2.2169999999999987,7.874489021134146
2217.5,2.217500000000001,7.871895132128657
2218.0,2.2179999999999964,7.874395132128633
2218.5,2.218499999999999,7.876895132128645
2219.0,2.219000000000001,7.874104895282663
2219.5,2.2195000000000036,7.876604895282675
2220.0,2.219999999999999,7.8791048952826515
2220.5,2.2205000000000013,7.87610200186581
2221.0,2.2209999999999965,7.8786020018657865
2221.5,2.221499999999999,7.8811020018657985
2222.0,2.2220000000000013,7.877889277652024
2222.5,2.2225000000000037,7.880389277652036
2223.0,2.222999999999999,7.882889277652012
2223.5,2.2235000000000014,7.879466920414515
2224.0,2.2239999999999966,7.8819669204144915
2224.5,2.224499999999999,7.8844669204145035
2225.0,2.2250000000000014,7.880841495147166
2225.5,2.225500000000004,7.883341495147178
2226.0,2.225999999999999,7.8858414951471545
2226.5,2.2265000000000015,7.882042717191062
2227.0,2.2269999999999968,7.884542717191039
2227.5,2.227499999999999,7.887042717191051
2228.0,2.2280000000000015,7.883095495628751
2228.5,2.228499999999997,7.885595495628728
2229.0,2.228999999999999,7.88809549562874
2229.5,2.2295000000000016,7.884025575800635
2230.0,2.229999999999997,7.886525575800611
2230.5,2.2304999999999993,7.889025575800623
2231.0,2.2310000000000016,7.884858357409499
2231.5,2.231499999999997,7.887358357409475
2232.0,2.2319999999999993,7.889858357409487
2232.5,2.2325000000000017,7.885636660178896
2233.0,2.232999999999997,7.888136660178873
2233.5,2.2334999999999994,7.890636660178885
2234.0,2.2340000000000018,7.886418257225536
2234.5,2.234499999999997,7.888918257225512
2235.0,2.2349999999999994,7.891418257225524
2235.5,2.235500000000002,7.887257084236445
2236.0,2.235999999999997,7.889757084236422
2236.5,2.2364999999999995,7.892257084236434
2237.0,2.237000000000002,7.88820998071234
2237.5,2.237499999999997,7.890709980712316
2238.0,2.2379999999999995,7.893209980712328
2238.5,2.238500000000002,7.8893539548876745
2239.0,2.238999999999997,7.891853954887651
2239.5,2.2394999999999996,7.894353954887663
2240.0,2.240000000000002,7.890730896291558
2240.5,2.2404999999999973,7.893230896291534
2241.0,2.2409999999999997,7.895730896291546
2241.5,2.241500000000002,7.8923529746839804
2242.0,2.2419999999999973,7.894852974683957
2242.5,2.2424999999999997,7.897352974683969
2243.0,2.243000000000002,7.894209605630778
2243.5,2.2434999999999974,7.896709605630754
2244.0,2.2439999999999998,7.899209605630766
2244.5,2.244500000000002,7.896284124361337
2245.0,2.2449999999999974,7.898784124361313
2245.5,2.2455,7.901284124361325
2246.0,2.246000000000002,7.898550327237075
2246.5,2.2464999999999975,7.901050327237051
2247.0,2.247,7.903550327237063
2247.5,2.2475000000000023,7.9009575180447555
2248.0,2.2479999999999976,7.903457518044732
2248.5,2.2485,7.905957518044744
2249.0,2.2490000000000023,7.90346781390955
2249.5,2.2494999999999976,7.905967813909527
2250.0,2.25,7.908467813909539
2250.5,2.2505000000000024,7.906045803720794
2251.0,2.2509999999999977,7.90854580372077
2251.5,2.2515,7.911045803720782
2252.0,2.2520000000000024,7.9086584105723645
2252.5,2.2524999999999977,7.911158410572341
2253.0,2.253,7.913658410572353
2253.5,2.2535000000000025,7.911279919889793
2254.0,2.253999999999998,7.91377991988977
2254.5,2.2545,7.9162799198897815
2255.0,2.2550000000000026,7.9138941092894655
2255.5,2.255499999999998,7.916394109289442
2256.0,2.2560000000000002,7.918894109289454
2256.5,2.2565000000000026,7.916481034673986
2257.0,2.256999999999998,7.918981034673962
2257.5,2.2575000000000003,7.921481034673974
2258.0,2.2580000000000027,7.919017429373731
2258.5,2.258499999999998,7.921517429373708
2259.0,2.2590000000000003,7.92401742937372
2259.5,2.2595000000000027,7.921496596001738
2260.0,2.259999999999998,7.9239965960017145
2260.5,2.2605000000000004,7.926496596001726
2261.0,2.261000000000003,7.923916125413939
2261.5,2.261499999999998,7.926416125413915
2262.0,2.2620000000000005,7.928916125413927
2262.5,2.262500000000003,7.9262862166952885
2263.0,2.262999999999998,7.928786216695265
2263.5,2.2635000000000005,7.931286216695277
2264.0,2.264000000000003,7.928624436397378
2264.5,2.264499999999998,7.931124436397354
2265.0,2.2650000000000006,7.933624436397366
2265.5,2.265500000000003,7.936124436397378
2266.0,2.2659999999999982,7.933462508315721
2266.5,2.2665000000000006,7.935962508315733
2267.0,2.267000000000003,7.9384625083157445
2267.5,2.2674999999999983,7.935837834157766
2268.0,2.2680000000000007,7.938337834157778
2268.5,2.268500000000003,7.94083783415779
2269.0,2.2689999999999984,7.938291072850383
2269.5,2.2695000000000007,7.940791072850395
2270.0,2.270000000000003,7.943291072850407
2270.5,2.2704999999999984,7.94085731507284
2271.0,2.271000000000001,7.943357315072852
2271.5,2.271500000000003,7.945857315072864
2272.0,2.2719999999999985,7.943547483896047
2272.5,2.272500000000001,7.946047483896059
2273.0,2.2730000000000032,7.948547483896071
2273.5,2.2734999999999985,7.946353901897254
2274.0,2.274000000000001,7.948853901897266
2274.5,2.2745000000000033,7.951353901897278
2275.0,2.2749999999999986,7.949273619766188
2275.5,2.275500000000001,7.9517736197662
2276.0,2.2760000000000034,7.954273619766212
2276.5,2.2764999999999986,7.952293352284272
2277.0,2.277000000000001,7.954793352284284
2277.5,2.2774999999999963,7.95729335228426
2278.0,2.2779999999999987,7.955397345997817
2278.5,2.278500000000001,7.957897345997829
2279.0,2.2790000000000035,7.9603973459978405
2279.5,2.2794999999999987,7.9585588148743724
2280.0,2.280000000000001,7.961058814874384
2280.5,2.2804999999999964,7.963558814874361
2281.0,2.280999999999999,7.961745086917347
2281.5,2.281500000000001,7.964245086917359
2282.0,2.2820000000000036,7.966745086917371
2282.5,2.282499999999999,7.964928923210159
2283.0,2.2830000000000013,7.967428923210171
2283.5,2.2834999999999965,7.969928923210148
2284.0,2.283999999999999,7.968070166957801
2284.5,2.2845000000000013,7.970570166957813
2285.0,2.2850000000000037,7.973070166957825
2285.5,2.285499999999999,7.971120802778948
2286.0,2.2860000000000014,7.97362080277896
2286.5,2.2864999999999966,7.9761208027789365
2287.0,2.286999999999999,7.974039525681711
2287.5,2.2875000000000014,7.976539525681723
2288.0,2.288000000000004,7.979039525681735
2288.5,2.288499999999999,7.976786163162721
2289.0,2.2890000000000015,7.979286163162733
2289.5,2.2894999999999968,7.98178616316271
2290.0,2.289999999999999,7.979325900018779
2290.5,2.2905000000000015,7.981825900018791
2291.0,2.290999999999997,7.984325900018767
2291.5,2.291499999999999,7.981633383737403
2292.0,2.2920000000000016,7.984133383737415
2292.5,2.292499999999997,7.9866333837373915
2293.0,2.2929999999999993,7.983723304520893
2293.5,2.2935000000000016,7.986223304520905
2294.0,2.293999999999997,7.988723304520882
2294.5,2.2944999999999993,7.9856287801836245
2295.0,2.2950000000000017,7.9881287801836365
2295.5,2.295499999999997,7.990628780183613
2296.0,2.2959999999999994,7.987387483490984
2296.5,2.2965000000000018,7.989887483490996
2297.0,2.296999999999997,7.9923874834909725
2297.5,2.2974999999999994,7.989045429656549
2298.0,2.298000000000002,7.991545429656561
2298.5,2.298499999999997,7.994045429656538
2299.0,2.2989999999999995,7.99062454571466
2299.5,2.299500000000002,7.993124545714672
2300.0,2.299999999999997,7.995624545714648
2300.5,2.3004999999999995,7.992131744941489
2301.0,2.301000000000002,7.9946317449415005
2301.5,2.301499999999997,7.997131744941477
2302.0,2.3019999999999996,7.993583205798593
2302.5,2.302500000000002,7.996083205798605
2303.0,2.3029999999999973,7.998583205798582
2303.5,2.3034999999999997,7.994999055733807
2304.0,2.304000000000002,7.997499055733819
2304.5,2.3044999999999973,7.999999055733795
2305.0,2.3049999999999997,7.99642367424962
2305.5,2.305500000000002,7.998923674249632
2306.0,2.3059999999999974,8.001423674249608
2306.5,2.3064999999999998,7.997884645564142
2307.0,2.307000000000002,8.000384645564154
2307.5,2.3074999999999974,8.00288464556413
2308.0,2.308,7.999409429421469
2308.5,2.308500000000002,8.001909429421481
2309.0,2.3089999999999975,8.004409429421457
2309.5,2.3095,8.001009096090463
2310.0,2.3100000000000023,8.003509096090475
2310.5,2.3104999999999976,8.006009096090452
2311.0,2.311,8.002686446420881
2311.5,2.3115000000000023,8.005186446420893
2312.0,2.3119999999999976,8.00768644642087
2312.5,2.3125,8.00443124443877
2313.0,2.3130000000000024,8.006931244438782
2313.5,2.3134999999999977,8.009431244438758
2314.0,2.314,8.00621667903929
2314.5,2.3145000000000024,8.008716679039303
2315.0,2.3149999999999977,8.01121667903928
2315.5,2.3155,8.007984876574099
2316.0,2.3160000000000025,8.010484876574111
2316.5,2.316499999999998,8.012984876574087
2317.0,2.317,8.009696588820141
2317.5,2.3175000000000026,8.012196588820153
2318.0,2.317999999999998,8.01469658882013
2318.5,2.3185000000000002,8.011315157882315
2319.0,2.3190000000000026,8.013815157882327
2319.5,2.319499999999998,8.016315157882303
2320.0,2.3200000000000003,8.012820217366752
2320.5,2.3205000000000027,8.015320217366764
2321.0,2.320999999999998,8.01782021736674
2321.5,2.3215000000000003,8.014189120210915
2322.0,2.3220000000000027,8.016689120210927
2322.5,2.322499999999998,8.019189120210903
2323.0,2.3230000000000004,8.015417800449924
2323.5,2.323500000000003,8.017917800449936
2324.0,2.323999999999998,8.020417800449913
2324.5,2.3245000000000005,8.016526960515051
2325.0,2.325000000000003,8.019026960515063
2325.5,2.325499999999998,8.02152696051504
2326.0,2.3260000000000005,8.017557806240099
2326.5,2.326500000000003,8.02005780624011
2327.0,2.326999999999998,8.022557806240087
2327.5,2.3275000000000006,8.01850790245556
2328.0,2.328000000000003,8.021007902455572
2328.5,2.3284999999999982,8.023507902455549
2329.0,2.3290000000000006,8.019378156503194
2329.5,2.329500000000003,8.021878156503206
2330.0,2.3299999999999983,8.024378156503182
2330.5,2.3305000000000007,8.020178214183318
2331.0,2.331000000000003,8.02267821418333
2331.5,2.3314999999999984,8.025178214183306
2332.0,2.3320000000000007,8.020937545982925
2332.5,2.332500000000003,8.023437545982937
2333.0,2.3329999999999984,8.025937545982913
2333.5,2.333500000000001,8.021689279318664
2334.0,2.334000000000003,8.024189279318676
2334.5,2.3344999999999985,8.026689279318653
2335.0,2.335000000000001,8.022478812540683
2335.5,2.3355000000000032,8.024978812540695
2336.0,2.3359999999999985,8.027478812540672
2336.5,2.336500000000001,8.023345887747162
2337.0,2.3370000000000033,8.025845887747174
2337.5,2.3374999999999986,8.02834588774715
2338.0,2.338000000000001,8.024337585993102
2338.5,2.3385000000000034,8.026837585993114
2339.0,2.3389999999999986,8.02933758599309
2339.5,2.339500000000001,8.025483234778612
2340.0,2.3399999999999963,8.027983234778588
2340.5,2.3404999999999987,8.0304832347786
2341.0,2.341000000000001,8.032983234778612
2341.5,2.3415000000000035,8.029285486335738
2342.0,2.3419999999999987,8.031785486335714
2342.5,2.342500000000001,8.034285486335726
2343.0,2.3429999999999964,8.030758256113764
2343.5,2.343499999999999,8.033258256113776
2344.0,2.344000000000001,8.035758256113787
2344.5,2.3445000000000036,8.032401635511093
2345.0,2.344999999999999,8.03490163551107
2345.5,2.3455000000000013,8.037401635511081
2346.0,2.3459999999999965,8.034206697335655
2346.5,2.346499999999999,8.036706697335667
2347.0,2.3470000000000013,8.039206697335679
2347.5,2.3475000000000037,8.03615435915109
2348.0,2.347999999999999,8.038654359151067
2348.5,2.3485000000000014,8.04115435915108
2349.0,2.3489999999999966,8.038223535258453
2349.5,2.349499999999999,8.040723535258465
2350.0,2.3500000000000014,8.043223535258477
2350.5,2.350500000000004,8.040381322415797
2351.0,2.350999999999999,8.042881322415774
2351.5,2.3515000000000015,8.045381322415786
2352.0,2.3519999999999968,8.042626676162108
2352.5,2.352499999999999,8.04512667616212
2353.0,2.3530000000000015,8.047626676162132
2353.5,2.353499999999997,8.044951291713254
2354.0,2.353999999999999,8.047451291713266
2354.5,2.3545000000000016,8.049951291713278
2355.0,2.354999999999997,8.047352902030731
2355.5,2.3554999999999993,8.049852902030743
2356.0,2.3560000000000016,8.052352902030755
2356.5,2.356499999999997,8.049806594059774
2357.0,2.3569999999999993,8.052306594059786
2357.5,2.3575000000000017,8.054806594059798
2358.0,2.357999999999997,8.052276648725432
2358.5,2.3584999999999994,8.054776648725444
2359.0,2.3590000000000018,8.057276648725455
2359.5,2.359499999999997,8.054697377404416
2360.0,2.3599999999999994,8.057197377404428
2360.5,2.360500000000002,8.05969737740444
2361.0,2.360999999999997,8.057048915520717
2361.5,2.3614999999999995,8.059548915520729
2362.0,2.362000000000002,8.06204891552074
2362.5,2.362499999999997,8.059323596944203
2363.0,2.3629999999999995,8.061823596944215
2363.5,2.363500000000002,8.064323596944227
2364.0,2.363999999999997,8.061538201767888
2364.5,2.3644999999999996,8.0640382017679
2365.0,2.365000000000002,8.066538201767912
2365.5,2.3654999999999973,8.063716055501438
2366.0,2.3659999999999997,8.06621605550145
2366.5,2.366500000000002,8.068716055501461
2367.0,2.3669999999999973,8.065884413279605
2367.5,2.3674999999999997,8.068384413279617
2368.0,2.368000000000002,8.070884413279629
2368.5,2.3684999999999974,8.06805334179888
2369.0,2.3689999999999998,8.070553341798892
2369.5,2.369500000000002,8.073053341798904
2370.0,2.3699999999999974,8.070236102051638
2370.5,2.3705,8.07273610205165
2371.0,2.371000000000002,8.075236102051662
2371.5,2.3714999999999975,8.072433396742511
2372.0,2.372,8.074933396742523
2372.5,2.3725000000000023,8.077433396742535
2373.0,2.3729999999999976,8.074630452091682
2373.5,2.3735,8.077130452091694
2374.0,2.3740000000000023,8.079630452091706
2374.5,2.3744999999999976,8.076809451691993
2375.0,2.375,8.079309451692005
2375.5,2.3755000000000024,8.081809451692017
2376.0,2.3759999999999977,8.078985824564882
2376.5,2.3765,8.081485824564894
2377.0,2.3770000000000024,8.083985824564905
2377.5,2.3774999999999977,8.081176612561976
2378.0,2.378,8.083676612561987
2378.5,2.3785000000000025,8.086176612562
2379.0,2.378999999999998,8.08338224031278
2379.5,2.3795,8.085882240312792
2380.0,2.3800000000000026,8.088382240312804
2380.5,2.380499999999998,8.085625676908812
2381.0,2.3810000000000002,8.088125676908824
2381.5,2.3815000000000026,8.090625676908836
2382.0,2.381999999999998,8.087944245789771
2382.5,2.3825000000000003,8.090444245789783
2383.0,2.3830000000000027,8.092944245789795
2383.5,2.383499999999998,8.090346386192842
2384.0,2.3840000000000003,8.092846386192853
2384.5,2.3845000000000027,8.095346386192865
2385.0,2.384999999999998,8.092822548967895
2385.5,2.3855000000000004,8.095322548967907
2386.0,2.386000000000003,8.097822548967919
2386.5,2.386499999999998,8.09535200679349
2387.0,2.3870000000000005,8.097852006793502
2387.5,2.387500000000003,8.100352006793514
2388.0,2.387999999999998,8.09791099070381
2388.5,2.3885000000000005,8.100410990703821
2389.0,2.389000000000003,8.102910990703833
2389.5,2.389499999999998,8.100454730255748
2390.0,2.3900000000000006,8.10295473025576
2390.5,2.390500000000003,8.105454730255772
2391.0,2.3909999999999982,8.10294660790646
2391.5,2.3915000000000006,8.105446607906472
2392.0,2.392000000000003,8.107946607906484
2392.5,2.3924999999999983,8.105372129208277
2393.0,2.3930000000000007,8.107872129208289
2393.5,2.393500000000003,8.1103721292083
2394.0,2.3939999999999984,8.107691318561727
2394.5,2.3945000000000007,8.11019131856174
2395.0,2.395000000000003,8.112691318561751
2395.5,2.3954999999999984,8.109889846106206
2396.0,2.396000000000001,8.112389846106218
2396.5,2.396500000000003,8.11488984610623
2397.0,2.3969999999999985,8.111982712671626
2397.5,2.397500000000001,8.114482712671638
2398.0,2.3980000000000032,8.11698271267165
2398.5,2.3984999999999985,8.113978017865193
2399.0,2.399000000000001,8.116478017865205
2399.5,2.3995000000000033,8.118978017865217
2400.0,2.3999999999999986,8.115893032655528
2400.5,2.400500000000001,8.11839303265554
2401.0,2.4010000000000034,8.120893032655552
2401.5,2.4014999999999986,8.11774866623928
2402.0,2.402000000000001,8.120248666239291
2402.5,2.4024999999999963,8.122748666239268
2403.0,2.4029999999999987,8.119553801162311
2403.5,2.403500000000001,8.122053801162323
2404.0,2.4040000000000035,8.124553801162335
2404.5,2.4044999999999987,8.121329935841608
2405.0,2.405000000000001,8.12382993584162
2405.5,2.4054999999999964,8.126329935841596
2406.0,2.405999999999999,8.123094542914906
2406.5,2.406500000000001,8.125594542914918
2407.0,2.4070000000000036,8.12809454291493
2407.5,2.407499999999999,8.12487444600162
2408.0,2.4080000000000013,8.127374446001632
2408.5,2.4084999999999965,8.129874446001608
2409.0,2.408999999999999,8.126725979288167
2409.5,2.4095000000000013,8.12922597928818
2410.0,2.4100000000000037,8.131725979288191
2410.5,2.410499999999999,8.128670888362386
2411.0,2.4110000000000014,8.131170888362398
2411.5,2.4114999999999966,8.133670888362374
2412.0,2.411999999999999,8.130726423671462
2412.5,2.4125000000000014,8.133226423671474
2413.0,2.413000000000004,8.135726423671485
2413.5,2.413499999999999,8.132906583844317
2414.0,2.4140000000000015,8.135406583844329
2414.5,2.4144999999999968,8.137906583844305
2415.0,2.414999999999999,8.135200074861544
2415.5,2.4155000000000015,8.137700074861556
2416.0,2.415999999999997,8.140200074861532
2416.5,2.416499999999999,8.142700074861544
2417.0,2.4170000000000016,8.140082239797941
2417.5,2.417499999999997,8.142582239797918
2418.0,2.4179999999999993,8.14508223979793
2418.5,2.4185000000000016,8.142551671431022
2419.0,2.418999999999997,8.145051671430998
2419.5,2.4194999999999993,8.14755167143101
2420.0,2.4200000000000017,8.145103382778984
2420.5,2.420499999999997,8.14760338277896
2421.0,2.4209999999999994,8.150103382778973
2421.5,2.4215000000000018,8.147727648903249
2422.0,2.421999999999997,8.150227648903225
2422.5,2.4224999999999994,8.152727648903237
2423.0,2.423000000000002,8.150425075088705
2423.5,2.423499999999997,8.152925075088682
2424.0,2.4239999999999995,8.155425075088694
2424.5,2.424500000000002,8.153174025907823
2425.0,2.424999999999997,8.1556740259078
2425.5,2.4254999999999995,8.158174025907812
2426.0,2.426000000000002,8.15591506608417
2426.5,2.426499999999997,8.158415066084146
2427.0,2.4269999999999996,8.160915066084158
2427.5,2.427500000000002,8.158614002177842
2428.0,2.4279999999999973,8.161114002177818
2428.5,2.4284999999999997,8.16361400217783
2429.0,2.429000000000002,8.161215921787246
2429.5,2.4294999999999973,8.163715921787222
2430.0,2.4299999999999997,8.166215921787234
2430.5,2.430500000000002,8.16369533020918
2431.0,2.4309999999999974,8.166195330209156
2431.5,2.4314999999999998,8.168695330209168
2432.0,2.432000000000002,8.166025908339591
2432.5,2.4324999999999974,8.168525908339568
2433.0,2.433,8.17102590833958
2433.5,2.433500000000002,8.168213800131987
2434.0,2.4339999999999975,8.170713800131963
2434.5,2.4345,8.173213800131975
2435.0,2.4350000000000023,8.170281171941696
2435.5,2.4354999999999976,8.172781171941672
2436.0,2.436,8.175281171941684
2436.5,2.4365000000000023,8.172272033646557
2437.0,2.4369999999999976,8.174772033646533
2437.5,2.4375,8.177272033646545
2438.0,2.4380000000000024,8.174227679127135
2438.5,2.4384999999999977,8.176727679127112
2439.0,2.439,8.179227679127123
2439.5,2.4395000000000024,8.176186787685005
2440.0,2.4399999999999977,8.178686787684981
2440.5,2.4405,8.181186787684993
2441.0,2.4410000000000025,8.178168052148322
2441.5,2.441499999999998,8.180668052148299
2442.0,2.442,8.18316805214831
2442.5,2.4425000000000026,8.180188343010322
2443.0,2.442999999999998,8.182688343010298
2443.5,2.4435000000000002,8.18518834301031
2444.0,2.4440000000000026,8.182239415898849
2444.5,2.444499999999998,8.184739415898825
2445.0,2.4450000000000003,8.187239415898837
2445.5,2.4455000000000027,8.18429328709545
2446.0,2.445999999999998,8.186793287095426
2446.5,2.4465000000000003,8.189293287095438
2447.0,2.4470000000000027,8.186361782250948
2447.5,2.447499999999998,8.188861782250925
2448.0,2.4480000000000004,8.191361782250937
2448.5,2.448500000000003,8.18844065424873
2449.0,2.448999999999998,8.190940654248706
2449.5,2.4495000000000005,8.193440654248718
2450.0,2.450000000000003,8.19050254194444
2450.5,2.450499999999998,8.193002541944416
2451.0,2.4510000000000005,8.195502541944428
2451.5,2.451500000000003,8.192556628544772
2452.0,2.451999999999998,8.195056628544748
2452.5,2.4525000000000006,8.19755662854476
2453.0,2.453000000000003,8.194597192378446
2453.5,2.4534999999999982,8.197097192378422
2454.0,2.4540000000000006,8.199597192378434
2454.5,2.454500000000003,8.196624876060845
2455.0,2.4549999999999983,8.199124876060822
2455.5,2.4555000000000007,8.201624876060833
2456.0,2.456000000000003,8.1986259766607
2456.5,2.4564999999999984,8.201125976660677
2457.0,2.4570000000000007,8.203625976660689
2457.5,2.457500000000003,8.200574256080344
2458.0,2.4579999999999984,8.20307425608032
2458.5,2.458500000000001,8.205574256080332
2459.0,2.459000000000003,8.202434953024351
2459.5,2.4594999999999985,8.204934953024328
2460.0,2.460000000000001,8.20743495302434
2460.5,2.4605000000000032,8.204167008245129
2461.0,2.4609999999999985,8.206667008245105
2461.5,2.461500000000001,8.209167008245117
2462.0,2.4620000000000033,8.20574569233301
2462.5,2.4624999999999986,8.208245692332987
2463.0,2.463000000000001,8.210745692333
2463.5,2.4635000000000034,8.207170454336463
2464.0,2.4639999999999986,8.20967045433644
2464.5,2.464500000000001,8.212170454336452
2465.0,2.4649999999999963,8.20846214354102
2465.5,2.4654999999999987,8.210962143541032
2466.0,2.466000000000001,8.213462143541044
2466.5,2.4665000000000035,8.209623678218634
2467.0,2.4669999999999987,8.21212367821861
2467.5,2.467500000000001,8.214623678218622
2468.0,2.4679999999999964,8.210682645958904
2468.5,2.468499999999999,8.213182645958916
2469.0,2.469000000000001,8.215682645958928
2469.5,2.4695000000000036,8.211661278407156
2470.0,2.469999999999999,8.214161278407133
2470.5,2.4705000000000013,8.216661278407145
2471.0,2.4709999999999965,8.212585223335047
2471.5,2.471499999999999,8.215085223335059
2472.0,2.4720000000000013,8.217585223335071
2472.5,2.4725000000000037,8.213460384715248
2473.0,2.472999999999999,8.215960384715224
2473.5,2.4735000000000014,8.218460384715236
2474.0,2.4739999999999966,8.214297957793661
2474.5,2.474499999999999,8.216797957793673
2475.0,2.4750000000000014,8.219297957793685
2475.5,2.475500000000004,8.21510239393973
2476.0,2.475999999999999,8.217602393939707
2476.5,2.4765000000000015,8.220102393939719
2477.0,2.4769999999999968,8.21589289934714
2477.5,2.477499999999999,8.218392899347151
2478.0,2.4780000000000015,8.220892899347163
2478.5,2.478499999999997,8.216684190870005
2479.0,2.478999999999999,8.219184190870017
2479.5,2.4795000000000016,8.221684190870029
2480.0,2.479999999999997,8.217488808504392
2480.5,2.4804999999999993,8.219988808504404
2481.0,2.4810000000000016,8.222488808504416
2481.5,2.481499999999997,8.218321267493565
2482.0,2.4819999999999993,8.220821267493577
2482.5,2.4825000000000017,8.223321267493588
2483.0,2.482999999999997,8.219193691627105
2483.5,2.4834999999999994,8.221693691627117
2484.0,2.4840000000000018,8.224193691627129
2484.5,2.484499999999997,8.220123927480643
2485.0,2.4849999999999994,8.222623927480655
2485.5,2.485500000000002,8.225123927480666
2486.0,2.485999999999997,8.221104077401904
2486.5,2.4864999999999995,8.223604077401916
2487.0,2.487000000000002,8.226104077401928
2487.5,2.487499999999997,8.222133483431122
2488.0,2.4879999999999995,8.224633483431134
2488.5,2.488500000000002,8.227133483431146
2489.0,2.488999999999997,8.22324977419747
2489.5,2.4894999999999996,8.225749774197482
2490.0,2.490000000000002,8.228249774197494
2490.5,2.4904999999999973,8.224435287157874
2491.0,2.4909999999999997,8.226935287157886
2491.5,2.491500000000002,8.229435287157898
2492.0,2.4919999999999973,8.231935287157874
2492.5,2.4924999999999997,8.228192365381268
2493.0,2.493000000000002,8.23069236538128
2493.5,2.4934999999999974,8.233192365381257
2494.0,2.4939999999999998,8.229540316426878
2494.5,2.494500000000002,8.23204031642689
2495.0,2.4949999999999974,8.234540316426866
2495.5,2.4955,8.23098251379708
2496.0,2.496000000000002,8.233482513797092
2496.5,2.4964999999999975,8.235982513797069
2497.0,2.497,8.232554223907762
2497.5,2.4975000000000023,8.235054223907774
2498.0,2.4979999999999976,8.23755422390775
2498.5,2.4985,8.234252676239713
2499.0,2.4990000000000023,8.236752676239725
2499.5,2.4994999999999976,8.239252676239701
2500.0,2.5,8.236081960756323
2500.5,2.5005000000000024,8.238581960756335
2501.0,2.5009999999999977,8.241081960756311
2501.5,2.5015,8.238028284457855
2502.0,2.5020000000000024,8.240528284457866
2502.5,2.5024999999999977,8.243028284457843
2503.0,2.503,8.240037896917265
2503.5,2.5035000000000025,8.242537896917277
2504.0,2.503999999999998,8.245037896917253
2504.5,2.5045,8.242093740809544
2505.0,2.5050000000000026,8.244593740809556
2505.5,2.505499999999998,8.247093740809532
2506.0,2.5060000000000002,8.244187138312569
2506.5,2.5065000000000026,8.24668713831258
2507.0,2.506999999999998,8.249187138312557
2507.5,2.5075000000000003,8.246282113405314
2508.0,2.5080000000000027,8.248782113405326
2508.5,2.508499999999998,8.251282113405303
2509.0,2.5090000000000003,8.248348005534751
2509.5,2.5095000000000027,8.250848005534763
2510.0,2.509999999999998,8.25334800553474
2510.5,2.5105000000000004,8.25036148354478
2511.0,2.511000000000003,8.252861483544791
2511.5,2.511499999999998,8.255361483544768
2512.0,2.5120000000000005,8.252324841353058
2512.5,2.512500000000003,8.25482484135307
2513.0,2.512999999999998,8.257324841353046
2513.5,2.5135000000000005,8.254232508084058
2514.0,2.514000000000003,8.25673250808407
2514.5,2.514499999999998,8.259232508084047
2515.0,2.5150000000000006,8.256075220577621
2515.5,2.515500000000003,8.258575220577633
2516.0,2.5159999999999982,8.26107522057761
2516.5,2.5165000000000006,8.257855089247883
2517.0,2.517000000000003,8.260355089247895
2517.5,2.5174999999999983,8.262855089247871
2518.0,2.5180000000000007,8.25958636223696
2518.5,2.518500000000003,8.262086362236971
2519.0,2.5189999999999984,8.264586362236948
2519.5,2.5195000000000007,8.261288485829219
2520.0,2.520000000000003,8.263788485829231
2520.5,2.5204999999999984,8.266288485829207
2521.0,2.521000000000001,8.262999268069962
2521.5,2.521500000000003,8.265499268069973
2522.0,2.5219999999999985,8.26799926806995
2522.5,2.522500000000001,8.264751624483502
2523.0,2.5230000000000032,8.267251624483514
2523.5,2.5234999999999985,8.26975162448349
2524.0,2.524000000000001,8.266582010801855
2524.5,2.5245000000000033,8.269082010801867
2525.0,2.5249999999999986,8.271582010801843
2525.5,2.525500000000001,8.268519556639262
2526.0,2.5260000000000034,8.271019556639274
2526.5,2.5264999999999986,8.27351955663925
2527.0,2.527000000000001,8.27056530055529
2527.5,2.5274999999999963,8.273065300555267
2528.0,2.5279999999999987,8.275565300555279
2528.5,2.528500000000001,8.272693500443005
2529.0,2.5290000000000035,8.275193500443017
2529.5,2.5294999999999987,8.277693500442993
2530.0,2.530000000000001,8.274893957489162
2530.5,2.5304999999999964,8.277393957489139
2531.0,2.530999999999999,8.27989395748915
2531.5,2.531500000000001,8.277151179172932
2532.0,2.5320000000000036,8.279651179172944
2532.5,2.532499999999999,8.28215117917292
2533.0,2.5330000000000013,8.279455793524377
2533.5,2.5334999999999965,8.281955793524354
2534.0,2.533999999999999,8.284455793524366
2534.5,2.5345000000000013,8.281820361395162
2535.0,2.5350000000000037,8.284320361395174
2535.5,2.535499999999999,8.28682036139515
2536.0,2.5360000000000014,8.284257963493431
2536.5,2.5364999999999966,8.286757963493407
2537.0,2.536999999999999,8.28925796349342
2537.5,2.5375000000000014,8.286791216118239
2538.0,2.538000000000004,8.28929121611825
2538.5,2.538499999999999,8.291791216118227
2539.0,2.5390000000000015,8.289403504930988
2539.5,2.5394999999999968,8.291903504930964
2540.0,2.539999999999999,8.294403504930976
2540.5,2.5405000000000015,8.292075608888752
2541.0,2.540999999999997,8.294575608888728
2541.5,2.541499999999999,8.29707560888874
2542.0,2.5420000000000016,8.294760052560726
2542.5,2.542499999999997,8.297260052560702
2543.0,2.5429999999999993,8.299760052560714
2543.5,2.5435000000000016,8.297402451978364
2544.0,2.543999999999997,8.29990245197834
2544.5,2.5444999999999993,8.302402451978352
2545.0,2.5450000000000017,8.299963470470004
2545.5,2.545499999999997,8.30246347046998
2546.0,2.5459999999999994,8.304963470469993
2546.5,2.5465000000000018,8.302392344630185
2547.0,2.546999999999997,8.304892344630161
2547.5,2.5474999999999994,8.307392344630173
2548.0,2.548000000000002,8.304661795709656
2548.5,2.548499999999997,8.307161795709632
2549.0,2.5489999999999995,8.309661795709644
2549.5,2.549500000000002,8.30676929770572
2550.0,2.549999999999997,8.309269297705697
2550.5,2.5504999999999995,8.311769297705709
2551.0,2.551000000000002,8.308749359819103
2551.5,2.551499999999997,8.31124935981908
2552.0,2.5519999999999996,8.313749359819091
2552.5,2.552500000000002,8.310623880519934
2553.0,2.5529999999999973,8.31312388051991
2553.5,2.5534999999999997,8.315623880519922
2554.0,2.554000000000002,8.312420105490368
2554.5,2.5544999999999973,8.314920105490344
2555.0,2.5549999999999997,8.317420105490356
2555.5,2.555500000000002,8.314165448435453
2556.0,2.5559999999999974,8.31666544843543
2556.5,2.5564999999999998,8.319165448435442
2557.0,2.557000000000002,8.315876366750494
2557.5,2.5574999999999974,8.31837636675047
2558.0,2.558,8.320876366750483
2558.5,2.558500000000002,8.31756712276185
2559.0,2.5589999999999975,8.320067122761827
2559.5,2.5595,8.32256712276184
2560.0,2.5600000000000023,8.319258707276198
2560.5,2.5604999999999976,8.321758707276175
2561.0,2.561,8.324258707276186
2561.5,2.5615000000000023,8.320967031698387
2562.0,2.5619999999999976,8.323467031698364
2562.5,2.5625,8.325967031698376
2563.0,2.5630000000000024,8.322702164077427
2563.5,2.5634999999999977,8.325202164077403
2564.0,2.564,8.327702164077415
2564.5,2.5645000000000024,8.324469863585087
2565.0,2.5649999999999977,8.326969863585063
2565.5,2.5655,8.329469863585075
2566.0,2.5660000000000025,8.326290892596013
2566.5,2.566499999999998,8.32879089259599
2567.0,2.567,8.331290892596002
2567.5,2.5675000000000026,8.333790892596014
2568.0,2.567999999999998,8.330660740774576
2568.5,2.5685000000000002,8.333160740774588
2569.0,2.5690000000000026,8.3356607407746
2569.5,2.569499999999998,8.332563712742456
2570.0,2.5700000000000003,8.335063712742468
2570.5,2.5705000000000027,8.33756371274248
2571.0,2.570999999999998,8.33449825867742
2571.5,2.5715000000000003,8.336998258677433
2572.0,2.5720000000000027,8.339498258677445
2572.5,2.572499999999998,8.33646323925592
2573.0,2.5730000000000004,8.338963239255932
2573.5,2.573500000000003,8.341463239255944
2574.0,2.573999999999998,8.33843068410264
2574.5,2.5745000000000005,8.340930684102652
2575.0,2.575000000000003,8.343430684102664
2575.5,2.575499999999998,8.340377582536327
2576.0,2.5760000000000005,8.342877582536339
2576.5,2.576500000000003,8.34537758253635
2577.0,2.576999999999998,8.342264883417343
2577.5,2.5775000000000006,8.344764883417355
2578.0,2.578000000000003,8.347264883417367
2578.5,2.5784999999999982,8.344064811428993
2579.0,2.5790000000000006,8.346564811429005
2579.5,2.579500000000003,8.349064811429017
2580.0,2.5799999999999983,8.34573108655448
2580.5,2.5805000000000007,8.348231086554492
2581.0,2.581000000000003,8.350731086554504
2581.5,2.5814999999999984,8.347238314097183
2582.0,2.5820000000000007,8.349738314097195
2582.5,2.582500000000003,8.352238314097207
2583.0,2.5829999999999984,8.348580962049006
2583.5,2.583500000000001,8.351080962049018
2584.0,2.584000000000003,8.35358096204903
2584.5,2.5844999999999985,8.349746481320572
2585.0,2.585000000000001,8.352246481320584
2585.5,2.5855000000000032,8.354746481320596
2586.0,2.5859999999999985,8.350734841636296
2586.5,2.586500000000001,8.353234841636308
2587.0,2.5870000000000033,8.35573484163632
2587.5,2.5874999999999986,8.351543393169756
2588.0,2.588000000000001,8.354043393169768
2588.5,2.5885000000000034,8.35654339316978
2589.0,2.5889999999999986,8.352203634778377
2589.5,2.589500000000001,8.354703634778389
2590.0,2.5899999999999963,8.357203634778365
2590.5,2.5904999999999987,8.352745494104425
2591.0,2.591000000000001,8.355245494104437
2591.5,2.5915000000000035,8.35774549410445
2592.0,2.5919999999999987,8.35321961406688
2592.5,2.592500000000001,8.355719614066892
2593.0,2.5929999999999964,8.358219614066869
2593.5,2.593499999999999,8.353685125579915
2594.0,2.594000000000001,8.356185125579927
2594.5,2.5945000000000036,8.358685125579939
2595.0,2.594999999999999,8.354198020070775
2595.5,2.5955000000000013,8.356698020070787
2596.0,2.5959999999999965,8.359198020070764
2596.5,2.596499999999999,8.354820641707015
2597.0,2.5970000000000013,8.357320641707027
2597.5,2.5975000000000037,8.359820641707039
2598.0,2.597999999999999,8.355576045992876
2598.5,2.5985000000000014,8.358076045992888
2599.0,2.5989999999999966,8.360576045992865
2599.5,2.599499999999999,8.35648960789829
2600.0,2.6000000000000014,8.358989607898302
2600.5,2.600500000000004,8.361489607898314
2601.0,2.600999999999999,8.357548647189326
2601.5,2.6015000000000015,8.360048647189338
2602.0,2.6019999999999968,8.362548647189314
2602.5,2.602499999999999,8.358718873096649
2603.0,2.6030000000000015,8.36121887309666
2603.5,2.603499999999997,8.363718873096637
2604.0,2.603999999999999,8.359989784079254
2604.5,2.6045000000000016,8.362489784079266
2605.0,2.604999999999997,8.364989784079242
2605.5,2.6054999999999993,8.361355962443966
2606.0,2.6060000000000016,8.363855962443978
2606.5,2.606499999999997,8.366355962443954
2607.0,2.6069999999999993,8.362820338694306
2607.5,2.6075000000000017,8.365320338694318
2608.0,2.607999999999997,8.367820338694294
2608.5,2.6084999999999994,8.36438778241984
2609.0,2.6090000000000018,8.366887782419852
2609.5,2.609499999999997,8.369387782419828
2610.0,2.6099999999999994,8.36608094775265
2610.5,2.610500000000002,8.368580947752662
2611.0,2.610999999999997,8.371080947752638
2611.5,2.6114999999999995,8.367900835881876
2612.0,2.612000000000002,8.370400835881888
2612.5,2.612499999999997,8.372900835881865
2613.0,2.6129999999999995,8.369794868763911
2613.5,2.613500000000002,8.372294868763923
2614.0,2.613999999999997,8.3747948687639
2614.5,2.6144999999999996,8.371699651409372
2615.0,2.615000000000002,8.374199651409384
2615.5,2.6154999999999973,8.37669965140936
2616.0,2.6159999999999997,8.373573313783638
2616.5,2.616500000000002,8.37607331378365
2617.0,2.6169999999999973,8.378573313783626
2617.5,2.6174999999999997,8.375361049869916
2618.0,2.618000000000002,8.377861049869928
2618.5,2.6184999999999974,8.380361049869904
2619.0,2.6189999999999998,8.377020317908084
2619.5,2.619500000000002,8.379520317908096
2620.0,2.6199999999999974,8.382020317908072
2620.5,2.6205,8.378532282683473
2621.0,2.621000000000002,8.381032282683485
2621.5,2.6214999999999975,8.383532282683461
2622.0,2.622,8.379917835421367
2622.5,2.6225000000000023,8.382417835421379
2623.0,2.6229999999999976,8.384917835421355
2623.5,2.6235,8.38122711873929
2624.0,2.6240000000000023,8.383727118739301
2624.5,2.6244999999999976,8.386227118739278
2625.0,2.625,8.38249742770845
2625.5,2.6255000000000024,8.384997427708463
2626.0,2.6259999999999977,8.387497427708439
2626.5,2.6265,8.383782064733794
2627.0,2.6270000000000024,8.386282064733805
2627.5,2.6274999999999977,8.388782064733782
2628.0,2.628,8.385148223814305
2628.5,2.6285000000000025,8.387648223814317
2629.0,2.628999999999998,8.390148223814293
2629.5,2.6295,8.386644886663781
2630.0,2.6300000000000026,8.389144886663793
2630.5,2.630499999999998,8.39164488666377
2631.0,2.6310000000000002,8.388305516701813
2631.5,2.6315000000000026,8.390805516701825
2632.0,2.631999999999998,8.393305516701801
2632.5,2.6325000000000003,8.390142070014015
2633.0,2.6330000000000027,8.392642070014027
2633.5,2.633499999999998,8.395142070014003
2634.0,2.6340000000000003,8.392159002457014
2634.5,2.6345000000000027,8.394659002457026
2635.0,2.634999999999998,8.397159002457002
2635.5,2.6355000000000004,8.394349388096458
2636.0,2.636000000000003,8.39684938809647
2636.5,2.636499999999998,8.399349388096446
2637.0,2.6370000000000005,8.396709991304583
2637.5,2.637500000000003,8.399209991304595
2638.0,2.637999999999998,8.401709991304571
2638.5,2.6385000000000005,8.399237877905072
2639.0,2.639000000000003,8.401737877905084
2639.5,2.639499999999998,8.40423787790506
2640.0,2.6400000000000006,8.401908643534384
2640.5,2.640500000000003,8.404408643534396
2641.0,2.6409999999999982,8.406908643534372
2641.5,2.6415000000000006,8.404670595833075
2642.0,2.642000000000003,8.407170595833087
2642.5,2.6424999999999983,8.409670595833063
2643.0,2.6430000000000007,8.412170595833075
2643.5,2.643500000000003,8.409987554175622
2644.0,2.6439999999999984,8.412487554175598
2644.5,2.6445000000000007,8.41498755417561
2645.0,2.645000000000003,8.412800804644363
2645.5,2.6454999999999984,8.415300804644339
2646.0,2.646000000000001,8.41780080464435
2646.5,2.646500000000003,8.415573669968417
2647.0,2.6469999999999985,8.418073669968393
2647.5,2.647500000000001,8.420573669968405
2648.0,2.6480000000000032,8.418275694628292
2648.5,2.6484999999999985,8.420775694628269
2649.0,2.649000000000001,8.42327569462828
2649.5,2.6495000000000033,8.420858489735608
2650.0,2.6499999999999986,8.423358489735584
2650.5,2.650500000000001,8.425858489735596
2651.0,2.6510000000000034,8.423282218070085
2651.5,2.6514999999999986,8.425782218070061
2652.0,2.652000000000001,8.428282218070073
2652.5,2.6524999999999963,8.425489813847626
2653.0,2.6529999999999987,8.427989813847638
2653.5,2.653500000000001,8.43048981384765
2654.0,2.6540000000000035,8.427448652175862
2654.5,2.6544999999999987,8.429948652175838
2655.0,2.655000000000001,8.43244865217585
2655.5,2.6554999999999964,8.429133361134795
2656.0,2.655999999999999,8.431633361134807
2656.5,2.656500000000001,8.434133361134819
2657.0,2.6570000000000036,8.430546916835873
2657.5,2.657499999999999,8.433046916835849
2658.0,2.6580000000000013,8.435546916835861
2658.5,2.6584999999999965,8.431712354567367
2659.0,2.658999999999999,8.434212354567379
2659.5,2.6595000000000013,8.43671235456739
2660.0,2.6600000000000037,8.432669052279351
2660.5,2.660499999999999,8.435169052279328
2661.0,2.6610000000000014,8.43766905227934
2661.5,2.6614999999999966,8.433466359577402
2662.0,2.661999999999999,8.435966359577414
2662.5,2.6625000000000014,8.438466359577426
2663.0,2.663000000000004,8.434158970026218
2663.5,2.663499999999999,8.436658970026194
2664.0,2.6640000000000015,8.439158970026206
2664.5,2.6644999999999968,8.434800291121434
2665.0,2.664999999999999,8.437300291121446
2665.5,2.6655000000000015,8.439800291121458
2666.0,2.665999999999997,8.435452804951602
2666.5,2.666499999999999,8.437952804951614
2667.0,2.6670000000000016,8.440452804951626
2667.5,2.667499999999997,8.436163532533705
2668.0,2.6679999999999993,8.438663532533717
2668.5,2.6685000000000016,8.441163532533729
2669.0,2.668999999999997,8.43694805441725
2669.5,2.6694999999999993,8.439448054417262
2670.0,2.6700000000000017,8.441948054417274
2670.5,2.670499999999997,8.437790109754992
2671.0,2.6709999999999994,8.440290109755004
2671.5,2.6715000000000018,8.442790109755016
2672.0,2.671999999999997,8.43866127209786
2672.5,2.6724999999999994,8.441161272097872
2673.0,2.673000000000002,8.443661272097884
2673.5,2.673499999999997,8.43954849945181
2674.0,2.6739999999999995,8.442048499451822
2674.5,2.674500000000002,8.444548499451834
2675.0,2.674999999999997,8.440435623591256
2675.5,2.6754999999999995,8.442935623591268
2676.0,2.676000000000002,8.44543562359128
2676.5,2.676499999999997,8.441321235633055
2677.0,2.6769999999999996,8.443821235633067
2677.5,2.677500000000002,8.446321235633079
2678.0,2.6779999999999973,8.442190282989088
2678.5,2.6784999999999997,8.4446902829891
2679.0,2.679000000000002,8.447190282989112
2679.5,2.6794999999999973,8.443033589711924
2680.0,2.6799999999999997,8.445533589711935
2680.5,2.680500000000002,8.448033589711947
2681.0,2.6809999999999974,8.443845193249224
2681.5,2.6814999999999998,8.446345193249236
2682.0,2.682000000000002,8.448845193249248
2682.5,2.6824999999999974,8.444623649009948
2683.0,2.683,8.44712364900996
2683.5,2.683500000000002,8.449623649009972
2684.0,2.6839999999999975,8.445339180710896
2684.5,2.6845,8.447839180710908
2685.0,2.6850000000000023,8.45033918071092
2685.5,2.6854999999999976,8.445961132114128
2686.0,2.686,8.44846113211414
2686.5,2.6865000000000023,8.450961132114152
2687.0,2.6869999999999976,8.446476154670783
2687.5,2.6875,8.448976154670795
2688.0,2.6880000000000024,8.451476154670807
2688.5,2.6884999999999977,8.446841185749214
2689.0,2.689,8.449341185749226
2689.5,2.6895000000000024,8.451841185749238
2690.0,2.6899999999999977,8.447050753036649
2690.5,2.6905,8.449550753036661
2691.0,2.6910000000000025,8.452050753036673
2691.5,2.691499999999998,8.447123474192608
2692.0,2.692,8.44962347419262
2692.5,2.6925000000000026,8.452123474192632
2693.0,2.692999999999998,8.447101696431929
2693.5,2.6935000000000002,8.449601696431941
2694.0,2.6940000000000026,8.452101696431953
2694.5,2.694499999999998,8.447027094078905
2695.0,2.6950000000000003,8.449527094078917
2695.5,2.6955000000000027,8.452027094078929
2696.0,2.695999999999998,8.44695298790537
2696.5,2.6965000000000003,8.449452987905381
2697.0,2.6970000000000027,8.451952987905393
2697.5,2.697499999999998,8.446892342923853
2698.0,2.6980000000000004,8.449392342923865
2698.5,2.698500000000003,8.451892342923877
2699.0,2.698999999999998,8.446843639578283
2699.5,2.6995000000000005,8.449343639578295
2700.0,2.700000000000003,8.451843639578307
2700.5,2.700499999999998,8.44682762155756
2701.0,2.7010000000000005,8.449327621557572
2701.5,2.701500000000003,8.451827621557584
2702.0,2.701999999999998,8.446837246142174
2702.5,2.7025000000000006,8.449337246142186
2703.0,2.703000000000003,8.451837246142198
2703.5,2.7034999999999982,8.44688245863459
2704.0,2.7040000000000006,8.449382458634602
2704.5,2.704500000000003,8.451882458634614
2705.0,2.7049999999999983,8.446990549118958
2705.5,2.7055000000000007,8.44949054911897
2706.0,2.706000000000003,8.451990549118982
2706.5,2.7064999999999984,8.447177839808546
2707.0,2.7070000000000007,8.449677839808558
2707.5,2.707500000000003,8.45217783980857
2708.0,2.7079999999999984,8.447452224354635
2708.5,2.708500000000001,8.449952224354647
2709.0,2.709000000000003,8.452452224354658
2709.5,2.7094999999999985,8.447815199233446
2710.0,2.710000000000001,8.450315199233458
2710.5,2.7105000000000032,8.45281519923347
2711.0,2.7109999999999985,8.448262568301708
2711.5,2.711500000000001,8.45076256830172
2712.0,2.7120000000000033,8.453262568301732
2712.5,2.7124999999999986,8.44879557055151
2713.0,2.713000000000001,8.451295570551522
2713.5,2.7135000000000034,8.453795570551534
2714.0,2.7139999999999986,8.449388594479394
2714.5,2.714500000000001,8.451888594479406
2715.0,2.7149999999999963,8.454388594479383
2715.5,2.7154999999999987,8.450020830805478
2716.0,2.716000000000001,8.45252083080549
2716.5,2.7165000000000035,8.455020830805502
2717.0,2.7169999999999987,8.450675524908178
2717.5,2.717500000000001,8.45317552490819
2718.0,2.7179999999999964,8.455675524908166
2718.5,2.718499999999999,8.458175524908178
2719.0,2.719000000000001,8.45383507589645
2719.5,2.7195000000000036,8.456335075896462
2720.0,2.719999999999999,8.458835075896438
2720.5,2.7205000000000013,8.454467943427737
2721.0,2.7209999999999965,8.456967943427713
2721.5,2.721499999999999,8.459467943427725
2722.0,2.7220000000000013,8.45508568846352
2722.5,2.7225000000000037,8.457585688463531
2723.0,2.722999999999999,8.460085688463508
2723.5,2.7235000000000014,8.455711144365594
2724.0,2.7239999999999966,8.45821114436557
2724.5,2.724499999999999,8.460711144365582
2725.0,2.7250000000000014,8.456373027882478
2725.5,2.725500000000004,8.45887302788249
2726.0,2.725999999999999,8.461373027882466
2726.5,2.7265000000000015,8.457098517184818
2727.0,2.7269999999999968,8.459598517184794
2727.5,2.727499999999999,8.462098517184806
2728.0,2.7280000000000015,8.457886275135778
2728.5,2.728499999999997,8.460386275135754
2729.0,2.728999999999999,8.462886275135766
2729.5,2.7295000000000016,8.458727439742297
2730.0,2.729999999999997,8.461227439742274
2730.5,2.7304999999999993,8.463727439742286
2731.0,2.7310000000000016,8.459617819154523
2731.5,2.731499999999997,8.4621178191545
2732.0,2.7319999999999993,8.464617819154512
2732.5,2.7325000000000017,8.460554980119461
2733.0,2.732999999999997,8.463054980119438
2733.5,2.7334999999999994,8.46555498011945
2734.0,2.7340000000000018,8.461556806262642
2734.5,2.734499999999997,8.464056806262619
2735.0,2.7349999999999994,8.46655680626263
2735.5,2.735500000000002,8.462629988114045
2736.0,2.735999999999997,8.465129988114022
2736.5,2.7364999999999995,8.467629988114034
2737.0,2.737000000000002,8.463782604719157
2737.5,2.737499999999997,8.466282604719133
2738.0,2.7379999999999995,8.468782604719145
2738.5,2.738500000000002,8.465046586822496
2739.0,2.738999999999997,8.467546586822472
2739.5,2.7394999999999996,8.470046586822484
2740.0,2.740000000000002,8.466445487552008
2740.5,2.7404999999999973,8.468945487551984
2741.0,2.7409999999999997,8.471445487551996
2741.5,2.741500000000002,8.46795951567664
2742.0,2.7419999999999973,8.470459515676616
2742.5,2.7424999999999997,8.472959515676628
2743.0,2.743000000000002,8.469557106350116
2743.5,2.7434999999999974,8.472057106350093
2744.0,2.7439999999999998,8.474557106350105
2744.5,2.744500000000002,8.471227384521463
2745.0,2.7449999999999974,8.473727384521439
2745.5,2.7455,8.47622738452145
2746.0,2.746000000000002,8.472922918290777
2746.5,2.7464999999999975,8.475422918290754
2747.0,2.747,8.477922918290766
2747.5,2.7475000000000023,8.47458600953722
2748.0,2.7479999999999976,8.477086009537196
2748.5,2.7485,8.479586009537208
2749.0,2.7490000000000023,8.476143375175234
2749.5,2.7494999999999976,8.47864337517521
2750.0,2.75,8.481143375175222
2750.5,2.7505000000000024,8.477530353937475
2751.0,2.7509999999999977,8.480030353937451
2751.5,2.7515,8.482530353937463
2752.0,2.7520000000000024,8.478704664406393
2752.5,2.7524999999999977,8.48120466440637
2753.0,2.753,8.483704664406382
2753.5,2.7535000000000025,8.479657438207262
2754.0,2.753999999999998,8.482157438207238
2754.5,2.7545,8.48465743820725
2755.0,2.7550000000000026,8.4803767241009
2755.5,2.755499999999998,8.482876724100876
2756.0,2.7560000000000002,8.485376724100888
2756.5,2.7565000000000026,8.480912714879523
2757.0,2.756999999999998,8.483412714879499
2757.5,2.7575000000000003,8.485912714879511
2758.0,2.7580000000000027,8.481303743635245
2758.5,2.758499999999998,8.483803743635221
2759.0,2.7590000000000003,8.486303743635233
2759.5,2.7595000000000027,8.48157416904428
2760.0,2.759999999999998,8.484074169044256
2760.5,2.7605000000000004,8.486574169044268
2761.0,2.761000000000003,8.481738258823412
2761.5,2.761499999999998,8.484238258823389
2762.0,2.7620000000000005,8.4867382588234
2762.5,2.762500000000003,8.481821756897823
2763.0,2.762999999999998,8.484321756897799
2763.5,2.7635000000000005,8.486821756897811
2764.0,2.764000000000003,8.48185951249004
2764.5,2.764499999999998,8.484359512490016
2765.0,2.7650000000000006,8.486859512490028
2765.5,2.765500000000003,8.481865661759684
2766.0,2.7659999999999982,8.48436566175966
2766.5,2.7665000000000006,8.486865661759673
2767.0,2.767000000000003,8.481863825740525
2767.5,2.7674999999999983,8.484363825740502
2768.0,2.7680000000000007,8.486863825740514
2768.5,2.768500000000003,8.481877129420496
2769.0,2.7689999999999984,8.484377129420473
2769.5,2.7695000000000007,8.486877129420485
2770.0,2.770000000000003,8.481935856508223
2770.5,2.7704999999999984,8.484435856508199
2771.0,2.771000000000001,8.486935856508211
2771.5,2.771500000000003,8.482073104338355
2772.0,2.7719999999999985,8.484573104338331
2772.5,2.772500000000001,8.487073104338343
2773.0,2.7730000000000032,8.482300815768227
2773.5,2.7734999999999985,8.484800815768203
2774.0,2.774000000000001,8.487300815768215
2774.5,2.7745000000000033,8.482617919356557
2775.0,2.7749999999999986,8.485117919356533
2775.5,2.775500000000001,8.487617919356545
2776.0,2.7760000000000034,8.48299610347894
2776.5,2.7764999999999986,8.485496103478916
2777.0,2.777000000000001,8.487996103478928
2777.5,2.7774999999999963,8.483416471817868
2778.0,2.7779999999999987,8.48591647181788
2778.5,2.778500000000001,8.488416471817892
2779.0,2.7790000000000035,8.483835295109223
2779.5,2.7794999999999987,8.4863352951092
2780.0,2.780000000000001,8.488835295109212
2780.5,2.7804999999999964,8.484202480895142
2781.0,2.780999999999999,8.486702480895154
2781.5,2.781500000000001,8.489202480895166
2782.0,2.7820000000000036,8.484512870354273
2782.5,2.782499999999999,8.48701287035425
2783.0,2.7830000000000013,8.489512870354261
2783.5,2.7834999999999965,8.48473744587416
2784.0,2.783999999999999,8.487237445874172
2784.5,2.7845000000000013,8.489737445874184
2785.0,2.7850000000000037,8.484871735652426
2785.5,2.785499999999999,8.487371735652403
2786.0,2.7860000000000014,8.489871735652414
2786.5,2.7864999999999966,8.48491409208222
2787.0,2.786999999999999,8.487414092082233
2787.5,2.7875000000000014,8.489914092082245
2788.0,2.788000000000004,8.484852627771424
2788.5,2.788499999999999,8.4873526277714
2789.0,2.7890000000000015,8.489852627771413
2789.5,2.7894999999999968,8.484684940855871
2790.0,2.789999999999999,8.487184940855883
2790.5,2.7905000000000015,8.489684940855895
2791.0,2.790999999999997,8.484412751244719
2791.5,2.791499999999999,8.48691275124473
2792.0,2.7920000000000016,8.489412751244743
2792.5,2.792499999999997,8.484052103913271
2793.0,2.7929999999999993,8.486552103913283
2793.5,2.7935000000000016,8.489052103913295
2794.0,2.793999999999997,8.491552103913271
2794.5,2.7944999999999993,8.486151295139983
2795.0,2.7950000000000017,8.488651295139995
2795.5,2.795499999999997,8.491151295139971
2796.0,2.7959999999999994,8.485752337979129
2796.5,2.7965000000000018,8.48825233797914
2797.0,2.796999999999997,8.490752337979117
2797.5,2.7974999999999994,8.48540497322496
2798.0,2.798000000000002,8.487904973224971
2798.5,2.798499999999997,8.490404973224948
2799.0,2.7989999999999995,8.485158700697326
2799.5,2.799500000000002,8.487658700697338
2800.0,2.799999999999997,8.490158700697314
2800.5,2.8004999999999995,8.485048923611913
2801.0,2.801000000000002,8.487548923611925
2801.5,2.801499999999997,8.490048923611901
2802.0,2.8019999999999996,8.485092244965031
2802.5,2.802500000000002,8.487592244965043
2803.0,2.8029999999999973,8.49009224496502
2803.5,2.8034999999999997,8.485315388475207
2804.0,2.804000000000002,8.48781538847522
2804.5,2.8044999999999973,8.490315388475196
2805.0,2.8049999999999997,8.485718415262014
2805.5,2.805500000000002,8.488218415262025
2806.0,2.8059999999999974,8.490718415262002
2806.5,2.8064999999999998,8.486285007343177
2807.0,2.807000000000002,8.48878500734319
2807.5,2.8074999999999974,8.491285007343166
2808.0,2.808,8.486982157949363
2808.5,2.808500000000002,8.489482157949375
2809.0,2.8089999999999975,8.491982157949352
2809.5,2.8095,8.487766353305695
2810.0,2.8100000000000023,8.490266353305707
2810.5,2.8104999999999976,8.492766353305683
2811.0,2.811,8.488555742392734
2811.5,2.8115000000000023,8.491055742392746
2812.0,2.8119999999999976,8.493555742392722
2812.5,2.8125,8.48929881725251
2813.0,2.8130000000000024,8.491798817252523
2813.5,2.8134999999999977,8.4942988172525
2814.0,2.814,8.489963006589214
2814.5,2.8145000000000024,8.492463006589226
2815.0,2.8149999999999977,8.494963006589202
2815.5,2.8155,8.490515283563376
2816.0,2.8160000000000025,8.493015283563388
2816.5,2.816499999999998,8.495515283563364
2817.0,2.817,8.490939640096151
2817.5,2.8175000000000026,8.493439640096163
2818.0,2.817999999999998,8.49593964009614
2818.5,2.8185000000000002,8.49128332236429
2819.0,2.8190000000000026,8.493783322364301
2819.5,2.819499999999998,8.496283322364278
2820.0,2.8200000000000003,8.491598241544374
2820.5,2.8205000000000027,8.494098241544386
2821.0,2.820999999999998,8.496598241544362
2821.5,2.8215000000000003,8.491912016835528
2822.0,2.8220000000000027,8.49441201683554
2822.5,2.822499999999998,8.496912016835516
2823.0,2.8230000000000004,8.492243317058623
2823.5,2.823500000000003,8.494743317058635
2824.0,2.823999999999998,8.497243317058611
2824.5,2.8245000000000005,8.492587757677015
2825.0,2.825000000000003,8.495087757677027
2825.5,2.825499999999998,8.497587757677003
2826.0,2.8260000000000005,8.492939277791045
2826.5,2.826500000000003,8.495439277791057
2827.0,2.826999999999998,8.497939277791033
2827.5,2.8275000000000006,8.493298308250985
2828.0,2.828000000000003,8.495798308250997
2828.5,2.8284999999999982,8.498298308250973
2829.0,2.8290000000000006,8.493659110625273
2829.5,2.829500000000003,8.496159110625285
2830.0,2.8299999999999983,8.498659110625262
2830.5,2.8305000000000007,8.49403175780175
2831.0,2.831000000000003,8.496531757801762
2831.5,2.8314999999999984,8.499031757801738
2832.0,2.8320000000000007,8.494390264543235
2832.5,2.832500000000003,8.496890264543246
2833.0,2.8329999999999984,8.499390264543223
2833.5,2.833500000000001,8.494751158872873
2834.0,2.834000000000003,8.497251158872885
2834.5,2.8344999999999985,8.499751158872861
2835.0,2.835000000000001,8.49511234859417
2835.5,2.8355000000000032,8.497612348594181
2836.0,2.8359999999999985,8.500112348594158
2836.5,2.836500000000001,8.495489777042096
2837.0,2.8370000000000033,8.497989777042108
2837.5,2.8374999999999986,8.500489777042084
2838.0,2.838000000000001,8.49585615494643
2838.5,2.8385000000000034,8.498356154946443
2839.0,2.8389999999999986,8.500856154946419
2839.5,2.839500000000001,8.496213285278067
2840.0,2.8399999999999963,8.498713285278043
2840.5,2.8404999999999987,8.501213285278055
2841.0,2.841000000000001,8.496544098769405
2841.5,2.8415000000000035,8.499044098769417
2842.0,2.8419999999999987,8.501544098769394
2842.5,2.842500000000001,8.49681487192452
2843.0,2.8429999999999964,8.499314871924497
2843.5,2.843499999999999,8.501814871924509
2844.0,2.844000000000001,8.496997145544505
2844.5,2.8445000000000036,8.499497145544517
2845.0,2.844999999999999,8.501997145544493
2845.5,2.8455000000000013,8.497083826447884
2846.0,2.8459999999999965,8.49958382644786
2846.5,2.846499999999999,8.502083826447873
2847.0,2.8470000000000013,8.497061545415505
2847.5,2.8475000000000037,8.499561545415517
2848.0,2.847999999999999,8.502061545415494
2848.5,2.8485000000000014,8.496918455302946
2849.0,2.8489999999999966,8.499418455302923
2849.5,2.849499999999999,8.501918455302935
2850.0,2.8500000000000014,8.496682672807765
2850.5,2.850500000000004,8.499182672807777
2851.0,2.850999999999999,8.501682672807753
2851.5,2.8515000000000015,8.496376808802104
2852.0,2.8519999999999968,8.49887680880208
2852.5,2.852499999999999,8.501376808802092
2853.0,2.8530000000000015,8.496030339402623
2853.5,2.853499999999997,8.498530339402599
2854.0,2.853999999999999,8.501030339402611
2854.5,2.8545000000000016,8.49563131404004
2855.0,2.854999999999997,8.498131314040016
2855.5,2.8554999999999993,8.500631314040028
2856.0,2.8560000000000016,8.49517794912611
2856.5,2.856499999999997,8.497677949126086
2857.0,2.8569999999999993,8.500177949126098
2857.5,2.8575000000000017,8.494666028840818
2858.0,2.857999999999997,8.497166028840795
2858.5,2.8584999999999994,8.499666028840807
2859.0,2.8590000000000018,8.494100104051796
2859.5,2.859499999999997,8.496600104051772
2860.0,2.8599999999999994,8.499100104051784
2860.5,2.860500000000002,8.49347245901388
2861.0,2.860999999999997,8.495972459013856
2861.5,2.8614999999999995,8.498472459013868
2862.0,2.862000000000002,8.492773136190799
2862.5,2.862499999999997,8.495273136190775
2863.0,2.8629999999999995,8.497773136190787
2863.5,2.863500000000002,8.491996520180756
2864.0,2.863999999999997,8.494496520180732
2864.5,2.8644999999999996,8.496996520180744
2865.0,2.865000000000002,8.491155404563493
2865.5,2.8654999999999973,8.49365540456347
2866.0,2.8659999999999997,8.496155404563481
2866.5,2.866500000000002,8.490256693632254
2867.0,2.8669999999999973,8.49275669363223
2867.5,2.8674999999999997,8.495256693632243
2868.0,2.868000000000002,8.489298331385022
2868.5,2.8684999999999974,8.491798331384999
2869.0,2.8689999999999998,8.49429833138501
2869.5,2.869500000000002,8.496798331385023
2870.0,2.8699999999999974,8.490807436356178
2870.5,2.8705,8.49330743635619
2871.0,2.871000000000002,8.495807436356202
2871.5,2.8714999999999975,8.489797359722182
2872.0,2.872,8.492297359722194
2872.5,2.8725000000000023,8.494797359722206
2873.0,2.8729999999999976,8.488780820843864
2873.5,2.8735,8.491280820843876
2874.0,2.8740000000000023,8.493780820843888
2874.5,2.8744999999999976,8.48775077123534
2875.0,2.875,8.490250771235353
2875.5,2.8755000000000024,8.492750771235364
2876.0,2.8759999999999977,8.48669931065892
2876.5,2.8765,8.489199310658933
2877.0,2.8770000000000024,8.491699310658944
2877.5,2.8774999999999977,8.485656759249984
2878.0,2.878,8.488156759249996
2878.5,2.8785000000000025,8.490656759250008
2879.0,2.878999999999998,8.484639651388974
2879.5,2.8795,8.487139651388986
2880.0,2.8800000000000026,8.489639651388998
2880.5,2.880499999999998,8.483667422124448
2881.0,2.8810000000000002,8.48616742212446
2881.5,2.8815000000000026,8.488667422124472
2882.0,2.881999999999998,8.482749695190854
2882.5,2.8825000000000003,8.485249695190866
2883.0,2.8830000000000027,8.487749695190878
2883.5,2.883499999999998,8.4819071217375
2884.0,2.8840000000000003,8.484407121737512
2884.5,2.8845000000000027,8.486907121737524
2885.0,2.884999999999998,8.481130230766922
2885.5,2.8855000000000004,8.483630230766934
2886.0,2.886000000000003,8.486130230766946
2886.5,2.886499999999998,8.480421902315385
2887.0,2.8870000000000005,8.482921902315397
2887.5,2.887500000000003,8.485421902315409
2888.0,2.887999999999998,8.47979300719004
2888.5,2.8885000000000005,8.482293007190052
2889.0,2.889000000000003,8.484793007190063
2889.5,2.889499999999998,8.479247588617831
2890.0,2.8900000000000006,8.481747588617843
2890.5,2.890500000000003,8.484247588617855
2891.0,2.8909999999999982,8.478791593363617
2891.5,2.8915000000000006,8.481291593363629
2892.0,2.892000000000003,8.483791593363641
2892.5,2.8924999999999983,8.47843915956254
2893.0,2.8930000000000007,8.480939159562553
2893.5,2.893500000000003,8.483439159562565
2894.0,2.8939999999999984,8.478208274347487
2894.5,2.8945000000000007,8.4807082743475
2895.0,2.895000000000003,8.483208274347511
2895.5,2.8954999999999984,8.47807989521371
2896.0,2.896000000000001,8.480579895213722
2896.5,2.896500000000003,8.483079895213734
2897.0,2.8969999999999985,8.478040384286274
2897.5,2.897500000000001,8.480540384286286
2898.0,2.8980000000000032,8.483040384286298
2898.5,2.8984999999999985,8.478068741411171
2899.0,2.899000000000001,8.480568741411183
2899.5,2.8995000000000033,8.483068741411195
2900.0,2.8999999999999986,8.47816233027551
2900.5,2.900500000000001,8.480662330275521
2901.0,2.9010000000000034,8.483162330275533
2901.5,2.9014999999999986,8.4783211365529
2902.0,2.902000000000001,8.480821136552912
2902.5,2.9024999999999963,8.483321136552888
2903.0,2.9029999999999987,8.47854303157387
2903.5,2.903500000000001,8.481043031573883
2904.0,2.9040000000000035,8.483543031573895
2904.5,2.9044999999999987,8.478820131438844
2905.0,2.905000000000001,8.481320131438856
2905.5,2.9054999999999964,8.483820131438833
2906.0,2.905999999999999,8.479121094059465
2906.5,2.906500000000001,8.481621094059477
2907.0,2.9070000000000036,8.484121094059489
2907.5,2.907499999999999,8.47940662676912
2908.0,2.9080000000000013,8.481906626769131
2908.5,2.9084999999999965,8.484406626769108
2909.0,2.908999999999999,8.47965842582422
2909.5,2.9095000000000013,8.482158425824231
2910.0,2.9100000000000037,8.484658425824243
2910.5,2.910499999999999,8.479839258961412
2911.0,2.9110000000000014,8.482339258961424
2911.5,2.9114999999999966,8.4848392589614
2912.0,2.911999999999999,8.47992843311939
2912.5,2.9125000000000014,8.482428433119402
2913.0,2.913000000000004,8.484928433119414
2913.5,2.913499999999999,8.47991311158033
2914.0,2.9140000000000015,8.482413111580343
2914.5,2.9144999999999968,8.484913111580319
2915.0,2.914999999999999,8.479796036340979
2915.5,2.9155000000000015,8.48229603634099
2916.0,2.915999999999997,8.484796036340967
2916.5,2.916499999999999,8.479582803230308
2917.0,2.9170000000000016,8.48208280323032
2917.5,2.917499999999997,8.484582803230296
2918.0,2.9179999999999993,8.479293586562768
2918.5,2.9185000000000016,8.48179358656278
2919.0,2.918999999999997,8.484293586562757
2919.5,2.9194999999999993,8.478955484299995
2920.0,2.9200000000000017,8.481455484300007
2920.5,2.920499999999997,8.483955484299983
2921.0,2.9209999999999994,8.478599328801941
2921.5,2.9215000000000018,8.481099328801953
2922.0,2.921999999999997,8.48359932880193
2922.5,2.9224999999999994,8.478245513320495
2923.0,2.923000000000002,8.480745513320507
2923.5,2.923499999999997,8.483245513320483
2924.0,2.9239999999999995,8.477914264963609
2924.5,2.924500000000002,8.48041426496362
2925.0,2.924999999999997,8.482914264963597
2925.5,2.9254999999999995,8.477605006867925
2926.0,2.926000000000002,8.480105006867937
2926.5,2.926499999999997,8.482605006867914
2927.0,2.9269999999999996,8.47733723877937
2927.5,2.927500000000002,8.479837238779382
2928.0,2.9279999999999973,8.482337238779358
2928.5,2.9284999999999997,8.477117795758993
2929.0,2.929000000000002,8.479617795759005
2929.5,2.9294999999999973,8.482117795758981
2930.0,2.9299999999999997,8.476950809161998
2930.5,2.930500000000002,8.47945080916201
2931.0,2.9309999999999974,8.481950809161987
2931.5,2.9314999999999998,8.476822994213258
2932.0,2.932000000000002,8.47932299421327
2932.5,2.9324999999999974,8.481822994213246
2933.0,2.933,8.47673604854208
2933.5,2.933500000000002,8.479236048542091
2934.0,2.9339999999999975,8.481736048542068
2934.5,2.9345,8.476697468380863
2935.0,2.9350000000000023,8.479197468380875
2935.5,2.9354999999999976,8.481697468380851
2936.0,2.936,8.47671031895711
2936.5,2.9365000000000023,8.479210318957122
2937.0,2.9369999999999976,8.481710318957099
2937.5,2.9375,8.47677579820985
2938.0,2.9380000000000024,8.479275798209862
2938.5,2.9384999999999977,8.481775798209839
2939.0,2.939,8.476885289164962
2939.5,2.9395000000000024,8.479385289164973
2940.0,2.9399999999999977,8.48188528916495
2940.5,2.9405,8.477018308427553
2941.0,2.9410000000000025,8.479518308427565
2941.5,2.941499999999998,8.482018308427541
2942.0,2.942,8.47711054263069
2942.5,2.9425000000000026,8.479610542630702
2943.0,2.942999999999998,8.482110542630679
2943.5,2.9435000000000002,8.477116365605077
2944.0,2.9440000000000026,8.47961636560509
2944.5,2.944499999999998,8.482116365605066
2945.0,2.9450000000000003,8.484616365605078
2945.5,2.9455000000000027,8.479511244088762
2946.0,2.945999999999998,8.482011244088739
2946.5,2.9465000000000003,8.48451124408875
2947.0,2.9470000000000027,8.479298361374745
2947.5,2.947499999999998,8.481798361374722
2948.0,2.9480000000000004,8.484298361374734
2948.5,2.948500000000003,8.478960276176153
2949.0,2.948999999999998,8.48146027617613
2949.5,2.9495000000000005,8.483960276176141
2950.0,2.950000000000003,8.478500835745422
2950.5,2.950499999999998,8.481000835745398
2951.0,2.9510000000000005,8.48350083574541
2951.5,2.951500000000003,8.477927943926424
2952.0,2.951999999999998,8.4804279439264
2952.5,2.9525000000000006,8.482927943926413
2953.0,2.953000000000003,8.477269496862725
2953.5,2.9534999999999982,8.479769496862701
2954.0,2.9540000000000006,8.482269496862713
2954.5,2.954500000000003,8.47656157001797
2955.0,2.9549999999999983,8.479061570017947
2955.5,2.9555000000000007,8.48156157001796
2956.0,2.956000000000003,8.47583178848577
2956.5,2.9564999999999984,8.478331788485747
2957.0,2.9570000000000007,8.480831788485759
2957.5,2.957500000000003,8.47511375264002
2958.0,2.9579999999999984,8.477613752639996
2958.5,2.958500000000001,8.480113752640008
2959.0,2.959000000000003,8.474443883901337
2959.5,2.9594999999999985,8.476943883901313
2960.0,2.960000000000001,8.479443883901325
2960.5,2.9605000000000032,8.473827905060674
2961.0,2.9609999999999985,8.47632790506065
2961.5,2.961500000000001,8.478827905060662
2962.0,2.9620000000000033,8.473278646358331
2962.5,2.9624999999999986,8.475778646358307
2963.0,2.963000000000001,8.47827864635832
2963.5,2.9635000000000034,8.472821429700979
2964.0,2.9639999999999986,8.475321429700955
2964.5,2.964500000000001,8.477821429700967
2965.0,2.9649999999999963,8.47246126683416
2965.5,2.9654999999999987,8.474961266834171
2966.0,2.966000000000001,8.477461266834183
2966.5,2.9665000000000035,8.472218980189368
2967.0,2.9669999999999987,8.474718980189344
2967.5,2.967500000000001,8.477218980189356
2968.0,2.9679999999999964,8.472100288778677
2968.5,2.968499999999999,8.474600288778689
2969.0,2.969000000000001,8.4771002887787
2969.5,2.9695000000000036,8.472096649978447
2970.0,2.969999999999999,8.474596649978423
2970.5,2.9705000000000013,8.477096649978435
2971.0,2.9709999999999965,8.472196699368126
2971.5,2.971499999999999,8.474696699368138
2972.0,2.9720000000000013,8.47719669936815
2972.5,2.9725000000000037,8.472384952399175
2973.0,2.972999999999999,8.474884952399151
2973.5,2.9735000000000014,8.477384952399163
2974.0,2.9739999999999966,8.472640145396433
2974.5,2.974499999999999,8.475140145396445
2975.0,2.9750000000000014,8.477640145396457
2975.5,2.975500000000004,8.472942531967789
2976.0,2.975999999999999,8.475442531967765
2976.5,2.9765000000000015,8.477942531967777
2977.0,2.9769999999999968,8.473270753101048
2977.5,2.977499999999999,8.47577075310106
2978.0,2.9780000000000015,8.478270753101071
2978.5,2.978499999999997,8.473608692904868
2979.0,2.978999999999999,8.47610869290488
2979.5,2.9795000000000016,8.478608692904892
2980.0,2.979999999999997,8.473941748640854
2980.5,2.9804999999999993,8.476441748640866
2981.0,2.9810000000000016,8.478941748640878
2981.5,2.981499999999997,8.474260380062653
2982.0,2.9819999999999993,8.476760380062665
2982.5,2.9825000000000017,8.479260380062676
2983.0,2.982999999999997,8.474533909598208
2983.5,2.9834999999999994,8.47703390959822
2984.0,2.9840000000000018,8.479533909598231
2984.5,2.984499999999997,8.474760376822985
2985.0,2.9849999999999994,8.477260376822997
2985.5,2.985500000000002,8.479760376823009
2986.0,2.985999999999997,8.474929367887256
2986.5,2.9864999999999995,8.477429367887268
2987.0,2.987000000000002,8.47992936788728
2987.5,2.987499999999997,8.475050204239487
2988.0,2.9879999999999995,8.477550204239499
2988.5,2.988500000000002,8.480050204239511
2989.0,2.988999999999997,8.475147400343097
2989.5,2.9894999999999996,8.477647400343109
2990.0,2.990000000000002,8.480147400343121
2990.5,2.9904999999999973,8.475244276589642
2991.0,2.9909999999999997,8.477744276589654
2991.5,2.991500000000002,8.480244276589666
2992.0,2.9919999999999973,8.475371858260914
2992.5,2.9924999999999997,8.477871858260926
2993.0,2.993000000000002,8.480371858260938
2993.5,2.9934999999999974,8.475563280849663
2994.0,2.9939999999999998,8.478063280849675
2994.5,2.994500000000002,8.480563280849687
2995.0,2.9949999999999974,8.475835056879184
2995.5,2.9955,8.478335056879196
2996.0,2.996000000000002,8.480835056879208
2996.5,2.9964999999999975,8.476217694036698
2997.0,2.997,8.47871769403671
2997.5,2.9975000000000023,8.481217694036722
2998.0,2.9979999999999976,8.476709738554469
2998.5,2.9985,8.47920973855448
2999.0,2.9990000000000023,8.481709738554493
2999.5,2.9994999999999976,8.477291857952878
3000.0,3.0,8.47979185795289
3000.5,3.0005000000000024,8.482291857952902
3001.0,3.0009999999999977,8.477958445602916
3001.5,3.0015,8.480458445602927
3002.0,3.0020000000000024,8.48295844560294
3002.5,3.0024999999999977,8.478693020212766
3003.0,3.003,8.481193020212778
3003.5,3.0035000000000025,8.48369302021279
3004.0,3.003999999999998,8.479447765352361
3004.5,3.0045,8.481947765352373
3005.0,3.0050000000000026,8.484447765352385
3005.5,3.005499999999998,8.480196552797494
3006.0,3.0060000000000002,8.482696552797506
3006.5,3.0065000000000026,8.485196552797518
3007.0,3.006999999999998,8.480917050362251
3007.5,3.0075000000000003,8.483417050362263
3008.0,3.0080000000000027,8.485917050362275
3008.5,3.008499999999998,8.481555743194455
3009.0,3.0090000000000003,8.484055743194467
3009.5,3.0095000000000027,8.48655574319448
3010.0,3.009999999999998,8.482091159089755
3010.5,3.0105000000000004,8.484591159089767
3011.0,3.011000000000003,8.487091159089779
3011.5,3.011499999999998,8.482512016767707
3012.0,3.0120000000000005,8.485012016767719
3012.5,3.012500000000003,8.487512016767731
3013.0,3.012999999999998,8.48282451494665
3013.5,3.0135000000000005,8.485324514946662
3014.0,3.014000000000003,8.487824514946674
3014.5,3.014499999999998,8.483006131251862
3015.0,3.0150000000000006,8.485506131251874
3015.5,3.015500000000003,8.488006131251886
3016.0,3.0159999999999982,8.483077951367903
3016.5,3.0165000000000006,8.485577951367915
3017.0,3.017000000000003,8.488077951367927
3017.5,3.0174999999999983,8.48304274571312
3018.0,3.0180000000000007,8.485542745713133
3018.5,3.018500000000003,8.488042745713145
3019.0,3.0189999999999984,8.482883983124268
3019.5,3.0195000000000007,8.48538398312428
3020.0,3.020000000000003,8.487883983124291
3020.5,3.0204999999999984,8.490383983124268
3021.0,3.021000000000001,8.485132274206642
3021.5,3.021500000000003,8.487632274206653
3022.0,3.0219999999999985,8.49013227420663
3022.5,3.022500000000001,8.484819599452429
3023.0,3.0230000000000032,8.48731959945244
3023.5,3.0234999999999985,8.489819599452417
3024.0,3.024000000000001,8.48446487281965
3024.5,3.0245000000000033,8.486964872819662
3025.0,3.0249999999999986,8.489464872819639
3025.5,3.025500000000001,8.484095954743296
3026.0,3.0260000000000034,8.486595954743308
3026.5,3.0264999999999986,8.489095954743284
3027.0,3.027000000000001,8.483718086635008
3027.5,3.0274999999999963,8.486218086634985
3028.0,3.0279999999999987,8.488718086634996
3028.5,3.028500000000001,8.483361502012592
3029.0,3.0290000000000035,8.485861502012604
3029.5,3.0294999999999987,8.48836150201258
3030.0,3.030000000000001,8.483046722958996
3030.5,3.0304999999999964,8.485546722958972
3031.0,3.030999999999999,8.488046722958984
3031.5,3.031500000000001,8.482782679953615
3032.0,3.0320000000000036,8.485282679953627
3032.5,3.032499999999999,8.487782679953604
3033.0,3.0330000000000013,8.482557673729438
3033.5,3.0334999999999965,8.485057673729415
3034.0,3.033999999999999,8.487557673729427
3034.5,3.0345000000000013,8.48234971955371
3035.0,3.0350000000000037,8.484849719553722
3035.5,3.035499999999999,8.487349719553698
3036.0,3.0360000000000014,8.482136854055007
3036.5,3.0364999999999966,8.484636854054983
3037.0,3.036999999999999,8.487136854054995
3037.5,3.0375000000000014,8.481895968843318
3038.0,3.038000000000004,8.48439596884333
3038.5,3.038499999999999,8.486895968843307
3039.0,3.0390000000000015,8.481620925176543
3039.5,3.0394999999999968,8.48412092517652
3040.0,3.039999999999999,8.486620925176531
3040.5,3.0405000000000015,8.48129478231936
3041.0,3.040999999999997,8.483794782319336
3041.5,3.041499999999999,8.486294782319348
3042.0,3.0420000000000016,8.480919692870579
3042.5,3.042499999999997,8.483419692870555
3043.0,3.0429999999999993,8.485919692870567
3043.5,3.0435000000000016,8.480490261496776
3044.0,3.043999999999997,8.482990261496752
3044.5,3.0444999999999993,8.485490261496764
3045.0,3.0450000000000017,8.480006987897823
3045.5,3.045499999999997,8.4825069878978
3046.0,3.0459999999999994,8.485006987897812
3046.5,3.0465000000000018,8.47948171757146
3047.0,3.046999999999997,8.481981717571436
3047.5,3.0474999999999994,8.484481717571448
3048.0,3.048000000000002,8.478923936016756
3048.5,3.048499999999997,8.481423936016732
3049.0,3.0489999999999995,8.483923936016744
3049.5,3.049500000000002,8.478346420782117
3050.0,3.049999999999997,8.480846420782093
3050.5,3.0504999999999995,8.483346420782105
3051.0,3.051000000000002,8.477764662492362
3051.5,3.051499999999997,8.480264662492338
3052.0,3.0519999999999996,8.48276466249235
3052.5,3.052500000000002,8.477202006204934
3053.0,3.0529999999999973,8.47970200620491
3053.5,3.0534999999999997,8.482202006204922
3054.0,3.054000000000002,8.476668936034137
3054.5,3.0544999999999973,8.479168936034114
3055.0,3.0549999999999997,8.481668936034126
3055.5,3.055500000000002,8.476181041602224
3056.0,3.0559999999999974,8.4786810416022
3056.5,3.0564999999999998,8.481181041602213
3057.0,3.057000000000002,8.475768164971385
3057.5,3.0574999999999974,8.478268164971361
3058.0,3.058,8.480768164971373
3058.5,3.058500000000002,8.475442066659546
3059.0,3.0589999999999975,8.477942066659523
3059.5,3.0595,8.480442066659535
3060.0,3.0600000000000023,8.475218816748544
3060.5,3.0604999999999976,8.47771881674852
3061.0,3.061,8.480218816748533
3061.5,3.0615000000000023,8.475105839513617
3062.0,3.0619999999999976,8.477605839513593
3062.5,3.0625,8.480105839513605
3063.0,3.0630000000000024,8.475087704457671
3063.5,3.0634999999999977,8.477587704457648
3064.0,3.064,8.48008770445766
3064.5,3.0645000000000024,8.475149980030352
3065.0,3.0649999999999977,8.477649980030328
3065.5,3.0655,8.48014998003034
3066.0,3.0660000000000025,8.475250670292844
3066.5,3.066499999999998,8.47775067029282
3067.0,3.067,8.480250670292833
3067.5,3.0675000000000026,8.475349985573857
3068.0,3.067999999999998,8.477849985573833
3068.5,3.0685000000000002,8.480349985573845
3069.0,3.0690000000000026,8.475410381151427
3069.5,3.069499999999998,8.477910381151403
3070.0,3.0700000000000003,8.480410381151415
3070.5,3.0705000000000027,8.47540453540482
3071.0,3.070999999999998,8.477904535404797
3071.5,3.0715000000000003,8.480404535404809
3072.0,3.0720000000000027,8.475316356489664
3072.5,3.072499999999998,8.47781635648964
3073.0,3.0730000000000004,8.480316356489652
3073.5,3.073500000000003,8.475142094713348
3074.0,3.073999999999998,8.477642094713325
3074.5,3.0745000000000005,8.480142094713337
3075.0,3.075000000000003,8.474898341678738
3075.5,3.075499999999998,8.477398341678715
3076.0,3.0760000000000005,8.479898341678727
3076.5,3.076500000000003,8.474609917038123
3077.0,3.076999999999998,8.4771099170381
3077.5,3.0775000000000006,8.479609917038111
3078.0,3.078000000000003,8.474321129403108
3078.5,3.0784999999999982,8.476821129403085
3079.0,3.0790000000000006,8.479321129403097
3079.5,3.079500000000003,8.474060417903146
3080.0,3.0799999999999983,8.476560417903123
3080.5,3.0805000000000007,8.479060417903135
3081.0,3.081000000000003,8.473828613198044
3081.5,3.0814999999999984,8.476328613198021
3082.0,3.0820000000000007,8.478828613198033
3082.5,3.082500000000003,8.473624316542896
3083.0,3.0829999999999984,8.476124316542872
3083.5,3.083500000000001,8.478624316542884
3084.0,3.084000000000003,8.473436912016474
3084.5,3.0844999999999985,8.47593691201645
3085.0,3.085000000000001,8.478436912016463
3085.5,3.0855000000000032,8.473268099399647
3086.0,3.0859999999999985,8.475768099399623
3086.5,3.086500000000001,8.478268099399635
3087.0,3.0870000000000033,8.473124640811953
3087.5,3.0874999999999986,8.47562464081193
3088.0,3.088000000000001,8.478124640811942
3088.5,3.0885000000000034,8.473008173672198
3089.0,3.0889999999999986,8.475508173672175
3089.5,3.089500000000001,8.478008173672187
3090.0,3.0899999999999963,8.472930145510027
3090.5,3.0904999999999987,8.475430145510039
3091.0,3.091000000000001,8.47793014551005
3091.5,3.0915000000000035,8.472867736652923
3092.0,3.0919999999999987,8.475367736652899
3092.5,3.092500000000001,8.477867736652911
3093.0,3.0929999999999964,8.47281222940115
3093.5,3.093499999999999,8.475312229401162
3094.0,3.094000000000001,8.477812229401174
3094.5,3.0945000000000036,8.472744564665895
3095.0,3.094999999999999,8.475244564665871
3095.5,3.0955000000000013,8.477744564665883
3096.0,3.0959999999999965,8.48024456466586
3096.5,3.096499999999999,8.475152612192396
3097.0,3.0970000000000013,8.477652612192408
3097.5,3.0975000000000037,8.48015261219242
3098.0,3.097999999999999,8.475034868971036
3098.5,3.0985000000000014,8.477534868971048
3099.0,3.0989999999999966,8.480034868971025
3099.5,3.099499999999999,8.474876171444485
3100.0,3.1000000000000014,8.477376171444497
3100.5,3.100500000000004,8.47987617144451
3101.0,3.100999999999999,8.474647038579626
3101.5,3.1015000000000015,8.477147038579638
3102.0,3.1019999999999968,8.479647038579614
3102.5,3.102499999999999,8.474342105037671
3103.0,3.1030000000000015,8.476842105037683
3103.5,3.103499999999997,8.47934210503766
3104.0,3.103999999999999,8.47395577948241
3104.5,3.1045000000000016,8.476455779482421
3105.0,3.104999999999997,8.478955779482398
3105.5,3.1054999999999993,8.473500897945634
3106.0,3.1060000000000016,8.476000897945646
3106.5,3.106499999999997,8.478500897945622
3107.0,3.1069999999999993,8.473019416879914
3107.5,3.1075000000000017,8.475519416879926
3108.0,3.107999999999997,8.478019416879903
3108.5,3.1084999999999994,8.472526560643168
3109.0,3.1090000000000018,8.47502656064318
3109.5,3.109499999999997,8.477526560643156
3110.0,3.1099999999999994,8.472034110104829
3110.5,3.110500000000002,8.474534110104841
3111.0,3.110999999999997,8.477034110104817
3111.5,3.1114999999999995,8.471539299412854
3112.0,3.112000000000002,8.474039299412865
3112.5,3.112499999999997,8.476539299412842
3113.0,3.1129999999999995,8.471028032115626
3113.5,3.113500000000002,8.473528032115638
3114.0,3.113999999999997,8.476028032115615
3114.5,3.1144999999999996,8.47047619038257
3115.0,3.115000000000002,8.472976190382582
3115.5,3.1154999999999973,8.475476190382558
3116.0,3.1159999999999997,8.469865286191407
3116.5,3.116500000000002,8.472365286191419
3117.0,3.1169999999999973,8.474865286191395
3117.5,3.1174999999999997,8.469181241333779
3118.0,3.118000000000002,8.47168124133379
3118.5,3.1184999999999974,8.474181241333767
3119.0,3.1189999999999998,8.468412545969954
3119.5,3.119500000000002,8.470912545969966
3120.0,3.1199999999999974,8.473412545969943
3120.5,3.1205,8.467577530563482
3121.0,3.121000000000002,8.470077530563493
3121.5,3.1214999999999975,8.47257753056347
3122.0,3.122,8.466677987505378
3122.5,3.1225000000000023,8.46917798750539
3123.0,3.1229999999999976,8.471677987505366
3123.5,3.1235,8.465743674917476
3124.0,3.1240000000000023,8.468243674917488
3124.5,3.1244999999999976,8.470743674917465
3125.0,3.125,8.464806153812567
3125.5,3.1255000000000024,8.46730615381258
3126.0,3.1259999999999977,8.469806153812556
3126.5,3.1265,8.463900219698672
3127.0,3.1270000000000024,8.466400219698684
3127.5,3.1274999999999977,8.46890021969866
3128.0,3.128,8.463040571053924
3128.5,3.1285000000000025,8.465540571053936
3129.0,3.128999999999998,8.468040571053912
3129.5,3.1295,8.46223981884382
3130.0,3.1300000000000026,8.464739818843832
3130.5,3.130499999999998,8.467239818843808
3131.0,3.1310000000000002,8.461481455972262
3131.5,3.1315000000000026,8.463981455972274
3132.0,3.131999999999998,8.46648145597225
3132.5,3.1325000000000003,8.46076683013166
3133.0,3.1330000000000027,8.463266830131673
3133.5,3.133499999999998,8.465766830131649
3134.0,3.1340000000000003,8.460107055512118
3134.5,3.1345000000000027,8.46260705551213
3135.0,3.134999999999998,8.465107055512107
3135.5,3.1355000000000004,8.459510539004853
3136.0,3.136000000000003,8.462010539004865
3136.5,3.136499999999998,8.464510539004841
3137.0,3.1370000000000005,8.458953442767871
3137.5,3.137500000000003,8.461453442767883
3138.0,3.137999999999998,8.46395344276786
3138.5,3.1385000000000005,8.458429722339815
3139.0,3.139000000000003,8.460929722339827
3139.5,3.139499999999998,8.463429722339804
3140.0,3.1400000000000006,8.457905384316362
3140.5,3.140500000000003,8.460405384316374
3141.0,3.1409999999999982,8.46290538431635
3141.5,3.1415000000000006,8.457338784285895
3142.0,3.142000000000003,8.459838784285907
3142.5,3.1424999999999983,8.462338784285883
3143.0,3.1430000000000007,8.456676253813598
3143.5,3.143500000000003,8.45917625381361
3144.0,3.1439999999999984,8.461676253813586
3144.5,3.1445000000000007,8.455895872995
3145.0,3.145000000000003,8.458395872995013
3145.5,3.1454999999999984,8.460895872994989
3146.0,3.146000000000001,8.454981169544133
3146.5,3.146500000000003,8.457481169544145
3147.0,3.1469999999999985,8.459981169544122
3147.5,3.147500000000001,8.453914567509635
3148.0,3.1480000000000032,8.456414567509647
3148.5,3.1484999999999985,8.458914567509623
3149.0,3.149000000000001,8.452695844007216
3149.5,3.1495000000000033,8.455195844007228
3150.0,3.1499999999999986,8.457695844007205
3150.5,3.150500000000001,8.451330521335123
3151.0,3.1510000000000034,8.453830521335135
3151.5,3.1514999999999986,8.456330521335111
3152.0,3.152000000000001,8.449857284164004
3152.5,3.1524999999999963,8.45235728416398
3153.0,3.1529999999999987,8.454857284163992
3153.5,3.153500000000001,8.448307795559273
3154.0,3.1540000000000035,8.450807795559285
3154.5,3.1544999999999987,8.453307795559262
3155.0,3.155000000000001,8.446707430891003
3155.5,3.1554999999999964,8.44920743089098
3156.0,3.155999999999999,8.451707430890991
3156.5,3.156500000000001,8.445122286859892
3157.0,3.1570000000000036,8.447622286859904
3157.5,3.157499999999999,8.45012228685988
3158.0,3.1580000000000013,8.443586155626441
3158.5,3.1584999999999965,8.446086155626418
3159.0,3.158999999999999,8.44858615562643
3159.5,3.1595000000000013,8.442126438882731
3160.0,3.1600000000000037,8.444626438882743
3160.5,3.160499999999999,8.44712643888272
3161.0,3.1610000000000014,8.4407535924014
3161.5,3.1614999999999966,8.443253592401376
3162.0,3.161999999999999,8.445753592401388
3162.5,3.1625000000000014,8.439499639969412
3163.0,3.163000000000004,8.441999639969424
3163.5,3.163499999999999,8.4444996399694
3164.0,3.1640000000000015,8.438384833560804
3164.5,3.1644999999999968,8.44088483356078
3165.0,3.164999999999999,8.443384833560792
3165.5,3.1655000000000015,8.437406811772021
3166.0,3.165999999999997,8.439906811771998
3166.5,3.166499999999999,8.44240681177201
3167.0,3.1670000000000016,8.436552912671544
3167.5,3.167499999999997,8.43905291267152
3168.0,3.1679999999999993,8.441552912671533
3168.5,3.1685000000000016,8.435797713432365
3169.0,3.168999999999997,8.438297713432341
3169.5,3.1694999999999993,8.440797713432353
3170.0,3.1700000000000017,8.435124424112708
3170.5,3.170499999999997,8.437624424112684
3171.0,3.1709999999999994,8.440124424112696
3171.5,3.1715000000000018,8.442624424112708
3172.0,3.171999999999997,8.436993526219858
3172.5,3.1724999999999994,8.43949352621987
3173.0,3.173000000000002,8.441993526219882
3173.5,3.173499999999997,8.436363443421264
3174.0,3.1739999999999995,8.438863443421276
3174.5,3.174500000000002,8.441363443421288
3175.0,3.174999999999997,8.435714559520875
3175.5,3.1754999999999995,8.438214559520887
3176.0,3.176000000000002,8.440714559520899
3176.5,3.176499999999997,8.435015192545059
3177.0,3.1769999999999996,8.43751519254507
3177.5,3.177500000000002,8.440015192545083
3178.0,3.1779999999999973,8.434245368833935
3178.5,3.1784999999999997,8.436745368833947
3179.0,3.179000000000002,8.439245368833959
3179.5,3.1794999999999973,8.433391697792239
3180.0,3.1799999999999997,8.43589169779225
3180.5,3.180500000000002,8.438391697792262
3181.0,3.1809999999999974,8.43244876890438
3181.5,3.1814999999999998,8.434948768904391
3182.0,3.182000000000002,8.437448768904403
3182.5,3.1824999999999974,8.431427303761936
3183.0,3.183,8.433927303761948
3183.5,3.183500000000002,8.43642730376196
3184.0,3.1839999999999975,8.43036200736659
3184.5,3.1845,8.432862007366602
3185.0,3.1850000000000023,8.435362007366614
3185.5,3.1854999999999976,8.429272783144945
3186.0,3.186,8.431772783144957
3186.5,3.1865000000000023,8.43427278314497
3187.0,3.1869999999999976,8.428170505525188
3187.5,3.1875,8.4306705055252
3188.0,3.1880000000000024,8.433170505525212
3188.5,3.1884999999999977,8.42706409525615
3189.0,3.189,8.429564095256161
3189.5,3.1895000000000024,8.432064095256173
3190.0,3.1899999999999977,8.425964617018202
3190.5,3.1905,8.428464617018214
3191.0,3.1910000000000025,8.430964617018226
3191.5,3.191499999999998,8.424877672796285
3192.0,3.192,8.427377672796297
3192.5,3.1925000000000026,8.429877672796309
3193.0,3.192999999999998,8.423802190648182
3193.5,3.1935000000000002,8.426302190648194
3194.0,3.1940000000000026,8.428802190648206
3194.5,3.194499999999998,8.422729796447292
3195.0,3.1950000000000003,8.425229796447304
3195.5,3.1955000000000027,8.427729796447316
3196.0,3.195999999999998,8.42166848666416
3196.5,3.1965000000000003,8.424168486664172
3197.0,3.1970000000000027,8.426668486664184
3197.5,3.197499999999998,8.420630256299617
3198.0,3.1980000000000004,8.423130256299629
3198.5,3.198500000000003,8.425630256299641
3199.0,3.198999999999998,8.419578484662438
3199.5,3.1995000000000005,8.42207848466245
3200.0,3.200000000000003,8.424578484662462
3200.5,3.200499999999998,8.418457147505052
3201.0,3.2010000000000005,8.420957147505064
3201.5,3.201500000000003,8.423457147505076
3202.0,3.201999999999998,8.417239152096059
3202.5,3.2025000000000006,8.41973915209607
3203.0,3.203000000000003,8.422239152096083
3203.5,3.2034999999999982,8.415902623629314
3204.0,3.2040000000000006,8.418402623629326
3204.5,3.204500000000003,8.420902623629338
3205.0,3.2049999999999983,8.41446574871938
3205.5,3.2055000000000007,8.416965748719392
3206.0,3.206000000000003,8.419465748719404
3206.5,3.2064999999999984,8.412925938837681
3207.0,3.2070000000000007,8.415425938837693
3207.5,3.207500000000003,8.417925938837705
3208.0,3.2079999999999984,8.411301970246008
3208.5,3.208500000000001,8.41380197024602
3209.0,3.209000000000003,8.416301970246032
3209.5,3.2094999999999985,8.409628323676586
3210.0,3.210000000000001,8.412128323676598
3210.5,3.2105000000000032,8.41462832367661
3211.0,3.2109999999999985,8.40794229791804
3211.5,3.211500000000001,8.410442297918053
3212.0,3.2120000000000033,8.412942297918065
3212.5,3.2124999999999986,8.406285223657264
3213.0,3.213000000000001,8.408785223657276
3213.5,3.2135000000000034,8.411285223657288
3214.0,3.2139999999999986,8.404692534398421
3214.5,3.214500000000001,8.407192534398433
3215.0,3.2149999999999963,8.40969253439841
3215.5,3.2154999999999987,8.40321125292693
3216.0,3.216000000000001,8.405711252926942
3216.5,3.2165000000000035,8.408211252926954
3217.0,3.2169999999999987,8.401864999771824
3217.5,3.217500000000001,8.404364999771836
3218.0,3.2179999999999964,8.406864999771813
3218.5,3.218499999999999,8.400686092918015
3219.0,3.219000000000001,8.403186092918027
3219.5,3.2195000000000036,8.405686092918039
3220.0,3.219999999999999,8.399691431827598
3220.5,3.2205000000000013,8.40219143182761
3221.0,3.2209999999999965,8.404691431827587
3221.5,3.221499999999999,8.39887146232254
3222.0,3.2220000000000013,8.401371462322551
3222.5,3.2225000000000037,8.403871462322563
3223.0,3.222999999999999,8.398201322360563
3223.5,3.2235000000000014,8.400701322360575
3224.0,3.2239999999999966,8.403201322360552
3224.5,3.224499999999999,8.397655000538435
3225.0,3.2250000000000014,8.400155000538447
3225.5,3.225500000000004,8.40265500053846
3226.0,3.225999999999999,8.397179412852296
3226.5,3.2265000000000015,8.399679412852308
3227.0,3.2269999999999968,8.402179412852284
3227.5,3.227499999999999,8.396722653550839
3228.0,3.2280000000000015,8.39922265355085
3228.5,3.228499999999997,8.401722653550827
3229.0,3.228999999999999,8.396233522259138
3229.5,3.2295000000000016,8.39873352225915
3230.0,3.229999999999997,8.401233522259126
3230.5,3.2304999999999993,8.395661174782738
3231.0,3.2310000000000016,8.39816117478275
3231.5,3.231499999999997,8.400661174782726
3232.0,3.2319999999999993,8.394968141802401
3232.5,3.2325000000000017,8.397468141802413
3233.0,3.232999999999997,8.39996814180239
3233.5,3.2334999999999994,8.394149861898441
3234.0,3.2340000000000018,8.396649861898453
3234.5,3.234499999999997,8.39914986189843
3235.0,3.2349999999999994,8.393180742487907
3235.5,3.235500000000002,8.395680742487919
3236.0,3.235999999999997,8.398180742487895
3236.5,3.2364999999999995,8.392040931699611
3237.0,3.237000000000002,8.394540931699623
3237.5,3.237499999999997,8.3970409316996
3238.0,3.2379999999999995,8.390748697810047
3238.5,3.238500000000002,8.393248697810058
3239.0,3.238999999999997,8.395748697810035
3239.5,3.2394999999999996,8.389330117543565
3240.0,3.240000000000002,8.391830117543577
3240.5,3.2404999999999973,8.394330117543554
3241.0,3.2409999999999997,8.38783633237174
3241.5,3.241500000000002,8.390336332371753
3242.0,3.2419999999999973,8.39283633237173
3242.5,3.2424999999999997,8.386343029856107
3243.0,3.243000000000002,8.388843029856119
3243.5,3.2434999999999974,8.391343029856095
3244.0,3.2439999999999998,8.384909552323272
3244.5,3.244500000000002,8.387409552323284
3245.0,3.2449999999999974,8.38990955232326
3245.5,3.2455,8.383609471780566
3246.0,3.246000000000002,8.386109471780578
3246.5,3.2464999999999975,8.388609471780555
3247.0,3.247,8.391109471780567
3247.5,3.2475000000000023,8.3849962994816
3248.0,3.2479999999999976,8.387496299481576
3248.5,3.2485,8.389996299481588
3249.0,3.2490000000000023,8.384093003846864
3249.5,3.2494999999999976,8.38659300384684
3250.0,3.25,8.389093003846853
3250.5,3.2505000000000024,8.383431711511378
3251.0,3.2509999999999977,8.385931711511354
3251.5,3.2515,8.388431711511366
3252.0,3.2520000000000024,8.383019678849877
3252.5,3.2524999999999977,8.385519678849853
3253.0,3.253,8.388019678849865
3253.5,3.2535000000000025,8.38282482333156
3254.0,3.253999999999998,8.385324823331537
3254.5,3.2545,8.387824823331549
3255.0,3.2550000000000026,8.382808573698561
3255.5,3.255499999999998,8.385308573698538
3256.0,3.2560000000000002,8.38780857369855
3256.5,3.2565000000000026,8.38291327753577
3257.0,3.256999999999998,8.385413277535747
3257.5,3.2575000000000003,8.387913277535759
3258.0,3.2580000000000027,8.383079549372816
3258.5,3.258499999999998,8.385579549372792
3259.0,3.2590000000000003,8.388079549372804
3259.5,3.2595000000000027,8.383241068601954
3260.0,3.259999999999998,8.38574106860193
3260.5,3.2605000000000004,8.388241068601943
3261.0,3.261000000000003,8.383346371217577
3261.5,3.261499999999998,8.385846371217553
3262.0,3.2620000000000005,8.388346371217565
3262.5,3.262500000000003,8.383324968904589
3263.0,3.262999999999998,8.385824968904565
3263.5,3.2635000000000005,8.388324968904577
3264.0,3.264000000000003,8.38314459312894
3264.5,3.264499999999998,8.385644593128916
3265.0,3.2650000000000006,8.388144593128928
3265.5,3.265500000000003,8.382783283451332
3266.0,3.2659999999999982,8.385283283451308
3266.5,3.2665000000000006,8.38778328345132
3267.0,3.267000000000003,8.382200171718814
3267.5,3.2674999999999983,8.38470017171879
3268.0,3.2680000000000007,8.387200171718803
3268.5,3.268500000000003,8.38139250562449
3269.0,3.2689999999999984,8.383892505624466
3269.5,3.2695000000000007,8.386392505624478
3270.0,3.270000000000003,8.380380345445033
3270.5,3.2704999999999984,8.38288034544501
3271.0,3.271000000000001,8.385380345445022
3271.5,3.271500000000003,8.379198964953787
3272.0,3.2719999999999985,8.381698964953763
3272.5,3.272500000000001,8.384198964953775
3273.0,3.2730000000000032,8.377909627021971
3273.5,3.2734999999999985,8.380409627021947
3274.0,3.274000000000001,8.38290962702196
3274.5,3.2745000000000033,8.376572178146873
3275.0,3.2749999999999986,8.37907217814685
3275.5,3.275500000000001,8.381572178146861
3276.0,3.2760000000000034,8.375236540628066
3276.5,3.2764999999999986,8.377736540628042
3277.0,3.277000000000001,8.380236540628054
3277.5,3.2774999999999963,8.373965099769656
3278.0,3.2779999999999987,8.376465099769668
3278.5,3.278500000000001,8.37896509976968
3279.0,3.2790000000000035,8.372794802017118
3279.5,3.2794999999999987,8.375294802017095
3280.0,3.280000000000001,8.377794802017107
3280.5,3.2804999999999964,8.37174115961922
3281.0,3.280999999999999,8.374241159619231
3281.5,3.281500000000001,8.376741159619243
3282.0,3.2820000000000036,8.370827998354926
3282.5,3.282499999999999,8.373327998354902
3283.0,3.2830000000000013,8.375827998354914
3283.5,3.2834999999999965,8.370046249071237
3284.0,3.283999999999999,8.372546249071249
3284.5,3.2845000000000013,8.37504624907126
3285.0,3.2850000000000037,8.369375582265839
3285.5,3.285499999999999,8.371875582265815
3286.0,3.2860000000000014,8.374375582265827
3286.5,3.2864999999999966,8.368781447439986
3287.0,3.286999999999999,8.371281447439998
3287.5,3.2875000000000014,8.37378144744001
3288.0,3.288000000000004,8.368218888566226
3288.5,3.288499999999999,8.370718888566202
3289.0,3.2890000000000015,8.373218888566214
3289.5,3.2894999999999968,8.367645826442995
3290.0,3.289999999999999,8.370145826443007
3290.5,3.2905000000000015,8.37264582644302
3291.0,3.290999999999997,8.367004949983361
3291.5,3.291499999999999,8.369504949983373
3292.0,3.2920000000000016,8.372004949983385
3292.5,3.292499999999997,8.366260110008774
3293.0,3.2929999999999993,8.368760110008786
3293.5,3.2935000000000016,8.371260110008798
3294.0,3.293999999999997,8.365377810134014
3294.5,3.2944999999999993,8.367877810134026
3295.0,3.2950000000000017,8.370377810134038
3295.5,3.295499999999997,8.364325737073948
3296.0,3.2959999999999994,8.36682573707396
3296.5,3.2965000000000018,8.369325737073972
3297.0,3.296999999999997,8.363087251254306
3297.5,3.2974999999999994,8.365587251254318
3298.0,3.298000000000002,8.36808725125433
3298.5,3.298499999999997,8.361650670617493
3299.0,3.2989999999999995,8.364150670617505
3299.5,3.299500000000002,8.366650670617517
3300.0,3.299999999999997,8.360017539080147
3300.5,3.3004999999999995,8.362517539080159
3301.0,3.301000000000002,8.36501753908017
3301.5,3.301499999999997,8.358227889691854
3302.0,3.3019999999999996,8.360727889691866
3302.5,3.302500000000002,8.363227889691878
3303.0,3.3029999999999973,8.356313886581326
3303.5,3.3034999999999997,8.358813886581338
3304.0,3.304000000000002,8.36131388658135
3304.5,3.3044999999999973,8.35433133271085
3305.0,3.3049999999999997,8.356831332710861
3305.5,3.305500000000002,8.359331332710873
3306.0,3.3059999999999974,8.352332747150975
3306.5,3.3064999999999998,8.354832747150986
3307.0,3.307000000000002,8.357332747150998
3307.5,3.3074999999999974,8.350391394399779
3308.0,3.308,8.35289139439979
3308.5,3.308500000000002,8.355391394399803
3309.0,3.3089999999999975,8.348547577707812
3309.5,3.3095,8.351047577707824
3310.0,3.3100000000000023,8.353547577707836
3310.5,3.3104999999999976,8.346808667873447
3311.0,3.311,8.349308667873458
3311.5,3.3115000000000023,8.35180866787347
3312.0,3.3119999999999976,8.34517759359823
3312.5,3.3125,8.347677593598242
3313.0,3.3130000000000024,8.350177593598254
3313.5,3.3134999999999977,8.343636575044897
3314.0,3.314,8.346136575044909
3314.5,3.3145000000000024,8.348636575044921
3315.0,3.3149999999999977,8.342154821020458
3315.5,3.3155,8.34465482102047
3316.0,3.3160000000000025,8.347154821020482
3316.5,3.316499999999998,8.34072679563409
3317.0,3.317,8.343226795634102
3317.5,3.3175000000000026,8.345726795634114
3318.0,3.317999999999998,8.33932114707892
3318.5,3.3185000000000002,8.341821147078932
3319.0,3.3190000000000026,8.344321147078944
3319.5,3.319499999999998,8.337902484114856
3320.0,3.3200000000000003,8.340402484114868
3320.5,3.3205000000000027,8.34290248411488
3321.0,3.320999999999998,8.336453384669973
3321.5,3.3215000000000003,8.338953384669985
3322.0,3.3220000000000027,8.341453384669997
3322.5,3.322499999999998,8.343953384669973
3323.0,3.3230000000000004,8.337461693812962
3323.5,3.323500000000003,8.339961693812974
3324.0,3.323999999999998,8.34246169381295
3324.5,3.3245000000000005,8.335892815276509
3325.0,3.325000000000003,8.33839281527652
3325.5,3.325499999999998,8.340892815276497
3326.0,3.3260000000000005,8.33421452315985
3326.5,3.326500000000003,8.336714523159863
3327.0,3.326999999999998,8.33921452315984
3327.5,3.3275000000000006,8.332420732594024
3328.0,3.328000000000003,8.334920732594036
3328.5,3.3284999999999982,8.337420732594012
3329.0,3.3290000000000006,8.330480787846426
3329.5,3.329500000000003,8.332980787846438
3330.0,3.3299999999999983,8.335480787846414
3330.5,3.3305000000000007,8.328391291973105
3331.0,3.331000000000003,8.330891291973117
3331.5,3.3314999999999984,8.333391291973093
3332.0,3.3320000000000007,8.326160206734201
3332.5,3.332500000000003,8.328660206734213
3333.0,3.3329999999999984,8.33116020673419
3333.5,3.333500000000001,8.323809257172243
3334.0,3.334000000000003,8.326309257172255
3334.5,3.3344999999999985,8.328809257172232
3335.0,3.335000000000001,8.321376034426109
3335.5,3.3355000000000032,8.323876034426121
3336.0,3.3359999999999985,8.326376034426097
3336.5,3.336500000000001,8.31887910067966
3337.0,3.3370000000000033,8.321379100679671
3337.5,3.3374999999999986,8.323879100679648
3338.0,3.338000000000001,8.316338044408198
3338.5,3.3385000000000034,8.31883804440821
3339.0,3.3389999999999986,8.321338044408186
3339.5,3.339500000000001,8.313767411438704
3340.0,3.3399999999999963,8.31626741143868
3340.5,3.3404999999999987,8.318767411438692
3341.0,3.341000000000001,8.31119591044395
3341.5,3.3415000000000035,8.313695910443961
3342.0,3.3419999999999987,8.316195910443938
3342.5,3.342500000000001,8.308643862595915
3343.0,3.3429999999999964,8.311143862595891
3343.5,3.343499999999999,8.313643862595903
3344.0,3.344000000000001,8.30614087534574
3344.5,3.3445000000000036,8.308640875345752
3345.0,3.344999999999999,8.311140875345728
3345.5,3.3455000000000013,8.30371572086758
3346.0,3.3459999999999965,8.306215720867556
3346.5,3.346499999999999,8.308715720867568
3347.0,3.3470000000000013,8.301392750579595
3347.5,3.3475000000000037,8.303892750579607
3348.0,3.347999999999999,8.306392750579583
3348.5,3.3485000000000014,8.299195897816887
3349.0,3.3489999999999966,8.301695897816863
3349.5,3.349499999999999,8.304195897816875
3350.0,3.3500000000000014,8.297138924841647
3350.5,3.350500000000004,8.299638924841659
3351.0,3.350999999999999,8.302138924841636
3351.5,3.3515000000000015,8.295217229355956
3352.0,3.3519999999999968,8.297717229355932
3352.5,3.352499999999999,8.300217229355944
3353.0,3.3530000000000015,8.293423829314186
3353.5,3.353499999999997,8.295923829314162
3354.0,3.353999999999999,8.298423829314174
3354.5,3.3545000000000016,8.291749400253536
3355.0,3.354999999999997,8.294249400253513
3355.5,3.3554999999999993,8.296749400253525
3356.0,3.3560000000000016,8.290187479346791
3356.5,3.356499999999997,8.292687479346768
3357.0,3.3569999999999993,8.29518747934678
3357.5,3.3575000000000017,8.288740252048932
3358.0,3.357999999999997,8.291240252048908
3358.5,3.3584999999999994,8.29374025204892
3359.0,3.3590000000000018,8.2874256461103
3359.5,3.359499999999997,8.289925646110277
3360.0,3.3599999999999994,8.292425646110289
3360.5,3.360500000000002,8.286237859233267
3361.0,3.360999999999997,8.288737859233244
3361.5,3.3614999999999995,8.291237859233256
3362.0,3.362000000000002,8.285165766765878
3362.5,3.362499999999997,8.287665766765855
3363.0,3.3629999999999995,8.290165766765867
3363.5,3.363500000000002,8.284189342548771
3364.0,3.363999999999997,8.286689342548748
3364.5,3.3644999999999996,8.28918934254876
3365.0,3.365000000000002,8.28326535612014
3365.5,3.3654999999999973,8.285765356120116
3366.0,3.3659999999999997,8.288265356120128
3366.5,3.366500000000002,8.282353857471172
3367.0,3.3669999999999973,8.284853857471148
3367.5,3.3674999999999997,8.28735385747116
3368.0,3.368000000000002,8.28141995188151
3368.5,3.3684999999999974,8.283919951881487
3369.0,3.3689999999999998,8.286419951881498
3369.5,3.369500000000002,8.280416900826104
3370.0,3.3699999999999974,8.28291690082608
3370.5,3.3705,8.285416900826093
3371.0,3.371000000000002,8.279294866070224
3371.5,3.3714999999999975,8.2817948660702
3372.0,3.372,8.284294866070212
3372.5,3.3725000000000023,8.278032163955018
3373.0,3.3729999999999976,8.280532163954994
3373.5,3.3735,8.283032163955006
3374.0,3.3740000000000023,8.276634728510004
3374.5,3.3744999999999976,8.27913472850998
3375.0,3.375,8.281634728509992
3375.5,3.3755000000000024,8.275109565825431
3376.0,3.3759999999999977,8.277609565825408
3376.5,3.3765,8.28010956582542
3377.0,3.3770000000000024,8.273443120066268
3377.5,3.3774999999999977,8.275943120066245
3378.0,3.378,8.278443120066257
3378.5,3.3785000000000025,8.27166838395545
3379.0,3.378999999999998,8.274168383955427
3379.5,3.3795,8.276668383955439
3380.0,3.3800000000000026,8.269824761288724
3380.5,3.380499999999998,8.2723247612887
3381.0,3.3810000000000002,8.274824761288713
3381.5,3.3815000000000026,8.26791415923367
3382.0,3.381999999999998,8.270414159233646
3382.5,3.3825000000000003,8.272914159233657
3383.0,3.3830000000000027,8.26594336636159
3383.5,3.383499999999998,8.268443366361566
3384.0,3.3840000000000003,8.270943366361578
3384.5,3.3845000000000027,8.263922175320353
3385.0,3.384999999999998,8.26642217532033
3385.5,3.3855000000000004,8.268922175320341
3386.0,3.386000000000003,8.261866272026701
3386.5,3.386499999999998,8.264366272026678
3387.0,3.3870000000000005,8.26686627202669
3387.5,3.387500000000003,8.259795223287831
3388.0,3.387999999999998,8.262295223287808
3388.5,3.3885000000000005,8.26479522328782
3389.0,3.389000000000003,8.257715973774502
3389.5,3.389499999999998,8.260215973774478
3390.0,3.3900000000000006,8.26271597377449
3390.5,3.390500000000003,8.25563300481761
3391.0,3.3909999999999982,8.258133004817587
3391.5,3.3915000000000006,8.260633004817599
3392.0,3.392000000000003,8.253570587948573
3392.5,3.3924999999999983,8.25607058794855
3393.0,3.3930000000000007,8.258570587948562
3393.5,3.393500000000003,8.251549125433506
3394.0,3.3939999999999984,8.254049125433482
3394.5,3.3945000000000007,8.256549125433494
3395.0,3.395000000000003,8.249570547443916
3395.5,3.3954999999999984,8.252070547443893
3396.0,3.396000000000001,8.254570547443905
3396.5,3.396500000000003,8.247626238745518
3397.0,3.3969999999999985,8.250126238745494
3397.5,3.397500000000001,8.252626238745506
3398.0,3.3980000000000032,8.255126238745518
3398.5,3.3984999999999985,8.248192605607656
3399.0,3.399000000000001,8.250692605607668
3399.5,3.3995000000000033,8.25319260560768
3400.0,3.3999999999999986,8.246262311428154
3400.5,3.400500000000001,8.248762311428166
3401.0,3.4010000000000034,8.251262311428178
3401.5,3.4014999999999986,8.244291222293967
3402.0,3.402000000000001,8.246791222293979
3402.5,3.4024999999999963,8.249291222293955
3403.0,3.4029999999999987,8.24223174970065
3403.5,3.403500000000001,8.244731749700662
3404.0,3.4040000000000035,8.247231749700674
3404.5,3.4044999999999987,8.240088988963912
3405.0,3.405000000000001,8.242588988963924
3405.5,3.4054999999999964,8.2450889889639
3406.0,3.405999999999999,8.237871243705754
3406.5,3.406500000000001,8.240371243705766
3407.0,3.4070000000000036,8.242871243705778
3407.5,3.407499999999999,8.235579039076875
3408.0,3.4080000000000013,8.238079039076887
3408.5,3.4084999999999965,8.240579039076863
3409.0,3.408999999999999,8.233232865954605
3409.5,3.4095000000000013,8.235732865954617
3410.0,3.4100000000000037,8.238232865954629
3410.5,3.410499999999999,8.230850330309316
3411.0,3.4110000000000014,8.233350330309328
3411.5,3.4114999999999966,8.235850330309304
3412.0,3.411999999999999,8.228467953670666
3412.5,3.4125000000000014,8.230967953670678
3413.0,3.413000000000004,8.23346795367069
3413.5,3.413499999999999,8.226093157753596
3414.0,3.4140000000000015,8.228593157753608
3414.5,3.4144999999999968,8.231093157753584
3415.0,3.414999999999999,8.223747437003723
3415.5,3.4155000000000015,8.226247437003735
3416.0,3.415999999999997,8.228747437003712
3416.5,3.416499999999999,8.221458415212659
3417.0,3.4170000000000016,8.223958415212671
3417.5,3.417499999999997,8.226458415212647
3418.0,3.4179999999999993,8.219245145274918
3418.5,3.4185000000000016,8.22174514527493
3419.0,3.418999999999997,8.224245145274907
3419.5,3.4194999999999993,8.21711532598492
3420.0,3.4200000000000017,8.219615325984932
3420.5,3.420499999999997,8.222115325984909
3421.0,3.4209999999999994,8.21508500043656
3421.5,3.4215000000000018,8.217585000436571
3422.0,3.421999999999997,8.220085000436548
3422.5,3.4224999999999994,8.213171496959504
3423.0,3.423000000000002,8.215671496959516
3423.5,3.423499999999997,8.218171496959492
3424.0,3.4239999999999995,8.211359817267194
3424.5,3.424500000000002,8.213859817267206
3425.0,3.424999999999997,8.216359817267183
3425.5,3.4254999999999995,8.209624244735885
3426.0,3.426000000000002,8.212124244735897
3426.5,3.426499999999997,8.214624244735873
3427.0,3.4269999999999996,8.207931113065996
3427.5,3.427500000000002,8.210431113066008
3428.0,3.4279999999999973,8.212931113065984
3428.5,3.4284999999999997,8.206245821896587
3429.0,3.429000000000002,8.2087458218966
3429.5,3.4294999999999973,8.211245821896576
3430.0,3.4299999999999997,8.204545063790007
3430.5,3.430500000000002,8.20704506379002
3431.0,3.4309999999999974,8.209545063789996
3431.5,3.4314999999999998,8.20280448405942
3432.0,3.432000000000002,8.205304484059432
3432.5,3.4324999999999974,8.207804484059409
3433.0,3.433,8.201018333342596
3433.5,3.433500000000002,8.203518333342608
3434.0,3.4339999999999975,8.206018333342584
3434.5,3.4345,8.199204575332466
3435.0,3.4350000000000023,8.201704575332478
3435.5,3.4354999999999976,8.204204575332454
3436.0,3.436,8.19737522102475
3436.5,3.4365000000000023,8.199875221024762
3437.0,3.4369999999999976,8.202375221024738
3437.5,3.4375,8.195529797657137
3438.0,3.4380000000000024,8.19802979765715
3438.5,3.4384999999999977,8.200529797657126
3439.0,3.439,8.193669182277219
3439.5,3.4395000000000024,8.196169182277231
3440.0,3.4399999999999977,8.198669182277207
3440.5,3.4405,8.19181622426754
3441.0,3.4410000000000025,8.194316224267553
3441.5,3.441499999999998,8.196816224267529
3442.0,3.442,8.189991760168205
3442.5,3.4425000000000026,8.192491760168217
3443.0,3.442999999999998,8.194991760168193
3443.5,3.4435000000000002,8.18819993254106
3444.0,3.4440000000000026,8.190699932541072
3444.5,3.444499999999998,8.193199932541049
3445.0,3.4450000000000003,8.186461202574122
3445.5,3.4455000000000027,8.188961202574134
3446.0,3.445999999999998,8.19146120257411
3446.5,3.4465000000000003,8.184789980146618
3447.0,3.4470000000000027,8.18728998014663
3447.5,3.447499999999998,8.189789980146607
3448.0,3.4480000000000004,8.183183000937007
3448.5,3.448500000000003,8.185683000937019
3449.0,3.448999999999998,8.188183000936995
3449.5,3.4495000000000005,8.181642581239927
3450.0,3.450000000000003,8.18414258123994
3450.5,3.450499999999998,8.186642581239916
3451.0,3.4510000000000005,8.180140953989152
3451.5,3.451500000000003,8.182640953989164
3452.0,3.451999999999998,8.18514095398914
3452.5,3.4525000000000006,8.178663101175268
3453.0,3.453000000000003,8.18116310117528
3453.5,3.4534999999999982,8.183663101175256
3454.0,3.4540000000000006,8.177171996069212
3454.5,3.454500000000003,8.179671996069224
3455.0,3.4549999999999983,8.1821719960692
3455.5,3.4555000000000007,8.175634259918496
3456.0,3.456000000000003,8.178134259918508
3456.5,3.4564999999999984,8.180634259918484
3457.0,3.4570000000000007,8.174060823143954
3457.5,3.457500000000003,8.176560823143966
3458.0,3.4579999999999984,8.179060823143942
3458.5,3.458500000000001,8.172434590998918
3459.0,3.459000000000003,8.17493459099893
3459.5,3.4594999999999985,8.177434590998907
3460.0,3.460000000000001,8.170717751816738
3460.5,3.4605000000000032,8.17321775181675
3461.0,3.4609999999999985,8.175717751816727
3461.5,3.461500000000001,8.168889824836718
3462.0,3.4620000000000033,8.17138982483673
3462.5,3.4624999999999986,8.173889824836706
3463.0,3.463000000000001,8.16692627163114
3463.5,3.4635000000000034,8.169426271631153
3464.0,3.4639999999999986,8.17192627163113
3464.5,3.464500000000001,8.164837008400099
3465.0,3.4649999999999963,8.167337008400075
3465.5,3.4654999999999987,8.169837008400087
3466.0,3.466000000000001,8.162639513725942
3466.5,3.4665000000000035,8.165139513725954
3467.0,3.4669999999999987,8.16763951372593
3467.5,3.467500000000001,8.160360636451074
3468.0,3.4679999999999964,8.16286063645105
3468.5,3.468499999999999,8.165360636451062
3469.0,3.469000000000001,8.158037121100605
3469.5,3.4695000000000036,8.160537121100617
3470.0,3.469999999999999,8.163037121100594
3470.5,3.4705000000000013,8.155711936961474
3471.0,3.4709999999999965,8.15821193696145
3471.5,3.471499999999999,8.160711936961462
3472.0,3.4720000000000013,8.153421626323869
3472.5,3.4725000000000037,8.155921626323881
3473.0,3.472999999999999,8.158421626323857
3473.5,3.4735000000000014,8.16092162632387
3474.0,3.4739999999999966,8.153702538762317
3474.5,3.474499999999999,8.15620253876233
3475.0,3.4750000000000014,8.158702538762341
3475.5,3.475500000000004,8.151610823165747
3476.0,3.475999999999999,8.154110823165723
3476.5,3.4765000000000015,8.156610823165735
3477.0,3.4769999999999968,8.149671046984714
3477.5,3.477499999999999,8.152171046984726
3478.0,3.4780000000000015,8.154671046984738
3478.5,3.478499999999997,8.147881119545595
3479.0,3.478999999999999,8.150381119545607
3479.5,3.4795000000000016,8.152881119545619
3480.0,3.479999999999997,8.146209160119184
3480.5,3.4804999999999993,8.148709160119196
3481.0,3.4810000000000016,8.151209160119208
3481.5,3.481499999999997,8.144611491043179
3482.0,3.4819999999999993,8.14711149104319
3482.5,3.4825000000000017,8.149611491043203
3483.0,3.482999999999997,8.1430324678794
3483.5,3.4834999999999994,8.145532467879413
3484.0,3.4840000000000018,8.148032467879425
3484.5,3.484499999999997,8.141420680726519
3485.0,3.4849999999999994,8.14392068072653
3485.5,3.485500000000002,8.146420680726543
3486.0,3.485999999999997,8.139735742972043
3486.5,3.4864999999999995,8.142235742972055
3487.0,3.487000000000002,8.144735742972067
3487.5,3.487499999999997,8.137934314374604
3488.0,3.4879999999999995,8.140434314374616
3488.5,3.488500000000002,8.142934314374628
3489.0,3.488999999999997,8.136000961750582
3489.5,3.4894999999999996,8.138500961750594
3490.0,3.490000000000002,8.141000961750606
3490.5,3.4904999999999973,8.13393010177439
3491.0,3.4909999999999997,8.136430101774401
3491.5,3.491500000000002,8.138930101774413
3492.0,3.4919999999999973,8.131744213360754
3492.5,3.4924999999999997,8.134244213360766
3493.0,3.493000000000002,8.136744213360778
3493.5,3.4934999999999974,8.12946636734928
3494.0,3.4939999999999998,8.131966367349293
3494.5,3.494500000000002,8.134466367349305
3495.0,3.4949999999999974,8.127114966217164
3495.5,3.4955,8.129614966217176
3496.0,3.496000000000002,8.132114966217188
3496.5,3.4964999999999975,8.124707975622663
3497.0,3.497,8.127207975622674
3497.5,3.4975000000000023,8.129707975622686
3498.0,3.4979999999999976,8.122271350471095
3498.5,3.4985,8.124771350471107
3499.0,3.4990000000000023,8.12727135047112
3499.5,3.4994999999999976,8.119842945611389
3500.0,3.5,8.1223429456114
3500.5,3.5005000000000024,8.124842945611412
3501.0,3.5009999999999977,8.117450763170275
3501.5,3.5015,8.119950763170287
3502.0,3.5020000000000024,8.1224507631703
3502.5,3.5024999999999977,8.115127439936671
3503.0,3.503,8.117627439936683
3503.5,3.5035000000000025,8.120127439936695
3504.0,3.503999999999998,8.112911482630771
3504.5,3.5045,8.115411482630783
3505.0,3.5050000000000026,8.117911482630795
3505.5,3.505499999999998,8.110818569415486
3506.0,3.5060000000000002,8.113318569415497
3506.5,3.5065000000000026,8.11581856941551
3507.0,3.506999999999998,8.108879194034095
3507.5,3.5075000000000003,8.111379194034107
3508.0,3.5080000000000027,8.11387919403412
3508.5,3.508499999999998,8.107096412613437
3509.0,3.5090000000000003,8.109596412613449
3509.5,3.5095000000000027,8.112096412613461
3510.0,3.509999999999998,8.105437921975849
3510.5,3.5105000000000004,8.10793792197586
3511.0,3.511000000000003,8.110437921975873
3511.5,3.511499999999998,8.103871061977088
3512.0,3.5120000000000005,8.1063710619771
3512.5,3.512500000000003,8.108871061977112
3513.0,3.512999999999998,8.10234583708695
3513.5,3.5135000000000005,8.104845837086962
3514.0,3.514000000000003,8.107345837086974
3514.5,3.514499999999998,8.100817026870608
3515.0,3.5150000000000006,8.10331702687062
3515.5,3.515500000000003,8.105817026870632
3516.0,3.5159999999999982,8.099245436874156
3516.5,3.5165000000000006,8.101745436874168
3517.0,3.517000000000003,8.10424543687418
3517.5,3.5174999999999983,8.097602410782763
3518.0,3.5180000000000007,8.100102410782775
3518.5,3.518500000000003,8.102602410782787
3519.0,3.5189999999999984,8.095853525506627
3519.5,3.5195000000000007,8.098353525506639
3520.0,3.520000000000003,8.10085352550665
3520.5,3.5204999999999984,8.093981749273702
3521.0,3.521000000000001,8.096481749273714
3521.5,3.521500000000003,8.098981749273726
3522.0,3.5219999999999985,8.09196575792054
3522.5,3.522500000000001,8.094465757920553
3523.0,3.5230000000000032,8.096965757920564
3523.5,3.5234999999999985,8.089829815071141
3524.0,3.524000000000001,8.092329815071153
3524.5,3.5245000000000033,8.094829815071165
3525.0,3.5249999999999986,8.087582252813412
3525.5,3.525500000000001,8.090082252813424
3526.0,3.5260000000000034,8.092582252813436
3526.5,3.5264999999999986,8.085249692423702
3527.0,3.527000000000001,8.087749692423714
3527.5,3.5274999999999963,8.09024969242369
3528.0,3.5279999999999987,8.082868561637397
3528.5,3.528500000000001,8.08536856163741
3529.0,3.5290000000000035,8.087868561637421
3529.5,3.5294999999999987,8.080471529752877
3530.0,3.530000000000001,8.08297152975289
3530.5,3.5304999999999964,8.085471529752866
3531.0,3.530999999999999,8.078106162652112
3531.5,3.531500000000001,8.080606162652124
3532.0,3.5320000000000036,8.083106162652136
3532.5,3.532499999999999,8.075832939390715
3533.0,3.5330000000000013,8.078332939390727
3533.5,3.5334999999999965,8.080832939390703
3534.0,3.533999999999999,8.073696309798386
3534.5,3.5345000000000013,8.076196309798398
3535.0,3.5350000000000037,8.07869630979841
3535.5,3.535499999999999,8.071710870662407
3536.0,3.5360000000000014,8.07421087066242
3536.5,3.5364999999999966,8.076710870662396
3537.0,3.536999999999999,8.069884192982784
3537.5,3.5375000000000014,8.072384192982796
3538.0,3.538000000000004,8.074884192982807
3538.5,3.538499999999999,8.068197265767587
3539.0,3.5390000000000015,8.070697265767599
3539.5,3.5394999999999968,8.073197265767575
3540.0,3.539999999999999,8.066617969448266
3540.5,3.5405000000000015,8.069117969448278
3541.0,3.540999999999997,8.071617969448255
3541.5,3.541499999999999,8.065113797714218
3542.0,3.5420000000000016,8.06761379771423
3542.5,3.542499999999997,8.070113797714207
3543.0,3.5429999999999993,8.063622026390824
3543.5,3.5435000000000016,8.066122026390836
3544.0,3.543999999999997,8.068622026390813
3544.5,3.5444999999999993,8.062090198988265
3545.0,3.5450000000000017,8.064590198988277
3545.5,3.545499999999997,8.067090198988254
3546.0,3.5459999999999994,8.060485512600657
3546.5,3.5465000000000018,8.062985512600669
3547.0,3.546999999999997,8.065485512600645
3547.5,3.5474999999999994,8.0587683243672
3548.0,3.548000000000002,8.061268324367212
3548.5,3.548499999999997,8.063768324367189
3549.0,3.5489999999999995,8.0662683243672
3549.5,3.549500000000002,8.059412573573823
3550.0,3.549999999999997,8.0619125735738
3550.5,3.5504999999999995,8.064412573573811
3551.0,3.551000000000002,8.057394290999795
3551.5,3.551499999999997,8.059894290999772
3552.0,3.5519999999999996,8.062394290999784
3552.5,3.552500000000002,8.05519458686156
3553.0,3.5529999999999973,8.057694586861537
3553.5,3.5534999999999997,8.060194586861549
3554.0,3.554000000000002,8.052828392389486
3554.5,3.5544999999999973,8.055328392389463
3555.0,3.5549999999999997,8.057828392389474
3555.5,3.555500000000002,8.050298574592993
3556.0,3.5559999999999974,8.05279857459297
3556.5,3.5564999999999998,8.055298574592982
3557.0,3.557000000000002,8.047625114095744
3557.5,3.5574999999999974,8.05012511409572
3558.0,3.558,8.052625114095733
3558.5,3.558500000000002,8.044836681516827
3559.0,3.5589999999999975,8.047336681516803
3559.5,3.5595,8.049836681516815
3560.0,3.5600000000000023,8.041960820435108
3560.5,3.5604999999999976,8.044460820435084
3561.0,3.561,8.046960820435096
3561.5,3.5615000000000023,8.039026931591593
3562.0,3.5619999999999976,8.04152693159157
3562.5,3.5625,8.044026931591581
3563.0,3.5630000000000024,8.036069796787295
3563.5,3.5634999999999977,8.038569796787272
3564.0,3.564,8.041069796787284
3564.5,3.5645000000000024,8.033103433943012
3565.0,3.5649999999999977,8.035603433942988
3565.5,3.5655,8.038103433943
3566.0,3.5660000000000025,8.030150942939436
3566.5,3.566499999999998,8.032650942939412
3567.0,3.567,8.035150942939424
3567.5,3.5675000000000026,8.027238746971541
3568.0,3.567999999999998,8.029738746971518
3568.5,3.5685000000000002,8.03223874697153
3569.0,3.5690000000000026,8.02437080626067
3569.5,3.569499999999998,8.026870806260646
3570.0,3.5700000000000003,8.029370806260658
3570.5,3.5705000000000027,8.02155775931599
3571.0,3.570999999999998,8.024057759315966
3571.5,3.5715000000000003,8.026557759315978
3572.0,3.5720000000000027,8.018808816412708
3572.5,3.572499999999998,8.021308816412684
3573.0,3.5730000000000004,8.023808816412696
3573.5,3.573500000000003,8.016108441889287
3574.0,3.573999999999998,8.018608441889263
3574.5,3.5745000000000005,8.021108441889275
3575.0,3.575000000000003,8.01343943887467
3575.5,3.575499999999998,8.015939438874646
3576.0,3.5760000000000005,8.018439438874658
3576.5,3.576500000000003,8.010760466158224
3577.0,3.576999999999998,8.0132604661582
3577.5,3.5775000000000006,8.015760466158213
3578.0,3.578000000000003,8.008039699991407
3578.5,3.5784999999999982,8.010539699991384
3579.0,3.5790000000000006,8.013039699991396
3579.5,3.579500000000003,8.0052435583438
3580.0,3.5799999999999983,8.007743558343776
3580.5,3.5805000000000007,8.010243558343788
3581.0,3.581000000000003,8.00232967890146
3581.5,3.5814999999999984,8.004829678901437
3582.0,3.5820000000000007,8.00732967890145
3582.5,3.582500000000003,7.999282569807384
3583.0,3.5829999999999984,8.00178256980736
3583.5,3.583500000000001,8.004282569807373
3584.0,3.584000000000003,7.996127367639083
3584.5,3.5844999999999985,7.99862736763906
3585.0,3.585000000000001,8.001127367639072
3585.5,3.5855000000000032,7.992903997974032
3586.0,3.5859999999999985,7.995403997974009
3586.5,3.586500000000001,7.997903997974021
3587.0,3.5870000000000033,7.989619892963162
3587.5,3.5874999999999986,7.992119892963139
3588.0,3.588000000000001,7.994619892963151
3588.5,3.5885000000000034,7.986301728624561
3589.0,3.5889999999999986,7.988801728624537
3589.5,3.589500000000001,7.991301728624549
3590.0,3.5899999999999963,7.9829602049087
3590.5,3.5904999999999987,7.985460204908712
3591.0,3.591000000000001,7.987960204908724
3591.5,3.5915000000000035,7.979599524121568
3592.0,3.5919999999999987,7.982099524121544
3592.5,3.592500000000001,7.984599524121556
3593.0,3.5929999999999964,7.976234849305399
3593.5,3.593499999999999,7.978734849305411
3594.0,3.594000000000001,7.981234849305423
3594.5,3.5945000000000036,7.972869435199641
3595.0,3.594999999999999,7.975369435199617
3595.5,3.5955000000000013,7.977869435199629
3596.0,3.5959999999999965,7.969521149210195
3596.5,3.596499999999999,7.972021149210207
3597.0,3.5970000000000013,7.974521149210219
3597.5,3.5975000000000037,7.9662327568713565
3598.0,3.597999999999999,7.968732756871333
3598.5,3.5985000000000014,7.971232756871345
3599.0,3.5989999999999966,7.9630390504081205
3599.5,3.599499999999999,7.9655390504081325
3600.0,3.6000000000000014,7.968039050408144
3600.5,3.600500000000004,7.959981337930344
3601.0,3.600999999999999,7.9624813379303205
3601.5,3.6015000000000015,7.9649813379303325
3602.0,3.6019999999999968,7.957094756127283
3602.5,3.602499999999999,7.959594756127295
3603.0,3.6030000000000015,7.962094756127307
3603.5,3.603499999999997,7.954401610652724
3604.0,3.603999999999999,7.956901610652736
3604.5,3.6045000000000016,7.959401610652748
3605.0,3.604999999999997,7.951894839562819
3605.5,3.6054999999999993,7.9543948395628306
3606.0,3.6060000000000016,7.9568948395628425
3606.5,3.606499999999997,7.949569469889397
3607.0,3.6069999999999993,7.952069469889409
3607.5,3.6075000000000017,7.954569469889421
3608.0,3.607999999999997,7.947409696507357
3608.5,3.6084999999999994,7.949909696507369
3609.0,3.6090000000000018,7.952409696507381
3609.5,3.609499999999997,7.945358919791374
3610.0,3.6099999999999994,7.947858919791386
3610.5,3.610500000000002,7.950358919791398
3611.0,3.610999999999997,7.943344325120556
3611.5,3.6114999999999995,7.945844325120568
3612.0,3.612000000000002,7.94834432512058
3612.5,3.612499999999997,7.941315966680058
3613.0,3.6129999999999995,7.94381596668007
3613.5,3.613500000000002,7.946315966680082
3614.0,3.613999999999997,7.939218787336202
3614.5,3.6144999999999996,7.941718787336214
3615.0,3.615000000000002,7.944218787336226
3615.5,3.6154999999999973,7.936998658733074
3616.0,3.6159999999999997,7.939498658733086
3616.5,3.616500000000002,7.941998658733098
3617.0,3.6169999999999973,7.934621347494932
3617.5,3.6174999999999997,7.937121347494944
3618.0,3.618000000000002,7.939621347494956
3618.5,3.6184999999999974,7.932074242407339
3619.0,3.6189999999999998,7.934574242407351
3619.5,3.619500000000002,7.937074242407363
3620.0,3.6199999999999974,7.929347231257005
3620.5,3.6205,7.9318472312570165
3621.0,3.621000000000002,7.9343472312570285
3621.5,3.6214999999999975,7.926453595252347
3622.0,3.622,7.928953595252359
3622.5,3.6225000000000023,7.931453595252371
3623.0,3.6229999999999976,7.923434738868735
3623.5,3.6235,7.925934738868747
3624.0,3.6240000000000023,7.928434738868759
3624.5,3.6244999999999976,7.930934738868736
3625.0,3.625,7.922842744108358
3625.5,3.6255000000000024,7.92534274410837
3626.0,3.6259999999999977,7.9278427441083466
3626.5,3.6265,7.919691109630342
3627.0,3.6270000000000024,7.922191109630354
3627.5,3.6274999999999977,7.924691109630331
3628.0,3.628,7.916519131302486
3628.5,3.6285000000000025,7.919019131302498
3629.0,3.628999999999998,7.921519131302475
3629.5,3.6295,7.913366351299551
3630.0,3.6300000000000026,7.915866351299563
3630.5,3.630499999999998,7.9183663512995395
3631.0,3.6310000000000002,7.910264159637563
3631.5,3.6315000000000026,7.912764159637575
3632.0,3.631999999999998,7.915264159637552
3632.5,3.6325000000000003,7.90726099001386
3633.0,3.6330000000000027,7.909760990013872
3633.5,3.633499999999998,7.9122609900138485
3634.0,3.6340000000000003,7.904395368804558
3634.5,3.6345000000000027,7.90689536880457
3635.0,3.634999999999998,7.909395368804546
3635.5,3.6355000000000004,7.9017001502728235
3636.0,3.636000000000003,7.904200150272835
3636.5,3.636499999999998,7.906700150272812
3637.0,3.6370000000000005,7.899192456768986
3637.5,3.637500000000003,7.901692456768998
3638.0,3.637999999999998,7.904192456768975
3638.5,3.6385000000000005,7.896889665410605
3639.0,3.639000000000003,7.899389665410617
3639.5,3.639499999999998,7.901889665410593
3640.0,3.6400000000000006,7.894768935437
3640.5,3.640500000000003,7.897268935437012
3641.0,3.6409999999999982,7.899768935436988
3641.5,3.6415000000000006,7.8928062620286354
3642.0,3.642000000000003,7.895306262028647
3642.5,3.6424999999999983,7.897806262028624
3643.0,3.6430000000000007,7.89098571026706
3643.5,3.643500000000003,7.893485710267072
3644.0,3.6439999999999984,7.895985710267048
3644.5,3.6445000000000007,7.889272101681257
3645.0,3.645000000000003,7.891772101681269
3645.5,3.6454999999999984,7.894272101681246
3646.0,3.646000000000001,7.8875943342001875
3646.5,3.646500000000003,7.8900943342001995
3647.0,3.6469999999999985,7.892594334200176
3647.5,3.647500000000001,7.885892128609306
3648.0,3.6480000000000032,7.888392128609318
3648.5,3.6484999999999985,7.890892128609295
3649.0,3.649000000000001,7.884113316813277
3649.5,3.6495000000000033,7.886613316813289
3650.0,3.6499999999999986,7.889113316813265
3650.5,3.650500000000001,7.8822052200348125
3651.0,3.6510000000000034,7.884705220034824
3651.5,3.6514999999999986,7.887205220034801
3652.0,3.652000000000001,7.880138377003156
3652.5,3.6524999999999963,7.882638377003133
3653.0,3.6529999999999987,7.885138377003145
3653.5,3.653500000000001,7.8778982125306385
3654.0,3.6540000000000035,7.88039821253065
3654.5,3.6544999999999987,7.882898212530627
3655.0,3.655000000000001,7.875476443164082
3655.5,3.6554999999999964,7.877976443164059
3656.0,3.655999999999999,7.880476443164071
3656.5,3.656500000000001,7.872888830676565
3657.0,3.6570000000000036,7.875388830676577
3657.5,3.657499999999999,7.877888830676554
3658.0,3.6580000000000013,7.870174598723665
3658.5,3.6584999999999965,7.872674598723641
3659.0,3.658999999999999,7.875174598723653
3659.5,3.6595000000000013,7.867389545778032
3660.0,3.6600000000000037,7.869889545778044
3660.5,3.660499999999999,7.87238954577802
3661.0,3.6610000000000014,7.864601300186571
3661.5,3.6614999999999966,7.8671013001865475
3662.0,3.661999999999999,7.8696013001865595
3662.5,3.6625000000000014,7.8618481641268545
3663.0,3.663000000000004,7.864348164126866
3663.5,3.663499999999999,7.866848164126843
3664.0,3.6640000000000015,7.8591657450803964
3664.5,3.6644999999999968,7.861665745080373
3665.0,3.664999999999999,7.864165745080385
3665.5,3.6655000000000015,7.85658663139003
3666.0,3.665999999999997,7.8590866313900065
3666.5,3.666499999999999,7.8615866313900185
3667.0,3.6670000000000016,7.854121783112262
3667.5,3.667499999999997,7.856621783112239
3668.0,3.6679999999999993,7.859121783112251
3668.5,3.6685000000000016,7.85180190693147
3669.0,3.668999999999997,7.854301906931447
3669.5,3.6694999999999993,7.856801906931459
3670.0,3.6700000000000017,7.849632634786872
3670.5,3.670499999999997,7.852132634786848
3671.0,3.6709999999999994,7.85463263478686
3671.5,3.6715000000000018,7.847632061072751
3672.0,3.671999999999997,7.850132061072728
3672.5,3.6724999999999994,7.85263206107274
3673.0,3.673000000000002,7.845796590522411
3673.5,3.673499999999997,7.848296590522388
3674.0,3.6739999999999995,7.8507965905224
3674.5,3.674500000000002,7.844103922137116
3675.0,3.674999999999997,7.846603922137092
3675.5,3.6754999999999995,7.849103922137104
3676.0,3.676000000000002,7.842499528067819
3676.5,3.676499999999997,7.844999528067795
3677.0,3.6769999999999996,7.847499528067807
3677.5,3.677500000000002,7.8409332940474386
3678.0,3.6779999999999973,7.843433294047415
3678.5,3.6784999999999997,7.845933294047427
3679.0,3.679000000000002,7.839355880165613
3679.5,3.6794999999999973,7.841855880165589
3680.0,3.6799999999999997,7.844355880165601
3680.5,3.680500000000002,7.837733198382928
3681.0,3.6809999999999974,7.840233198382904
3681.5,3.6814999999999998,7.842733198382916
3682.0,3.682000000000002,7.836018315489994
3682.5,3.6824999999999974,7.838518315489971
3683.0,3.683,7.841018315489983
3683.5,3.683500000000002,7.83417888822644
3684.0,3.6839999999999975,7.836678888226416
3684.5,3.6845,7.839178888226428
3685.0,3.6850000000000023,7.832195149031556
3685.5,3.6854999999999976,7.834695149031532
3686.0,3.686,7.837195149031544
3686.5,3.6865000000000023,7.830053614093586
3687.0,3.6869999999999976,7.8325536140935625
3687.5,3.6875,7.8350536140935745
3688.0,3.6880000000000024,7.827740962570076
3688.5,3.6884999999999977,7.830240962570052
3689.0,3.689,7.832740962570064
3689.5,3.6895000000000024,7.825222128160405
3690.0,3.6899999999999977,7.8277221281603815
3690.5,3.6905,7.830222128160393
3691.0,3.6910000000000025,7.822488955930389
3691.5,3.691499999999998,7.824988955930365
3692.0,3.692,7.827488955930377
3692.5,3.6925000000000026,7.819563979207906
3693.0,3.692999999999998,7.822063979207883
3693.5,3.6935000000000002,7.824563979207895
3694.0,3.6940000000000026,7.816494356587356
3694.5,3.694499999999998,7.818994356587332
3695.0,3.6950000000000003,7.821494356587344
3695.5,3.6955000000000027,7.813335925273854
3696.0,3.695999999999998,7.815835925273831
3696.5,3.6965000000000003,7.818335925273843
3697.0,3.6970000000000027,7.810146724324589
3697.5,3.697499999999998,7.812646724324566
3698.0,3.6980000000000004,7.815146724324578
3698.5,3.698500000000003,7.806996952578444
3699.0,3.698999999999998,7.809496952578421
3699.5,3.6995000000000005,7.811996952578433
3700.0,3.700000000000003,7.814496952578445
3700.5,3.700499999999998,7.806425635412246
3701.0,3.7010000000000005,7.808925635412258
3701.5,3.701500000000003,7.81142563541227
3702.0,3.701999999999998,7.803458505045775
3702.5,3.7025000000000006,7.805958505045787
3703.0,3.703000000000003,7.808458505045799
3703.5,3.7034999999999982,7.800600814498928
3704.0,3.7040000000000006,7.80310081449894
3704.5,3.704500000000003,7.805600814498952
3705.0,3.7049999999999983,7.797832196042513
3705.5,3.7055000000000007,7.800332196042525
3706.0,3.706000000000003,7.802832196042537
3706.5,3.7064999999999984,7.79513574952535
3707.0,3.7070000000000007,7.797635749525362
3707.5,3.707500000000003,7.800135749525374
3708.0,3.7079999999999984,7.792466589303935
3708.5,3.708500000000001,7.794966589303947
3709.0,3.709000000000003,7.7974665893039585
3709.5,3.7094999999999985,7.78977457604487
3710.0,3.710000000000001,7.792274576044882
3710.5,3.7105000000000032,7.794774576044894
3711.0,3.7109999999999985,7.78703739672995
3711.5,3.711500000000001,7.789537396729962
3712.0,3.7120000000000033,7.792037396729974
3712.5,3.7124999999999986,7.784231253353475
3713.0,3.713000000000001,7.786731253353487
3713.5,3.7135000000000034,7.789231253353499
3714.0,3.7139999999999986,7.781319392950614
3714.5,3.714500000000001,7.783819392950626
3715.0,3.7149999999999963,7.7863193929506025
3715.5,3.7154999999999987,7.7782896137969715
3716.0,3.716000000000001,7.780789613796983
3716.5,3.7165000000000035,7.783289613796995
3717.0,3.7169999999999987,7.77512622950141
3717.5,3.717500000000001,7.777626229501422
3718.0,3.7179999999999964,7.780126229501398
3718.5,3.718499999999999,7.771818005909097
3719.0,3.719000000000001,7.774318005909109
3719.5,3.7195000000000036,7.776818005909121
3720.0,3.719999999999999,7.768346884230333
3720.5,3.7205000000000013,7.770846884230345
3721.0,3.7209999999999965,7.773346884230321
3721.5,3.721499999999999,7.764697909519498
3722.0,3.7220000000000013,7.76719790951951
3722.5,3.7225000000000037,7.769697909519522
3723.0,3.722999999999999,7.760876842260949
3723.5,3.7235000000000014,7.763376842260961
3724.0,3.7239999999999966,7.765876842260937
3724.5,3.724499999999999,7.756915348578737
3725.0,3.7250000000000014,7.759415348578749
3725.5,3.725500000000004,7.761915348578761
3726.0,3.725999999999999,7.752814030649056
3726.5,3.7265000000000015,7.7553140306490675
3727.0,3.7269999999999968,7.757814030649044
3727.5,3.727499999999999,7.748584193306307
3728.0,3.7280000000000015,7.751084193306319
3728.5,3.728499999999997,7.7535841933062954
3729.0,3.728999999999999,7.74427649796845
3729.5,3.7295000000000016,7.746776497968462
3730.0,3.729999999999997,7.749276497968438
3730.5,3.7304999999999993,7.739952090394588
3731.0,3.7310000000000016,7.7424520903946
3731.5,3.731499999999997,7.744952090394577
3732.0,3.7319999999999993,7.735667243237145
3732.5,3.7325000000000017,7.738167243237157
3733.0,3.732999999999997,7.740667243237134
3733.5,3.7334999999999994,7.731478256224555
3734.0,3.7340000000000018,7.733978256224567
3734.5,3.734499999999997,7.736478256224544
3735.0,3.7349999999999994,7.727436800512848
3735.5,3.735500000000002,7.72993680051286
3736.0,3.735999999999997,7.732436800512836
3736.5,3.7364999999999995,7.723567030734415
3737.0,3.737000000000002,7.726067030734427
3737.5,3.737499999999997,7.728567030734403
3738.0,3.7379999999999995,7.719870883270161
3738.5,3.738500000000002,7.722370883270173
3739.0,3.738999999999997,7.72487088327015
3739.5,3.7394999999999996,7.716335846556248
3740.0,3.740000000000002,7.71883584655626
3740.5,3.7404999999999973,7.7213358465562365
3741.0,3.7409999999999997,7.712917876860885
3741.5,3.741500000000002,7.715417876860897
3742.0,3.7419999999999973,7.717917876860874
3742.5,3.7424999999999997,7.709592424614762
3743.0,3.743000000000002,7.712092424614774
3743.5,3.7434999999999974,7.71459242461475
3744.0,3.7439999999999998,7.706324727359259
3744.5,3.744500000000002,7.708824727359271
3745.0,3.7449999999999974,7.711324727359248
3745.5,3.7455,7.703089824683538
3746.0,3.746000000000002,7.70558982468355
3746.5,3.7464999999999975,7.708089824683526
3747.0,3.747,7.699849587139624
3747.5,3.7475000000000023,7.702349587139636
3748.0,3.7479999999999976,7.704849587139613
3748.5,3.7485,7.696584116151044
3749.0,3.7490000000000023,7.699084116151056
3749.5,3.7494999999999976,7.701584116151032
3750.0,3.75,7.69327585661518
3750.5,3.7505000000000024,7.695775856615192
3751.0,3.7509999999999977,7.698275856615169
3751.5,3.7515,7.689908917874675
3752.0,3.7520000000000024,7.692408917874687
3752.5,3.7524999999999977,7.694908917874663
3753.0,3.753,7.686469016478199
3753.5,3.7535000000000025,7.688969016478211
3754.0,3.753999999999998,7.691469016478187
3754.5,3.7545,7.682970951682684
3755.0,3.7550000000000026,7.685470951682696
3755.5,3.755499999999998,7.687970951682672
3756.0,3.7560000000000002,7.679445826507774
3756.5,3.7565000000000026,7.681945826507786
3757.0,3.756999999999998,7.684445826507762
3757.5,3.7575000000000003,7.675902273136792
3758.0,3.7580000000000027,7.678402273136804
3758.5,3.758499999999998,7.68090227313678
3759.0,3.7590000000000003,7.672370975412264
3759.5,3.7595000000000027,7.674870975412276
3760.0,3.759999999999998,7.677370975412252
3760.5,3.7605000000000004,7.668899507802145
3761.0,3.761000000000003,7.671399507802157
3761.5,3.761499999999998,7.673899507802133
3762.0,3.7620000000000005,7.665515469185031
3762.5,3.762500000000003,7.668015469185043
3763.0,3.762999999999998,7.67051546918502
3763.5,3.7635000000000005,7.662236164179035
3764.0,3.764000000000003,7.664736164179047
3764.5,3.764499999999998,7.667236164179023
3765.0,3.7650000000000006,7.6590759917590745
3765.5,3.765500000000003,7.661575991759086
3766.0,3.7659999999999982,7.664075991759063
3766.5,3.7665000000000006,7.656045769119544
3767.0,3.767000000000003,7.658545769119556
3767.5,3.7674999999999983,7.661045769119532
3768.0,3.7680000000000007,7.653170060337615
3768.5,3.768500000000003,7.655670060337627
3769.0,3.7689999999999984,7.6581700603376035
3769.5,3.7695000000000007,7.650475896996625
3770.0,3.770000000000003,7.652975896996637
3770.5,3.7704999999999984,7.655475896996613
3771.0,3.771000000000001,7.647988081673418
3771.5,3.771500000000003,7.65048808167343
3772.0,3.7719999999999985,7.652988081673406
3772.5,3.772500000000001,7.645681304355385
3773.0,3.7730000000000032,7.648181304355397
3773.5,3.7734999999999985,7.650681304355373
3774.0,3.774000000000001,7.6435266561859905
3774.5,3.7745000000000033,7.646026656186002
3775.0,3.7749999999999986,7.648526656185979
3775.5,3.775500000000001,7.651026656185991
3776.0,3.7760000000000034,7.643989097618267
3776.5,3.7764999999999986,7.646489097618243
3777.0,3.777000000000001,7.648989097618255
3777.5,3.7774999999999963,7.642020353176449
3778.0,3.7779999999999987,7.6445203531764605
3778.5,3.778500000000001,7.647020353176472
3779.0,3.7790000000000035,7.640084931243543
3779.5,3.7794999999999987,7.642584931243519
3780.0,3.780000000000001,7.645084931243531
3780.5,3.7804999999999964,7.6381396384974565
3781.0,3.780999999999999,7.640639638497468
3781.5,3.781500000000001,7.64313963849748
3782.0,3.7820000000000036,7.636148010939756
3782.5,3.782499999999999,7.638648010939733
3783.0,3.7830000000000013,7.6411480109397445
3783.5,3.7834999999999965,7.634093544750229
3784.0,3.783999999999999,7.636593544750241
3784.5,3.7845000000000013,7.639093544750253
3785.0,3.7850000000000037,7.631958316377094
3785.5,3.785499999999999,7.634458316377071
3786.0,3.7860000000000014,7.636958316377083
3786.5,3.7864999999999966,7.629754805387741
3787.0,3.786999999999999,7.632254805387753
3787.5,3.7875000000000014,7.6347548053877645
3788.0,3.788000000000004,7.627502793717085
3788.5,3.788499999999999,7.630002793717061
3789.0,3.7890000000000015,7.632502793717073
3789.5,3.7894999999999968,7.625218402837177
3790.0,3.789999999999999,7.627718402837189
3790.5,3.7905000000000015,7.630218402837201
3791.0,3.790999999999997,7.622939540216365
3791.5,3.791499999999999,7.625439540216377
3792.0,3.7920000000000016,7.6279395402163885
3792.5,3.792499999999997,7.620704310975981
3793.0,3.7929999999999993,7.623204310975993
3793.5,3.7935000000000016,7.625704310976005
3794.0,3.793999999999997,7.618538683317624
3794.5,3.7944999999999993,7.621038683317636
3795.0,3.7950000000000017,7.623538683317648
3795.5,3.795499999999997,7.616470670535307
3796.0,3.7959999999999994,7.618970670535319
3796.5,3.7965000000000018,7.621470670535331
3797.0,3.796999999999997,7.614504111430556
3797.5,3.7974999999999994,7.6170041114305675
3798.0,3.798000000000002,7.6195041114305795
3798.5,3.798499999999997,7.612658476072127
3799.0,3.7989999999999995,7.615158476072139
3799.5,3.799500000000002,7.617658476072151
3800.0,3.799999999999997,7.610918719198558
3800.5,3.8004999999999995,7.61341871919857
3801.0,3.801000000000002,7.615918719198582
3801.5,3.801499999999997,7.6092485884487715
3802.0,3.8019999999999996,7.611748588448783
3802.5,3.802500000000002,7.614248588448795
3803.0,3.8029999999999973,7.607579124598018
3803.5,3.8034999999999997,7.61007912459803
3804.0,3.804000000000002,7.612579124598042
3804.5,3.8044999999999973,7.605877553057994
3805.0,3.8049999999999997,7.608377553058006
3805.5,3.805500000000002,7.6108775530580175
3806.0,3.8059999999999974,7.604120736067195
3806.5,3.8064999999999998,7.606620736067207
3807.0,3.807000000000002,7.609120736067219
3807.5,3.8074999999999974,7.602276033085182
3808.0,3.808,7.604776033085194
3808.5,3.808500000000002,7.607276033085206
3809.0,3.8089999999999975,7.600328001869308
3809.5,3.8095,7.6028280018693195
3810.0,3.8100000000000023,7.6053280018693314
3810.5,3.8104999999999976,7.59824417649245
3811.0,3.811,7.600744176492462
3811.5,3.8115000000000023,7.603244176492474
3812.0,3.8119999999999976,7.595990161883535
3812.5,3.8125,7.5984901618835465
3813.0,3.8130000000000024,7.6009901618835585
3813.5,3.8134999999999977,7.593575500943892
3814.0,3.814,7.596075500943904
3814.5,3.8145000000000024,7.598575500943916
3815.0,3.8149999999999977,7.591001147153236
3815.5,3.8155,7.593501147153248
3816.0,3.8160000000000025,7.59600114715326
3816.5,3.816499999999998,7.588284510676004
3817.0,3.817,7.590784510676016
3817.5,3.8175000000000026,7.593284510676028
3818.0,3.817999999999998,7.585460053116755
3818.5,3.8185000000000002,7.587960053116767
3819.0,3.8190000000000026,7.590460053116779
3819.5,3.819499999999998,7.582548769617574
3820.0,3.8200000000000003,7.585048769617586
3820.5,3.8205000000000027,7.587548769617598
3821.0,3.820999999999998,7.579575876469775
3821.5,3.8215000000000003,7.582075876469787
3822.0,3.8220000000000027,7.584575876469799
3822.5,3.822499999999998,7.576567151571361
3823.0,3.8230000000000004,7.579067151571373
3823.5,3.823500000000003,7.5815671515713845
3824.0,3.823999999999998,7.573540012581255
3824.5,3.8245000000000005,7.576040012581267
3825.0,3.825000000000003,7.5785400125812785
3825.5,3.825499999999998,7.570519247846583
3826.0,3.8260000000000005,7.573019247846595
3826.5,3.826500000000003,7.575519247846607
3827.0,3.826999999999998,7.567512265577854
3827.5,3.8275000000000006,7.570012265577866
3828.0,3.828000000000003,7.572512265577878
3828.5,3.8284999999999982,7.56451603521942
3829.0,3.8290000000000006,7.567016035219432
3829.5,3.829500000000003,7.5695160352194435
3830.0,3.8299999999999983,7.5615334446884575
3830.5,3.8305000000000007,7.564033444688469
3831.0,3.831000000000003,7.566533444688481
3831.5,3.8314999999999984,7.558562035905112
3832.0,3.8320000000000007,7.561062035905124
3832.5,3.832500000000003,7.563562035905136
3833.0,3.8329999999999984,7.555583472296554
3833.5,3.833500000000001,7.558083472296566
3834.0,3.834000000000003,7.560583472296578
3834.5,3.8344999999999985,7.552587946636997
3835.0,3.835000000000001,7.555087946637009
3835.5,3.8355000000000032,7.557587946637021
3836.0,3.8359999999999985,7.549527460725507
3836.5,3.836500000000001,7.552027460725519
3837.0,3.8370000000000033,7.554527460725531
3837.5,3.8374999999999986,7.546325240096579
3838.0,3.838000000000001,7.5488252400965905
3838.5,3.8385000000000034,7.551325240096602
3839.0,3.8389999999999986,7.542947812908629
3839.5,3.839500000000001,7.545447812908641
3840.0,3.8399999999999963,7.5479478129086175
3840.5,3.8404999999999987,7.539355826260881
3841.0,3.841000000000001,7.541855826260893
3841.5,3.8415000000000035,7.5443558262609045
3842.0,3.8419999999999987,7.535524139624137
3842.5,3.842500000000001,7.538024139624149
3843.0,3.8429999999999964,7.540524139624125
3843.5,3.843499999999999,7.531464852280507
3844.0,3.844000000000001,7.533964852280519
3844.5,3.8445000000000036,7.536464852280531
3845.0,3.844999999999999,7.527243286187861
3845.5,3.8455000000000013,7.529743286187873
3846.0,3.8459999999999965,7.53224328618785
3846.5,3.846499999999999,7.522892290416117
3847.0,3.8470000000000013,7.525392290416129
3847.5,3.8475000000000037,7.5278922904161405
3848.0,3.847999999999999,7.518455692695198
3848.5,3.8485000000000014,7.52095569269521
3849.0,3.8489999999999966,7.523455692695187
3849.5,3.849499999999999,7.513979234465751
3850.0,3.8500000000000014,7.516479234465763
3850.5,3.850500000000004,7.518979234465775
3851.0,3.850999999999999,7.521479234465751
3851.5,3.8515000000000015,7.511985437243496
3852.0,3.8519999999999968,7.514485437243472
3852.5,3.852499999999999,7.516985437243484
3853.0,3.8530000000000015,7.507513354864628
3853.5,3.853499999999997,7.510013354864604
3854.0,3.853999999999999,7.512513354864616
3854.5,3.8545000000000016,7.5031078748854085
3855.0,3.854999999999997,7.505607874885385
3855.5,3.8554999999999993,7.508107874885397
3856.0,3.8560000000000016,7.4988007413214675
3856.5,3.856499999999997,7.501300741321444
3857.0,3.8569999999999993,7.503800741321456
3857.5,3.8575000000000017,7.494621999674642
3858.0,3.857999999999997,7.497121999674619
3858.5,3.8584999999999994,7.4996219996746305
3859.0,3.8590000000000018,7.490614998064942
3859.5,3.859499999999997,7.493114998064918
3860.0,3.8599999999999994,7.49561499806493
3860.5,3.860500000000002,7.486799948614404
3861.0,3.860999999999997,7.489299948614381
3861.5,3.8614999999999995,7.491799948614393
3862.0,3.862000000000002,7.483192772376661
3862.5,3.862499999999997,7.4856927723766375
3863.0,3.8629999999999995,7.4881927723766495
3863.5,3.863500000000002,7.479821129235056
3864.0,3.863999999999997,7.482321129235032
3864.5,3.8644999999999996,7.484821129235044
3865.0,3.865000000000002,7.476685265692495
3865.5,3.8654999999999973,7.479185265692472
3866.0,3.8659999999999997,7.481685265692484
3866.5,3.866500000000002,7.473788544761035
3867.0,3.8669999999999973,7.476288544761012
3867.5,3.8674999999999997,7.478788544761024
3868.0,3.868000000000002,7.471123145483851
3868.5,3.8684999999999974,7.473623145483828
3869.0,3.8689999999999998,7.4761231454838395
3869.5,3.869500000000002,7.468645124015758
3870.0,3.8699999999999974,7.4711451240157345
3870.5,3.8705,7.473645124015746
3871.0,3.871000000000002,7.46630495590054
3871.5,3.8714999999999975,7.4688049559005165
3872.0,3.872,7.4713049559005285
3872.5,3.8725000000000023,7.4640476780002984
3873.0,3.8729999999999976,7.466547678000275
3873.5,3.8735,7.469047678000287
3874.0,3.8740000000000023,7.461816142507907
3874.5,3.8744999999999976,7.464316142507883
3875.0,3.875,7.466816142507895
3875.5,3.8755000000000024,7.459550508462733
3876.0,3.8759999999999977,7.46205050846271
3876.5,3.8765,7.464550508462722
3877.0,3.8770000000000024,7.457206580163138
3877.5,3.8774999999999977,7.459706580163115
3878.0,3.878,7.4622065801631265
3878.5,3.8785000000000025,7.454789289529522
3879.0,3.878999999999998,7.457289289529498
3879.5,3.8795,7.45978928952951
3880.0,3.8800000000000026,7.452299347863018
3880.5,3.880499999999998,7.454799347862995
3881.0,3.8810000000000002,7.457299347863007
3881.5,3.8815000000000026,7.449756768602036
3882.0,3.881999999999998,7.4522567686020125
3882.5,3.8825000000000003,7.454756768602024
3883.0,3.8830000000000027,7.447187988576935
3883.5,3.883499999999998,7.449687988576912
3884.0,3.8840000000000003,7.452187988576924
3884.5,3.8845000000000027,7.4446125763993365
3885.0,3.884999999999998,7.447112576399313
3885.5,3.8855000000000004,7.449612576399325
3886.0,3.886000000000003,7.442055211597882
3886.5,3.886499999999998,7.444555211597859
3887.0,3.8870000000000005,7.4470552115978705
3887.5,3.887500000000003,7.439537689779598
3888.0,3.887999999999998,7.442037689779575
3888.5,3.8885000000000005,7.444537689779587
3889.0,3.889000000000003,7.437068328912879
3889.5,3.889499999999998,7.439568328912856
3890.0,3.8900000000000006,7.4420683289128675
3890.5,3.890500000000003,7.434641406306639
3891.0,3.8909999999999982,7.4371414063066155
3891.5,3.8915000000000006,7.439641406306627
3892.0,3.892000000000003,7.432274787727451
3892.5,3.8924999999999983,7.434774787727427
3893.0,3.8930000000000007,7.437274787727439
3893.5,3.893500000000003,7.42998268981065
3894.0,3.8939999999999984,7.432482689810627
3894.5,3.8945000000000007,7.434982689810639
3895.0,3.895000000000003,7.427786775595209
3895.5,3.8954999999999984,7.430286775595185
3896.0,3.896000000000001,7.432786775595197
3896.5,3.896500000000003,7.425684163255752
3897.0,3.8969999999999985,7.428184163255729
3897.5,3.897500000000001,7.430684163255741
3898.0,3.8980000000000032,7.423687605233411
3898.5,3.8984999999999985,7.4261876052333875
3899.0,3.899000000000001,7.428687605233399
3899.5,3.8995000000000033,7.421778210291627
3900.0,3.8999999999999986,7.424278210291604
3900.5,3.900500000000001,7.426778210291616
3901.0,3.9010000000000034,7.419923765251966
3901.5,3.9014999999999986,7.422423765251942
3902.0,3.902000000000001,7.424923765251954
3902.5,3.9025000000000034,7.418090163196425
3903.0,3.9029999999999987,7.420590163196401
3903.5,3.903500000000001,7.423090163196413
3904.0,3.9040000000000035,7.41621536903061
3904.5,3.9044999999999987,7.418715369030586
3905.0,3.905000000000001,7.421215369030598
3905.5,3.9054999999999964,7.414252869148861
3906.0,3.905999999999999,7.416752869148873
3906.5,3.906500000000001,7.419252869148885
3907.0,3.9070000000000036,7.412143127068589
3907.5,3.907499999999999,7.414643127068565
3908.0,3.9080000000000013,7.417143127068577
3908.5,3.9084999999999965,7.409827821128765
3909.0,3.908999999999999,7.412327821128777
3909.5,3.9095000000000013,7.414827821128789
3910.0,3.9100000000000037,7.407267478806041
3910.5,3.910499999999999,7.4097674788060175
3911.0,3.9110000000000014,7.412267478806029
3911.5,3.9114999999999966,7.404427961787867
3912.0,3.911999999999999,7.406927961787879
3912.5,3.9125000000000014,7.409427961787891
3913.0,3.913000000000004,7.4012867454626985
3913.5,3.913499999999999,7.403786745462675
3914.0,3.9140000000000015,7.406286745462687
3914.5,3.9144999999999968,7.397855861534204
3915.0,3.914999999999999,7.400355861534216
3915.5,3.9155000000000015,7.402855861534228
3916.0,3.915999999999997,7.394160065479163
3916.5,3.916499999999999,7.396660065479175
3917.0,3.9170000000000016,7.399160065479187
3917.5,3.917499999999997,7.390255961102099
3918.0,3.9179999999999993,7.392755961102111
3918.5,3.9185000000000016,7.395255961102123
3919.0,3.918999999999997,7.386220562947052
3919.5,3.9194999999999993,7.388720562947064
3920.0,3.9200000000000017,7.391220562947076
3920.5,3.920499999999997,7.382106629846312
3921.0,3.9209999999999994,7.384606629846324
3921.5,3.9215000000000018,7.387106629846336
3922.0,3.921999999999997,7.377961696920998
3922.5,3.9224999999999994,7.38046169692101
3923.0,3.923000000000002,7.382961696921022
3923.5,3.923499999999997,7.373812978446637
3924.0,3.9239999999999995,7.376312978446649
3924.5,3.924500000000002,7.3788129784466605
3925.0,3.924999999999997,7.369674467999587
3925.5,3.9254999999999995,7.372174467999599
3926.0,3.926000000000002,7.374674467999611
3926.5,3.926499999999997,7.377174467999588
3927.0,3.9269999999999996,7.3680610955088355
3927.5,3.927500000000002,7.370561095508847
3928.0,3.9279999999999973,7.373061095508824
3928.5,3.9284999999999997,7.363985324966116
3929.0,3.929000000000002,7.366485324966128
3929.5,3.9294999999999973,7.368985324966104
3930.0,3.9299999999999997,7.359968389373606
3930.5,3.930500000000002,7.362468389373618
3931.0,3.9309999999999974,7.364968389373594
3931.5,3.9314999999999998,7.356012719844998
3932.0,3.932000000000002,7.3585127198450095
3932.5,3.9324999999999974,7.361012719844986
3933.0,3.933,7.352107802939436
3933.5,3.933500000000002,7.354607802939448
3934.0,3.9339999999999975,7.357107802939424
3934.5,3.9345,7.348253029879643
3935.0,3.9350000000000023,7.350753029879655
3935.5,3.9354999999999976,7.353253029879632
3936.0,3.936,7.344425453781085
3936.5,3.9365000000000023,7.346925453781097
3937.0,3.9369999999999976,7.349425453781073
3937.5,3.9375,7.340614419327309
3938.0,3.9380000000000024,7.343114419327321
3938.5,3.9384999999999977,7.345614419327298
3939.0,3.939,7.33679219883502
3939.5,3.9395000000000024,7.339292198835032
3940.0,3.9399999999999977,7.341792198835009
3940.5,3.9405,7.3329544723996065
3941.0,3.9410000000000025,7.3354544723996185
3941.5,3.941499999999998,7.337954472399595
3942.0,3.942,7.329083502479534
3942.5,3.9425000000000026,7.331583502479546
3943.0,3.942999999999998,7.334083502479523
3943.5,3.9435000000000002,7.325191740449242
3944.0,3.9440000000000026,7.327691740449254
3944.5,3.944499999999998,7.33019174044923
3945.0,3.9450000000000003,7.321269504170473
3945.5,3.9455000000000027,7.323769504170485
3946.0,3.945999999999998,7.326269504170462
3946.5,3.9465000000000003,7.317312998452081
3947.0,3.9470000000000027,7.319812998452093
3947.5,3.947499999999998,7.32231299845207
3948.0,3.9480000000000004,7.313316322803303
3948.5,3.948500000000003,7.315816322803315
3949.0,3.948999999999998,7.318316322803291
3949.5,3.9495000000000005,7.309281706133071
3950.0,3.950000000000003,7.3117817061330825
3950.5,3.950499999999998,7.314281706133059
3951.0,3.9510000000000005,7.305216601049764
3951.5,3.951500000000003,7.307716601049776
3952.0,3.951999999999998,7.310216601049753
3952.5,3.9525000000000006,7.301119648475343
3953.0,3.953000000000003,7.303619648475355
3953.5,3.9534999999999982,7.306119648475331
3954.0,3.9540000000000006,7.297012551273951
3954.5,3.954500000000003,7.299512551273963
3955.0,3.9549999999999983,7.30201255127394
3955.5,3.9555000000000007,7.292911315933885
3956.0,3.956000000000003,7.295411315933897
3956.5,3.9564999999999984,7.297911315933874
3957.0,3.9570000000000007,7.288834351372024
3957.5,3.957500000000003,7.291334351372036
3958.0,3.9579999999999984,7.293834351372013
3958.5,3.958500000000001,7.2847952933928894
3959.0,3.959000000000003,7.287295293392901
3959.5,3.9594999999999985,7.289795293392878
3960.0,3.960000000000001,7.280793903611773
3960.5,3.9605000000000032,7.283293903611785
3961.0,3.9609999999999985,7.285793903611761
3961.5,3.961500000000001,7.276838627402853
3962.0,3.9620000000000033,7.279338627402865
3962.5,3.9624999999999986,7.281838627402841
3963.0,3.963000000000001,7.272917567456574
3963.5,3.9635000000000034,7.275417567456586
3964.0,3.9639999999999986,7.277917567456562
3964.5,3.964500000000001,7.269044134355127
3965.0,3.9650000000000034,7.271544134355139
3965.5,3.9654999999999987,7.274044134355115
3966.0,3.966000000000001,7.265220613204022
3966.5,3.9665000000000035,7.267720613204034
3967.0,3.9669999999999987,7.27022061320401
3967.5,3.967500000000001,7.2614586666928105
3968.0,3.9679999999999964,7.263958666692787
3968.5,3.968499999999999,7.266458666692799
3969.0,3.969000000000001,7.257767336941363
3969.5,3.9695000000000036,7.260267336941375
3970.0,3.969999999999999,7.2627673369413515
3970.5,3.9705000000000013,7.25415471323668
3971.0,3.9709999999999965,7.256654713236657
3971.5,3.971499999999999,7.2591547132366685
3972.0,3.9720000000000013,7.250641429267866
3972.5,3.9725000000000037,7.2531414292678775
3973.0,3.972999999999999,7.255641429267854
3973.5,3.9735000000000014,7.247232237818757
3974.0,3.9739999999999966,7.249732237818733
3974.5,3.974499999999999,7.252232237818745
3975.0,3.9750000000000014,7.24394671868513
3975.5,3.975500000000004,7.246446718685142
3976.0,3.975999999999999,7.248946718685119
3976.5,3.9765000000000015,7.24078717310455
3977.0,3.9769999999999968,7.243287173104527
3977.5,3.977499999999999,7.245787173104539
3978.0,3.9780000000000015,7.2377295670618835
3978.5,3.978499999999997,7.24022956706186
3979.0,3.978999999999999,7.242729567061872
3979.5,3.9795000000000016,7.234736578737682
3980.0,3.979999999999997,7.237236578737658
3980.5,3.9804999999999993,7.23973657873767
3981.0,3.9810000000000016,7.231760595447376
3981.5,3.981499999999997,7.234260595447353
3982.0,3.9819999999999993,7.236760595447365
3982.5,3.9825000000000017,7.228773757716489
3983.0,3.982999999999997,7.231273757716465
3983.5,3.9834999999999994,7.233773757716477
3984.0,3.9840000000000018,7.225761367083052
3984.5,3.984499999999997,7.228261367083029
3985.0,3.9849999999999994,7.230761367083041
3985.5,3.985500000000002,7.222719971143761
3986.0,3.985999999999997,7.225219971143737
3986.5,3.9864999999999995,7.227719971143749
3987.0,3.987000000000002,7.219646934367816
3987.5,3.987499999999997,7.222146934367792
3988.0,3.9879999999999995,7.224646934367804
3988.5,3.988500000000002,7.216540419157411
3989.0,3.988999999999997,7.219040419157388
3989.5,3.9894999999999996,7.2215404191573995
3990.0,3.990000000000002,7.213412858664974
3990.5,3.9904999999999973,7.21591285866495
3991.0,3.9909999999999997,7.218412858664962
3991.5,3.991500000000002,7.210285076097946
3992.0,3.9919999999999973,7.212785076097923
3992.5,3.9924999999999997,7.215285076097935
3993.0,3.993000000000002,7.2071830427341865
3993.5,3.9934999999999974,7.209683042734163
3994.0,3.9939999999999998,7.212183042734175
3994.5,3.994500000000002,7.204102271341597
3995.0,3.9949999999999974,7.206602271341573
3995.5,3.9955,7.209102271341585
3996.0,3.996000000000002,7.201043105672795
3996.5,3.9964999999999975,7.203543105672772
3997.0,3.997,7.206043105672784
3997.5,3.9975000000000023,7.1980123045484845
3998.0,3.9979999999999976,7.200512304548461
3998.5,3.9985,7.203012304548473
3999.0,3.9990000000000023,7.1950138946002795
3999.5,3.9994999999999976,7.197513894600256
4000.0,4.0,7.200013894600268
4000.5,4.000500000000002,7.1920525724101125
4001.0,4.000999999999998,7.194552572410089
4001.5,4.0015,7.197052572410101
4002.0,4.0020000000000024,7.199552572410113
4002.5,4.002499999999998,7.191649352129339
4003.0,4.003,7.194149352129351
4003.5,4.0035000000000025,7.196649352129363
4004.0,4.003999999999998,7.188817137520793
4004.5,4.0045,7.191317137520805
4005.0,4.005000000000003,7.193817137520817
4005.5,4.005499999999998,7.186090643660066
4006.0,4.006,7.188590643660078
4006.5,4.006500000000003,7.19109064366009
4007.0,4.006999999999998,7.183486719323682
4007.5,4.0075,7.185986719323694
4008.0,4.008000000000003,7.188486719323706
4008.5,4.008499999999998,7.1809870137613885
4009.0,4.009,7.1834870137614
4009.5,4.009500000000003,7.185987013761412
4010.0,4.009999999999998,7.178570364523615
4010.5,4.0105,7.181070364523627
4011.0,4.011000000000003,7.183570364523639
4011.5,4.011499999999998,7.176201221565073
4012.0,4.0120000000000005,7.178701221565085
4012.5,4.012500000000003,7.181201221565097
4013.0,4.012999999999998,7.173830223166178
4013.5,4.0135000000000005,7.17633022316619
4014.0,4.014000000000003,7.178830223166202
4014.5,4.014499999999998,7.1714067838939854
4015.0,4.015000000000001,7.173906783893997
4015.5,4.015500000000003,7.176406783894009
4016.0,4.015999999999998,7.168914050590054
4016.5,4.016500000000001,7.171414050590066
4017.0,4.017000000000003,7.173914050590078
4017.5,4.017499999999998,7.166335476259391
4018.0,4.018000000000001,7.168835476259403
4018.5,4.018500000000003,7.171335476259415
4019.0,4.018999999999998,7.163662920820997
4019.5,4.019500000000001,7.166162920821009
4020.0,4.020000000000003,7.168662920821021
4020.5,4.020499999999998,7.160917411736882
4021.0,4.021000000000001,7.163417411736894
4021.5,4.021500000000003,7.165917411736906
4022.0,4.0219999999999985,7.158132943057893
4022.5,4.022500000000001,7.160632943057905
4023.0,4.023000000000003,7.163132943057917
4023.5,4.0234999999999985,7.155322874062406
4024.0,4.024000000000001,7.157822874062418
4024.5,4.024499999999996,7.160322874062395
4025.0,4.024999999999999,7.152498903980842
4025.5,4.025500000000001,7.154998903980854
4026.0,4.026000000000003,7.157498903980866
4026.5,4.026499999999999,7.149682541996754
4027.0,4.027000000000001,7.1521825419967655
4027.5,4.027499999999996,7.154682541996742
4028.0,4.027999999999999,7.146856290526031
4028.5,4.028500000000001,7.149356290526043
4029.0,4.0290000000000035,7.151856290526055
4029.5,4.029499999999999,7.1440032016991495
4030.0,4.030000000000001,7.146503201699161
4030.5,4.030499999999996,7.149003201699138
4031.0,4.030999999999999,7.141102391383107
4031.5,4.031500000000001,7.143602391383119
4032.0,4.032000000000004,7.146102391383131
4032.5,4.032499999999999,7.138171513155029
4033.0,4.033000000000001,7.140671513155041
4033.5,4.0334999999999965,7.143171513155018
4034.0,4.033999999999999,7.1352255920814045
4034.5,4.034500000000001,7.137725592081416
4035.0,4.035000000000004,7.140225592081428
4035.5,4.035499999999999,7.132273547362971
4036.0,4.036000000000001,7.1347735473629825
4036.5,4.036499999999997,7.137273547362959
4037.0,4.036999999999999,7.129318053623983
4037.5,4.037500000000001,7.131818053623995
4038.0,4.038000000000004,7.134318053624007
4038.5,4.038499999999999,7.126363920062815
4039.0,4.0390000000000015,7.128863920062827
4039.5,4.039499999999997,7.131363920062803
4040.0,4.039999999999999,7.123423176182477
4040.5,4.0405000000000015,7.125923176182489
4041.0,4.041000000000004,7.128423176182501
4041.5,4.041499999999999,7.120503533025371
4042.0,4.042000000000002,7.123003533025383
4042.5,4.042499999999997,7.125503533025359
4043.0,4.042999999999999,7.117587655547695
4043.5,4.043500000000002,7.120087655547707
4044.0,4.044000000000004,7.1225876555477186
4044.5,4.044499999999999,7.114674693109464
4045.0,4.045000000000002,7.117174693109476
4045.5,4.045499999999997,7.119674693109452
4046.0,4.045999999999999,7.111747296992412
4046.5,4.046500000000002,7.114247296992424
4047.0,4.046999999999997,7.116747296992401
4047.5,4.047499999999999,7.10878685908817
4048.0,4.048000000000002,7.111286859088182
4048.5,4.048499999999997,7.113786859088158
4049.0,4.0489999999999995,7.105786208008489
4049.5,4.049500000000002,7.108286208008501
4050.0,4.049999999999997,7.110786208008477
4050.5,4.0504999999999995,7.10273219264522
4051.0,4.051000000000002,7.105232192645232
4051.5,4.051499999999997,7.107732192645209
4052.0,4.052,7.0996009755151235
4052.5,4.052500000000002,7.102100975515135
4053.0,4.052999999999997,7.104600975515112
4053.5,4.0535,7.096391599734702
4054.0,4.054000000000002,7.0988915997347135
4054.5,4.054499999999997,7.10139159973469
4055.0,4.055,7.093105152300652
4055.5,4.055500000000002,7.095605152300664
4056.0,4.055999999999997,7.09810515230064
4056.5,4.0565,7.0897688039957885
4057.0,4.057000000000002,7.0922688039958
4057.5,4.057499999999997,7.094768803995777
4058.0,4.058,7.086410142269948
4058.5,4.058500000000002,7.08891014226996
4059.0,4.0589999999999975,7.091410142269936
4059.5,4.0595,7.0830559235316315
4060.0,4.060000000000002,7.085555923531643
4060.5,4.0604999999999976,7.08805592353162
4061.0,4.061,7.0797328366152
4061.5,4.061500000000002,7.082232836615212
4062.0,4.061999999999998,7.0847328366151885
4062.5,4.0625,7.076425281301546
4063.0,4.063000000000002,7.078925281301558
4063.5,4.063499999999998,7.081425281301534
4064.0,4.064,7.073102783517804
4064.5,4.0645000000000024,7.075602783517816
4065.0,4.064999999999998,7.078102783517792
4065.5,4.0655,7.06974861477299
4066.0,4.0660000000000025,7.072248614773002
4066.5,4.066499999999998,7.074748614772979
4067.0,4.067,7.066362483656192
4067.5,4.067500000000003,7.068862483656204
4068.0,4.067999999999998,7.071362483656181
4068.5,4.0685,7.0629513030742785
4069.0,4.069000000000003,7.0654513030742905
4069.5,4.069499999999998,7.067951303074267
4070.0,4.07,7.059523565242003
4070.5,4.070500000000003,7.062023565242015
4071.0,4.070999999999998,7.064523565241991
4071.5,4.0715,7.056098293895694
4072.0,4.072000000000003,7.058598293895706
4072.5,4.072499999999998,7.061098293895682
4073.0,4.073,7.052701164131889
4073.5,4.073500000000003,7.055201164131901
4074.0,4.073999999999998,7.057701164131878
4074.5,4.0745000000000005,7.049365003115469
4075.0,4.075000000000003,7.051865003115481
4075.5,4.075499999999998,7.054365003115457
4076.0,4.0760000000000005,7.046123344861535
4076.5,4.076500000000003,7.0486233448615465
4077.0,4.076999999999998,7.051123344861523
4077.5,4.077500000000001,7.053623344861535
4078.0,4.078000000000003,7.045486570328805
4078.5,4.078499999999998,7.047986570328781
4079.0,4.079000000000001,7.050486570328793
4079.5,4.079500000000003,7.042442804874796
4080.0,4.079999999999998,7.044942804874772
4080.5,4.080500000000001,7.047442804874784
4081.0,4.081000000000003,7.039502016584649
4081.5,4.081499999999998,7.042002016584625
4082.0,4.082000000000001,7.044502016584637
4082.5,4.082500000000003,7.036661389386687
4083.0,4.082999999999998,7.039161389386663
4083.5,4.083500000000001,7.041661389386675
4084.0,4.084000000000003,7.033887079189611
4084.5,4.0844999999999985,7.036387079189588
4085.0,4.085000000000001,7.0388870791896
4085.5,4.085500000000003,7.0311663775276045
4086.0,4.0859999999999985,7.033666377527581
4086.5,4.086500000000001,7.036166377527593
4087.0,4.086999999999996,7.028483964010057
4087.5,4.087499999999999,7.030983964010069
4088.0,4.088000000000001,7.033483964010081
4088.5,4.088500000000003,7.025837433414068
4089.0,4.088999999999999,7.028337433414045
4089.5,4.089500000000001,7.030837433414057
4090.0,4.089999999999996,7.0232082531213536
4090.5,4.090499999999999,7.0257082531213655
4091.0,4.091000000000001,7.028208253121377
4091.5,4.0915000000000035,7.020577832562722
4092.0,4.091999999999999,7.023077832562699
4092.5,4.092500000000001,7.0255778325627105
4093.0,4.092999999999996,7.017939094707302
4093.5,4.093499999999999,7.020439094707314
4094.0,4.094000000000001,7.022939094707326
4094.5,4.094500000000004,7.01527190650296
4095.0,4.094999999999999,7.0177719065029365
4095.5,4.095500000000001,7.020271906502948
4096.0,4.0959999999999965,7.012555608187725
4096.5,4.096499999999999,7.015055608187737
4097.0,4.097000000000001,7.017555608187749
4097.5,4.097500000000004,7.009782746546556
4098.0,4.097999999999999,7.012282746546532
4098.5,4.098500000000001,7.014782746546544
4099.0,4.098999999999997,7.006940169675495
4099.5,4.099499999999999,7.009440169675507
4100.0,4.100000000000001,7.011940169675519
4100.5,4.100500000000004,7.004016372565722
4101.0,4.100999999999999,7.006516372565699
4101.5,4.1015000000000015,7.009016372565711
4102.0,4.101999999999997,7.001008777755793
4102.5,4.102499999999999,7.003508777755805
4103.0,4.1030000000000015,7.006008777755817
4103.5,4.103500000000004,6.997920436826703
4104.0,4.103999999999999,7.00042043682668
4104.5,4.104500000000002,7.002920436826692
4105.0,4.104999999999997,6.9947690426171505
4105.5,4.105499999999999,6.997269042617162
4106.0,4.106000000000002,6.999769042617174
4106.5,4.106500000000004,6.991600050785642
4107.0,4.106999999999999,6.994100050785619
4107.5,4.107500000000002,6.996600050785631
4108.0,4.107999999999997,6.988454063029046
4108.5,4.108499999999999,6.990954063029058
4109.0,4.109000000000002,6.99345406302907
4109.5,4.109499999999997,6.985386556612987
4110.0,4.109999999999999,6.987886556612999
4110.5,4.110500000000002,6.990386556613011
4111.0,4.110999999999997,6.982422401417061
4111.5,4.1114999999999995,6.984922401417073
4112.0,4.112000000000002,6.987422401417085
4112.5,4.112499999999997,6.9795599922784035
4113.0,4.1129999999999995,6.9820599922784155
4113.5,4.113500000000002,6.984559992278427
4114.0,4.113999999999997,6.976811640381904
4114.5,4.1145,6.9793116403819155
4115.0,4.115000000000002,6.9818116403819275
4115.5,4.115499999999997,6.974189708414009
4116.0,4.116,6.976689708414021
4116.5,4.116500000000002,6.979189708414033
4117.0,4.116999999999997,6.971691711846368
4117.5,4.1175,6.97419171184638
4118.0,4.118000000000002,6.976691711846392
4118.5,4.118499999999997,6.969291330508263
4119.0,4.119,6.971791330508275
4119.5,4.119500000000002,6.9742913305082865
4120.0,4.119999999999997,6.966935253086923
4120.5,4.1205,6.969435253086935
4121.0,4.121000000000002,6.971935253086947
4121.5,4.1214999999999975,6.964576788251655
4122.0,4.122,6.967076788251667
4122.5,4.122500000000002,6.969576788251679
4123.0,4.1229999999999976,6.9621824309964
4123.5,4.1235,6.964682430996412
4124.0,4.124000000000002,6.967182430996424
4124.5,4.124499999999998,6.959719371630548
4125.0,4.125,6.96221937163056
4125.5,4.125500000000002,6.964719371630572
4126.0,4.125999999999998,6.957171279704575
4126.5,4.1265,6.959671279704587
4127.0,4.1270000000000024,6.962171279704599
4127.5,4.127499999999998,6.954518884971286
4128.0,4.128,6.957018884971298
4128.5,4.1285000000000025,6.95951888497131
4129.0,4.128999999999998,6.951771788643306
4129.5,4.1295,6.954271788643318
4130.0,4.130000000000003,6.95677178864333
4130.5,4.130499999999998,6.948927745669771
4131.0,4.131,6.951427745669783
4131.5,4.131500000000003,6.9539277456697945
4132.0,4.131999999999998,6.946000599824025
4132.5,4.1325,6.948500599824037
4133.0,4.133000000000003,6.951000599824049
4133.5,4.133499999999998,6.9429997034898605
4134.0,4.134,6.9454997034898724
4134.5,4.134500000000003,6.947999703489884
4135.0,4.134999999999998,6.939911731543269
4135.5,4.1355,6.942411731543281
4136.0,4.136000000000003,6.944911731543293
4136.5,4.136499999999998,6.936743815608999
4137.0,4.1370000000000005,6.939243815609011
4137.5,4.137500000000003,6.941743815609023
4138.0,4.137999999999998,6.933518495460298
4138.5,4.1385000000000005,6.93601849546031
4139.0,4.139000000000003,6.938518495460322
4139.5,4.139499999999998,6.930272847221168
4140.0,4.140000000000001,6.93277284722118
4140.5,4.140500000000003,6.935272847221192
4141.0,4.140999999999998,6.927034581897473
4141.5,4.141500000000001,6.929534581897485
4142.0,4.142000000000003,6.932034581897497
4142.5,4.142499999999998,6.923851772112819
4143.0,4.143000000000001,6.926351772112831
4143.5,4.143500000000003,6.928851772112843
4144.0,4.143999999999998,6.920762306429289
4144.5,4.144500000000001,6.923262306429301
4145.0,4.145000000000003,6.925762306429313
4145.5,4.145499999999998,6.917795360536552
4146.0,4.146000000000001,6.920295360536564
4146.5,4.146500000000003,6.9227953605365755
4147.0,4.1469999999999985,6.914964478397536
4147.5,4.147500000000001,6.917464478397548
4148.0,4.148000000000003,6.91996447839756
4148.5,4.1484999999999985,6.91225082083438
4149.0,4.149000000000001,6.914750820834392
4149.5,4.149499999999996,6.917250820834369
4150.0,4.149999999999999,6.909632606412366
4150.5,4.150500000000001,6.912132606412378
4151.0,4.151000000000003,6.91463260641239
4151.5,4.151499999999999,6.907076459952961
4152.0,4.152000000000001,6.909576459952973
4152.5,4.152499999999996,6.912076459952949
4153.0,4.152999999999999,6.914576459952961
4153.5,4.153500000000001,6.907032556696535
4154.0,4.1540000000000035,6.909532556696547
4154.5,4.154499999999999,6.9120325566965235
4155.0,4.155000000000001,6.904455185832994
4155.5,4.155499999999996,6.90695518583297
4156.0,4.155999999999999,6.909455185832982
4156.5,4.156500000000001,6.9018023405849505
4157.0,4.157000000000004,6.904302340584962
4157.5,4.157499999999999,6.906802340584939
4158.0,4.158000000000001,6.899041769850172
4158.5,4.1584999999999965,6.901541769850148
4159.0,4.158999999999999,6.90404176985016
4159.5,4.159500000000001,6.896150078308629
4160.0,4.160000000000004,6.898650078308641
4160.5,4.160499999999999,6.901150078308618
4161.0,4.161000000000001,6.893105307115164
4161.5,4.161499999999997,6.89560530711514
4162.0,4.161999999999999,6.898105307115152
4162.5,4.162500000000001,6.8898894315318415
4163.0,4.163000000000004,6.8923894315318535
4163.5,4.163499999999999,6.89488943153183
4164.0,4.1640000000000015,6.886503846424787
4164.5,4.164499999999997,6.889003846424764
4165.0,4.164999999999999,6.891503846424776
4165.5,4.1655000000000015,6.8829819928123825
4166.0,4.166000000000004,6.8854819928123945
4166.5,4.166499999999999,6.887981992812371
4167.0,4.167000000000002,6.879320869037642
4167.5,4.167499999999997,6.881820869037618
4168.0,4.167999999999999,6.88432086903763
4168.5,4.168500000000002,6.875530276505231
4169.0,4.169000000000004,6.878030276505243
4169.5,4.169499999999999,6.880530276505219
4170.0,4.170000000000002,6.871642207482829
4170.5,4.170499999999997,6.874142207482805
4171.0,4.170999999999999,6.876642207482817
4171.5,4.171500000000002,6.867705223236307
4172.0,4.171999999999997,6.870205223236283
4172.5,4.172499999999999,6.872705223236295
4173.0,4.173000000000002,6.863751541741436
4173.5,4.173499999999997,6.866251541741413
4174.0,4.1739999999999995,6.868751541741425
4174.5,4.174500000000002,6.859820510529389
4175.0,4.174999999999997,6.862320510529365
4175.5,4.1754999999999995,6.864820510529377
4176.0,4.176000000000002,6.855957164122337
4176.5,4.176499999999997,6.8584571641223135
4177.0,4.177,6.8609571641223255
4177.5,4.177500000000002,6.852172857383252
4178.0,4.177999999999997,6.854672857383228
4178.5,4.1785,6.85717285738324
4179.0,4.179000000000002,6.848487216173389
4179.5,4.179499999999997,6.850987216173365
4180.0,4.18,6.853487216173377
4180.5,4.180500000000002,6.844906076608943
4181.0,4.180999999999997,6.8474060766089195
4181.5,4.1815,6.8499060766089315
4182.0,4.182000000000002,6.841428931282572
4182.5,4.182499999999997,6.843928931282548
4183.0,4.183,6.84642893128256
4183.5,4.183500000000002,6.838046252413612
4184.0,4.1839999999999975,6.8405462524135885
4184.5,4.1845,6.8430462524136
4185.0,4.185000000000002,6.834745625332488
4185.5,4.1854999999999976,6.837245625332464
4186.0,4.186,6.839745625332476
4186.5,4.186500000000002,6.831513653701826
4187.0,4.186999999999998,6.834013653701803
4187.5,4.1875,6.8365136537018145
4188.0,4.188000000000002,6.828339955927483
4188.5,4.188499999999998,6.830839955927459
4189.0,4.189,6.833339955927471
4189.5,4.1895000000000024,6.825209615832506
4190.0,4.189999999999998,6.827709615832482
4190.5,4.1905,6.830209615832494
4191.0,4.1910000000000025,6.822110617800732
4191.5,4.191499999999998,6.824610617800708
4192.0,4.192,6.82711061780072
4192.5,4.192500000000003,6.8190207756646615
4193.0,4.192999999999998,6.821520775664638
4193.5,4.1935,6.82402077566465
4194.0,4.194000000000003,6.815924518032617
4194.5,4.194499999999998,6.818424518032593
4195.0,4.195,6.820924518032605
4195.5,4.195500000000003,6.812818620037113
4196.0,4.195999999999998,6.81531862003709
4196.5,4.1965,6.817818620037102
4197.0,4.197000000000003,6.809710216528373
4197.5,4.197499999999998,6.812210216528349
4198.0,4.198,6.814710216528361
4198.5,4.198500000000003,6.80660447548572
4199.0,4.198999999999998,6.809104475485697
4199.5,4.1995000000000005,6.811604475485709
4200.0,4.200000000000003,6.803505703287556
4200.5,4.200499999999998,6.806005703287532
4201.0,4.2010000000000005,6.808505703287544
4201.5,4.201500000000003,6.800425162054182
4202.0,4.201999999999998,6.802925162054159
4202.5,4.202500000000001,6.805425162054171
4203.0,4.203000000000003,6.797380242179436
4203.5,4.203499999999998,6.7998802421794124
4204.0,4.204000000000001,6.802380242179424
4204.5,4.204500000000003,6.794377536286618
4205.0,4.204999999999998,6.796877536286594
4205.5,4.205500000000001,6.799377536286606
4206.0,4.206000000000003,6.791398895920651
4206.5,4.206499999999998,6.793898895920627
4207.0,4.207000000000001,6.796398895920639
4207.5,4.207500000000003,6.78842080303685
4208.0,4.207999999999998,6.790920803036826
4208.5,4.208500000000001,6.793420803036838
4209.0,4.209000000000003,6.785441196347328
4209.5,4.2094999999999985,6.787941196347305
4210.0,4.210000000000001,6.790441196347317
4210.5,4.210500000000003,6.782464108961719
4211.0,4.2109999999999985,6.784964108961695
4211.5,4.211500000000001,6.787464108961707
4212.0,4.211999999999996,6.779487518370821
4212.5,4.212499999999999,6.781987518370833
4213.0,4.213000000000001,6.784487518370845
4213.5,4.213500000000003,6.776530190998464
4214.0,4.213999999999999,6.779030190998441
4214.5,4.214500000000001,6.781530190998453
4215.0,4.214999999999996,6.773606719493799
4215.5,4.215499999999999,6.776106719493811
4216.0,4.216000000000001,6.778606719493823
4216.5,4.2165000000000035,6.770739032535751
4217.0,4.216999999999999,6.773239032535727
4217.5,4.217500000000001,6.775739032535739
4218.0,4.217999999999996,6.767965604085262
4218.5,4.218499999999999,6.770465604085274
4219.0,4.219000000000001,6.772965604085286
4219.5,4.219500000000004,6.765307225054684
4220.0,4.219999999999999,6.767807225054661
4220.5,4.220500000000001,6.7703072250546725
4221.0,4.2209999999999965,6.762763952545647
4221.5,4.221499999999999,6.765263952545659
4222.0,4.222000000000001,6.767763952545671
4222.5,4.222500000000004,6.760319414870537
4223.0,4.222999999999999,6.762819414870513
4223.5,4.223500000000001,6.765319414870525
4224.0,4.223999999999997,6.757959995575575
4224.5,4.224499999999999,6.760459995575587
4225.0,4.225000000000001,6.762959995575599
4225.5,4.225500000000004,6.755653168398688
4226.0,4.225999999999999,6.758153168398664
4226.5,4.2265000000000015,6.760653168398676
4227.0,4.226999999999997,6.753389837023072
4227.5,4.227499999999999,6.7558898370230835
4228.0,4.2280000000000015,6.7583898370230955
4228.5,4.228500000000004,6.760889837023107
4229.0,4.228999999999999,6.753627126520563
4229.5,4.229500000000002,6.756127126520575
4230.0,4.229999999999997,6.758627126520551
4230.5,4.230499999999999,6.751324403814287
4231.0,4.231000000000002,6.753824403814299
4231.5,4.231500000000004,6.756324403814311
4232.0,4.231999999999999,6.748952303218303
4232.5,4.232500000000002,6.751452303218315
4233.0,4.232999999999997,6.753952303218291
4233.5,4.233499999999999,6.7464694459792085
4234.0,4.234000000000002,6.74896944597922
4234.5,4.234499999999997,6.751469445979197
4235.0,4.234999999999999,6.743859344462422
4235.5,4.235500000000002,6.746359344462434
4236.0,4.235999999999997,6.74885934446241
4236.5,4.2364999999999995,6.741106117847053
4237.0,4.237000000000002,6.743606117847065
4237.5,4.237499999999997,6.746106117847042
4238.0,4.2379999999999995,6.738225509105433
4238.5,4.238500000000002,6.740725509105445
4239.0,4.238999999999997,6.743225509105422
4239.5,4.2395,6.735184621948989
4240.0,4.240000000000002,6.7376846219490005
4240.5,4.240499999999997,6.740184621948977
4241.0,4.241,6.731987111601434
4241.5,4.241500000000002,6.734487111601446
4242.0,4.241999999999997,6.736987111601422
4242.5,4.2425,6.728640207912839
4243.0,4.243000000000002,6.731140207912851
4243.5,4.243499999999997,6.733640207912828
4244.0,4.244,6.725162460378655
4244.5,4.244500000000002,6.727662460378667
4245.0,4.244999999999997,6.730162460378644
4245.5,4.2455,6.72158236798424
4246.0,4.246000000000002,6.724082367984252
4246.5,4.2464999999999975,6.7265823679842285
4247.0,4.247,6.717947126410877
4247.5,4.247500000000002,6.720447126410889
4248.0,4.2479999999999976,6.722947126410865
4248.5,4.2485,6.714316084358032
4249.0,4.249000000000002,6.716816084358044
4249.5,4.249499999999998,6.71931608435802
4250.0,4.25,6.710727331259569
4250.5,4.250500000000002,6.713227331259581
4251.0,4.250999999999998,6.715727331259558
4251.5,4.2515,6.707226352162401
4252.0,4.2520000000000024,6.709726352162413
4252.5,4.252499999999998,6.712226352162389
4253.0,4.253,6.703823149149315
4253.5,4.2535000000000025,6.706323149149327
4254.0,4.253999999999998,6.708823149149303
4254.5,4.2545,6.700544171948337
4255.0,4.255000000000003,6.703044171948349
4255.5,4.255499999999998,6.7055441719483255
4256.0,4.256,6.697396947818248
4256.5,4.256500000000003,6.69989694781826
4257.0,4.256999999999998,6.702396947818237
4257.5,4.2575,6.694391060698663
4258.0,4.258000000000003,6.696891060698675
4258.5,4.258499999999998,6.699391060698652
4259.0,4.259,6.691511921676572
4259.5,4.259500000000003,6.694011921676584
4260.0,4.259999999999998,6.69651192167656
4260.5,4.2605,6.688725715049237
4261.0,4.261000000000003,6.691225715049249
4261.5,4.261499999999998,6.693725715049226
4262.0,4.2620000000000005,6.685971921683276
4262.5,4.262500000000003,6.688471921683288
4263.0,4.262999999999998,6.690971921683264
4263.5,4.2635000000000005,6.68317671632316
4264.0,4.264000000000003,6.685676716323172
4264.5,4.264499999999998,6.688176716323149
4265.0,4.265000000000001,6.680258243017256
4265.5,4.265500000000003,6.682758243017268
4266.0,4.265999999999998,6.685258243017245
4266.5,4.266500000000001,6.677153153415887
4267.0,4.267000000000003,6.679653153415899
4267.5,4.267499999999998,6.682153153415875
4268.0,4.268000000000001,6.673828743308334
4268.5,4.268500000000003,6.676328743308346
4269.0,4.268999999999998,6.678828743308323
4269.5,4.269500000000001,6.670291768553227
4270.0,4.270000000000003,6.672791768553239
4270.5,4.270499999999998,6.675291768553215
4271.0,4.271000000000001,6.666558289671194
4271.5,4.271500000000003,6.669058289671206
4272.0,4.2719999999999985,6.671558289671182
4272.5,4.272500000000001,6.6626736400533915
4273.0,4.273000000000003,6.665173640053403
4273.5,4.2734999999999985,6.66767364005338
4274.0,4.274000000000001,6.658689397472024
4274.5,4.274499999999996,6.6611893974720005
4275.0,4.274999999999999,6.663689397472012
4275.5,4.275500000000001,6.65463386442152
4276.0,4.276000000000003,6.657133864421532
4276.5,4.276499999999999,6.659633864421508
4277.0,4.277000000000001,6.650545262364389
4277.5,4.277499999999996,6.653045262364365
4278.0,4.277999999999999,6.655545262364377
4278.5,4.278500000000001,6.646449124823164
4279.0,4.2790000000000035,6.648949124823176
4279.5,4.279499999999999,6.651449124823152
4280.0,4.280000000000001,6.64237180745463
4280.5,4.280499999999996,6.6448718074546065
4281.0,4.280999999999999,6.647371807454618
4281.5,4.281500000000001,6.638355344781175
4282.0,4.282000000000004,6.640855344781187
4282.5,4.282499999999999,6.643355344781163
4283.0,4.283000000000001,6.634436513918729
4283.5,4.2834999999999965,6.636936513918705
4284.0,4.283999999999999,6.639436513918717
4284.5,4.284500000000001,6.630653517436151
4285.0,4.285000000000004,6.633153517436163
4285.5,4.285499999999999,6.63565351743614
4286.0,4.286000000000001,6.627045007679335
4286.5,4.286499999999997,6.629545007679312
4287.0,4.286999999999999,6.632045007679324
4287.5,4.287500000000001,6.62363963868593
4288.0,4.288000000000004,6.626139638685942
4288.5,4.288499999999999,6.628639638685918
4289.0,4.2890000000000015,6.620464100931898
4289.5,4.289499999999997,6.622964100931874
4290.0,4.289999999999999,6.625464100931886
4290.5,4.2905000000000015,6.617514023254039
4291.0,4.291000000000004,6.6200140232540505
4291.5,4.291499999999999,6.622514023254027
4292.0,4.292000000000002,6.6147732572799
4292.5,4.292499999999997,6.6172732572798765
4293.0,4.292999999999999,6.619773257279888
4293.5,4.293500000000002,6.612181776976591
4294.0,4.294000000000004,6.614681776976603
4294.5,4.294499999999999,6.6171817769765795
4295.0,4.295000000000002,6.609692492688737
4295.5,4.295499999999997,6.612192492688713
4296.0,4.295999999999999,6.614692492688725
4296.5,4.296500000000002,6.607251788329833
4297.0,4.296999999999997,6.60975178832981
4297.5,4.297499999999999,6.6122517883298215
4298.0,4.298000000000002,6.604812833655771
4298.5,4.298499999999997,6.607312833655747
4299.0,4.2989999999999995,6.609812833655759
4299.5,4.299500000000002,6.602342067475995
4300.0,4.299999999999997,6.604842067475971
4300.5,4.3004999999999995,6.607342067475983
4301.0,4.301000000000002,6.599827924490107
4301.5,4.301499999999997,6.602327924490083
4302.0,4.302,6.604827924490095
4302.5,4.302500000000002,6.597246736880251
4303.0,4.302999999999997,6.599746736880228
4303.5,4.3035,6.6022467368802396
4304.0,4.304000000000002,6.6047467368802515
4304.5,4.304499999999997,6.597117712142548
4305.0,4.305,6.59961771214256
4305.5,4.305500000000002,6.602117712142572
4306.0,4.305999999999997,6.594428023354979
4306.5,4.3065,6.596928023354991
4307.0,4.307000000000002,6.599428023355003
4307.5,4.307499999999997,6.591667754769226
4308.0,4.308,6.594167754769238
4308.5,4.308500000000002,6.59666775476925
4309.0,4.3089999999999975,6.58881978796277
4309.5,4.3095,6.591319787962782
4310.0,4.310000000000002,6.5938197879627936
4310.5,4.3104999999999976,6.585899154137991
4311.0,4.311,6.588399154138003
4311.5,4.311500000000002,6.590899154138015
4312.0,4.311999999999998,6.5829116196929505
4312.5,4.3125,6.585411619692962
4313.0,4.313000000000002,6.587911619692974
4313.5,4.313499999999998,6.579857169322665
4314.0,4.314,6.582357169322677
4314.5,4.3145000000000024,6.584857169322689
4315.0,4.314999999999998,6.576731679225283
4315.5,4.3155,6.579231679225295
4316.0,4.3160000000000025,6.581731679225307
4316.5,4.316499999999998,6.573541919807937
4317.0,4.317,6.576041919807949
4317.5,4.317500000000003,6.578541919807961
4318.0,4.317999999999998,6.570301981304496
4318.5,4.3185,6.572801981304508
4319.0,4.319000000000003,6.57530198130452
4319.5,4.319499999999998,6.567012680104831
4320.0,4.32,6.569512680104843
4320.5,4.320500000000003,6.572012680104855
4321.0,4.320999999999998,6.563694135810785
4321.5,4.3215,6.566194135810797
4322.0,4.322000000000003,6.568694135810809
4322.5,4.322499999999998,6.560370804148938
4323.0,4.323,6.56287080414895
4323.5,4.323500000000003,6.565370804148962
4324.0,4.323999999999998,6.557061765332861
4324.5,4.3245000000000005,6.559561765332873
4325.0,4.325000000000003,6.562061765332885
4325.5,4.325499999999998,6.553777091961663
4326.0,4.3260000000000005,6.556277091961675
4326.5,4.326500000000003,6.558777091961687
4327.0,4.326999999999998,6.5505399085610705
4327.5,4.327500000000001,6.553039908561082
4328.0,4.328000000000003,6.555539908561094
4328.5,4.328499999999998,6.547347285668081
4329.0,4.329000000000001,6.549847285668093
4329.5,4.329500000000003,6.552347285668105
4330.0,4.329999999999998,6.544197047567515
4330.5,4.330500000000001,6.546697047567527
4331.0,4.331000000000003,6.549197047567539
4331.5,4.331499999999998,6.541075270573806
4332.0,4.332000000000001,6.543575270573818
4332.5,4.332500000000003,6.54607527057383
4333.0,4.332999999999998,6.537969322083335
4333.5,4.333500000000001,6.5404693220833465
4334.0,4.334000000000003,6.5429693220833585
4334.5,4.3344999999999985,6.534879338572139
4335.0,4.335000000000001,6.537379338572151
4335.5,4.335500000000003,6.539879338572163
4336.0,4.3359999999999985,6.531799777216385
4336.5,4.336500000000001,6.534299777216397
4337.0,4.336999999999996,6.536799777216373
4337.5,4.337499999999999,6.528734069845896
4338.0,4.338000000000001,6.531234069845908
4338.5,4.338500000000003,6.53373406984592
4339.0,4.338999999999999,6.525678585552406
4339.5,4.339500000000001,6.528178585552418
4340.0,4.339999999999996,6.530678585552394
4340.5,4.340499999999999,6.522617399827446
4341.0,4.341000000000001,6.525117399827458
4341.5,4.3415000000000035,6.52761739982747
4342.0,4.341999999999999,6.519530062899683
4342.5,4.342500000000001,6.522030062899695
4343.0,4.342999999999996,6.524530062899672
4343.5,4.343499999999999,6.516389847735091
4344.0,4.344000000000001,6.518889847735103
4344.5,4.344500000000004,6.521389847735115
4345.0,4.344999999999999,6.513182822227357
4345.5,4.345500000000001,6.515682822227369
4346.0,4.3459999999999965,6.518182822227345
4346.5,4.346499999999999,6.509899686677976
4347.0,4.347000000000001,6.512399686677988
4347.5,4.347500000000004,6.514899686678
4348.0,4.347999999999999,6.506514957157243
4348.5,4.348500000000001,6.509014957157255
4349.0,4.348999999999997,6.511514957157232
4349.5,4.349499999999999,6.503008693443952
4350.0,4.350000000000001,6.505508693443964
4350.5,4.350500000000004,6.508008693443976
4351.0,4.350999999999999,6.499382921058654
4351.5,4.3515000000000015,6.501882921058666
4352.0,4.351999999999997,6.504382921058642
4352.5,4.352499999999999,6.495624220126253
4353.0,4.3530000000000015,6.498124220126265
4353.5,4.353500000000004,6.5006242201262765
4354.0,4.353999999999999,6.491749260211108
4354.5,4.354500000000002,6.49424926021112
4355.0,4.354999999999997,6.4967492602110966
4355.5,4.355499999999999,6.487788083004098
4356.0,4.356000000000002,6.49028808300411
4356.5,4.356500000000004,6.492788083004122
4357.0,4.356999999999999,6.483773677752325
4357.5,4.357500000000002,6.486273677752337
4358.0,4.357999999999997,6.488773677752313
4358.5,4.358499999999999,6.47975045782438
4359.0,4.359000000000002,6.482250457824392
4359.5,4.359499999999997,6.484750457824369
4360.0,4.359999999999999,6.4757579866727255
4360.5,4.360500000000002,6.4782579866727374
4361.0,4.360999999999997,6.480757986672714
4361.5,4.3614999999999995,6.471826337552606
4362.0,4.362000000000002,6.474326337552618
4362.5,4.362499999999997,6.476826337552595
4363.0,4.3629999999999995,6.467969794934909
4363.5,4.363500000000002,6.470469794934921
4364.0,4.363999999999997,6.472969794934897
4364.5,4.3645,6.464192423830077
4365.0,4.365000000000002,6.466692423830089
4365.5,4.365499999999997,6.469192423830066
4366.0,4.366,6.460480504650548
4366.5,4.366500000000002,6.4629805046505595
4367.0,4.366999999999997,6.465480504650536
4367.5,4.3675,6.456817248157307
4368.0,4.368000000000002,6.459317248157319
4368.5,4.368499999999997,6.4618172481572955
4369.0,4.369,6.453202406520688
4369.5,4.369500000000002,6.4557024065207
4370.0,4.369999999999997,6.458202406520677
4370.5,4.3705,6.44962561247457
4371.0,4.371000000000002,6.452125612474582
4371.5,4.3714999999999975,6.454625612474558
4372.0,4.372,6.446085267193027
4372.5,4.372500000000002,6.448585267193039
4373.0,4.3729999999999976,6.451085267193015
4373.5,4.3735,6.442605469159304
4374.0,4.374000000000002,6.445105469159316
4374.5,4.374499999999998,6.447605469159292
4375.0,4.375,6.439156203080643
4375.5,4.375500000000002,6.441656203080655
4376.0,4.375999999999998,6.444156203080631
4376.5,4.3765,6.435725187745227
4377.0,4.3770000000000024,6.438225187745239
4377.5,4.377499999999998,6.440725187745215
4378.0,4.378,6.432304725304512
4378.5,4.3785000000000025,6.434804725304524
4379.0,4.378999999999998,6.4373047253045
4379.5,4.3795,6.439804725304512
4380.0,4.380000000000003,6.431366053911525
4380.5,4.380499999999998,6.433866053911501
4381.0,4.381,6.436366053911513
4381.5,4.381500000000003,6.42788914438686
4382.0,4.381999999999998,6.430389144386837
4382.5,4.3825,6.432889144386849
4383.0,4.383000000000003,6.424373560932679
4383.5,4.383499999999998,6.4268735609326555
4384.0,4.384,6.429373560932667
4384.5,4.384500000000003,6.420829320346151
4385.0,4.384999999999998,6.423329320346127
4385.5,4.3855,6.425829320346139
4386.0,4.386000000000003,6.417265929733489
4386.5,4.386499999999998,6.419765929733465
4387.0,4.3870000000000005,6.422265929733477
4387.5,4.387500000000003,6.413692248873204
4388.0,4.387999999999998,6.41619224887318
4388.5,4.3885000000000005,6.418692248873192
4389.0,4.389000000000003,6.410131483473833
4389.5,4.389499999999998,6.41263148347381
4390.0,4.390000000000001,6.415131483473822
4390.5,4.390500000000003,6.406616630296078
4391.0,4.390999999999998,6.4091166302960545
4391.5,4.391500000000001,6.411616630296066
4392.0,4.392000000000003,6.403157881473653
4392.5,4.392499999999998,6.40565788147363
4393.0,4.393000000000001,6.408157881473642
4393.5,4.393500000000003,6.399746926530767
4394.0,4.393999999999998,6.402246926530744
4394.5,4.394500000000001,6.4047469265307555
4395.0,4.395000000000003,6.396408586738396
4395.5,4.395499999999998,6.398908586738372
4396.0,4.396000000000001,6.401408586738384
4396.5,4.396500000000003,6.393143625599187
4397.0,4.3969999999999985,6.395643625599163
4397.5,4.397500000000001,6.398143625599175
4398.0,4.398000000000003,6.389955518514796
4398.5,4.3984999999999985,6.3924555185147725
4399.0,4.399000000000001,6.394955518514784
4399.5,4.399499999999996,6.386824652083902
4400.0,4.399999999999999,6.389324652083914
4400.5,4.400500000000001,6.391824652083926
4401.0,4.401000000000003,6.383750961910373
4401.5,4.401499999999999,6.386250961910349
4402.0,4.402000000000001,6.388750961910361
4402.5,4.402499999999996,6.38073591219527
4403.0,4.402999999999999,6.383235912195282
4403.5,4.403500000000001,6.385735912195294
4404.0,4.4040000000000035,6.377780057327023
4404.5,4.404499999999999,6.380280057326999
4405.0,4.405000000000001,6.382780057327011
4405.5,4.405499999999996,6.3748582457865055
4406.0,4.405999999999999,6.377358245786517
4406.5,4.406500000000001,6.379858245786529
4407.0,4.407000000000004,6.371956335251205
4407.5,4.407499999999999,6.374456335251182
4408.0,4.408000000000001,6.376956335251194
4408.5,4.4084999999999965,6.369063696984973
4409.0,4.408999999999999,6.371563696984985
4409.5,4.409500000000001,6.374063696984997
4410.0,4.410000000000004,6.366171816678161
4410.5,4.410499999999999,6.3686718166781375
4411.0,4.411000000000001,6.3711718166781495
4411.5,4.411499999999997,6.363281872353923
4412.0,4.411999999999999,6.365781872353935
4412.5,4.412500000000001,6.368281872353947
4413.0,4.413000000000004,6.36036938888612
4413.5,4.413499999999999,6.3628693888860965
4414.0,4.4140000000000015,6.3653693888861085
4414.5,4.414499999999997,6.357435375404741
4415.0,4.414999999999999,6.359935375404753
4415.5,4.4155000000000015,6.362435375404765
4416.0,4.416000000000004,6.35447653425615
4416.5,4.416499999999999,6.356976534256127
4417.0,4.417000000000002,6.359476534256139
4417.5,4.417499999999997,6.351490725581499
4418.0,4.417999999999999,6.353990725581511
4418.5,4.418500000000002,6.356490725581523
4419.0,4.419000000000004,6.348494642990765
4419.5,4.419499999999999,6.350994642990742
4420.0,4.420000000000002,6.3534946429907535
4420.5,4.420499999999997,6.345473664507146
4421.0,4.420999999999999,6.347973664507158
4421.5,4.421500000000002,6.35047366450717
4422.0,4.421999999999997,6.342416802903941
4422.5,4.422499999999999,6.344916802903953
4423.0,4.423000000000002,6.347416802903965
4423.5,4.423499999999997,6.3393100432730165
4424.0,4.4239999999999995,6.341810043273028
4424.5,4.424500000000002,6.34431004327304
4425.0,4.424999999999997,6.336141872832641
4425.5,4.4254999999999995,6.338641872832653
4426.0,4.426000000000002,6.341141872832665
4426.5,4.426499999999997,6.3328951654607835
4427.0,4.427,6.335395165460795
4427.5,4.427500000000002,6.337895165460807
4428.0,4.427999999999997,6.329569820654015
4428.5,4.4285,6.332069820654027
4429.0,4.429000000000002,6.334569820654039
4429.5,4.429499999999997,6.326164489905786
4430.0,4.43,6.3286644899057976
4430.5,4.430500000000002,6.3311644899058095
4431.0,4.430999999999997,6.3226846128953085
4431.5,4.4315,6.32518461289532
4432.0,4.432000000000002,6.327684612895332
4432.5,4.432499999999997,6.319148140951789
4433.0,4.433,6.321648140951801
4433.5,4.433500000000002,6.324148140951813
4434.0,4.4339999999999975,6.315571009583678
4434.5,4.4345,6.31807100958369
4435.0,4.435000000000002,6.320571009583702
4435.5,4.4354999999999976,6.311960209052785
4436.0,4.436,6.314460209052797
4436.5,4.436500000000002,6.316960209052809
4437.0,4.436999999999998,6.308319239239886
4437.5,4.4375,6.310819239239898
4438.0,4.438000000000002,6.31331923923991
4438.5,4.438499999999998,6.304652501946819
4439.0,4.439,6.307152501946831
4439.5,4.4395000000000024,6.309652501946843
4440.0,4.439999999999998,6.30097676395831
4440.5,4.4405,6.303476763958322
4441.0,4.4410000000000025,6.305976763958334
4441.5,4.441499999999998,6.297283752811431
4442.0,4.442,6.299783752811443
4442.5,4.442500000000003,6.302283752811455
4443.0,4.442999999999998,6.293566792086445
4443.5,4.4435,6.296066792086457
4444.0,4.444000000000003,6.2985667920864685
4444.5,4.444499999999998,6.289857439566298
4445.0,4.445,6.2923574395663096
4445.5,4.445500000000003,6.2948574395663215
4446.0,4.445999999999998,6.286173396196411
4446.5,4.4465,6.2886733961964225
4447.0,4.447000000000003,6.2911733961964345
4447.5,4.447499999999998,6.282536815871538
4448.0,4.448,6.28503681587155
4448.5,4.448500000000003,6.287536815871562
4449.0,4.448999999999998,6.278972957747335
4449.5,4.4495000000000005,6.281472957747347
4450.0,4.450000000000003,6.283972957747359
4450.5,4.450499999999998,6.275487271063334
4451.0,4.4510000000000005,6.2779872710633455
4451.5,4.451500000000003,6.2804872710633575
4452.0,4.451999999999998,6.272094316306038
4452.5,4.452500000000001,6.27459431630605
4453.0,4.453000000000003,6.277094316306062
4453.5,4.453499999999998,6.268818158331655
4454.0,4.454000000000001,6.271318158331667
4454.5,4.454500000000003,6.273818158331679
4455.0,4.454999999999998,6.276318158331655
4455.5,4.455500000000001,6.268160889088037
4456.0,4.456000000000003,6.270660889088049
4456.5,4.456499999999998,6.273160889088025
4457.0,4.457000000000001,6.265116132910293
4457.5,4.457500000000003,6.267616132910305
4458.0,4.457999999999998,6.270116132910282
4458.5,4.458500000000001,6.262162697549307
4459.0,4.459000000000003,6.264662697549319
4459.5,4.4594999999999985,6.267162697549296
4460.0,4.460000000000001,6.259287370004856
4460.5,4.460500000000003,6.261787370004868
4461.0,4.4609999999999985,6.264287370004844
4461.5,4.461500000000001,6.256455269538179
4462.0,4.461999999999996,6.258955269538156
4462.5,4.462499999999999,6.261455269538168
4463.0,4.463000000000001,6.2536156093658235
4463.5,4.463500000000003,6.256115609365835
4464.0,4.463999999999999,6.258615609365812
4464.5,4.464500000000001,6.250741645958122
4465.0,4.464999999999996,6.253241645958099
4465.5,4.465499999999999,6.2557416459581106
4466.0,4.466000000000001,6.2478015364539985
4466.5,4.4665000000000035,6.25030153645401
4467.0,4.466999999999999,6.252801536453987
4467.5,4.467500000000001,6.244789374468311
4468.0,4.467999999999996,6.247289374468288
4468.5,4.468499999999999,6.2497893744683
4469.0,4.469000000000001,6.241712747880541
4469.5,4.469500000000004,6.244212747880553
4470.0,4.469999999999999,6.2467127478805295
4470.5,4.470500000000001,6.238584614991645
4471.0,4.4709999999999965,6.241084614991621
4471.5,4.471499999999999,6.243584614991633
4472.0,4.472000000000001,6.235442327931402
4472.5,4.472500000000004,6.237942327931414
4473.0,4.472999999999999,6.24044232793139
4473.5,4.473500000000001,6.232313378693881
4474.0,4.473999999999997,6.2348133786938575
4474.5,4.474499999999999,6.2373133786938695
4475.0,4.475000000000001,6.229213369276252
4475.5,4.475500000000004,6.231713369276264
4476.0,4.475999999999999,6.23421336927624
4476.5,4.4765000000000015,6.226145391542097
4477.0,4.476999999999997,6.228645391542074
4477.5,4.477499999999999,6.231145391542086
4478.0,4.4780000000000015,6.223105515198419
4478.5,4.478500000000004,6.225605515198431
4479.0,4.478999999999999,6.228105515198408
4479.5,4.479500000000002,6.2201024294613205
4480.0,4.479999999999997,6.222602429461297
4480.5,4.480499999999999,6.225102429461309
4481.0,4.481000000000002,6.217151753789523
4481.5,4.481500000000004,6.219651753789535
4482.0,4.481999999999999,6.222151753789511
4482.5,4.482500000000002,6.214250640258925
4483.0,4.482999999999997,6.216750640258901
4483.5,4.483499999999999,6.219250640258913
4484.0,4.484000000000002,6.211409715240208
4484.5,4.484499999999997,6.2139097152401845
4485.0,4.484999999999999,6.2164097152401965
4485.5,4.485500000000002,6.208630180023391
4486.0,4.485999999999997,6.211130180023368
4486.5,4.4864999999999995,6.2136301800233795
4487.0,4.487000000000002,6.2059078015511915
4487.5,4.487499999999997,6.208407801551168
4488.0,4.4879999999999995,6.21090780155118
4488.5,4.488500000000002,6.203218994148294
4489.0,4.488999999999997,6.20571899414827
4489.5,4.4895,6.208218994148282
4490.0,4.490000000000002,6.200549253707841
4490.5,4.490499999999997,6.2030492537078175
4491.0,4.491,6.205549253707829
4491.5,4.491500000000002,6.197873567275778
4492.0,4.491999999999997,6.200373567275754
4492.5,4.4925,6.202873567275766
4493.0,4.493000000000002,6.195163858950075
4493.5,4.493499999999997,6.197663858950051
4494.0,4.494,6.200163858950063
4494.5,4.494500000000002,6.192384699287317
4495.0,4.494999999999997,6.194884699287293
4495.5,4.4955,6.197384699287305
4496.0,4.496000000000002,6.1895191595224475
4496.5,4.4964999999999975,6.192019159522424
4497.0,4.497,6.194519159522436
4497.5,4.497500000000002,6.186544585150244
4498.0,4.4979999999999976,6.189044585150221
4498.5,4.4985,6.191544585150233
4499.0,4.499000000000002,6.183436185992015
4499.5,4.499499999999998,6.1859361859919915
4500.0,4.5,6.188436185992003
4500.5,4.500500000000002,6.180162509618761
4501.0,4.500999999999998,6.182662509618737
4501.5,4.5015,6.185162509618749
4502.0,4.5020000000000024,6.17670723691905
4502.5,4.502499999999998,6.1792072369190265
4503.0,4.503,6.1817072369190385
4503.5,4.5035000000000025,6.173064994405628
4504.0,4.503999999999998,6.175564994405605
4504.5,4.5045,6.1780649944056165
4505.0,4.505000000000003,6.169241342180243
4505.5,4.505499999999998,6.171741342180219
4506.0,4.506,6.174241342180231
4506.5,4.506500000000003,6.1652612703579734
4507.0,4.506999999999998,6.16776127035795
4507.5,4.5075,6.170261270357962
4508.0,4.508000000000003,6.161171275971142
4508.5,4.508499999999998,6.163671275971119
4509.0,4.509,6.166171275971131
4509.5,4.509500000000003,6.1570107833988175
4510.0,4.509999999999998,6.159510783398794
4510.5,4.5105,6.162010783398806
4511.0,4.511000000000003,6.152825668753472
4511.5,4.511499999999998,6.1553256687534486
4512.0,4.5120000000000005,6.1578256687534605
4512.5,4.512500000000003,6.1486517870069335
4513.0,4.512999999999998,6.15115178700691
4513.5,4.5135000000000005,6.153651787006922
4514.0,4.514000000000003,6.1445463716657756
4514.5,4.514499999999998,6.147046371665752
4515.0,4.515000000000001,6.149546371665764
4515.5,4.515500000000003,6.140530721113571
4516.0,4.515999999999998,6.143030721113547
4516.5,4.516500000000001,6.145530721113559
4517.0,4.517000000000003,6.136621578328807
4517.5,4.517499999999998,6.139121578328783
4518.0,4.518000000000001,6.141621578328795
4518.5,4.518500000000003,6.132817442153744
4519.0,4.518999999999998,6.13531744215372
4519.5,4.519500000000001,6.137817442153732
4520.0,4.520000000000003,6.129131955121601
4520.5,4.520499999999998,6.131631955121577
4521.0,4.521000000000001,6.134131955121589
4521.5,4.521500000000003,6.125569483887787
4522.0,4.5219999999999985,6.128069483887764
4522.5,4.522500000000001,6.130569483887776
4523.0,4.523000000000003,6.12209237274179
4523.5,4.5234999999999985,6.124592372741766
4524.0,4.524000000000001,6.127092372741778
4524.5,4.524499999999996,6.11864494748275
4525.0,4.524999999999999,6.121144947482762
4525.5,4.525500000000001,6.123644947482774
4526.0,4.526000000000003,6.115191706515937
4526.5,4.526499999999999,6.117691706515913
4527.0,4.527000000000001,6.120191706515925
4527.5,4.527499999999996,6.111660328808846
4528.0,4.527999999999999,6.1141603288088575
4528.5,4.528500000000001,6.1166603288088695
4529.0,4.5290000000000035,6.108001512363366
4529.5,4.529499999999999,6.110501512363342
4530.0,4.530000000000001,6.113001512363354
4530.5,4.530499999999996,6.1155015123633305
4531.0,4.530999999999999,6.106688683907606
4531.5,4.531500000000001,6.109188683907618
4532.0,4.532000000000004,6.11168868390763
4532.5,4.532499999999999,6.102711325475738
4533.0,4.533000000000001,6.10521132547575
4533.5,4.5334999999999965,6.1077113254757265
4534.0,4.533999999999999,6.098585571145527
4534.5,4.534500000000001,6.101085571145539
4535.0,4.535000000000004,6.103585571145551
4535.5,4.535499999999999,6.094331764919865
4536.0,4.536000000000001,6.096831764919877
4536.5,4.536499999999997,6.099331764919853
4537.0,4.536999999999999,6.089974656771844
4537.5,4.537500000000001,6.092474656771856
4538.0,4.538000000000004,6.094974656771868
4538.5,4.538499999999999,6.085554164843465
4539.0,4.5390000000000015,6.088054164843477
4539.5,4.539499999999997,6.090554164843454
4540.0,4.539999999999999,6.081127458341342
4540.5,4.5405000000000015,6.083627458341354
4541.0,4.541000000000004,6.086127458341366
4541.5,4.541499999999999,6.076720118604193
4542.0,4.542000000000002,6.079220118604205
4542.5,4.542499999999997,6.081720118604181
4543.0,4.542999999999999,6.07236328244209
4543.5,4.543500000000002,6.074863282442102
4544.0,4.544000000000004,6.077363282442114
4544.5,4.544499999999999,6.068091075613005
4545.0,4.545000000000002,6.070591075613017
4545.5,4.545499999999997,6.073091075612993
4546.0,4.545999999999999,6.063932111379948
4546.5,4.546500000000002,6.06643211137996
4547.0,4.546999999999997,6.068932111379937
4547.5,4.547499999999999,6.059925751007
4548.0,4.548000000000002,6.062425751007012
4548.5,4.548499999999997,6.064925751006989
4549.0,4.5489999999999995,6.056108960448476
4549.5,4.549500000000002,6.058608960448488
4550.0,4.549999999999997,6.061108960448465
4550.5,4.5504999999999995,6.0525047669587195
4551.0,4.551000000000002,6.0550047669587315
4551.5,4.551499999999997,6.057504766958708
4552.0,4.552,6.049123367837872
4552.5,4.552500000000002,6.051623367837884
4553.0,4.552999999999997,6.05412336783786
4553.5,4.5535,6.04595392246523
4554.0,4.554000000000002,6.048453922465242
4554.5,4.554499999999997,6.050953922465219
4555.0,4.555,6.0429808139073415
4555.5,4.555500000000002,6.0454808139073535
4556.0,4.555999999999997,6.04798081390733
4556.5,4.5565,6.04015073584673
4557.0,4.557000000000002,6.042650735846742
4557.5,4.557499999999997,6.045150735846718
4558.0,4.558,6.037397447132129
4558.5,4.558500000000002,6.039897447132141
4559.0,4.5589999999999975,6.042397447132117
4559.5,4.5595,6.034642581581444
4560.0,4.560000000000002,6.037142581581456
4560.5,4.5604999999999976,6.0396425815814325
4561.0,4.561,6.031823468211428
4561.5,4.561500000000002,6.03432346821144
4562.0,4.561999999999998,6.036823468211416
4562.5,4.5625,6.02886675672373
4563.0,4.563000000000002,6.031366756723742
4563.5,4.563499999999998,6.033866756723718
4564.0,4.564,6.025732288385406
4564.5,4.5645000000000024,6.028232288385418
4565.0,4.564999999999998,6.030732288385394
4565.5,4.5655,6.022407175035305
4566.0,4.5660000000000025,6.024907175035317
4566.5,4.566499999999998,6.027407175035293
4567.0,4.567,6.0189031975474805
4567.5,4.567500000000003,6.021403197547492
4568.0,4.567999999999998,6.023903197547469
4568.5,4.5685,6.01522981009488
4569.0,4.569000000000003,6.017729810094892
4569.5,4.569499999999998,6.020229810094868
4570.0,4.57,6.011416861457768
4570.5,4.570500000000003,6.01391686145778
4571.0,4.570999999999998,6.016416861457756
4571.5,4.5715,6.0075067577313845
4572.0,4.572000000000003,6.0100067577313965
4572.5,4.572499999999998,6.012506757731373
4573.0,4.573,6.003539643653504
4573.5,4.573500000000003,6.006039643653516
4574.0,4.573999999999998,6.008539643653492
4574.5,4.5745000000000005,5.999557237201749
4575.0,4.575000000000003,6.002057237201761
4575.5,4.575499999999998,6.0045572372017375
4576.0,4.5760000000000005,5.995606112757521
4576.5,4.576500000000003,5.998106112757533
4577.0,4.576999999999998,6.000606112757509
4577.5,4.577500000000001,5.991724430313035
4578.0,4.578000000000003,5.9942244303130465
4578.5,4.578499999999998,5.996724430313023
4579.0,4.579000000000001,5.987962112173015
4579.5,4.579500000000003,5.990462112173027
4580.0,4.579999999999998,5.992962112173004
4580.5,4.580500000000001,5.984362912569026
4581.0,4.581000000000003,5.986862912569038
4581.5,4.581499999999998,5.989362912569014
4582.0,4.582000000000001,5.980971948090925
4582.5,4.582500000000003,5.983471948090937
4583.0,4.582999999999998,5.9859719480909135
4583.5,4.583500000000001,5.977800955879928
4584.0,4.584000000000003,5.98030095587994
4584.5,4.5844999999999985,5.982800955879917
4585.0,4.585000000000001,5.9748415935190025
4585.5,4.585500000000003,5.977341593519014
4586.0,4.5859999999999985,5.979841593518991
4586.5,4.586500000000001,5.972080475729982
4587.0,4.586999999999996,5.974580475729958
4587.5,4.587499999999999,5.97708047572997
4588.0,4.588000000000001,5.969453931999205
4588.5,4.588500000000003,5.9719539319992165
4589.0,4.588999999999999,5.974453931999193
4589.5,4.589500000000001,5.966898961540359
4590.0,4.589999999999996,5.969398961540335
4590.5,4.590499999999999,5.971898961540347
4591.0,4.591000000000001,5.964346098921176
4591.5,4.5915000000000035,5.966846098921188
4592.0,4.591999999999999,5.969346098921164
4592.5,4.592500000000001,5.9617328682893955
4593.0,4.592999999999996,5.964232868289372
4593.5,4.593499999999999,5.966732868289384
4594.0,4.594000000000001,5.958984767722448
4594.5,4.594500000000004,5.96148476772246
4595.0,4.594999999999999,5.963984767722437
4595.5,4.595500000000001,5.956079776718894
4596.0,4.5959999999999965,5.958579776718871
4596.5,4.596499999999999,5.961079776718883
4597.0,4.597000000000001,5.952971008146761
4597.5,4.597500000000004,5.955471008146773
4598.0,4.597999999999999,5.95797100814675
4598.5,4.598500000000001,5.949629429836207
4599.0,4.598999999999997,5.952129429836184
4599.5,4.599499999999999,5.954629429836196
4600.0,4.600000000000001,5.946024139063191
4600.5,4.600500000000004,5.948524139063203
4601.0,4.600999999999999,5.951024139063179
4601.5,4.6015000000000015,5.9421502138134485
4602.0,4.601999999999997,5.944650213813425
4602.5,4.602499999999999,5.947150213813437
4603.0,4.6030000000000015,5.938028982563246
4603.5,4.603500000000004,5.940528982563258
4604.0,4.603999999999999,5.943028982563234
4604.5,4.604500000000002,5.93371087588018
4605.0,4.604999999999997,5.936210875880157
4605.5,4.605499999999999,5.938710875880169
4606.0,4.606000000000002,5.941210875880181
4606.5,4.606500000000004,5.9317340425428355
4607.0,4.606999999999999,5.934234042542812
4607.5,4.607500000000002,5.936734042542824
4608.0,4.607999999999997,5.927159331138689
4608.5,4.608499999999999,5.929659331138701
4609.0,4.609000000000002,5.932159331138713
4609.5,4.609499999999997,5.922556074617873
4610.0,4.609999999999999,5.925056074617885
4610.5,4.610500000000002,5.927556074617897
4611.0,4.610999999999997,5.918003093350315
4611.5,4.6114999999999995,5.920503093350327
4612.0,4.612000000000002,5.923003093350339
4612.5,4.612499999999997,5.913560034795395
4613.0,4.6129999999999995,5.916060034795407
4613.5,4.613500000000002,5.918560034795419
4614.0,4.613999999999997,5.909255350162859
4614.5,4.6145,5.911755350162871
4615.0,4.615000000000002,5.9142553501628825
4615.5,4.615499999999997,5.905090782854643
4616.0,4.616,5.907590782854655
4616.5,4.616500000000002,5.910090782854667
4617.0,4.616999999999997,5.901073779131316
4617.5,4.6175,5.903573779131328
4618.0,4.618000000000002,5.90607377913134
4618.5,4.618499999999997,5.897206390387559
4619.0,4.619,5.899706390387571
4619.5,4.619500000000002,5.902206390387583
4620.0,4.619999999999997,5.893487514151374
4620.5,4.6205,5.895987514151386
4621.0,4.621000000000002,5.898487514151398
4621.5,4.6214999999999975,5.8898901348117505
4622.0,4.622,5.892390134811762
4622.5,4.622500000000002,5.894890134811774
4623.0,4.6229999999999976,5.886379761142493
4623.5,4.6235,5.888879761142505
4624.0,4.624000000000002,5.891379761142517
4624.5,4.624499999999998,5.882902571602635
4625.0,4.625,5.885402571602647
4625.5,4.625500000000002,5.887902571602659
4626.0,4.625999999999998,5.879387453524103
4626.5,4.6265,5.881887453524115
4627.0,4.6270000000000024,5.884387453524127
4627.5,4.627499999999998,5.875784426502939
4628.0,4.628,5.878284426502951
4628.5,4.6285000000000025,5.880784426502963
4629.0,4.628999999999998,5.872025801088334
4629.5,4.6295,5.874525801088346
4630.0,4.630000000000003,5.877025801088358
4630.5,4.630499999999998,5.868067068591216
4631.0,4.631,5.870567068591228
4631.5,4.631500000000003,5.87306706859124
4632.0,4.631999999999998,5.863883467998754
4632.5,4.6325,5.866383467998766
4633.0,4.633000000000003,5.868883467998778
4633.5,4.633499999999998,5.859483641003784
4634.0,4.634,5.861983641003796
4634.5,4.634500000000003,5.864483641003808
4635.0,4.634999999999998,5.85488636946323
4635.5,4.6355,5.857386369463242
4636.0,4.636000000000003,5.859886369463254
4636.5,4.636499999999998,5.850136054005155
4637.0,4.6370000000000005,5.852636054005167
4637.5,4.637500000000003,5.855136054005179
4638.0,4.637999999999998,5.845264297332307
4638.5,4.6385000000000005,5.8477642973323185
4639.0,4.639000000000003,5.85026429733233
4639.5,4.639499999999998,5.840313611564376
4640.0,4.640000000000001,5.842813611564388
4640.5,4.640500000000003,5.8453136115644
4641.0,4.640999999999998,5.8353176904299175
4641.5,4.641500000000001,5.8378176904299295
4642.0,4.642000000000003,5.840317690429941
4642.5,4.642499999999998,5.830300979780354
4643.0,4.643000000000001,5.832800979780366
4643.5,4.643500000000003,5.835300979780378
4644.0,4.643999999999998,5.8253007212660535
4644.5,4.644500000000001,5.827800721266065
4645.0,4.645000000000003,5.830300721266077
4645.5,4.645499999999998,5.820360114296612
4646.0,4.646000000000001,5.822860114296624
4646.5,4.646500000000003,5.825360114296636
4647.0,4.6469999999999985,5.8155189234983595
4647.5,4.647500000000001,5.8180189234983715
4648.0,4.648000000000003,5.820518923498383
4648.5,4.6484999999999985,5.8108021955005285
4649.0,4.649000000000001,5.81330219550054
4649.5,4.649499999999996,5.815802195500517
4650.0,4.649999999999999,5.806240829072102
4650.5,4.650500000000001,5.808740829072114
4651.0,4.651000000000003,5.811240829072126
4651.5,4.651499999999999,5.801862134398625
4652.0,4.652000000000001,5.804362134398637
4652.5,4.652499999999996,5.806862134398614
4653.0,4.652999999999999,5.797688621839008
4653.5,4.653500000000001,5.80018862183902
4654.0,4.6540000000000035,5.802688621839032
4654.5,4.654499999999999,5.793714059648067
4655.0,4.655000000000001,5.796214059648079
4655.5,4.655499999999996,5.798714059648056
4656.0,4.655999999999999,5.789941027703627
4656.5,4.656500000000001,5.792441027703639
4657.0,4.657000000000004,5.794941027703651
4657.5,4.657499999999999,5.786349611910566
4658.0,4.658000000000001,5.788849611910578
4658.5,4.6584999999999965,5.7913496119105545
4659.0,4.658999999999999,5.78289479364269
4659.5,4.659500000000001,5.785394793642702
4660.0,4.660000000000004,5.787894793642714
4660.5,4.660499999999999,5.779526694680932
4661.0,4.661000000000001,5.782026694680944
4661.5,4.661499999999997,5.78452669468092
4662.0,4.661999999999999,5.776179525875769
4662.5,4.662500000000001,5.778679525875781
4663.0,4.663000000000004,5.7811795258757925
4663.5,4.663499999999999,5.772783737807714
4664.0,4.6640000000000015,5.775283737807726
4664.5,4.664499999999997,5.777783737807702
4665.0,4.664999999999999,5.769295563366121
4665.5,4.6655000000000015,5.771795563366133
4666.0,4.666000000000004,5.774295563366145
4666.5,4.666499999999999,5.765707853376512
4667.0,4.667000000000002,5.7682078533765235
4667.5,4.667499999999997,5.7707078533765
4668.0,4.667999999999999,5.762019251913095
4668.5,4.668500000000002,5.764519251913107
4669.0,4.669000000000004,5.767019251913119
4669.5,4.669499999999999,5.758235918575423
4670.0,4.670000000000002,5.760735918575435
4670.5,4.670499999999997,5.763235918575411
4671.0,4.670999999999999,5.754349617319825
4671.5,4.671500000000002,5.756849617319837
4672.0,4.671999999999997,5.759349617319813
4672.5,4.672499999999999,5.7503592933914405
4673.0,4.673000000000002,5.752859293391452
4673.5,4.673499999999997,5.755359293391429
4674.0,4.6739999999999995,5.74628711204717
4674.5,4.674500000000002,5.748787112047182
4675.0,4.674999999999997,5.751287112047159
4675.5,4.6754999999999995,5.742145432977601
4676.0,4.676000000000002,5.744645432977613
4676.5,4.676499999999997,5.7471454329775895
4677.0,4.677,5.737978454067765
4677.5,4.677500000000002,5.740478454067777
4678.0,4.677999999999997,5.742978454067753
4678.5,4.6785,5.733821345606884
4679.0,4.679000000000002,5.736321345606896
4679.5,4.679499999999997,5.738821345606873
4680.0,4.68,5.729683250573423
4680.5,4.680500000000002,5.732183250573435
4681.0,4.680999999999997,5.734683250573411
4681.5,4.6815,5.737183250573423
4682.0,4.682000000000002,5.728091030957749
4682.5,4.682499999999997,5.730591030957726
4683.0,4.683,5.733091030957738
4683.5,4.683500000000002,5.724078075374557
4684.0,4.6839999999999975,5.726578075374533
4684.5,4.6845,5.729078075374545
4685.0,4.685000000000002,5.720168838687734
4685.5,4.6854999999999976,5.72266883868771
4686.0,4.686,5.725168838687722
4686.5,4.686500000000002,5.716386083224592
4687.0,4.686999999999998,5.718886083224568
4687.5,4.6875,5.72138608322458
4688.0,4.688000000000002,5.712733473913616
4688.5,4.688499999999998,5.715233473913592
4689.0,4.689,5.717733473913604
4689.5,4.6895000000000024,5.709212676886288
4690.0,4.689999999999998,5.711712676886265
4690.5,4.6905,5.714212676886277
4691.0,4.6910000000000025,5.705830681690536
4691.5,4.691499999999998,5.708330681690512
4692.0,4.692,5.710830681690524
4692.5,4.692500000000003,5.702570818578039
4693.0,4.692999999999998,5.705070818578015
4693.5,4.6935,5.707570818578027
4694.0,4.694000000000003,5.699399618854137
4694.5,4.694499999999998,5.701899618854114
4695.0,4.695,5.704399618854126
4695.5,4.695500000000003,5.696272188117106
4696.0,4.695999999999998,5.698772188117083
4696.5,4.6965,5.701272188117095
4697.0,4.697000000000003,5.69314333626906
4697.5,4.697499999999998,5.695643336269036
4698.0,4.698,5.698143336269048
4698.5,4.698500000000003,5.689981728614946
4699.0,4.698999999999998,5.692481728614922
4699.5,4.6995000000000005,5.694981728614934
4700.0,4.700000000000003,5.68675753236942
4700.5,4.700499999999998,5.689257532369396
4701.0,4.7010000000000005,5.691757532369408
4701.5,4.701500000000003,5.683446783539559
4702.0,4.701999999999998,5.685946783539535
4702.5,4.702500000000001,5.688446783539547
4703.0,4.703000000000003,5.680047954911132
4703.5,4.703499999999998,5.682547954911108
4704.0,4.704000000000001,5.68504795491112
4704.5,4.704500000000003,5.676556589170509
4705.0,4.704999999999998,5.679056589170486
4705.5,4.705500000000001,5.681556589170498
4706.0,4.706000000000003,5.672968155143003
4706.5,4.706499999999998,5.67546815514298
4707.0,4.707000000000001,5.677968155142992
4707.5,4.707500000000003,5.669292172043221
4708.0,4.707999999999998,5.671792172043197
4708.5,4.708500000000001,5.674292172043209
4709.0,4.709000000000003,5.665536636591746
4709.5,4.7094999999999985,5.668036636591722
4710.0,4.710000000000001,5.670536636591734
4710.5,4.710500000000003,5.66169494623459
4711.0,4.7109999999999985,5.664194946234566
4711.5,4.711500000000001,5.666694946234578
4712.0,4.711999999999996,5.657761196339592
4712.5,4.712499999999999,5.660261196339604
4713.0,4.713000000000001,5.662761196339616
4713.5,4.713500000000003,5.653749128620049
4714.0,4.713999999999999,5.656249128620026
4714.5,4.714500000000001,5.6587491286200375
4715.0,4.714999999999996,5.649674357097965
4715.5,4.715499999999999,5.6521743570979766
4716.0,4.716000000000001,5.6546743570979885
4716.5,4.7165000000000035,5.645549484723169
4717.0,4.716999999999999,5.6480494847231455
4717.5,4.717500000000001,5.650549484723157
4718.0,4.717999999999996,5.641407146940942
4718.5,4.718499999999999,5.643907146940954
4719.0,4.719000000000001,5.646407146940966
4719.5,4.719500000000004,5.637288732623489
4720.0,4.719999999999999,5.639788732623465
4720.5,4.720500000000001,5.642288732623477
4721.0,4.7209999999999965,5.633229197538476
4721.5,4.721499999999999,5.635729197538488
4722.0,4.722000000000001,5.6382291975385
4722.5,4.722500000000004,5.629254681149227
4723.0,4.722999999999999,5.631754681149204
4723.5,4.723500000000001,5.634254681149216
4724.0,4.723999999999997,5.625378012984008
4724.5,4.724499999999999,5.62787801298402
4725.0,4.725000000000001,5.630378012984032
4725.5,4.725500000000004,5.6216107354426725
4726.0,4.725999999999999,5.624110735442649
4726.5,4.7265000000000015,5.626610735442661
4727.0,4.726999999999997,5.6179458931634585
4727.5,4.727499999999999,5.62044589316347
4728.0,4.7280000000000015,5.622945893163482
4728.5,4.728500000000004,5.614327541389059
4729.0,4.728999999999999,5.616827541389036
4729.5,4.729500000000002,5.6193275413890476
4730.0,4.729999999999997,5.610688765583127
4730.5,4.730499999999999,5.613188765583139
4731.0,4.731000000000002,5.615688765583151
4731.5,4.731500000000004,5.606987778939967
4732.0,4.731999999999999,5.609487778939943
4732.5,4.732500000000002,5.611987778939955
4733.0,4.732999999999997,5.603179275358556
4733.5,4.733499999999999,5.605679275358568
4734.0,4.734000000000002,5.60817927535858
4734.5,4.734499999999997,5.599243976490023
4735.0,4.734999999999999,5.6017439764900345
4735.5,4.735500000000002,5.6042439764900465
4736.0,4.735999999999997,5.595177341170654
4736.5,4.7364999999999995,5.597677341170666
4737.0,4.737000000000002,5.600177341170678
4737.5,4.737499999999997,5.590984838572659
4738.0,4.7379999999999995,5.593484838572671
4738.5,4.738500000000002,5.595984838572683
4739.0,4.738999999999997,5.586677721406517
4739.5,4.7395,5.589177721406529
4740.0,4.740000000000002,5.5916777214065405
4740.5,4.740499999999997,5.582251844769779
4741.0,4.741,5.584751844769791
4741.5,4.741500000000002,5.587251844769803
4742.0,4.741999999999997,5.577711276420736
4742.5,4.7425,5.580211276420748
4743.0,4.743000000000002,5.58271127642076
4743.5,4.743499999999997,5.573071395104208
4744.0,4.744,5.57557139510422
4744.5,4.744500000000002,5.5780713951042316
4745.0,4.744999999999997,5.5683460527452056
4745.5,4.7455,5.5708460527452175
4746.0,4.746000000000002,5.573346052745229
4746.5,4.7464999999999975,5.5635519524971855
4747.0,4.747,5.566051952497197
4747.5,4.747500000000002,5.568551952497209
4748.0,4.7479999999999976,5.558712804370494
4748.5,4.7485,5.561212804370506
4749.0,4.749000000000002,5.5637128043705175
4749.5,4.749499999999998,5.553863589092174
4750.0,4.75,5.556363589092186
4750.5,4.750500000000002,5.558863589092198
4751.0,4.750999999999998,5.549074581622335
4751.5,4.7515,5.551574581622347
4752.0,4.7520000000000024,5.554074581622359
4752.5,4.752499999999998,5.544386506800123
4753.0,4.753,5.546886506800135
4753.5,4.7535000000000025,5.549386506800147
4754.0,4.753999999999998,5.539845339979834
4754.5,4.7545,5.542345339979846
4755.0,4.755000000000003,5.544845339979858
4755.5,4.755499999999998,5.535478243199172
4756.0,4.756,5.537978243199184
4756.5,4.756500000000003,5.540478243199196
4757.0,4.756999999999998,5.5429782431991725
4757.5,4.7575,5.533797001546432
4758.0,4.758000000000003,5.536297001546444
4758.5,4.758499999999998,5.5387970015464205
4759.0,4.759,5.529795366607644
4759.5,4.759500000000003,5.532295366607656
4760.0,4.759999999999998,5.534795366607632
4760.5,4.7605,5.52596897052112
4761.0,4.761000000000003,5.528468970521132
4761.5,4.761499999999998,5.5309689705211085
4762.0,4.7620000000000005,5.52229360873806
4762.5,4.762500000000003,5.524793608738072
4763.0,4.762999999999998,5.527293608738049
4763.5,4.7635000000000005,5.518734292126268
4764.0,4.764000000000003,5.52123429212628
4764.5,4.764499999999998,5.523734292126257
4765.0,4.765000000000001,5.515215886456595
4765.5,4.765500000000003,5.517715886456607
4766.0,4.765999999999998,5.520215886456583
4766.5,4.766500000000001,5.51168749840194
4767.0,4.767000000000003,5.514187498401952
4767.5,4.767499999999998,5.516687498401929
4768.0,4.768000000000001,5.508112608416056
4768.5,4.768500000000003,5.510612608416068
4769.0,4.768999999999998,5.513112608416044
4769.5,4.769500000000001,5.504484898532844
4770.0,4.770000000000003,5.506984898532856
4770.5,4.770499999999998,5.509484898532833
4771.0,4.771000000000001,5.500791170534036
4771.5,4.771500000000003,5.503291170534048
4772.0,4.7719999999999985,5.505791170534025
4772.5,4.772500000000001,5.49705674830026
4773.0,4.773000000000003,5.499556748300272
4773.5,4.7734999999999985,5.502056748300248
4774.0,4.774000000000001,5.4932759797471675
4774.5,4.774499999999996,5.495775979747144
4775.0,4.774999999999999,5.498275979747156
4775.5,4.775500000000001,5.489442233229589
4776.0,4.776000000000003,5.491942233229601
4776.5,4.776499999999999,5.494442233229577
4777.0,4.777000000000001,5.4855469870280515
4777.5,4.777499999999996,5.488046987028028
4778.0,4.777999999999999,5.49054698702804
4778.5,4.778500000000001,5.481585925687433
4779.0,4.7790000000000035,5.484085925687445
4779.5,4.779499999999999,5.486585925687422
4780.0,4.780000000000001,5.477550147461301
4780.5,4.780499999999996,5.480050147461277
4781.0,4.780999999999999,5.482550147461289
4781.5,4.781500000000001,5.4734467601814885
4782.0,4.782000000000004,5.4759467601815
4782.5,4.782499999999999,5.478446760181477
4783.0,4.783000000000001,5.46927778817043
4783.5,4.7834999999999965,5.471777788170407
4784.0,4.783999999999999,5.4742777881704185
4784.5,4.784500000000001,5.46504766080762
4785.0,4.785000000000004,5.467547660807632
4785.5,4.785499999999999,5.470047660807609
4786.0,4.786000000000001,5.4607646149368705
4786.5,4.786499999999997,5.463264614936847
4787.0,4.786999999999999,5.465764614936859
4787.5,4.787500000000001,5.456440650911567
4788.0,4.788000000000004,5.458940650911579
4788.5,4.788499999999999,5.461440650911555
4789.0,4.7890000000000015,5.452092557046804
4789.5,4.789499999999997,5.45459255704678
4790.0,4.789999999999999,5.457092557046792
4790.5,4.7905000000000015,5.4477467522109535
4791.0,4.791000000000004,5.450246752210965
4791.5,4.791499999999999,5.452746752210942
4792.0,4.792000000000002,5.443428302662063
4792.5,4.792499999999997,5.44592830266204
4793.0,4.792999999999999,5.448428302662052
4793.5,4.793500000000002,5.4391602284465534
4794.0,4.794000000000004,5.441660228446565
4794.5,4.794499999999999,5.444160228446542
4795.0,4.795000000000002,5.43493716852435
4795.5,4.795499999999997,5.437437168524326
4796.0,4.795999999999999,5.439937168524338
4796.5,4.796500000000002,5.4307416643924
4797.0,4.796999999999997,5.433241664392376
4797.5,4.797499999999999,5.435741664392388
4798.0,4.798000000000002,5.426544699417519
4798.5,4.798499999999997,5.429044699417496
4799.0,4.7989999999999995,5.431544699417508
4799.5,4.799500000000002,5.422327154693249
4800.0,4.799999999999997,5.424827154693226
4800.5,4.8004999999999995,5.427327154693238
4801.0,4.801000000000002,5.418060620346203
4801.5,4.801499999999997,5.42056062034618
4802.0,4.802,5.423060620346192
4802.5,4.802500000000002,5.413736437343566
4803.0,4.802999999999997,5.416236437343542
4803.5,4.8035,5.418736437343554
4804.0,4.804000000000002,5.409354603751346
4804.5,4.804499999999997,5.411854603751323
4805.0,4.805,5.414354603751335
4805.5,4.805500000000002,5.4049397545565725
4806.0,4.805999999999997,5.407439754556549
4806.5,4.8065,5.409939754556561
4807.0,4.807000000000002,5.400511583802476
4807.5,4.807499999999997,5.403011583802453
4808.0,4.808,5.405511583802465
4808.5,4.808500000000002,5.396083041808879
4809.0,4.8089999999999975,5.398583041808855
4809.5,4.8095,5.401083041808867
4810.0,4.810000000000002,5.39166719999951
4810.5,4.8104999999999976,5.394167199999487
4811.0,4.811,5.396667199999499
4811.5,4.811500000000002,5.387273984402761
4812.0,4.811999999999998,5.389773984402737
4812.5,4.8125,5.392273984402749
4813.0,4.813000000000002,5.3829095990906595
4813.5,4.813499999999998,5.385409599090636
4814.0,4.814,5.387909599090648
4814.5,4.8145000000000024,5.378569001549174
4815.0,4.814999999999998,5.38106900154915
4815.5,4.8155,5.383569001549162
4816.0,4.8160000000000025,5.374219347259448
4816.5,4.816499999999998,5.376719347259424
4817.0,4.817,5.379219347259436
4817.5,4.817500000000003,5.3698633384757954
4818.0,4.817999999999998,5.372363338475772
4818.5,4.8185,5.374863338475784
4819.0,4.819000000000003,5.365515144728654
4819.5,4.819499999999998,5.368015144728631
4820.0,4.82,5.3705151447286426
4820.5,4.820500000000003,5.361192918627218
4821.0,4.820999999999998,5.363692918627194
4821.5,4.8215,5.366192918627206
4822.0,4.822000000000003,5.356914002346791
4822.5,4.822499999999998,5.359414002346767
4823.0,4.823,5.361914002346779
4823.5,4.823500000000003,5.352674358291587
4824.0,4.823999999999998,5.355174358291563
4824.5,4.8245000000000005,5.357674358291575
4825.0,4.825000000000003,5.348492276012671
4825.5,4.825499999999998,5.350992276012647
4826.0,4.8260000000000005,5.353492276012659
4826.5,4.826500000000003,5.344401595888328
4827.0,4.826999999999998,5.346901595888305
4827.5,4.827500000000001,5.349401595888317
4828.0,4.828000000000003,5.340415424281915
4828.5,4.828499999999998,5.342915424281891
4829.0,4.829000000000001,5.345415424281903
4829.5,4.829500000000003,5.336530300306457
4830.0,4.829999999999998,5.339030300306433
4830.5,4.830500000000001,5.341530300306445
4831.0,4.831000000000003,5.332739254930203
4831.5,4.831499999999998,5.33523925493018
4832.0,4.832000000000001,5.337739254930192
4832.5,4.832500000000003,5.340239254930204
4833.0,4.832999999999998,5.331513533510801
4833.5,4.833500000000001,5.334013533510813
4834.0,4.834000000000003,5.336513533510825
4834.5,4.8344999999999985,5.327823993297649
4835.0,4.835000000000001,5.330323993297661
4835.5,4.835500000000003,5.332823993297673
4836.0,4.8359999999999985,5.324136820582268
4836.5,4.836500000000001,5.32663682058228
4837.0,4.836999999999996,5.3291368205822565
4837.5,4.837499999999999,5.320426383537864
4838.0,4.838000000000001,5.322926383537876
4838.5,4.838500000000003,5.325426383537888
4839.0,4.838999999999999,5.3166855357279275
4839.5,4.839500000000001,5.319185535727939
4840.0,4.839999999999996,5.321685535727916
4840.5,4.840499999999999,5.312924443584031
4841.0,4.841000000000001,5.3154244435840425
4841.5,4.8415000000000035,5.3179244435840545
4842.0,4.841999999999999,5.309135423861235
4842.5,4.842500000000001,5.311635423861247
4843.0,4.842999999999996,5.314135423861224
4843.5,4.843499999999999,5.3053253419233215
4844.0,4.844000000000001,5.307825341923333
4844.5,4.844500000000004,5.310325341923345
4845.0,4.844999999999999,5.3015043198575285
4845.5,4.845500000000001,5.30400431985754
4846.0,4.8459999999999965,5.306504319857517
4846.5,4.846499999999999,5.297677964607956
4847.0,4.847000000000001,5.300177964607968
4847.5,4.847500000000004,5.30267796460798
4848.0,4.847999999999999,5.293855566453374
4848.5,4.848500000000001,5.296355566453386
4849.0,4.848999999999997,5.298855566453362
4849.5,4.849499999999999,5.290048081382288
4850.0,4.850000000000001,5.2925480813823
4850.5,4.850500000000004,5.295048081382312
4851.0,4.850999999999999,5.286271550501667
4851.5,4.8515000000000015,5.288771550501679
4852.0,4.851999999999997,5.291271550501655
4852.5,4.852499999999999,5.282560146099442
4853.0,4.8530000000000015,5.285060146099454
4853.5,4.853500000000004,5.287560146099466
4854.0,4.853999999999999,5.278913963855416
4854.5,4.854500000000002,5.281413963855428
4855.0,4.854999999999997,5.2839139638554045
4855.5,4.855499999999999,5.275347333130043
4856.0,4.856000000000002,5.277847333130055
4856.5,4.856500000000004,5.2803473331300665
4857.0,4.856999999999999,5.271875971685915
4857.5,4.857500000000002,5.274375971685927
4858.0,4.857999999999997,5.276875971685904
4858.5,4.858499999999999,5.268490877941936
4859.0,4.859000000000002,5.270990877941948
4859.5,4.859499999999997,5.273490877941924
4860.0,4.859999999999999,5.26517332040946
4860.5,4.860500000000002,5.267673320409472
4861.0,4.860999999999997,5.270173320409448
4861.5,4.8614999999999995,5.261914275472215
4862.0,4.862000000000002,5.264414275472227
4862.5,4.862499999999997,5.266914275472203
4863.0,4.8629999999999995,5.258702312633865
4863.5,4.863500000000002,5.261202312633877
4864.0,4.863999999999997,5.263702312633853
4864.5,4.8645,5.255525648035473
4865.0,4.865000000000002,5.258025648035485
4865.5,4.865499999999997,5.260525648035461
4866.0,4.866,5.252359695353306
4866.5,4.866500000000002,5.254859695353318
4867.0,4.866999999999997,5.257359695353294
4867.5,4.8675,5.249177495571793
4868.0,4.868000000000002,5.251677495571805
4868.5,4.868499999999997,5.254177495571781
4869.0,4.869,5.24594162230116
4869.5,4.869500000000002,5.248441622301172
4870.0,4.869999999999997,5.2509416223011485
4870.5,4.8705,5.242596444175831
4871.0,4.871000000000002,5.245096444175843
4871.5,4.8714999999999975,5.247596444175819
4872.0,4.872,5.239076213753648
4872.5,4.872500000000002,5.24157621375366
4873.0,4.8729999999999976,5.244076213753637
4873.5,4.8735,5.23534544857295
4874.0,4.874000000000002,5.237845448572962
4874.5,4.874499999999998,5.240345448572938
4875.0,4.875,5.231393905948245
4875.5,4.875500000000002,5.233893905948257
4876.0,4.875999999999998,5.236393905948233
4876.5,4.8765,5.227211979779618
4877.0,4.8770000000000024,5.22971197977963
4877.5,4.877499999999998,5.232211979779606
4878.0,4.878,5.222824326271791
4878.5,4.8785000000000025,5.225324326271803
4879.0,4.878999999999998,5.227824326271779
4879.5,4.8795,5.2182558427244885
4880.0,4.880000000000003,5.2207558427245
4880.5,4.880499999999998,5.223255842724477
4881.0,4.881,5.213555250274098
4881.5,4.881500000000003,5.21605525027411
4882.0,4.881999999999998,5.218555250274086
4882.5,4.8825,5.208773904329753
4883.0,4.883000000000003,5.211273904329765
4883.5,4.883499999999998,5.2137739043297415
4884.0,4.884,5.203972871243465
4884.5,4.884500000000003,5.206472871243477
4885.0,4.884999999999998,5.2089728712434535
4885.5,4.8855,5.19918680206036
4886.0,4.886000000000003,5.201686802060372
4886.5,4.886499999999998,5.204186802060349
4887.0,4.8870000000000005,5.194446440237108
4887.5,4.887500000000003,5.19694644023712
4888.0,4.887999999999998,5.199446440237097
4888.5,4.8885000000000005,5.1897852205104655
4889.0,4.889000000000003,5.1922852205104775
4889.5,4.889499999999998,5.194785220510454
4890.0,4.890000000000001,5.185219320715078
4890.5,4.890500000000003,5.18771932071509
4891.0,4.890999999999998,5.190219320715066
4891.5,4.891500000000001,5.180766868966593
4892.0,4.892000000000003,5.183266868966605
4892.5,4.892499999999998,5.1857668689665815
4893.0,4.893000000000001,5.176455507930129
4893.5,4.893500000000003,5.178955507930141
4894.0,4.893999999999998,5.181455507930117
4894.5,4.894500000000001,5.172277413659785
4895.0,4.895000000000003,5.174777413659797
4895.5,4.895499999999998,5.177277413659773
4896.0,4.896000000000001,5.168218285198485
4896.5,4.896500000000003,5.170718285198497
4897.0,4.8969999999999985,5.173218285198473
4897.5,4.897500000000001,5.164282236018529
4898.0,4.898000000000003,5.166782236018541
4898.5,4.8984999999999985,5.1692822360185176
4899.0,4.899000000000001,5.160448194266536
4899.5,4.899499999999996,5.162948194266512
4900.0,4.899999999999999,5.165448194266524
4900.5,4.900500000000001,5.156695025130915
4901.0,4.901000000000003,5.159195025130927
4901.5,4.901499999999999,5.1616950251309035
4902.0,4.902000000000001,5.152988212220855
4902.5,4.902499999999996,5.155488212220831
4903.0,4.902999999999999,5.157988212220843
4903.5,4.903500000000001,5.149282292132149
4904.0,4.9040000000000035,5.151782292132161
4904.5,4.904499999999999,5.154282292132137
4905.0,4.905000000000001,5.145527896094855
4905.5,4.905499999999996,5.148027896094831
4906.0,4.905999999999999,5.150527896094843
4906.5,4.906500000000001,5.141672702866202
4907.0,4.907000000000004,5.144172702866214
4907.5,4.907499999999999,5.146672702866191
4908.0,4.908000000000001,5.149172702866203
4908.5,4.9084999999999965,5.140179892325349
4909.0,4.908999999999999,5.142679892325361
4909.5,4.909500000000001,5.145179892325373
4910.0,4.910000000000004,5.1360343768216055
4910.5,4.910499999999999,5.138534376821582
4911.0,4.911000000000001,5.141034376821594
4911.5,4.911499999999997,5.131731719891484
4912.0,4.911999999999999,5.1342317198914955
4912.5,4.912500000000001,5.1367317198915075
4913.0,4.913000000000004,5.12729278472797
4913.5,4.913499999999999,5.129792784727947
4914.0,4.9140000000000015,5.132292784727959
4914.5,4.914499999999997,5.122728226053006
4915.0,4.914999999999999,5.125228226053018
4915.5,4.9155000000000015,5.12772822605303
4916.0,4.916000000000004,5.118083225198973
4916.5,4.916499999999999,5.120583225198949
4917.0,4.917000000000002,5.123083225198961
4917.5,4.917499999999997,5.113409764960153
4918.0,4.917999999999999,5.115909764960165
4918.5,4.918500000000002,5.118409764960177
4919.0,4.919000000000004,5.108749094772449
4919.5,4.919499999999999,5.111249094772425
4920.0,4.920000000000002,5.113749094772437
4920.5,4.920499999999997,5.104116140623667
4921.0,4.920999999999999,5.106616140623679
4921.5,4.921500000000002,5.109116140623691
4922.0,4.921999999999997,5.099538565286323
4922.5,4.922499999999999,5.102038565286335
4923.0,4.923000000000002,5.104538565286347
4923.5,4.923499999999997,5.0950447741657
4924.0,4.9239999999999995,5.097544774165712
4924.5,4.924500000000002,5.100044774165724
4925.0,4.924999999999997,5.090677404136095
4925.5,4.9254999999999995,5.093177404136107
4926.0,4.926000000000002,5.095677404136119
4926.5,4.926499999999997,5.086460012858112
4927.0,4.927,5.088960012858124
4927.5,4.927500000000002,5.0914600128581355
4928.0,4.927999999999997,5.0824123881104555
4928.5,4.9285,5.084912388110467
4929.0,4.929000000000002,5.087412388110479
4929.5,4.929499999999997,5.078524282434138
4930.0,4.93,5.08102428243415
4930.5,4.930500000000002,5.083524282434162
4931.0,4.930999999999997,5.07476768933703
4931.5,4.9315,5.077267689337042
4932.0,4.932000000000002,5.079767689337054
4932.5,4.932499999999997,5.071104629904717
4933.0,4.933,5.073604629904729
4933.5,4.933500000000002,5.076104629904741
4934.0,4.9339999999999975,5.067508271360239
4934.5,4.9345,5.070008271360251
4935.0,4.935000000000002,5.072508271360263
4935.5,4.9354999999999976,5.063924163554567
4936.0,4.936,5.066424163554579
4936.5,4.936500000000002,5.068924163554591
4937.0,4.936999999999998,5.060298071954179
4937.5,4.9375,5.062798071954191
4938.0,4.938000000000002,5.065298071954203
4938.5,4.938499999999998,5.056580437245195
4939.0,4.939,5.059080437245207
4939.5,4.9395000000000024,5.061580437245219
4940.0,4.939999999999998,5.052724701283822
4940.5,4.9405,5.055224701283834
4941.0,4.9410000000000025,5.0577247012838455
4941.5,4.941499999999998,5.048710636236393
4942.0,4.942,5.051210636236405
4942.5,4.942500000000003,5.053710636236417
4943.0,4.942999999999998,5.044523885596668
4943.5,4.9435,5.04702388559668
4944.0,4.944000000000003,5.049523885596692
4944.5,4.944499999999998,5.040166526673744
4945.0,4.945,5.042666526673756
4945.5,4.945500000000003,5.045166526673768
4946.0,4.945999999999998,5.0356625290788415
4946.5,4.9465,5.038162529078853
4947.0,4.947000000000003,5.040662529078865
4947.5,4.947499999999998,5.031051665862307
4948.0,4.948,5.033551665862319
4948.5,4.948500000000003,5.036051665862331
4949.0,4.948999999999998,5.026366796346231
4949.5,4.9495000000000005,5.028866796346243
4950.0,4.950000000000003,5.031366796346255
4950.5,4.950499999999998,5.021668780583894
4951.0,4.9510000000000005,5.024168780583906
4951.5,4.951500000000003,5.026668780583918
4952.0,4.951999999999998,5.016992649058167
4952.5,4.952500000000001,5.019492649058179
4953.0,4.953000000000003,5.021992649058191
4953.5,4.953499999999998,5.012387239620892
4954.0,4.954000000000001,5.014887239620904
4954.5,4.954500000000003,5.017387239620916
4955.0,4.954999999999998,5.007899290847959
4955.5,4.955500000000001,5.010399290847971
4956.0,4.956000000000003,5.012899290847983
4956.5,4.956499999999998,5.00356364085075
4957.0,4.957000000000001,5.006063640850762
4957.5,4.957500000000003,5.008563640850774
4958.0,4.957999999999998,4.999399317564794
4958.5,4.958500000000001,5.001899317564806
4959.0,4.959000000000003,5.004399317564818
4959.5,4.9594999999999985,4.995391622751839
4960.0,4.960000000000001,4.997891622751851
4960.5,4.960500000000003,5.000391622751863
4961.0,4.9609999999999985,4.991544943591748
4961.5,4.961500000000001,4.99404494359176
4962.0,4.961999999999996,4.996544943591736
4962.5,4.962499999999999,4.987838097769206
4963.0,4.963000000000001,4.990338097769218
4963.5,4.963500000000003,4.99283809776923
4964.0,4.963999999999999,4.984286153163389
4964.5,4.964500000000001,4.986786153163401
4965.0,4.964999999999996,4.989286153163377
4965.5,4.965499999999999,4.980874691326562
4966.0,4.966000000000001,4.983374691326574
4966.5,4.9665000000000035,4.985874691326586
4967.0,4.966999999999999,4.9775625142204305
4967.5,4.967500000000001,4.980062514220442
4968.0,4.967999999999996,4.982562514220419
4968.5,4.968499999999999,4.97431501667009
4969.0,4.969000000000001,4.976815016670102
4969.5,4.969500000000004,4.979315016670114
4970.0,4.969999999999999,4.971092742493468
4970.5,4.970500000000001,4.97359274249348
4971.0,4.9709999999999965,4.9760927424934565
4971.5,4.971499999999999,4.967842415058499
4972.0,4.972000000000001,4.970342415058511
4972.5,4.972500000000004,4.972842415058523
4973.0,4.972999999999999,4.964532831269928
4973.5,4.973500000000001,4.96703283126994
4974.0,4.973999999999997,4.969532831269916
4974.5,4.974499999999999,4.961128579240359
4975.0,4.975000000000001,4.963628579240371
4975.5,4.975500000000004,4.966128579240383
4976.0,4.975999999999999,4.9576338432104805
4976.5,4.9765000000000015,4.960133843210492
4977.0,4.976999999999997,4.962633843210469
4977.5,4.977499999999999,4.954035362517182
4978.0,4.9780000000000015,4.956535362517194
4978.5,4.978500000000004,4.959035362517206
4979.0,4.978999999999999,4.95035843342432
4979.5,4.979500000000002,4.952858433424332
4980.0,4.979999999999997,4.955358433424308
4980.5,4.980499999999999,4.9466427897920795
4981.0,4.981000000000002,4.949142789792091
4981.5,4.981500000000004,4.951642789792103
4982.0,4.981999999999999,4.94294999069659
4982.5,4.982500000000002,4.945449990696602
4983.0,4.982999999999997,4.9479499906965785
4983.5,4.983499999999999,4.95044999069659
4984.0,4.984000000000002,4.941828532656203
4984.5,4.984499999999997,4.944328532656179
4985.0,4.984999999999999,4.946828532656191
4985.5,4.985500000000002,4.9383031625524865
4986.0,4.985999999999997,4.940803162552463
4986.5,4.9864999999999995,4.943303162552475
4987.0,4.987000000000002,4.934884073488739
4987.5,4.987499999999997,4.937384073488715
4988.0,4.9879999999999995,4.939884073488727
4988.5,4.988500000000002,4.93156150684726
4989.0,4.988999999999997,4.934061506847236
4989.5,4.9895,4.936561506847248
4990.0,4.990000000000002,4.928314184137257
4990.5,4.990499999999997,4.930814184137233
4991.0,4.991,4.933314184137245
4991.5,4.991500000000002,4.925118904674406
4992.0,4.991999999999997,4.927618904674382
4992.5,4.9925,4.930118904674394
4993.0,4.993000000000002,4.921950076623816
4993.5,4.993499999999997,4.924450076623792
4994.0,4.994,4.926950076623804
4994.5,4.994500000000002,4.918827329753128
4995.0,4.994999999999997,4.921327329753105
4995.5,4.9955,4.9238273297531165
4996.0,4.996000000000002,4.915758871311944
4996.5,4.9964999999999975,4.91825887131192
4997.0,4.997,4.920758871311932
4997.5,4.997500000000002,4.912756336327959
4998.0,4.9979999999999976,4.915256336327936
4998.5,4.9985,4.9177563363279475
4999.0,4.999000000000002,4.909823396609028
4999.5,4.999499999999998,4.912323396609004
5000.0,5.0,4.914823396609016
5000.5,5.000500000000002,4.906953091735176
5001.0,5.000999999999998,4.909453091735152
5001.5,5.0015,4.911953091735164
5002.0,5.0020000000000024,4.9041055565227865
5002.5,5.002499999999998,4.906605556522763
5003.0,5.003,4.909105556522775
5003.5,5.0035000000000025,4.901239951031435
5004.0,5.003999999999998,4.903739951031412
5004.5,5.0045,4.906239951031424
5005.0,5.005000000000003,4.898340430871038
5005.5,5.005499999999998,4.900840430871014
5006.0,5.006,4.903340430871026
5006.5,5.006500000000003,4.895381242716148
5007.0,5.006999999999998,4.8978812427161245
5007.5,5.0075,4.900381242716136
5008.0,5.008000000000003,4.892358718598047
5008.5,5.008499999999998,4.894858718598023
5009.0,5.009,4.897358718598035
5009.5,5.009500000000003,4.889285684006488
5010.0,5.009999999999998,4.891785684006464
5010.5,5.0105,4.894285684006476
5011.0,5.011000000000003,4.886166224002153
5011.5,5.011499999999998,4.8886662240021295
5012.0,5.0120000000000005,4.891166224002141
5012.5,5.012500000000003,4.883016944958065
5013.0,5.012999999999998,4.885516944958042
5013.5,5.0135000000000005,4.8880169449580535
5014.0,5.014000000000003,4.879832596073435
5014.5,5.014499999999998,4.882332596073411
5015.0,5.015000000000001,4.884832596073423
5015.5,5.015500000000003,4.876600773736222
5016.0,5.015999999999998,4.879100773736198
5016.5,5.016500000000001,4.88160077373621
5017.0,5.017000000000003,4.873315286374336
5017.5,5.017499999999998,4.875815286374312
5018.0,5.018000000000001,4.878315286374324
5018.5,5.018500000000003,4.8699614644861455
5019.0,5.018999999999998,4.872461464486122
5019.5,5.019500000000001,4.874961464486134
5020.0,5.020000000000003,4.866501315267584
5020.5,5.020499999999998,4.86900131526756
5021.0,5.021000000000001,4.871501315267572
5021.5,5.021500000000003,4.8629210488640595
5022.0,5.0219999999999985,4.865421048864036
5022.5,5.022500000000001,4.867921048864048
5023.0,5.023000000000003,4.859214455194589
5023.5,5.0234999999999985,4.861714455194566
5024.0,5.024000000000001,4.864214455194578
5024.5,5.024499999999996,4.855372800928031
5025.0,5.024999999999999,4.8578728009280425
5025.5,5.025500000000001,4.8603728009280545
5026.0,5.026000000000003,4.8513884662830975
5026.5,5.026499999999999,4.853888466283074
5027.0,5.027000000000001,4.856388466283086
5027.5,5.027499999999996,4.847264454466114
5028.0,5.027999999999999,4.849764454466126
5028.5,5.028500000000001,4.8522644544661375
5029.0,5.0290000000000035,4.843031581902579
5029.5,5.029499999999999,4.845531581902556
5030.0,5.030000000000001,4.848031581902568
5030.5,5.030499999999996,4.838716957402482
5031.0,5.030999999999999,4.841216957402494
5031.5,5.031500000000001,4.843716957402506
5032.0,5.032000000000004,4.834330817676502
5032.5,5.032499999999999,4.8368308176764785
5033.0,5.033000000000001,4.83933081767649
5033.5,5.0334999999999965,4.8299084134726655
5034.0,5.033999999999999,4.8324084134726775
5034.5,5.034500000000001,4.834908413472689
5035.0,5.035000000000004,4.825474915711538
5035.5,5.035499999999999,4.827974915711515
5036.0,5.036000000000001,4.830474915711527
5036.5,5.036499999999997,4.821039776474407
5037.0,5.036999999999999,4.823539776474419
5037.5,5.037500000000001,4.826039776474431
5038.0,5.038000000000004,4.816637324381361
5038.5,5.038499999999999,4.819137324381337
5039.0,5.0390000000000015,4.821637324381349
5039.5,5.039499999999997,4.8122875080704475
5040.0,5.039999999999999,4.814787508070459
5040.5,5.0405000000000015,4.817287508070471
5041.0,5.041000000000004,4.808012353529492
5041.5,5.041499999999999,4.810512353529468
5042.0,5.042000000000002,4.81301235352948
5042.5,5.042499999999997,4.803817873117033
5043.0,5.042999999999999,4.806317873117045
5043.5,5.043500000000002,4.808817873117057
5044.0,5.044000000000004,4.799712838424206
5044.5,5.044499999999999,4.8022128384241825
5045.0,5.045000000000002,4.804712838424194
5045.5,5.045499999999997,4.795686513681332
5046.0,5.045999999999999,4.798186513681344
5046.5,5.046500000000002,4.800686513681356
5047.0,5.046999999999997,4.7917187951578555
5047.5,5.047499999999999,4.794218795157867
5048.0,5.048000000000002,4.796718795157879
5048.5,5.048499999999997,4.787779002838555
5049.0,5.0489999999999995,4.790279002838567
5049.5,5.049500000000002,4.792779002838579
5050.0,5.049999999999997,4.783845139344081
5050.5,5.0504999999999995,4.786345139344093
5051.0,5.051000000000002,4.7888451393441045
5051.5,5.051499999999997,4.779879924638202
5052.0,5.052,4.782379924638214
5052.5,5.052500000000002,4.784879924638226
5053.0,5.052999999999997,4.77588444102512
5053.5,5.0535,4.778384441025132
5054.0,5.054000000000002,4.780884441025144
5054.5,5.054499999999997,4.771859581908799
5055.0,5.055,4.774359581908811
5055.5,5.055500000000002,4.776859581908823
5056.0,5.055999999999997,4.767792063037426
5056.5,5.0565,4.770292063037438
5057.0,5.057000000000002,4.77279206303745
5057.5,5.057499999999997,4.76367930449495
5058.0,5.058,4.766179304494962
5058.5,5.058500000000002,4.768679304494974
5059.0,5.0589999999999975,4.77117930449495
5059.5,5.0595,4.76204266030571
5060.0,5.060000000000002,4.764542660305722
5060.5,5.0604999999999976,4.767042660305698
5061.0,5.061,4.7579144749335
5061.5,5.061500000000002,4.760414474933512
5062.0,5.061999999999998,4.762914474933488
5062.5,5.0625,4.753828363386887
5063.0,5.063000000000002,4.756328363386899
5063.5,5.063499999999998,4.7588283633868755
5064.0,5.064,4.749812982446819
5064.5,5.0645000000000024,4.752312982446831
5065.0,5.064999999999998,4.754812982446808
5065.5,5.0655,4.745906067748642
5066.0,5.0660000000000025,4.748406067748654
5066.5,5.066499999999998,4.75090606774863
5067.0,5.067,4.742158294785099
5067.5,5.067500000000003,4.744658294785111
5068.0,5.067999999999998,4.747158294785088
5068.5,5.0685,4.73858261228294
5069.0,5.069000000000003,4.741082612282952
5069.5,5.069499999999998,4.743582612282928
5070.0,5.07,4.735200634813523
5070.5,5.070500000000003,4.737700634813535
5071.0,5.070999999999998,4.740200634813512
5071.5,5.0715,4.731990991534616
5072.0,5.072000000000003,4.734490991534628
5072.5,5.072499999999998,4.736990991534604
5073.0,5.073,4.728922139627478
5073.5,5.073500000000003,4.73142213962749
5074.0,5.073999999999998,4.733922139627467
5074.5,5.0745000000000005,4.725966239809196
5075.0,5.075000000000003,4.728466239809208
5075.5,5.075499999999998,4.7309662398091845
5076.0,5.0760000000000005,4.7230976869936825
5076.5,5.076500000000003,4.725597686993694
5077.0,5.076999999999998,4.728097686993671
5077.5,5.077500000000001,4.720289958417823
5078.0,5.078000000000003,4.7227899584178346
5078.5,5.078499999999998,4.725289958417811
5079.0,5.079000000000001,4.717509889728326
5079.5,5.079500000000003,4.720009889728338
5080.0,5.079999999999998,4.722509889728315
5080.5,5.080500000000001,4.7147361633303575
5081.0,5.081000000000003,4.717236163330369
5081.5,5.081499999999998,4.719736163330346
5082.0,5.082000000000001,4.711952183235191
5082.5,5.082500000000003,4.714452183235203
5083.0,5.082999999999998,4.716952183235179
5083.5,5.083500000000001,4.709131386306318
5084.0,5.084000000000003,4.71163138630633
5084.5,5.0844999999999985,4.714131386306306
5085.0,5.085000000000001,4.706251141069693
5085.5,5.085500000000003,4.708751141069705
5086.0,5.0859999999999985,4.711251141069681
5086.5,5.086500000000001,4.703279805025105
5087.0,5.086999999999996,4.705779805025081
5087.5,5.087499999999999,4.708279805025093
5088.0,5.088000000000001,4.700207677857513
5088.5,5.088500000000003,4.702707677857525
5089.0,5.088999999999999,4.705207677857501
5089.5,5.089500000000001,4.697038866124821
5090.0,5.089999999999996,4.699538866124797
5090.5,5.090499999999999,4.702038866124809
5091.0,5.091000000000001,4.693790815901622
5091.5,5.0915000000000035,4.696290815901634
5092.0,5.091999999999999,4.69879081590161
5092.5,5.092500000000001,4.6904880355629786
5093.0,5.092999999999996,4.692988035562955
5093.5,5.093499999999999,4.695488035562967
5094.0,5.094000000000001,4.687160802050556
5094.5,5.094500000000004,4.689660802050568
5095.0,5.094999999999999,4.6921608020505445
5095.5,5.095500000000001,4.683843733460584
5096.0,5.0959999999999965,4.686343733460561
5096.5,5.096499999999999,4.688843733460573
5097.0,5.097000000000001,4.680531670999315
5097.5,5.097500000000004,4.683031670999327
5098.0,5.097999999999999,4.685531670999303
5098.5,5.098500000000001,4.677209278647894
5099.0,5.098999999999997,4.67970927864787
5099.5,5.099499999999999,4.682209278647882
5100.0,5.100000000000001,4.6738696156773685
5100.5,5.100500000000004,4.67636961567738
5101.0,5.100999999999999,4.678869615677357
5101.5,5.1015000000000015,4.670515750053497
5102.0,5.101999999999997,4.673015750053473
5102.5,5.102499999999999,4.675515750053485
5103.0,5.1030000000000015,4.667145977274636
5103.5,5.103500000000004,4.669645977274648
5104.0,5.103999999999999,4.672145977274624
5104.5,5.104500000000002,4.663730447980754
5105.0,5.104999999999997,4.66623044798073
5105.5,5.105499999999999,4.668730447980742
5106.0,5.106000000000002,4.660249168801727
5106.5,5.106500000000004,4.662749168801739
5107.0,5.106999999999999,4.665249168801715
5107.5,5.107500000000002,4.6566849168601365
5108.0,5.107999999999997,4.659184916860113
5108.5,5.108499999999999,4.661684916860125
5109.0,5.109000000000002,4.653026815279837
5109.5,5.109499999999997,4.6555268152798135
5110.0,5.109999999999999,4.658026815279825
5110.5,5.110500000000002,4.6492749487654095
5111.0,5.110999999999997,4.651774948765386
5111.5,5.1114999999999995,4.654274948765398
5112.0,5.112000000000002,4.645406451040408
5112.5,5.112499999999997,4.6479064510403845
5113.0,5.1129999999999995,4.650406451040396
5113.5,5.113500000000002,4.641410393283429
5114.0,5.113999999999997,4.643910393283406
5114.5,5.1145,4.646410393283418
5115.0,5.115000000000002,4.637291703447701
5115.5,5.115499999999997,4.639791703447678
5116.0,5.116,4.64229170344769
5116.5,5.116500000000002,4.633049002500584
5117.0,5.116999999999997,4.635549002500561
5117.5,5.1175,4.638049002500573
5118.0,5.118000000000002,4.6287033577767644
5118.5,5.118499999999997,4.631203357776741
5119.0,5.119,4.633703357776753
5119.5,5.119500000000002,4.6242689675690585
5120.0,5.119999999999997,4.626768967569035
5120.5,5.1205,4.629268967569047
5121.0,5.121000000000002,4.6197675161501905
5121.5,5.1214999999999975,4.622267516150167
5122.0,5.122,4.624767516150179
5122.5,5.122500000000002,4.615211610977141
5123.0,5.1229999999999976,4.617711610977118
5123.5,5.1235,4.62021161097713
5124.0,5.124000000000002,4.610641732266352
5124.5,5.124499999999998,4.613141732266328
5125.0,5.125,4.61564173226634
5125.5,5.125500000000002,4.606092755098139
5126.0,5.125999999999998,4.608592755098115
5126.5,5.1265,4.611092755098127
5127.0,5.1270000000000024,4.6015974201143095
5127.5,5.127499999999998,4.604097420114286
5128.0,5.128,4.606597420114298
5128.5,5.1285000000000025,4.597160971638736
5129.0,5.128999999999998,4.599660971638713
5129.5,5.1295,4.602160971638725
5130.0,5.130000000000003,4.592784409850772
5130.5,5.130499999999998,4.595284409850748
5131.0,5.131,4.59778440985076
5131.5,5.131500000000003,4.58846578115363
5132.0,5.131999999999998,4.590965781153606
5132.5,5.1325,4.593465781153618
5133.0,5.133000000000003,4.584170376472763
5133.5,5.133499999999998,4.586670376472739
5134.0,5.134,4.589170376472751
5134.5,5.134500000000003,4.591670376472763
5135.0,5.134999999999998,4.582387280031419
5135.5,5.1355,4.584887280031431
5136.0,5.136000000000003,4.587387280031443
5136.5,5.136499999999998,4.578087434176048
5137.0,5.1370000000000005,4.58058743417606
5137.5,5.137500000000003,4.583087434176072
5138.0,5.137999999999998,4.573769065692694
5138.5,5.1385000000000005,4.576269065692706
5139.0,5.139000000000003,4.578769065692718
5139.5,5.139499999999998,4.569443834127682
5140.0,5.140000000000001,4.571943834127694
5140.5,5.140500000000003,4.574443834127706
5141.0,5.140999999999998,4.565120348389264
5141.5,5.141500000000001,4.567620348389276
5142.0,5.142000000000003,4.570120348389288
5142.5,5.142499999999998,4.560804731831354
5143.0,5.143000000000001,4.563304731831366
5143.5,5.143500000000003,4.565804731831378
5144.0,5.143999999999998,4.556493522120348
5144.5,5.144500000000001,4.55899352212036
5145.0,5.145000000000003,4.561493522120372
5145.5,5.145499999999998,4.5521898029326735
5146.0,5.146000000000001,4.554689802932685
5146.5,5.146500000000003,4.557189802932697
5147.0,5.1469999999999985,4.547897599396116
5147.5,5.147500000000001,4.550397599396128
5148.0,5.148000000000003,4.55289759939614
5148.5,5.1484999999999985,4.543629823404949
5149.0,5.149000000000001,4.546129823404961
5149.5,5.149499999999996,4.548629823404937
5150.0,5.149999999999999,4.539387985789531
5150.5,5.150500000000001,4.541887985789543
5151.0,5.151000000000003,4.544387985789555
5151.5,5.151499999999999,4.535178363714785
5152.0,5.152000000000001,4.537678363714797
5152.5,5.152499999999996,4.540178363714773
5153.0,5.152999999999999,4.531001883448589
5153.5,5.153500000000001,4.533501883448601
5154.0,5.1540000000000035,4.536001883448613
5154.5,5.154499999999999,4.526854187990352
5155.0,5.155000000000001,4.529354187990364
5155.5,5.155499999999996,4.531854187990341
5156.0,5.155999999999999,4.5227478279693045
5156.5,5.156500000000001,4.5252478279693165
5157.0,5.157000000000004,4.527747827969328
5157.5,5.157499999999999,4.518674001412855
5158.0,5.158000000000001,4.5211740014128665
5158.5,5.1584999999999965,4.523674001412843
5159.0,5.158999999999999,4.5146276960066345
5159.5,5.159500000000001,4.517127696006646
5160.0,5.160000000000004,4.519627696006658
5160.5,5.160499999999999,4.510604592954444
5161.0,5.161000000000001,4.5131045929544555
5161.5,5.161499999999997,4.515604592954432
5162.0,5.161999999999999,4.506598024142683
5162.5,5.162500000000001,4.509098024142695
5163.0,5.163000000000004,4.511598024142707
5163.5,5.163499999999999,4.50258312844479
5164.0,5.1640000000000015,4.505083128444802
5164.5,5.164499999999997,4.507583128444779
5165.0,5.164999999999999,4.498546020529481
5165.5,5.1655000000000015,4.501046020529493
5166.0,5.166000000000004,4.503546020529505
5166.5,5.166499999999999,4.494459056122757
5167.0,5.167000000000002,4.496959056122769
5167.5,5.167499999999997,4.499459056122745
5168.0,5.167999999999999,4.490314763117347
5168.5,5.168500000000002,4.492814763117359
5169.0,5.169000000000004,4.495314763117371
5169.5,5.169499999999999,4.486112473936998
5170.0,5.170000000000002,4.48861247393701
5170.5,5.170499999999997,4.491112473936987
5171.0,5.170999999999999,4.481855877036267
5171.5,5.171500000000002,4.484355877036279
5172.0,5.171999999999997,4.486855877036255
5172.5,5.172499999999999,4.477550452681989
5173.0,5.173000000000002,4.480050452682001
5173.5,5.173499999999997,4.482550452681977
5174.0,5.1739999999999995,4.473215851629924
5174.5,5.174500000000002,4.475715851629936
5175.0,5.174999999999997,4.478215851629912
5175.5,5.1754999999999995,4.468875983116227
5176.0,5.176000000000002,4.471375983116239
5176.5,5.176499999999997,4.473875983116216
5177.0,5.177,4.464532616516443
5177.5,5.177500000000002,4.467032616516455
5178.0,5.177999999999997,4.469532616516432
5178.5,5.1785,4.460194458103466
5179.0,5.179000000000002,4.462694458103478
5179.5,5.179499999999997,4.465194458103454
5180.0,5.18,4.4558718675250475
5180.5,5.180500000000002,4.458371867525059
5181.0,5.180999999999997,4.460871867525036
5181.5,5.1815,4.451560487461634
5182.0,5.182000000000002,4.454060487461646
5182.5,5.182499999999997,4.456560487461623
5183.0,5.183,4.447269981152502
5183.5,5.183500000000002,4.449769981152514
5184.0,5.1839999999999975,4.45226998115249
5184.5,5.1845,4.442992343163077
5185.0,5.185000000000002,4.445492343163089
5185.5,5.1854999999999976,4.447992343163065
5186.0,5.186,4.4387227362231485
5186.5,5.186500000000002,4.44122273622316
5187.0,5.186999999999998,4.443722736223137
5187.5,5.1875,4.434443637138443
5188.0,5.188000000000002,4.436943637138455
5188.5,5.188499999999998,4.439443637138432
5189.0,5.189,4.430114782953076
5189.5,5.1895000000000024,4.432614782953088
5190.0,5.189999999999998,4.435114782953065
5190.5,5.1905,4.425713217175833
5191.0,5.1910000000000025,4.428213217175845
5191.5,5.191499999999998,4.430713217175821
5192.0,5.192,4.421212966536778
5192.5,5.192500000000003,4.42371296653679
5193.0,5.192999999999998,4.426212966536767
5193.5,5.1935,4.416620813834449
5194.0,5.194000000000003,4.419120813834461
5194.5,5.194499999999998,4.421620813834437
5195.0,5.195,4.411946917081622
5195.5,5.195500000000003,4.414446917081634
5196.0,5.195999999999998,4.41694691708161
5196.5,5.1965,4.40718757699841
5197.0,5.197000000000003,4.409687576998422
5197.5,5.197499999999998,4.412187576998399
5198.0,5.198,4.402342542268727
5198.5,5.198500000000003,4.404842542268739
5199.0,5.198999999999998,4.407342542268715
5199.5,5.1995000000000005,4.397425494279297
5200.0,5.200000000000003,4.399925494279309
5200.5,5.200499999999998,4.402425494279285
5201.0,5.2010000000000005,4.392462406059252
5201.5,5.201500000000003,4.394962406059264
5202.0,5.201999999999998,4.39746240605924
5202.5,5.202500000000001,4.387479673583421
5203.0,5.203000000000003,4.389979673583433
5203.5,5.203499999999998,4.392479673583409
5204.0,5.204000000000001,4.38252062489326
5204.5,5.204500000000003,4.385020624893272
5205.0,5.204999999999998,4.387520624893249
5205.5,5.205500000000001,4.37763251078767
5206.0,5.206000000000003,4.380132510787682
5206.5,5.206499999999998,4.3826325107876585
5207.0,5.207000000000001,4.372848585105125
5207.5,5.207500000000003,4.375348585105137
5208.0,5.207999999999998,4.377848585105113
5208.5,5.208500000000001,4.3682092718385235
5209.0,5.209000000000003,4.370709271838535
5209.5,5.2094999999999985,4.373209271838512
5210.0,5.210000000000001,4.375709271838524
5210.5,5.210500000000003,4.366227396579845
5211.0,5.2109999999999985,4.368727396579821
5211.5,5.211500000000001,4.371227396579833
5212.0,5.211999999999996,4.361916287134946
5212.5,5.212499999999999,4.364416287134958
5213.0,5.213000000000001,4.36691628713497
5213.5,5.213500000000003,4.357773377282683
5214.0,5.213999999999999,4.36027337728266
5214.5,5.214500000000001,4.362773377282672
5215.0,5.214999999999996,4.353781701470361
5215.5,5.215499999999999,4.3562817014703725
5216.0,5.216000000000001,4.3587817014703845
5216.5,5.2165000000000035,4.349912585973286
5217.0,5.216999999999999,4.352412585973262
5217.5,5.217500000000001,4.354912585973274
5218.0,5.217999999999996,4.346132255461477
5218.5,5.218499999999999,4.348632255461489
5219.0,5.219000000000001,4.351132255461501
5219.5,5.219500000000004,4.342402435926651
5220.0,5.219999999999999,4.3449024359266275
5220.5,5.220500000000001,4.347402435926639
5221.0,5.2209999999999965,4.33867259859408
5221.5,5.221499999999999,4.341172598594092
5222.0,5.222000000000001,4.343672598594104
5222.5,5.222500000000004,4.334902423718923
5223.0,5.222999999999999,4.337402423718899
5223.5,5.223500000000001,4.339902423718911
5224.0,5.223999999999997,4.3310675725247805
5224.5,5.224499999999999,4.333567572524792
5225.0,5.225000000000001,4.336067572524804
5225.5,5.225500000000004,4.327123394712551
5226.0,5.225999999999999,4.329623394712527
5226.5,5.2265000000000015,4.332123394712539
5227.0,5.226999999999997,4.323053240356103
5227.5,5.227499999999999,4.325553240356115
5228.0,5.2280000000000015,4.328053240356127
5228.5,5.228500000000004,4.3188498525078245
5229.0,5.228999999999999,4.321349852507801
5229.5,5.229500000000002,4.323849852507813
5230.0,5.229999999999997,4.31451011317165
5230.5,5.230499999999999,4.317010113171662
5231.0,5.231000000000002,4.319510113171674
5231.5,5.231500000000004,4.310039159728412
5232.0,5.231999999999999,4.312539159728388
5232.5,5.232500000000002,4.3150391597284
5233.0,5.232999999999997,4.305468937253671
5233.5,5.233499999999999,4.307968937253683
5234.0,5.234000000000002,4.310468937253695
5234.5,5.234499999999997,4.30084890094804
5235.0,5.234999999999999,4.303348900948052
5235.5,5.235500000000002,4.305848900948064
5236.0,5.235999999999997,4.296210359585366
5236.5,5.2364999999999995,4.298710359585378
5237.0,5.237000000000002,4.30121035958539
5237.5,5.237499999999997,4.291604554672546
5238.0,5.2379999999999995,4.294104554672558
5238.5,5.238500000000002,4.2966045546725695
5239.0,5.238999999999997,4.287052961515201
5239.5,5.2395,4.289552961515213
5240.0,5.240000000000002,4.292052961515225
5240.5,5.240499999999997,4.282581602580322
5241.0,5.241,4.285081602580334
5241.5,5.241500000000002,4.287581602580346
5242.0,5.241999999999997,4.278191536619751
5242.5,5.2425,4.280691536619763
5243.0,5.243000000000002,4.283191536619775
5243.5,5.243499999999997,4.273872760035751
5244.0,5.244,4.276372760035763
5244.5,5.244500000000002,4.2788727600357745
5245.0,5.244999999999997,4.269634919918275
5245.5,5.2455,4.272134919918287
5246.0,5.246000000000002,4.274634919918299
5246.5,5.2464999999999975,4.265456621684791
5247.0,5.247,4.267956621684803
5247.5,5.247500000000002,4.270456621684815
5248.0,5.2479999999999976,4.26134103590762
5248.5,5.2485,4.263841035907632
5249.0,5.249000000000002,4.266341035907644
5249.5,5.249499999999998,4.2572907981391594
5250.0,5.25,4.259790798139171
5250.5,5.250500000000002,4.262290798139183
5251.0,5.250999999999998,4.2532617293109
5251.5,5.2515,4.255761729310912
5252.0,5.2520000000000024,4.258261729310924
5252.5,5.252499999999998,4.24923139165486
5253.0,5.253,4.251731391654872
5253.5,5.2535000000000025,4.2542313916548835
5254.0,5.253999999999998,4.24516743880794
5254.5,5.2545,4.247667438807952
5255.0,5.255000000000003,4.2501674388079635
5255.5,5.255499999999998,4.241047224907568
5256.0,5.256,4.24354722490758
5256.5,5.256500000000003,4.246047224907592
5257.0,5.256999999999998,4.236819773886644
5257.5,5.2575,4.239319773886656
5258.0,5.258000000000003,4.241819773886668
5258.5,5.258499999999998,4.232462006163509
5259.0,5.259,4.234962006163521
5259.5,5.259500000000003,4.237462006163533
5260.0,5.259999999999998,4.227960030394797
5260.5,5.2605,4.230460030394809
5261.0,5.261000000000003,4.232960030394821
5261.5,5.261499999999998,4.223300385925413
5262.0,5.2620000000000005,4.2258003859254245
5262.5,5.262500000000003,4.2283003859254364
5263.0,5.262999999999998,4.21847292214661
5263.5,5.2635000000000005,4.220972922146622
5264.0,5.264000000000003,4.223472922146634
5264.5,5.264499999999998,4.2135162625971745
5265.0,5.265000000000001,4.216016262597186
5265.5,5.265500000000003,4.218516262597198
5266.0,5.265999999999998,4.208483430264636
5266.5,5.266500000000001,4.210983430264648
5267.0,5.267000000000003,4.2134834302646595
5267.5,5.267499999999998,4.2034177333263045
5268.0,5.268000000000001,4.2059177333263165
5268.5,5.268500000000003,4.208417733326328
5269.0,5.268999999999998,4.198368554263787
5269.5,5.269500000000001,4.200868554263799
5270.0,5.270000000000003,4.203368554263811
5270.5,5.270499999999998,4.193368513593505
5271.0,5.271000000000001,4.195868513593517
5271.5,5.271500000000003,4.198368513593529
5272.0,5.2719999999999985,4.188455575364927
5272.5,5.272500000000001,4.190955575364939
5273.0,5.273000000000003,4.1934555753649505
5273.5,5.2734999999999985,4.183660254094654
5274.0,5.274000000000001,4.186160254094666
5274.5,5.274499999999996,4.188660254094643
5275.0,5.274999999999999,4.178995410959274
5275.5,5.275500000000001,4.181495410959286
5276.0,5.276000000000003,4.183995410959298
5276.5,5.276499999999999,4.174454965705081
5277.0,5.277000000000001,4.176954965705093
5277.5,5.277499999999996,4.1794549657050695
5278.0,5.277999999999999,4.170055636441106
5278.5,5.278500000000001,4.172555636441118
5279.0,5.2790000000000035,4.1750556364411295
5279.5,5.279499999999999,4.1658004325158515
5280.0,5.280000000000001,4.1683004325158635
5280.5,5.280499999999996,4.17080043251584
5281.0,5.280999999999999,4.161677517722744
5281.5,5.281500000000001,4.164177517722756
5282.0,5.282000000000004,4.166677517722768
5282.5,5.282499999999999,4.157654500203947
5283.0,5.283000000000001,4.160154500203959
5283.5,5.2834999999999965,4.162654500203935
5284.0,5.283999999999999,4.153695738969354
5284.5,5.284500000000001,4.156195738969366
5285.0,5.285000000000004,4.158695738969378
5285.5,5.285499999999999,4.161195738969354
5286.0,5.286000000000001,4.152249297462767
5286.5,5.286499999999997,4.154749297462743
5287.0,5.286999999999999,4.157249297462755
5287.5,5.287500000000001,4.148265628398313
5288.0,5.288000000000004,4.150765628398325
5288.5,5.288499999999999,4.153265628398302
5289.0,5.2890000000000015,4.144205922030402
5289.5,5.289499999999997,4.146705922030378
5290.0,5.289999999999999,4.14920592203039
5290.5,5.2905000000000015,4.140039692310893
5291.0,5.291000000000004,4.142539692310905
5291.5,5.291499999999999,4.145039692310881
5292.0,5.292000000000002,4.135752302688402
5292.5,5.292499999999997,4.138252302688379
5293.0,5.292999999999999,4.140752302688391
5293.5,5.293500000000002,4.131351808051917
5294.0,5.294000000000004,4.133851808051929
5294.5,5.294499999999999,4.136351808051906
5295.0,5.295000000000002,4.126827515216327
5295.5,5.295499999999997,4.129327515216303
5296.0,5.295999999999999,4.131827515216315
5296.5,5.296500000000002,4.1221873434964
5297.0,5.296999999999997,4.124687343496376
5297.5,5.297499999999999,4.127187343496388
5298.0,5.298000000000002,4.117462861079666
5298.5,5.298499999999997,4.119962861079642
5299.0,5.2989999999999995,4.122462861079654
5299.5,5.299500000000002,4.112685138318497
5300.0,5.299999999999997,4.115185138318473
5300.5,5.3004999999999995,4.117685138318485
5301.0,5.301000000000002,4.107890792818587
5301.5,5.301499999999997,4.1103907928185635
5302.0,5.302,4.112890792818575
5302.5,5.302500000000002,4.103114896235098
5303.0,5.302999999999997,4.105614896235075
5303.5,5.3035,4.108114896235087
5304.0,5.304000000000002,4.0983849983899745
5304.5,5.304499999999997,4.100884998389951
5305.0,5.305,4.103384998389963
5305.5,5.305500000000002,4.093735957275939
5306.0,5.305999999999997,4.0962359572759155
5306.5,5.3065,4.098735957275927
5307.0,5.307000000000002,4.0892054471216355
5307.5,5.307499999999997,4.091705447121612
5308.0,5.308,4.094205447121624
5308.5,5.308500000000002,4.084807463083813
5309.0,5.3089999999999975,4.087307463083789
5309.5,5.3095,4.089807463083801
5310.0,5.310000000000002,4.080557838867307
5310.5,5.3104999999999976,4.083057838867283
5311.0,5.311,4.085557838867295
5311.5,5.311500000000002,4.07646737066834
5312.0,5.311999999999998,4.078967370668316
5312.5,5.3125,4.081467370668328
5313.0,5.313000000000002,4.072522876623523
5313.5,5.313499999999998,4.0750228766235
5314.0,5.314,4.077522876623512
5314.5,5.3145000000000024,4.068698715825363
5315.0,5.314999999999998,4.071198715825339
5315.5,5.3155,4.073698715825351
5316.0,5.3160000000000025,4.0649653541086295
5316.5,5.316499999999998,4.067465354108606
5317.0,5.317,4.069965354108618
5317.5,5.317500000000003,4.0612539467268505
5318.0,5.317999999999998,4.063753946726827
5318.5,5.3185,4.066253946726839
5319.0,5.319000000000003,4.057532710098286
5319.5,5.319499999999998,4.0600327100982625
5320.0,5.32,4.062532710098274
5320.5,5.320500000000003,4.053763072827081
5321.0,5.320999999999998,4.056263072827058
5321.5,5.3215,4.05876307282707
5322.0,5.322000000000003,4.049933894051492
5322.5,5.322499999999998,4.052433894051468
5323.0,5.323,4.05493389405148
5323.5,5.323500000000003,4.046029983112227
5324.0,5.323999999999998,4.0485299831122035
5324.5,5.3245000000000005,4.051029983112215
5325.0,5.325000000000003,4.042041451223675
5325.5,5.325499999999998,4.044541451223651
5326.0,5.3260000000000005,4.047041451223663
5326.5,5.326500000000003,4.037974925859942
5327.0,5.326999999999998,4.040474925859918
5327.5,5.327500000000001,4.04297492585993
5328.0,5.328000000000003,4.033815290474934
5328.5,5.328499999999998,4.03631529047491
5329.0,5.329000000000001,4.038815290474922
5329.5,5.329500000000003,4.029553265579189
5330.0,5.329999999999998,4.032053265579165
5330.5,5.330500000000001,4.034553265579177
5331.0,5.331000000000003,4.025202261664127
5331.5,5.331499999999998,4.027702261664103
5332.0,5.332000000000001,4.030202261664115
5332.5,5.332500000000003,4.020757908491888
5333.0,5.332999999999998,4.023257908491864
5333.5,5.333500000000001,4.025757908491876
5334.0,5.334000000000003,4.016226249078194
5334.5,5.3344999999999985,4.0187262490781706
5335.0,5.335000000000001,4.0212262490781825
5335.5,5.335500000000003,4.011635767118946
5336.0,5.3359999999999985,4.014135767118923
5336.5,5.336500000000001,4.0166357671189346
5337.0,5.336999999999996,4.007023048908671
5337.5,5.337499999999999,4.009523048908683
5338.0,5.338000000000001,4.012023048908695
5338.5,5.338500000000003,4.002437883564269
5339.0,5.338999999999999,4.004937883564246
5339.5,5.339500000000001,4.007437883564258
5340.0,5.339999999999996,3.997913517280125
5340.5,5.340499999999999,4.000413517280137
5341.0,5.341000000000001,4.002913517280149
5341.5,5.3415000000000035,3.9934865778484863
5342.0,5.341999999999999,3.9959865778484627
5342.5,5.342500000000001,3.9984865778484746
5343.0,5.342999999999996,3.989149034380368
5343.5,5.343499999999999,3.99164903438038
5344.0,5.344000000000001,3.994149034380392
5344.5,5.344500000000004,3.984898106539312
5345.0,5.344999999999999,3.9873981065392883
5345.5,5.345500000000001,3.9898981065393
5346.0,5.3459999999999965,3.980727291047117
5346.5,5.346499999999999,3.983227291047129
5347.0,5.347000000000001,3.985727291047141
5347.5,5.347500000000004,3.9766203748038365
5348.0,5.347999999999999,3.979120374803813
5348.5,5.348500000000001,3.981620374803825
5349.0,5.348999999999997,3.972549185565981
5349.5,5.349499999999999,3.975049185565993
5350.0,5.350000000000001,3.977549185566005
5350.5,5.350500000000004,3.9684875160875066
5351.0,5.350999999999999,3.970987516087483
5351.5,5.3515000000000015,3.973487516087495
5352.0,5.351999999999997,3.964403855624141
5352.5,5.352499999999999,3.966903855624153
5353.0,5.3530000000000015,3.969403855624165
5353.5,5.353500000000004,3.960269839246955
5354.0,5.353999999999999,3.9627698392469313
5354.5,5.354500000000002,3.965269839246943
5355.0,5.354999999999997,3.956053129679127
5355.5,5.355499999999999,3.9585531296791387
5356.0,5.356000000000002,3.9610531296791507
5356.5,5.356500000000004,3.951714772166639
5357.0,5.356999999999999,3.9542147721666154
5357.5,5.357500000000002,3.9567147721666274
5358.0,5.357999999999997,3.9472415787068016
5358.5,5.358499999999999,3.9497415787068135
5359.0,5.359000000000002,3.9522415787068255
5359.5,5.359499999999997,3.942601497784679
5360.0,5.359999999999999,3.945101497784691
5360.5,5.360500000000002,3.947601497784703
5361.0,5.360999999999997,3.9501014977846793
5361.5,5.3614999999999995,3.9402737632742912
5362.0,5.362000000000002,3.942773763274303
5362.5,5.362499999999997,3.9452737632742796
5363.0,5.3629999999999995,3.9352527702682494
5363.5,5.363500000000002,3.9377527702682613
5364.0,5.363999999999997,3.9402527702682377
5364.5,5.3645,3.9300459210621597
5365.0,5.365000000000002,3.9325459210621716
5365.5,5.365499999999997,3.935045921062148
5366.0,5.366,3.9246573969317566
5366.5,5.366500000000002,3.9271573969317686
5367.0,5.366999999999997,3.929657396931745
5367.5,5.3675,3.9191391339584314
5368.0,5.368000000000002,3.9216391339584433
5368.5,5.368499999999997,3.9241391339584197
5369.0,5.369,3.9135293369647073
5369.5,5.369500000000002,3.916029336964719
5370.0,5.369999999999997,3.9185293369646956
5370.5,5.3705,3.907852368585658
5371.0,5.371000000000002,3.91035236858567
5371.5,5.3714999999999975,3.9128523685856464
5372.0,5.372,3.902146733872911
5372.5,5.372500000000002,3.904646733872923
5373.0,5.3729999999999976,3.9071467338728993
5373.5,5.3735,3.8964451626671703
5374.0,5.374000000000002,3.8989451626671823
5374.5,5.374499999999998,3.9014451626671587
5375.0,5.375,3.890791313659001
5375.5,5.375500000000002,3.893291313659013
5376.0,5.375999999999998,3.8957913136589895
5376.5,5.3765,3.885215317708841
5377.0,5.3770000000000024,3.887715317708853
5377.5,5.377499999999998,3.8902153177088294
5378.0,5.378,3.879734010127649
5378.5,5.3785000000000025,3.882234010127661
5379.0,5.378999999999998,3.8847340101276373
5379.5,5.3795,3.87434226507537
5380.0,5.380000000000003,3.876842265075382
5380.5,5.380499999999998,3.8793422650753584
5381.0,5.381,3.8690433451210637
5381.5,5.381500000000003,3.8715433451210757
5382.0,5.381999999999998,3.874043345121052
5382.5,5.3825,3.863850892724514
5383.0,5.383000000000003,3.866350892724526
5383.5,5.383499999999998,3.8688508927245024
5384.0,5.384,3.8587795224118793
5384.5,5.384500000000003,3.861279522411891
5385.0,5.384999999999998,3.8637795224118676
5385.5,5.3855,3.853829344153823
5386.0,5.386000000000003,3.856329344153835
5386.5,5.386499999999998,3.8588293441538113
5387.0,5.3870000000000005,3.848965900731578
5387.5,5.387500000000003,3.85146590073159
5388.0,5.387999999999998,3.8539659007315663
5388.5,5.3885000000000005,3.8441673474208216
5389.0,5.389000000000003,3.8466673474208335
5389.5,5.389499999999998,3.84916734742081
5390.0,5.390000000000001,3.8394012226893537
5390.5,5.390500000000003,3.8419012226893656
5391.0,5.390999999999998,3.844401222689342
5391.5,5.391500000000001,3.8346229208464777
5392.0,5.392000000000003,3.8371229208464896
5392.5,5.392499999999998,3.839622920846466
5393.0,5.393000000000001,3.829800384119615
5393.5,5.393500000000003,3.832300384119627
5394.0,5.393999999999998,3.8348003841196032
5394.5,5.394500000000001,3.8248917450649245
5395.0,5.395000000000003,3.8273917450649364
5395.5,5.395499999999998,3.829891745064913
5396.0,5.396000000000001,3.8198654986080527
5396.5,5.396500000000003,3.8223654986080646
5397.0,5.3969999999999985,3.824865498608041
5397.5,5.397500000000001,3.814694036342239
5398.0,5.398000000000003,3.8171940363422507
5398.5,5.3984999999999985,3.819694036342227
5399.0,5.399000000000001,3.8093596223413684
5399.5,5.399499999999996,3.811859622341345
5400.0,5.399999999999999,3.8143596223413567
5400.5,5.400500000000001,3.8038697395779053
5401.0,5.401000000000003,3.8063697395779172
5401.5,5.401499999999999,3.8088697395778937
5402.0,5.402000000000001,3.7982592433029083
5402.5,5.402499999999996,3.8007592433028847
5403.0,5.402999999999999,3.8032592433028967
5403.5,5.403500000000001,3.7925696070339043
5404.0,5.4040000000000035,3.7950696070339163
5404.5,5.404499999999999,3.7975696070338927
5405.0,5.405000000000001,3.7868170714541094
5405.5,5.405499999999996,3.789317071454086
5406.0,5.405999999999999,3.7918170714540977
5406.5,5.406500000000001,3.7810536399279826
5407.0,5.407000000000004,3.7835536399279945
5407.5,5.407499999999999,3.786053639927971
5408.0,5.408000000000001,3.77531482963402
5408.5,5.4084999999999965,3.7778148296339964
5409.0,5.408999999999999,3.7803148296340083
5409.5,5.409500000000001,3.7696295821772807
5410.0,5.410000000000004,3.7721295821772927
5410.5,5.410499999999999,3.774629582177269
5411.0,5.411000000000001,3.7640299225085627
5411.5,5.411499999999997,3.766529922508539
5412.0,5.411999999999999,3.769029922508551
5412.5,5.412500000000001,3.758543567909882
5413.0,5.413000000000004,3.761043567909894
5413.5,5.413499999999999,3.7635435679098705
5414.0,5.4140000000000015,3.7531742474585528
5414.5,5.414499999999997,3.755674247458529
5415.0,5.414999999999999,3.758174247458541
5415.5,5.4155000000000015,3.7479465285633395
5416.0,5.416000000000004,3.7504465285633515
5416.5,5.416499999999999,3.752946528563328
5417.0,5.417000000000002,3.7428677592757253
5417.5,5.417499999999997,3.7453677592757018
5418.0,5.417999999999999,3.7478677592757137
5418.5,5.418500000000002,3.7379364068576137
5419.0,5.419000000000004,3.7404364068576257
5419.5,5.419499999999999,3.742936406857602
5420.0,5.420000000000002,3.7331726602256765
5420.5,5.420499999999997,3.735672660225653
5421.0,5.420999999999999,3.738172660225665
5421.5,5.421500000000002,3.7285460158740946
5422.0,5.421999999999997,3.731046015874071
5422.5,5.422499999999999,3.733546015874083
5423.0,5.423000000000002,3.724021842248355
5423.5,5.423499999999997,3.7265218422483315
5424.0,5.4239999999999995,3.7290218422483434
5424.5,5.424500000000002,3.7195934077209003
5425.0,5.424999999999997,3.7220934077208767
5425.5,5.4254999999999995,3.7245934077208886
5426.0,5.426000000000002,3.7152333478799093
5426.5,5.426499999999997,3.7177333478798857
5427.0,5.427,3.7202333478798977
5427.5,5.427500000000002,3.710905270037266
5428.0,5.427999999999997,3.713405270037242
5428.5,5.4285,3.715905270037254
5429.0,5.429000000000002,3.7065734868306066
5429.5,5.429499999999997,3.709073486830583
5430.0,5.43,3.711573486830595
5430.5,5.430500000000002,3.7022094215270585
5431.0,5.430999999999997,3.704709421527035
5431.5,5.4315,3.707209421527047
5432.0,5.432000000000002,3.6978023919258263
5432.5,5.432499999999997,3.7003023919258027
5433.0,5.433,3.7028023919258146
5433.5,5.433500000000002,3.6933536445341986
5434.0,5.4339999999999975,3.695853644534175
5434.5,5.4345,3.698353644534187
5435.0,5.435000000000002,3.688855668115565
5435.5,5.4354999999999976,3.6913556681155413
5436.0,5.436,3.693855668115553
5436.5,5.436500000000002,3.696355668115565
5437.0,5.436999999999998,3.686813998636076
5437.5,5.4375,3.689313998636088
5438.0,5.438000000000002,3.6918139986361
5438.5,5.438499999999998,3.6822429807193657
5439.0,5.439,3.6847429807193777
5439.5,5.4395000000000024,3.6872429807193896
5440.0,5.439999999999998,3.6776630481283235
5440.5,5.4405,3.6801630481283354
5441.0,5.4410000000000025,3.6826630481283473
5441.5,5.441499999999998,3.6731187235858798
5442.0,5.442,3.6756187235858917
5442.5,5.442500000000003,3.6781187235859036
5443.0,5.442999999999998,3.6686581644164917
5443.5,5.4435,3.6711581644165037
5444.0,5.444000000000003,3.6736581644165156
5444.5,5.444499999999998,3.6643258762525477
5445.0,5.445,3.6668258762525596
5445.5,5.445500000000003,3.6693258762525716
5446.0,5.445999999999998,3.6601749686428775
5446.5,5.4465,3.6626749686428894
5447.0,5.447000000000003,3.6651749686429014
5447.5,5.447499999999998,3.65626041663635
5448.0,5.448,3.658760416636362
5448.5,5.448500000000003,3.661260416636374
5449.0,5.448999999999998,3.6525901519391724
5449.5,5.4495000000000005,3.6550901519391843
5450.0,5.450000000000003,3.6575901519391962
5450.5,5.450499999999998,3.6491683518482176
5451.0,5.4510000000000005,3.6516683518482296
5451.5,5.451500000000003,3.6541683518482415
5452.0,5.451999999999998,3.6459929814688863
5452.5,5.452500000000001,3.648492981468898
5453.0,5.453000000000003,3.65099298146891
5453.5,5.453499999999998,3.643020321922208
5454.0,5.454000000000001,3.64552032192222
5454.5,5.454500000000003,3.648020321922232
5455.0,5.454999999999998,3.6402103328594038
5455.5,5.455500000000001,3.6427103328594157
5456.0,5.456000000000003,3.6452103328594276
5456.5,5.456499999999998,3.637515082777405
5457.0,5.457000000000001,3.640015082777417
5457.5,5.457500000000003,3.642515082777429
5458.0,5.457999999999998,3.634891332337702
5458.5,5.458500000000001,3.637391332337714
5459.0,5.459000000000003,3.6398913323377258
5459.5,5.4594999999999985,3.6322697450348684
5460.0,5.460000000000001,3.6347697450348804
5460.5,5.460500000000003,3.6372697450348923
5461.0,5.4609999999999985,3.6295889089198496
5461.5,5.461500000000001,3.6320889089198616
5462.0,5.461999999999996,3.634588908919838
5462.5,5.462499999999999,3.626795103704019
5463.0,5.463000000000001,3.629295103704031
5463.5,5.463500000000003,3.631795103704043
5464.0,5.463999999999999,3.623835375603406
5464.5,5.464500000000001,3.626335375603418
5465.0,5.464999999999996,3.628835375603394
5465.5,5.465499999999999,3.6206623534251747
5466.0,5.466000000000001,3.6231623534251867
5466.5,5.4665000000000035,3.6256623534251986
5467.0,5.466999999999999,3.6172437716425776
5467.5,5.467500000000001,3.6197437716425895
5468.0,5.467999999999996,3.622243771642566
5468.5,5.468499999999999,3.6135465479496887
5469.0,5.469000000000001,3.6160465479497006
5469.5,5.469500000000004,3.6185465479497125
5470.0,5.469999999999999,3.609557929043028
5470.5,5.470500000000001,3.61205792904304
5471.0,5.4709999999999965,3.6145579290430163
5471.5,5.471499999999999,3.6052660740855202
5472.0,5.472000000000001,3.607766074085532
5472.5,5.472500000000004,3.610266074085544
5473.0,5.472999999999999,3.6007056975939733
5473.5,5.473500000000001,3.6032056975939852
5474.0,5.473999999999997,3.6057056975939616
5474.5,5.474499999999999,3.595903233995621
5475.0,5.475000000000001,3.598403233995633
5475.5,5.475500000000004,3.600903233995645
5476.0,5.475999999999999,3.5909063069682645
5476.5,5.4765000000000015,3.5934063069682765
5477.0,5.476999999999997,3.595906306968253
5477.5,5.477499999999999,3.5857969127044953
5478.0,5.4780000000000015,3.5882969127045072
5478.5,5.478500000000004,3.590796912704519
5479.0,5.478999999999999,3.5806550910613666
5479.5,5.479500000000002,3.5831550910613785
5480.0,5.479999999999997,3.585655091061355
5480.5,5.480499999999999,3.5755155449321663
5481.0,5.481000000000002,3.578015544932178
5481.5,5.481500000000004,3.58051554493219
5482.0,5.481999999999999,3.5704214626181496
5482.5,5.482500000000002,3.5729214626181616
5483.0,5.482999999999997,3.575421462618138
5483.5,5.483499999999999,3.5653959066553043
5484.0,5.484000000000002,3.567895906655316
5484.5,5.484499999999997,3.5703959066552926
5485.0,5.484999999999999,3.560407201416922
5485.5,5.485500000000002,3.562907201416934
5486.0,5.485999999999997,3.5654072014169103
5486.5,5.4864999999999995,3.5554428092256174
5487.0,5.487000000000002,3.5579428092256293
5487.5,5.487499999999997,3.5604428092256057
5488.0,5.4879999999999995,3.550494978086647
5488.5,5.488500000000002,3.5529949780866588
5489.0,5.488999999999997,3.555494978086635
5489.5,5.4895,3.545561292624413
5490.0,5.490000000000002,3.548061292624425
5490.5,5.490499999999997,3.5505612926244012
5491.0,5.491,3.54061569090959
5491.5,5.491500000000002,3.5431156909096018
5492.0,5.491999999999997,3.545615690909578
5492.5,5.4925,3.535636118310599
5493.0,5.493000000000002,3.538136118310611
5493.5,5.493499999999997,3.540636118310587
5494.0,5.494,3.530631708595351
5494.5,5.494500000000002,3.533131708595363
5495.0,5.494999999999997,3.5356317085953393
5495.5,5.4955,3.5255782904373945
5496.0,5.496000000000002,3.5280782904374064
5496.5,5.4964999999999975,3.530578290437383
5497.0,5.497,3.5204474787990847
5497.5,5.497500000000002,3.5229474787990966
5498.0,5.4979999999999976,3.525447478799073
5498.5,5.4985,3.515209233425338
5499.0,5.499000000000002,3.51770923342535
5499.5,5.499499999999998,3.5202092334253265
5500.0,5.5,3.5098386997849573
5500.5,5.500500000000002,3.5123386997849693
5501.0,5.500999999999998,3.5148386997849457
5501.5,5.5015,3.5043318824265057
5502.0,5.5020000000000024,3.5068318824265177
5502.5,5.502499999999998,3.509331882426494
5503.0,5.503,3.498674456966846
5503.5,5.5035000000000025,3.501174456966858
5504.0,5.503999999999998,3.5036744569668343
5504.5,5.5045,3.4928667703160343
5505.0,5.505000000000003,3.4953667703160463
5505.5,5.505499999999998,3.4978667703160227
5506.0,5.506,3.4869268515648955
5506.5,5.506500000000003,3.4894268515649074
5507.0,5.506999999999998,3.491926851564884
5507.5,5.5075,3.4808821623072106
5508.0,5.508000000000003,3.4833821623072225
5508.5,5.508499999999998,3.485882162307199
5509.0,5.509,3.474773664353137
5509.5,5.509500000000003,3.4772736643531488
5510.0,5.509999999999998,3.479773664353125
5510.5,5.5105,3.468647343266369
5511.0,5.511000000000003,3.471147343266381
5511.5,5.511499999999998,3.4736473432663573
5512.0,5.5120000000000005,3.476147343266369
5512.5,5.512500000000003,3.4650382633117616
5513.0,5.512999999999998,3.467538263311738
5513.5,5.5135000000000005,3.47003826331175
5514.0,5.514000000000003,3.4589792675026843
5514.5,5.514499999999998,3.4614792675026607
5515.0,5.515000000000001,3.4639792675026726
5515.5,5.515500000000003,3.4530010306735903
5516.0,5.515999999999998,3.4555010306735667
5516.5,5.516500000000001,3.4580010306735787
5517.0,5.517000000000003,3.4471301289361023
5517.5,5.517499999999998,3.4496301289360787
5518.0,5.518000000000001,3.4521301289360906
5518.5,5.518500000000003,3.441375483509468
5519.0,5.518999999999998,3.4438754835094443
5519.5,5.519500000000001,3.446375483509456
5520.0,5.520000000000003,3.4357623012854077
5520.5,5.520499999999998,3.438262301285384
5521.0,5.521000000000001,3.440762301285396
5521.5,5.521500000000003,3.4303079003565884
5522.0,5.5219999999999985,3.432807900356565
5522.5,5.522500000000001,3.4353079003565767
5523.0,5.523000000000003,3.4250096226881155
5523.5,5.5234999999999985,3.427509622688092
5524.0,5.524000000000001,3.430009622688104
5524.5,5.524499999999996,3.4198657079914696
5525.0,5.524999999999999,3.4223657079914815
5525.5,5.525500000000001,3.4248657079914935
5526.0,5.526000000000003,3.414863068080045
5526.5,5.526499999999999,3.4173630680800215
5527.0,5.527000000000001,3.4198630680800335
5527.5,5.527499999999996,3.409994404780896
5528.0,5.527999999999999,3.412494404780908
5528.5,5.528500000000001,3.41499440478092
5529.0,5.5290000000000035,3.4052552465022146
5529.5,5.529499999999999,3.407755246502191
5530.0,5.530000000000001,3.410255246502203
5530.5,5.530499999999996,3.400658595394539
5531.0,5.530999999999999,3.403158595394551
5531.5,5.531500000000001,3.405658595394563
5532.0,5.532000000000004,3.396212547532116
5532.5,5.532499999999999,3.3987125475320923
5533.0,5.533000000000001,3.4012125475321042
5533.5,5.5334999999999965,3.391908448810632
5534.0,5.533999999999999,3.394408448810644
5534.5,5.534500000000001,3.396908448810656
5535.0,5.535000000000004,3.3877521799547594
5535.5,5.535499999999999,3.390252179954736
5536.0,5.536000000000001,3.3927521799547478
5536.5,5.536499999999997,3.3837305523918104
5537.0,5.536999999999999,3.3862305523918224
5537.5,5.537500000000001,3.3887305523918343
5538.0,5.538000000000004,3.379811987610637
5538.5,5.538499999999999,3.3823119876106134
5539.0,5.5390000000000015,3.3848119876106253
5539.5,5.539499999999997,3.375978726848494
5540.0,5.539999999999999,3.378478726848506
5540.5,5.5405000000000015,3.380978726848518
5541.0,5.541000000000004,3.372231975117259
5541.5,5.541499999999999,3.3747319751172355
5542.0,5.542000000000002,3.3772319751172475
5542.5,5.542499999999997,3.368536689085566
5543.0,5.542999999999999,3.371036689085578
5543.5,5.543500000000002,3.37353668908559
5544.0,5.544000000000004,3.3648702389475105
5544.5,5.544499999999999,3.367370238947487
5545.0,5.545000000000002,3.369870238947499
5545.5,5.545499999999997,3.361219611177262
5546.0,5.545999999999999,3.363719611177274
5546.5,5.546500000000002,3.3662196111772857
5547.0,5.546999999999997,3.3576041137460066
5547.5,5.547499999999999,3.3601041137460186
5548.0,5.548000000000002,3.3626041137460305
5548.5,5.548499999999997,3.3540248025845543
5549.0,5.5489999999999995,3.356524802584566
5549.5,5.549500000000002,3.359024802584578
5550.0,5.549999999999997,3.3504817483355964
5550.5,5.5504999999999995,3.3529817483356084
5551.0,5.551000000000002,3.3554817483356203
5551.5,5.551499999999997,3.3469646814477727
5552.0,5.552,3.3494646814477846
5552.5,5.552500000000002,3.3519646814477966
5553.0,5.552999999999997,3.343463290434343
5553.5,5.5535,3.345963290434355
5554.0,5.554000000000002,3.348463290434367
5554.5,5.554499999999997,3.339977161604253
5555.0,5.555,3.342477161604265
5555.5,5.555500000000002,3.3449771616042767
5556.0,5.555999999999997,3.3364935719115607
5556.5,5.5565,3.3389935719115726
5557.0,5.557000000000002,3.3414935719115846
5557.5,5.557499999999997,3.333004790952643
5558.0,5.558,3.3355047909526547
5558.5,5.558500000000002,3.3380047909526667
5559.0,5.5589999999999975,3.3294901088087414
5559.5,5.5595,3.3319901088087533
5560.0,5.560000000000002,3.3344901088087653
5560.5,5.5604999999999976,3.3259269683951587
5561.0,5.561,3.3284269683951706
5561.5,5.561500000000002,3.3309269683951825
5562.0,5.561999999999998,3.3223257048080512
5562.5,5.5625,3.324825704808063
5563.0,5.563000000000002,3.327325704808075
5563.5,5.563499999999998,3.318686704392242
5564.0,5.564,3.321186704392254
5564.5,5.5645000000000024,3.3236867043922658
5565.0,5.564999999999998,3.3150105429515264
5565.5,5.5655,3.3175105429515384
5566.0,5.5660000000000025,3.3200105429515503
5566.5,5.566499999999998,3.3113053132786163
5567.0,5.567,3.3138053132786283
5567.5,5.567500000000003,3.31630531327864
5568.0,5.567999999999998,3.307565504733496
5568.5,5.5685,3.310065504733508
5569.0,5.569000000000003,3.31256550473352
5569.5,5.569499999999998,3.303792823965921
5570.0,5.57,3.306292823965933
5570.5,5.570500000000003,3.3087928239659448
5571.0,5.570999999999998,3.2999669538728327
5571.5,5.5715,3.3024669538728446
5572.0,5.572000000000003,3.3049669538728565
5572.5,5.572499999999998,3.2960673992393197
5573.0,5.573,3.2985673992393316
5573.5,5.573500000000003,3.3010673992393436
5574.0,5.573999999999998,3.292055048046798
5574.5,5.5745000000000005,3.29455504804681
5575.0,5.575000000000003,3.297055048046822
5575.5,5.575499999999998,3.287891850715745
5576.0,5.5760000000000005,3.290391850715757
5576.5,5.576500000000003,3.292891850715769
5577.0,5.576999999999998,3.2835661058149412
5577.5,5.577500000000001,3.286066105814953
5578.0,5.578000000000003,3.288566105814965
5578.5,5.578499999999998,3.2790545818875216
5579.0,5.579000000000001,3.2815545818875336
5579.5,5.579500000000003,3.2840545818875455
5580.0,5.579999999999998,3.274368554274645
5580.5,5.580500000000001,3.2768685542746567
5581.0,5.581000000000003,3.2793685542746687
5581.5,5.581499999999998,3.2695275952968217
5582.0,5.582000000000001,3.2720275952968336
5582.5,5.582500000000003,3.2745275952968456
5583.0,5.582999999999998,3.2645701266998373
5583.5,5.583500000000001,3.267070126699849
5584.0,5.584000000000003,3.269570126699861
5584.5,5.5844999999999985,3.259516278850434
5585.0,5.585000000000001,3.262016278850446
5585.5,5.585500000000003,3.264516278850458
5586.0,5.5859999999999985,3.2544036160981804
5586.5,5.586500000000001,3.2569036160981923
5587.0,5.586999999999996,3.2594036160981688
5587.5,5.587499999999999,3.2619036160981807
5588.0,5.588000000000001,3.2517550648703164
5588.5,5.588500000000003,3.2542550648703283
5589.0,5.588999999999999,3.2567550648703048
5589.5,5.589500000000001,3.2465926518923283
5590.0,5.589999999999996,3.2490926518923047
5590.5,5.590499999999999,3.2515926518923166
5591.0,5.591000000000001,3.2414282588205268
5591.5,5.5915000000000035,3.2439282588205387
5592.0,5.591999999999999,3.246428258820515
5592.5,5.592500000000001,3.2362835992432792
5593.0,5.592999999999996,3.2387835992432557
5593.5,5.593499999999999,3.2412835992432676
5594.0,5.594000000000001,3.2311603739188044
5594.5,5.594500000000004,3.2336603739188163
5595.0,5.594999999999999,3.2361603739187927
5595.5,5.595500000000001,3.226060862201763
5596.0,5.5959999999999965,3.228560862201739
5596.5,5.596499999999999,3.231060862201751
5597.0,5.597000000000001,3.2210080600514956
5597.5,5.597500000000004,3.2235080600515076
5598.0,5.597999999999999,3.226008060051484
5598.5,5.598500000000001,3.2160305068085293
5599.0,5.598999999999997,3.2185305068085057
5599.5,5.599499999999999,3.2210305068085177
5600.0,5.600000000000001,3.211149586789297
5600.5,5.600500000000004,3.213649586789309
5601.0,5.600999999999999,3.2161495867892853
5601.5,5.6015000000000015,3.206398186740067
5602.0,5.601999999999997,3.2088981867400435
5602.5,5.602499999999999,3.2113981867400554
5603.0,5.6030000000000015,3.20178960691333
5603.5,5.603500000000004,3.204289606913342
5604.0,5.603999999999999,3.2067896069133184
5604.5,5.604500000000002,3.1973422720889033
5605.0,5.604999999999997,3.1998422720888797
5605.5,5.605499999999999,3.2023422720888917
5606.0,5.606000000000002,3.1930341926831574
5606.5,5.606500000000004,3.1955341926831693
5607.0,5.606999999999999,3.1980341926831457
5607.5,5.607500000000002,3.188839884025434
5608.0,5.607999999999997,3.1913398840254104
5608.5,5.608499999999999,3.1938398840254223
5609.0,5.609000000000002,3.1847180283801535
5609.5,5.609499999999997,3.18721802838013
5610.0,5.609999999999999,3.189718028380142
5610.5,5.610500000000002,3.1806513522375823
5611.0,5.610999999999997,3.1831513522375587
5611.5,5.6114999999999995,3.1856513522375707
5612.0,5.612000000000002,3.1766100291171995
5612.5,5.612499999999997,3.179110029117176
5613.0,5.6129999999999995,3.181610029117188
5613.5,5.613500000000002,3.1725975919229654
5614.0,5.613999999999997,3.175097591922942
5614.5,5.6145,3.1775975919229538
5615.0,5.615000000000002,3.168623239193451
5615.5,5.615499999999997,3.1711232391934274
5616.0,5.616,3.1736232391934394
5616.5,5.616500000000002,3.1646908145350494
5617.0,5.616999999999997,3.167190814535026
5617.5,5.6175,3.1696908145350378
5618.0,5.618000000000002,3.160803805017167
5618.5,5.618499999999997,3.1633038050171436
5619.0,5.619,3.1658038050171555
5619.5,5.619500000000002,3.156985777896253
5620.0,5.619999999999997,3.1594857778962293
5620.5,5.6205,3.1619857778962412
5621.0,5.621000000000002,3.1532447918354833
5621.5,5.6214999999999975,3.1557447918354598
5622.0,5.622,3.1582447918354717
5622.5,5.622500000000002,3.149579500911628
5623.0,5.6229999999999976,3.1520795009116043
5623.5,5.6235,3.154579500911616
5624.0,5.624000000000002,3.14596159642047
5624.5,5.624499999999998,3.1484615964204465
5625.0,5.625,3.1509615964204585
5625.5,5.625500000000002,3.142365583151303
5626.0,5.625999999999998,3.1448655831512795
5626.5,5.6265,3.1473655831512914
5627.0,5.6270000000000024,3.138784441350282
5627.5,5.627499999999998,3.1412844413502583
5628.0,5.628,3.1437844413502702
5628.5,5.6285000000000025,3.13521228327442
5629.0,5.628999999999998,3.1377122832743964
5629.5,5.6295,3.1402122832744084
5630.0,5.630000000000003,3.131644047959128
5630.5,5.630499999999998,3.1341440479591043
5631.0,5.631,3.136644047959116
5631.5,5.631500000000003,3.12807820230514
5632.0,5.631999999999998,3.1305782023051165
5632.5,5.6325,3.1330782023051285
5633.0,5.633000000000003,3.1245216741069015
5633.5,5.633499999999998,3.127021674106878
5634.0,5.634,3.12952167410689
5634.5,5.634500000000003,3.1209783722440676
5635.0,5.634999999999998,3.123478372244044
5635.5,5.6355,3.125978372244056
5636.0,5.636000000000003,3.117436752115026
5636.5,5.636499999999998,3.1199367521150023
5637.0,5.6370000000000005,3.1224367521150143
5637.5,5.637500000000003,3.1138784258898156
5638.0,5.637999999999998,3.116378425889792
5638.5,5.6385000000000005,3.118878425889804
5639.0,5.639000000000003,3.1102825607667484
5639.5,5.639499999999998,3.1127825607667248
5640.0,5.640000000000001,3.1152825607667367
5640.5,5.640500000000003,3.1066304684942736
5641.0,5.640999999999998,3.10913046849425
5641.5,5.641500000000001,3.111630468494262
5642.0,5.642000000000003,3.102889412552834
5642.5,5.642499999999998,3.1053894125528103
5643.0,5.643000000000001,3.1078894125528223
5643.5,5.643500000000003,3.0990518408455614
5644.0,5.643999999999998,3.101551840845538
5644.5,5.644500000000001,3.1040518408455497
5645.0,5.645000000000003,3.0950958703475706
5645.5,5.645499999999998,3.097595870347547
5646.0,5.646000000000001,3.100095870347559
5646.5,5.646500000000003,3.0910185168399806
5647.0,5.6469999999999985,3.093518516839957
5647.5,5.647500000000001,3.096018516839969
5648.0,5.648000000000003,3.0868275582651705
5648.5,5.6484999999999985,3.089327558265147
5649.0,5.649000000000001,3.091827558265159
5649.5,5.649499999999996,3.08253516093842
5650.0,5.649999999999999,3.085035160938432
5650.5,5.650500000000001,3.087535160938444
5651.0,5.651000000000003,3.07816327789336
5651.5,5.651499999999999,3.0806632778933363
5652.0,5.652000000000001,3.083163277893348
5652.5,5.652499999999996,3.0737200372935902
5653.0,5.652999999999999,3.076220037293602
5653.5,5.653500000000001,3.078720037293614
5654.0,5.6540000000000035,3.069200002511927
5654.5,5.654499999999999,3.0717000025119034
5655.0,5.655000000000001,3.0742000025119154
5655.5,5.655499999999996,3.064592837534299
5656.0,5.655999999999999,3.067092837534311
5656.5,5.656500000000001,3.069592837534323
5657.0,5.657000000000004,3.0598992925261825
5657.5,5.657499999999999,3.062399292526159
5658.0,5.658000000000001,3.064899292526171
5658.5,5.6584999999999965,3.055115902643557
5659.0,5.658999999999999,3.057615902643569
5659.5,5.659500000000001,3.060115902643581
5660.0,5.660000000000004,3.0502428293410233
5660.5,5.660499999999999,3.0527428293409997
5661.0,5.661000000000001,3.0552428293410117
5661.5,5.661499999999997,3.045272302145321
5662.0,5.661999999999999,3.047772302145333
5662.5,5.662500000000001,3.050272302145345
5663.0,5.663000000000004,3.0527723021453568
5663.5,5.663499999999999,3.042712803654517
5664.0,5.6640000000000015,3.045212803654529
5664.5,5.664499999999997,3.0477128036545054
5665.0,5.664999999999999,3.037582143176607
5665.5,5.6655000000000015,3.040082143176619
5666.0,5.666000000000004,3.042582143176631
5666.5,5.666499999999999,3.032371668471292
5667.0,5.667000000000002,3.034871668471304
5667.5,5.667499999999997,3.0373716684712804
5668.0,5.667999999999999,3.027097648411008
5668.5,5.668500000000002,3.02959764841102
5669.0,5.669000000000004,3.032097648411032
5669.5,5.669499999999999,3.021753046542024
5670.0,5.670000000000002,3.024253046542036
5670.5,5.670499999999997,3.0267530465420123
5671.0,5.670999999999999,3.0163380388464844
5671.5,5.671500000000002,3.0188380388464964
5672.0,5.671999999999997,3.021338038846473
5672.5,5.672499999999999,3.010834080852902
5673.0,5.673000000000002,3.013334080852914
5673.5,5.673499999999997,3.0158340808528905
5674.0,5.6739999999999995,3.0052400751775465
5674.5,5.674500000000002,3.0077400751775585
5675.0,5.674999999999997,3.010240075177535
5675.5,5.6754999999999995,2.9995561633953827
5676.0,5.676000000000002,3.0020561633953946
5676.5,5.676499999999997,3.004556163395371
5677.0,5.677,2.9938103173441277
5677.5,5.677500000000002,2.9963103173441397
5678.0,5.677999999999997,2.998810317344116
5678.5,5.6785,2.9880179229887815
5679.0,5.679000000000002,2.9905179229887935
5679.5,5.679499999999997,2.99301792298877
5680.0,5.68,2.9822128688293503
5680.5,5.680500000000002,2.9847128688293623
5681.0,5.680999999999997,2.9872128688293387
5681.5,5.6815,2.9764142478703093
5682.0,5.682000000000002,2.978914247870321
5682.5,5.682499999999997,2.9814142478702976
5683.0,5.683,2.970624831142601
5683.5,5.683500000000002,2.973124831142613
5684.0,5.6839999999999975,2.9756248311425892
5684.5,5.6845,2.964863185635842
5685.0,5.685000000000002,2.967363185635854
5685.5,5.6854999999999976,2.9698631856358304
5686.0,5.686,2.95913542100525
5686.5,5.686500000000002,2.961635421005262
5687.0,5.686999999999998,2.9641354210052384
5687.5,5.6875,2.9534286626530104
5688.0,5.688000000000002,2.9559286626530223
5688.5,5.688499999999998,2.9584286626529988
5689.0,5.689,2.947722491555105
5689.5,5.6895000000000024,2.9502224915551167
5690.0,5.689999999999998,2.952722491555093
5690.5,5.6905,2.9420264986350375
5691.0,5.6910000000000025,2.9445264986350494
5691.5,5.691499999999998,2.947026498635026
5692.0,5.692,2.9363744869063524
5692.5,5.692500000000003,2.9388744869063643
5693.0,5.692999999999998,2.9413744869063407
5693.5,5.6935,2.9307794509922047
5694.0,5.694000000000003,2.9332794509922167
5694.5,5.694499999999998,2.935779450992193
5695.0,5.695,2.925245985582059
5695.5,5.695500000000003,2.927745985582071
5696.0,5.695999999999998,2.9302459855820473
5696.5,5.6965,2.9197943320955844
5697.0,5.697000000000003,2.9222943320955963
5697.5,5.697499999999998,2.9247943320955727
5698.0,5.698,2.914443140053855
5698.5,5.698500000000003,2.916943140053867
5699.0,5.698999999999998,2.9194431400538434
5699.5,5.6995000000000005,2.9092049514847673
5700.0,5.700000000000003,2.9117049514847793
5700.5,5.700499999999998,2.9142049514847557
5701.0,5.7010000000000005,2.904105241507118
5701.5,5.701500000000003,2.9066052415071297
5702.0,5.701999999999998,2.909105241507106
5702.5,5.702500000000001,2.8991602842605957
5703.0,5.703000000000003,2.9016602842606076
5703.5,5.703499999999998,2.904160284260584
5704.0,5.704000000000001,2.894388193610098
5704.5,5.704500000000003,2.89688819361011
5705.0,5.704999999999998,2.8993881936100863
5705.5,5.705500000000001,2.8897811625946446
5706.0,5.706000000000003,2.8922811625946565
5706.5,5.706499999999998,2.894781162594633
5707.0,5.707000000000001,2.885338911418742
5707.5,5.707500000000003,2.887838911418754
5708.0,5.707999999999998,2.8903389114187306
5708.5,5.708500000000001,2.8810322029387336
5709.0,5.709000000000003,2.8835322029387456
5709.5,5.7094999999999985,2.886032202938722
5710.0,5.710000000000001,2.876841171537343
5710.5,5.710500000000003,2.879341171537355
5711.0,5.7109999999999985,2.8818411715373315
5711.5,5.711500000000001,2.8727531357383995
5712.0,5.711999999999996,2.875253135738376
5712.5,5.712499999999999,2.877753135738388
5713.0,5.713000000000001,2.8687698019186314
5713.5,5.713500000000003,2.8712698019186433
5714.0,5.713999999999999,2.8737698019186197
5714.5,5.714500000000001,2.8648928165068455
5715.0,5.714999999999996,2.867392816506822
5715.5,5.715499999999999,2.869892816506834
5716.0,5.716000000000001,2.8610876154028375
5716.5,5.7165000000000035,2.8635876154028495
5717.0,5.716999999999999,2.866087615402826
5717.5,5.717500000000001,2.8573390132153875
5718.0,5.717999999999996,2.859839013215364
5718.5,5.718499999999999,2.862339013215376
5719.0,5.719000000000001,2.853636829067163
5719.5,5.719500000000004,2.856136829067175
5720.0,5.719999999999999,2.8586368290671516
5720.5,5.720500000000001,2.849961448065592
5721.0,5.7209999999999965,2.8524614480655686
5721.5,5.721499999999999,2.8549614480655805
5722.0,5.722000000000001,2.846278179364994
5722.5,5.722500000000004,2.8487781793650058
5723.0,5.722999999999999,2.851278179364982
5723.5,5.723500000000001,2.842565273970159
5724.0,5.723999999999997,2.8450652739701354
5724.5,5.724499999999999,2.8475652739701474
5725.0,5.725000000000001,2.838813701146705
5725.5,5.725500000000004,2.841313701146717
5726.0,5.725999999999999,2.8438137011466935
5726.5,5.7265000000000015,2.83502749284704
5727.0,5.726999999999997,2.837527492847016
5727.5,5.727499999999999,2.840027492847028
5728.0,5.7280000000000015,2.83120828053665
5728.5,5.728500000000004,2.833708280536662
5729.0,5.728999999999999,2.8362082805366384
5729.5,5.729500000000002,2.8273397299928504
5730.0,5.729999999999997,2.829839729992827
5730.5,5.730499999999999,2.832339729992839
5731.0,5.731000000000002,2.8234029105548686
5731.5,5.731500000000004,2.8259029105548805
5732.0,5.731999999999999,2.828402910554857
5732.5,5.732500000000002,2.8193784857421633
5733.0,5.732999999999997,2.8218784857421397
5733.5,5.733499999999999,2.8243784857421517
5734.0,5.734000000000002,2.815256655011069
5734.5,5.734499999999997,2.8177566550110456
5735.0,5.734999999999999,2.8202566550110575
5735.5,5.735500000000002,2.8110171884475577
5736.0,5.735999999999997,2.813517188447534
5736.5,5.7364999999999995,2.816017188447546
5737.0,5.737000000000002,2.806669031933602
5737.5,5.737499999999997,2.8091690319335783
5738.0,5.7379999999999995,2.81166903193359
5738.5,5.738500000000002,2.814169031933602
5739.0,5.738999999999997,2.804718874727108
5739.5,5.7395,2.80721887472712
5740.0,5.740000000000002,2.8097188747271318
5740.5,5.740499999999997,2.800177458076263
5741.0,5.741,2.8026774580762748
5741.5,5.741500000000002,2.8051774580762867
5742.0,5.741999999999997,2.795554858172018
5742.5,5.7425,2.79805485817203
5743.0,5.743000000000002,2.800554858172042
5743.5,5.743499999999997,2.790866394643956
5744.0,5.744,2.793366394643968
5744.5,5.744500000000002,2.79586639464398
5745.0,5.744999999999997,2.7861197432561724
5745.5,5.7455,2.7886197432561843
5746.0,5.746000000000002,2.7911197432561963
5746.5,5.7464999999999975,2.781323801823916
5747.0,5.747,2.783823801823928
5747.5,5.747500000000002,2.78632380182394
5748.0,5.7479999999999976,2.7764881960488097
5748.5,5.7485,2.7789881960488216
5749.0,5.749000000000002,2.7814881960488336
5749.5,5.749499999999998,2.771597097578109
5750.0,5.75,2.774097097578121
5750.5,5.750500000000002,2.776597097578133
5751.0,5.750999999999998,2.766636519608241
5751.5,5.7515,2.769136519608253
5752.0,5.7520000000000024,2.771636519608265
5752.5,5.752499999999998,2.7615898936106476
5753.0,5.753,2.7640898936106595
5753.5,5.7535000000000025,2.7665898936106714
5754.0,5.753999999999998,2.756444239627669
5754.5,5.7545,2.758944239627681
5755.0,5.755000000000003,2.761444239627693
5755.5,5.755499999999998,2.7511707619880355
5756.0,5.756,2.7536707619880474
5756.5,5.756500000000003,2.7561707619880593
5757.0,5.756999999999998,2.7457694671327815
5757.5,5.7575,2.7482694671327934
5758.0,5.758000000000003,2.7507694671328053
5758.5,5.758499999999998,2.740236007310024
5759.0,5.759,2.742736007310036
5759.5,5.759500000000003,2.745236007310048
5760.0,5.759999999999998,2.73456362818731
5760.5,5.7605,2.7370636281873217
5761.0,5.761000000000003,2.7395636281873337
5761.5,5.761499999999998,2.7287240173216887
5762.0,5.7620000000000005,2.7312240173217006
5762.5,5.762500000000003,2.7337240173217126
5763.0,5.762999999999998,2.72272407946037
5763.5,5.7635000000000005,2.725224079460382
5764.0,5.764000000000003,2.727724079460394
5764.5,5.764499999999998,2.7165721552196587
5765.0,5.765000000000001,2.7190721552196706
5765.5,5.765500000000003,2.7215721552196825
5766.0,5.765999999999998,2.710281297537378
5766.5,5.766500000000001,2.71278129753739
5767.0,5.767000000000003,2.715281297537402
5767.5,5.767499999999998,2.703855129018038
5768.0,5.768000000000001,2.70635512901805
5768.5,5.768500000000003,2.708855129018062
5769.0,5.768999999999998,2.6973100777993153
5769.5,5.769500000000001,2.6998100777993272
5770.0,5.770000000000003,2.702310077799339
5770.5,5.770499999999998,2.6906774744186635
5771.0,5.771000000000001,2.6931774744186754
5771.5,5.771500000000003,2.6956774744186873
5772.0,5.7719999999999985,2.683992760279814
5772.5,5.772500000000001,2.686492760279826
5773.0,5.773000000000003,2.688992760279838
5773.5,5.7734999999999985,2.6772974159813145
5774.0,5.774000000000001,2.6797974159813265
5774.5,5.774499999999996,2.682297415981303
5775.0,5.774999999999999,2.6706329722438937
5775.5,5.775500000000001,2.6731329722439057
5776.0,5.776000000000003,2.6756329722439176
5776.5,5.776499999999999,2.664024400327385
5777.0,5.777000000000001,2.666524400327397
5777.5,5.777499999999996,2.6690244003273733
5778.0,5.777999999999999,2.6575220794275722
5778.5,5.778500000000001,2.660022079427584
5779.0,5.7790000000000035,2.662522079427596
5779.5,5.779499999999999,2.6511853561648024
5780.0,5.780000000000001,2.6536853561648144
5780.5,5.780499999999996,2.656185356164791
5781.0,5.780999999999999,2.645035358241543
5781.5,5.781500000000001,2.647535358241555
5782.0,5.782000000000004,2.650035358241567
5782.5,5.782499999999999,2.6390597024938245
5783.0,5.783000000000001,2.6415597024938364
5783.5,5.7834999999999965,2.644059702493813
5784.0,5.783999999999999,2.633243487310075
5784.5,5.784500000000001,2.635743487310087
5785.0,5.785000000000004,2.638243487310099
5785.5,5.785499999999999,2.6275987517329824
5786.0,5.786000000000001,2.6300987517329943
5786.5,5.786499999999997,2.6325987517329708
5787.0,5.786999999999999,2.622109453386585
5787.5,5.787500000000001,2.624609453386597
5788.0,5.788000000000004,2.627109453386609
5788.5,5.788499999999999,2.6167540360809483
5789.0,5.7890000000000015,2.61925403608096
5789.5,5.789499999999997,2.6217540360809366
5790.0,5.789999999999999,2.6115403753930266
5790.5,5.7905000000000015,2.6140403753930386
5791.0,5.791000000000004,2.6165403753930505
5791.5,5.791499999999999,2.6064704580294062
5792.0,5.792000000000002,2.608970458029418
5792.5,5.792499999999997,2.6114704580293946
5793.0,5.792999999999999,2.6015472123498995
5793.5,5.793500000000002,2.6040472123499114
5794.0,5.794000000000004,2.6065472123499234
5794.5,5.794499999999999,2.596787610345075
5795.0,5.795000000000002,2.599287610345087
5795.5,5.795499999999997,2.6017876103450632
5796.0,5.795999999999999,2.5922155880509834
5796.5,5.796500000000002,2.5947155880509953
5797.0,5.796999999999997,2.5972155880509717
5797.5,5.797499999999999,2.587826234502444
5798.0,5.798000000000002,2.590326234502456
5798.5,5.798499999999997,2.592826234502432
5799.0,5.7989999999999995,2.583616878017132
5799.5,5.799500000000002,2.586116878017144
5800.0,5.799999999999997,2.5886168780171204
5800.5,5.8004999999999995,2.57960066463486
5801.0,5.801000000000002,2.582100664634872
5801.5,5.801499999999997,2.5846006646348485
5802.0,5.802,2.5757697418798386
5802.5,5.802500000000002,2.5782697418798506
5803.0,5.802999999999997,2.580769741879827
5803.5,5.8035,2.5721091947805164
5804.0,5.804000000000002,2.5746091947805283
5804.5,5.804499999999997,2.5771091947805047
5805.0,5.805,2.5686030610928157
5805.5,5.805500000000002,2.5711030610928276
5806.0,5.805999999999997,2.573603061092804
5806.5,5.8065,2.565221943679923
5807.0,5.807000000000002,2.567721943679935
5807.5,5.807499999999997,2.570221943679911
5808.0,5.808,2.5619602528908914
5808.5,5.808500000000002,2.5644602528909033
5809.0,5.8089999999999975,2.5669602528908797
5809.5,5.8095,2.558848757149086
5810.0,5.810000000000002,2.561348757149098
5810.5,5.8104999999999976,2.5638487571490742
5811.0,5.811,2.5558842200305776
5811.5,5.811500000000002,2.5583842200305895
5812.0,5.811999999999998,2.560884220030566
5812.5,5.8125,2.5530420254969144
5813.0,5.813000000000002,2.5555420254969263
5813.5,5.813499999999998,2.5580420254969027
5814.0,5.814,2.5605420254969147
5814.5,5.8145000000000024,2.5527869609147302
5815.0,5.814999999999998,2.5552869609147066
5815.5,5.8155,2.5577869609147186
5816.0,5.8160000000000025,2.5500820791589973
5816.5,5.816499999999998,2.5525820791589737
5817.0,5.817,2.5550820791589857
5817.5,5.817500000000003,2.5473967834826183
5818.0,5.817999999999998,2.5498967834825947
5818.5,5.8185,2.5523967834826067
5819.0,5.819000000000003,2.5446857633668785
5819.5,5.819499999999998,2.547185763366855
5820.0,5.82,2.549685763366867
5820.5,5.820500000000003,2.5419364191985494
5821.0,5.820999999999998,2.544436419198526
5821.5,5.8215,2.5469364191985377
5822.0,5.822000000000003,2.5391092577374508
5822.5,5.822499999999998,2.541609257737427
5823.0,5.823,2.544109257737439
5823.5,5.823500000000003,2.5361953090082068
5824.0,5.823999999999998,2.538695309008183
5824.5,5.8245000000000005,2.541195309008195
5825.0,5.825000000000003,2.533192052897384
5825.5,5.825499999999998,2.5356920528973603
5826.0,5.8260000000000005,2.5381920528973723
5826.5,5.826500000000003,2.530104233934942
5827.0,5.826999999999998,2.5326042339349186
5827.5,5.827500000000001,2.5351042339349306
5828.0,5.828000000000003,2.526927863908668
5828.5,5.828499999999998,2.5294278639086443
5829.0,5.829000000000001,2.531927863908656
5829.5,5.829500000000003,2.52365599640342
5830.0,5.829999999999998,2.5261559964033964
5830.5,5.830500000000001,2.5286559964034083
5831.0,5.831000000000003,2.5202921990040394
5831.5,5.831499999999998,2.522792199004016
5832.0,5.832000000000001,2.525292199004028
5832.5,5.832500000000003,2.5168473457049956
5833.0,5.832999999999998,2.519347345704972
5833.5,5.833500000000001,2.521847345704984
5834.0,5.834000000000003,2.513317100999579
5834.5,5.8344999999999985,2.5158171009995556
5835.0,5.835000000000001,2.5183171009995675
5835.5,5.835500000000003,2.509675781920855
5836.0,5.8359999999999985,2.5121757819208312
5836.5,5.836500000000001,2.514675781920843
5837.0,5.836999999999996,2.5058914421201806
5837.5,5.837499999999999,2.5083914421201925
5838.0,5.838000000000001,2.5108914421202044
5838.5,5.838500000000003,2.501945886331036
5839.0,5.838999999999999,2.5044458863310126
5839.5,5.839500000000001,2.5069458863310246
5840.0,5.839999999999996,2.4978254988515047
5840.5,5.840499999999999,2.5003254988515167
5841.0,5.841000000000001,2.5028254988515286
5841.5,5.8415000000000035,2.4935090960311967
5842.0,5.841999999999999,2.496009096031173
5842.5,5.842500000000001,2.498509096031185
5843.0,5.842999999999996,2.4889990009824103
5843.5,5.843499999999999,2.4914990009824223
5844.0,5.844000000000001,2.493999000982434
5844.5,5.844500000000004,2.4842926008167154
5845.0,5.844999999999999,2.486792600816692
5845.5,5.845500000000001,2.489292600816704
5846.0,5.8459999999999965,2.479394291650401
5846.5,5.846499999999999,2.4818942916504128
5847.0,5.847000000000001,2.4843942916504247
5847.5,5.847500000000004,2.474316469055644
5848.0,5.847999999999999,2.4768164690556205
5848.5,5.848500000000001,2.4793164690556324
5849.0,5.848999999999997,2.4690735306956313
5849.5,5.849499999999999,2.4715735306956432
5850.0,5.850000000000001,2.474073530695655
5850.5,5.850500000000004,2.4636839922759535
5851.0,5.850999999999999,2.46618399227593
5851.5,5.8515000000000015,2.468683992275942
5852.0,5.851999999999997,2.458164615599756
5852.5,5.852499999999999,2.460664615599768
5853.0,5.8530000000000015,2.46316461559978
5853.5,5.853500000000004,2.4525325002978704
5854.0,5.853999999999999,2.455032500297847
5854.5,5.854500000000002,2.4575325002978587
5855.0,5.854999999999997,2.446844001173112
5855.5,5.855499999999999,2.449344001173124
5856.0,5.856000000000002,2.4518440011731357
5856.5,5.856500000000004,2.4411243205097577
5857.0,5.856999999999999,2.443624320509734
5857.5,5.857500000000002,2.446124320509746
5858.0,5.857999999999997,2.4354096193037478
5858.5,5.858499999999999,2.4379096193037597
5859.0,5.859000000000002,2.4404096193037716
5859.5,5.859499999999997,2.429730155865819
5860.0,5.859999999999999,2.432230155865831
5860.5,5.860500000000002,2.434730155865843
5861.0,5.860999999999997,2.424113813511539
5861.5,5.8614999999999995,2.426613813511551
5862.0,5.862000000000002,2.429113813511563
5862.5,5.862499999999997,2.418581114162066
5863.0,5.8629999999999995,2.421081114162078
5863.5,5.863500000000002,2.42358111416209
5864.0,5.863999999999997,2.4131364269752353
5864.5,5.8645,2.4156364269752473
5865.0,5.865000000000002,2.418136426975259
5865.5,5.865499999999997,2.4077845320747215
5866.0,5.866,2.4102845320747335
5866.5,5.866500000000002,2.4127845320747454
5867.0,5.866999999999997,2.4025222685785863
5867.5,5.8675,2.4050222685785982
5868.0,5.868000000000002,2.40752226857861
5868.5,5.868499999999997,2.397320938052836
5869.0,5.869,2.399820938052848
5869.5,5.869500000000002,2.40232093805286
5870.0,5.869999999999997,2.3921725571643293
5870.5,5.8705,2.3946725571643412
5871.0,5.871000000000002,2.397172557164353
5871.5,5.8714999999999975,2.387066947568144
5872.0,5.872,2.389566947568156
5872.5,5.872500000000002,2.3920669475681677
5873.0,5.8729999999999976,2.381971325163015
5873.5,5.8735,2.3844713251630267
5874.0,5.874000000000002,2.3869713251630387
5874.5,5.874499999999998,2.376886774825735
5875.0,5.875,2.379386774825747
5875.5,5.875500000000002,2.381886774825759
5876.0,5.875999999999998,2.371806947428894
5876.5,5.8765,2.374306947428906
5877.0,5.8770000000000024,2.3768069474289177
5877.5,5.877499999999998,2.3667371588454245
5878.0,5.878,2.3692371588454364
5878.5,5.8785000000000025,2.3717371588454483
5879.0,5.878999999999998,2.3617007090639675
5879.5,5.8795,2.3642007090639794
5880.0,5.880000000000003,2.3667007090639913
5880.5,5.880499999999998,2.3567136451391235
5881.0,5.881,2.3592136451391355
5881.5,5.881500000000003,2.3617136451391474
5882.0,5.881999999999998,2.3517749627070117
5882.5,5.8825,2.3542749627070236
5883.0,5.883000000000003,2.3567749627070356
5883.5,5.883499999999998,2.3468759632468306
5884.0,5.884,2.3493759632468425
5884.5,5.884500000000003,2.3518759632468544
5885.0,5.884999999999998,2.3420441500616818
5885.5,5.8855,2.3445441500616937
5886.0,5.886000000000003,2.3470441500617056
5886.5,5.886499999999998,2.3372915859000187
5887.0,5.8870000000000005,2.3397915859000307
5887.5,5.887500000000003,2.3422915859000426
5888.0,5.887999999999998,2.3326203227371067
5888.5,5.8885000000000005,2.3351203227371187
5889.0,5.889000000000003,2.3376203227371306
5889.5,5.889499999999998,2.340120322737107
5890.0,5.890000000000001,2.3305355486174406
5890.5,5.890500000000003,2.3330355486174525
5891.0,5.890999999999998,2.335535548617429
5891.5,5.891500000000001,2.326050690417354
5892.0,5.892000000000003,2.328550690417366
5892.5,5.892499999999998,2.3310506904173423
5893.0,5.893000000000001,2.321691110587203
5893.5,5.893500000000003,2.324191110587215
5894.0,5.893999999999998,2.3266911105871912
5894.5,5.894500000000001,2.317468442193338
5895.0,5.895000000000003,2.3199684421933497
5895.5,5.895499999999998,2.322468442193326
5896.0,5.896000000000001,2.3133988572476483
5896.5,5.896500000000003,2.31589885724766
5897.0,5.8969999999999985,2.3183988572476366
5897.5,5.897500000000001,2.3094792793308017
5898.0,5.898000000000003,2.3119792793308136
5898.5,5.8984999999999985,2.31447927933079
5899.0,5.899000000000001,2.3057234048479103
5899.5,5.899499999999996,2.3082234048478867
5900.0,5.899999999999999,2.3107234048478986
5900.5,5.900500000000001,2.3021177470358722
5901.0,5.901000000000003,2.304617747035884
5901.5,5.901499999999999,2.3071177470358606
5902.0,5.902000000000001,2.298648779034238
5902.5,5.902499999999996,2.3011487790342144
5903.0,5.902999999999999,2.3036487790342264
5903.5,5.903500000000001,2.2953083174353495
5904.0,5.9040000000000035,2.2978083174353614
5904.5,5.904499999999999,2.300308317435338
5905.0,5.905000000000001,2.292071391116224
5905.5,5.905499999999996,2.2945713911162002
5906.0,5.905999999999999,2.297071391116212
5906.5,5.906500000000001,2.288923767293838
5907.0,5.907000000000004,2.29142376729385
5907.5,5.907499999999999,2.293923767293826
5908.0,5.908000000000001,2.28583400907155
5908.5,5.9084999999999965,2.2883340090715265
5909.0,5.908999999999999,2.2908340090715384
5909.5,5.909500000000001,2.2827812205683884
5910.0,5.910000000000004,2.2852812205684003
5910.5,5.910499999999999,2.2877812205683767
5911.0,5.911000000000001,2.2797331813901422
5911.5,5.911499999999997,2.2822331813901187
5912.0,5.911999999999999,2.2847331813901306
5912.5,5.912500000000001,2.276645092279921
5913.0,5.913000000000004,2.279145092279933
5913.5,5.913499999999999,2.281645092279909
5914.0,5.9140000000000015,2.273492153104222
5914.5,5.914499999999997,2.2759921531041982
5915.0,5.914999999999999,2.27849215310421
5915.5,5.9155000000000015,2.2702495461213346
5916.0,5.916000000000004,2.2727495461213465
5916.5,5.916499999999999,2.275249546121323
5917.0,5.917000000000002,2.266870526615108
5917.5,5.917499999999997,2.2693705266150843
5918.0,5.917999999999999,2.2718705266150963
5918.5,5.918500000000002,2.263337863520256
5919.0,5.919000000000004,2.265837863520268
5919.5,5.919499999999999,2.2683378635202445
5920.0,5.920000000000002,2.2596166277730845
5920.5,5.920499999999997,2.262116627773061
5921.0,5.920999999999999,2.264616627773073
5921.5,5.921500000000002,2.2556872087230673
5922.0,5.921999999999997,2.2581872087230437
5922.5,5.922499999999999,2.2606872087230556
5923.0,5.923000000000002,2.251557111121194
5923.5,5.923499999999997,2.2540571111211705
5924.0,5.9239999999999995,2.2565571111211824
5924.5,5.924500000000002,2.247244498254055
5925.0,5.924999999999997,2.2497444982540316
5925.5,5.9254999999999995,2.2522444982540435
5926.0,5.926000000000002,2.2427912414554996
5926.5,5.926499999999997,2.245291241455476
5927.0,5.927,2.247791241455488
5927.5,5.927500000000002,2.238248828770786
5928.0,5.927999999999997,2.240748828770762
5928.5,5.9285,2.243248828770774
5929.0,5.929000000000002,2.233647450116898
5929.5,5.929499999999997,2.2361474501168743
5930.0,5.93,2.2386474501168863
5930.5,5.930500000000002,2.22903942815762
5931.0,5.930999999999997,2.231539428157596
5931.5,5.9315,2.234039428157608
5932.0,5.932000000000002,2.224467437904387
5932.5,5.932499999999997,2.2269674379043636
5933.0,5.933,2.2294674379043755
5933.5,5.933500000000002,2.219950144530003
5934.0,5.9339999999999975,2.2224501445299794
5934.5,5.9345,2.2249501445299913
5935.0,5.935000000000002,2.2154894376271628
5935.5,5.9354999999999976,2.217989437627139
5936.0,5.936,2.220489437627151
5936.5,5.936500000000002,2.21108189981841
5937.0,5.936999999999998,2.2135818998183865
5937.5,5.9375,2.2160818998183984
5938.0,5.938000000000002,2.2067078741575585
5938.5,5.938499999999998,2.209207874157535
5939.0,5.939,2.211707874157547
5939.5,5.9395000000000024,2.2023572445177564
5940.0,5.939999999999998,2.204857244517733
5940.5,5.9405,2.2073572445177447
5941.0,5.9410000000000025,2.1979950825580374
5941.5,5.941499999999998,2.200495082558014
5942.0,5.942,2.202995082558026
5942.5,5.942500000000003,2.193597194005932
5943.0,5.942999999999998,2.196097194005908
5943.5,5.9435,2.19859719400592
5944.0,5.944000000000003,2.1891430718270755
5944.5,5.944499999999998,2.191643071827052
5945.0,5.945,2.194143071827064
5945.5,5.945500000000003,2.184616516215243
5946.0,5.945999999999998,2.1871165162152195
5946.5,5.9465,2.1896165162152315
5947.0,5.947000000000003,2.1799898227546066
5947.5,5.947499999999998,2.182489822754583
5948.0,5.948,2.184989822754595
5948.5,5.948500000000003,2.175223735186975
5949.0,5.948999999999998,2.1777237351869516
5949.5,5.9495000000000005,2.1802237351869636
5950.0,5.950000000000003,2.1703059815206416
5950.5,5.950499999999998,2.172805981520618
5951.0,5.9510000000000005,2.17530598152063
5951.5,5.951500000000003,2.165205427522423
5952.0,5.951999999999998,2.1677054275223995
5952.5,5.952500000000001,2.1702054275224114
5953.0,5.953000000000003,2.1599083849652345
5953.5,5.953499999999998,2.162408384965211
5954.0,5.954000000000001,2.164908384965223
5954.5,5.954500000000003,2.154428342540271
5955.0,5.954999999999998,2.1569283425402475
5955.5,5.955500000000001,2.1594283425402594
5956.0,5.956000000000003,2.1487777784566475
5956.5,5.956499999999998,2.151277778456624
5957.0,5.957000000000001,2.153777778456636
5957.5,5.957500000000003,2.14300857871482
5958.0,5.957999999999998,2.1455085787147965
5958.5,5.958500000000001,2.1480085787148084
5959.0,5.959000000000003,2.137183088150252
5959.5,5.9594999999999985,2.1396830881502282
5960.0,5.960000000000001,2.14218308815024
5960.5,5.960500000000003,2.131388027838561
5961.0,5.9609999999999985,2.1338880278385375
5961.5,5.961500000000001,2.1363880278385494
5962.0,5.961999999999996,2.125697009419767
5962.5,5.962499999999999,2.128197009419779
5963.0,5.963000000000001,2.130697009419791
5963.5,5.963500000000003,2.1201708723921797
5964.0,5.963999999999999,2.122670872392156
5964.5,5.964500000000001,2.125170872392168
5965.0,5.964999999999996,2.1276708723921445
5965.5,5.965499999999999,2.1173381426656235
5966.0,5.966000000000001,2.1198381426656354
5966.5,5.9665000000000035,2.1223381426656474
5967.0,5.966999999999999,2.112200162636384
5967.5,5.967500000000001,2.114700162636396
5968.0,5.967999999999996,2.1172001626363723
5968.5,5.968499999999999,2.107251710588045
5969.0,5.969000000000001,2.109751710588057
5969.5,5.969500000000004,2.112251710588069
5970.0,5.969999999999999,2.102501414488529
5970.5,5.970500000000001,2.105001414488541
5971.0,5.9709999999999965,2.1075014144885174
5971.5,5.971499999999999,2.097931993121911
5972.0,5.972000000000001,2.100431993121923
5972.5,5.972500000000004,2.102931993121935
5973.0,5.972999999999999,2.0935244902616645
5973.5,5.973500000000001,2.0960244902616765
5974.0,5.973999999999997,2.098524490261653
5974.5,5.974499999999999,2.089264001572886
5975.0,5.975000000000001,2.0917640015728978
5975.5,5.975500000000004,2.0942640015729097
5976.0,5.975999999999999,2.0851322731691724
5976.5,5.9765000000000015,2.0876322731691843
5977.0,5.976999999999997,2.0901322731691607
5977.5,5.977499999999999,2.081112843697568
5978.0,5.9780000000000015,2.08361284369758
5978.5,5.978500000000004,2.0861128436975918
5979.0,5.978999999999999,2.0771695307263727
5979.5,5.979500000000002,2.0796695307263846
5980.0,5.979999999999997,2.082169530726361
5980.5,5.980499999999999,2.0732753638073476
5981.0,5.981000000000002,2.0757753638073595
5981.5,5.981500000000004,2.0782753638073714
5982.0,5.981999999999999,2.0693865995982463
5982.5,5.982500000000002,2.0718865995982583
5983.0,5.982999999999997,2.0743865995982347
5983.5,5.983499999999999,2.065465857390656
5984.0,5.984000000000002,2.067965857390668
5984.5,5.984499999999997,2.0704658573906443
5985.0,5.984999999999999,2.061475100732224
5985.5,5.985500000000002,2.063975100732236
5986.0,5.985999999999997,2.0664751007322124
5986.5,5.9864999999999995,2.057379077655064
5987.0,5.987000000000002,2.0598790776550757
5987.5,5.987499999999997,2.062379077655052
5988.0,5.9879999999999995,2.0531913953510283
5988.5,5.988500000000002,2.0556913953510403
5989.0,5.988999999999997,2.0581913953510167
5989.5,5.9895,2.0489062196247687
5990.0,5.990000000000002,2.0514062196247806
5990.5,5.990499999999997,2.053906219624757
5991.0,5.991,2.0445647645285803
5991.5,5.991500000000002,2.047064764528592
5992.0,5.991999999999997,2.0495647645285686
5992.5,5.9925,2.040204170466957
5993.0,5.993000000000002,2.042704170466969
5993.5,5.993499999999997,2.0452041704669455
5994.0,5.994,2.035846575478999
5994.5,5.994500000000002,2.038346575479011
5995.0,5.994999999999997,2.0408465754789873
5995.5,5.9955,2.0315189507998355
5996.0,5.996000000000002,2.0340189507998474
5996.5,5.9964999999999975,2.036518950799824
5997.0,5.997,2.0272391398944123
5997.5,5.997500000000002,2.0297391398944242
5998.0,5.9979999999999976,2.0322391398944006
5998.5,5.9985,2.023031594843232
5999.0,5.999000000000002,2.025531594843244
5999.5,5.999499999999998,2.0280315948432204
6000.0,6.0,2.018896028304873
6000.5,6.000500000000002,2.021396028304885
6001.0,6.000999999999998,2.0238960283048613
6001.5,6.0015,2.0148475955416956
6002.0,6.0020000000000024,2.0173475955417075
6002.5,6.002499999999998,2.019847595541684
6003.0,6.003,2.010873108488802
6003.5,6.0035000000000025,2.013373108488814
6004.0,6.003999999999998,2.0158731084887904
6004.5,6.0045,2.0069608327032284
6005.0,6.005000000000003,2.0094608327032404
6005.5,6.005499999999998,2.011960832703217
6006.0,6.006,2.0031178009068995
6006.5,6.006500000000003,2.0056178009069114
6007.0,6.006999999999998,2.008117800906888
6007.5,6.0075,1.9993393065067622
6008.0,6.008000000000003,2.001839306506774
6008.5,6.008499999999998,2.0043393065067505
6009.0,6.009,1.9956482065409986
6009.5,6.009500000000003,1.9981482065410106
6010.0,6.009999999999998,2.000648206540987
6010.5,6.0105,1.9920389711977649
6011.0,6.011000000000003,1.9945389711977768
6011.5,6.011499999999998,1.9970389711977532
6012.0,6.0120000000000005,1.9885013936190532
6012.5,6.012500000000003,1.9910013936190651
6013.0,6.012999999999998,1.9935013936190416
6013.5,6.0135000000000005,1.9850150226674756
6014.0,6.014000000000003,1.9875150226674876
6014.5,6.014499999999998,1.990015022667464
6015.0,6.015000000000001,1.9815691223692156
6015.5,6.015500000000003,1.9840691223692275
6016.0,6.015999999999998,1.986569122369204
6016.5,6.016500000000001,1.9781186797300876
6017.0,6.017000000000003,1.9806186797300995
6017.5,6.017499999999998,1.983118679730076
6018.0,6.018000000000001,1.974644421111158
6018.5,6.018500000000003,1.97714442111117
6019.0,6.018999999999998,1.9796444211111464
6019.5,6.019500000000001,1.9711101103294837
6020.0,6.020000000000003,1.9736101103294956
6020.5,6.020499999999998,1.976110110329472
6021.0,6.021000000000001,1.9675062417363165
6021.5,6.021500000000003,1.9700062417363284
6022.0,6.0219999999999985,1.9725062417363048
6022.5,6.022500000000001,1.9638467542236526
6023.0,6.023000000000003,1.9663467542236646
6023.5,6.0234999999999985,1.968846754223641
6024.0,6.024000000000001,1.96013300261491
6024.5,6.024499999999996,1.9626330026148864
6025.0,6.024999999999999,1.9651330026148983
6025.5,6.025500000000001,1.9563763794348077
6026.0,6.026000000000003,1.9588763794348196
6026.5,6.026499999999999,1.961376379434796
6027.0,6.027000000000001,1.9526045784217771
6027.5,6.027499999999996,1.9551045784217536
6028.0,6.027999999999999,1.9576045784217655
6028.5,6.028500000000001,1.948833919300057
6029.0,6.0290000000000035,1.951333919300069
6029.5,6.029499999999999,1.9538339193000454
6030.0,6.030000000000001,1.9450757378256611
6030.5,6.030499999999996,1.9475757378256375
6031.0,6.030999999999999,1.9500757378256495
6031.5,6.031500000000001,1.9413212509572375
6032.0,6.032000000000004,1.9438212509572494
6032.5,6.032499999999999,1.9463212509572259
6033.0,6.033000000000001,1.9375652482147032
6033.5,6.0334999999999965,1.9400652482146796
6034.0,6.033999999999999,1.9425652482146916
6034.5,6.034500000000001,1.933791506050433
6035.0,6.035000000000004,1.9362915060504449
6035.5,6.035499999999999,1.9387915060504213
6036.0,6.036000000000001,1.930004455820189
6036.5,6.036499999999997,1.9325044558201654
6037.0,6.036999999999999,1.9350044558201773
6037.5,6.037500000000001,1.926211441124579
6038.0,6.038000000000004,1.928711441124591
6038.5,6.038499999999999,1.9312114411245673
6039.0,6.0390000000000015,1.9224287358487047
6039.5,6.039499999999997,1.924928735848681
6040.0,6.039999999999999,1.927428735848693
