Time (fs),Displacement (A),Force (eV/A)
0.0,0.0,0.0
0.5,0.0005000000000023874,0.002500000000011937
1.0,0.0009999999999976694,0.005166541902781319
1.5,0.0015000000000000568,0.007666541902793256
2.0,0.0020000000000024443,0.010166541902805193
2.5,0.0024999999999977263,0.012844533769609257
3.0,0.0030000000000001137,0.015344533769621194
3.5,0.003500000000002501,0.01784453376963313
4.0,0.003999999999997783,0.020529508734803414
4.5,0.0045000000000001705,0.02302950873481535
5.0,0.005000000000002558,0.02552950873482729
5.5,0.00549999999999784,0.02824743331220958
6.0,0.006000000000000227,0.030747433312221517
6.5,0.006500000000002615,0.033247433312233454
7.0,0.006999999999997897,0.03600947351230843
7.5,0.007500000000000284,0.03850947351232037
8.0,0.008000000000002672,0.041009473512332306
8.5,0.008499999999997954,0.043824802831551324
9.0,0.009000000000000341,0.04632480283156326
9.5,0.009500000000002728,0.0488248028315752
10.0,0.00999999999999801,0.051697709367708455
10.5,0.010500000000000398,0.05419770936772039
11.0,0.011000000000002785,0.05669770936773233
11.5,0.011499999999998067,0.0596224239863119
12.0,0.012000000000000455,0.06212242398632384
12.5,0.012500000000002842,0.06462242398633578
13.0,0.012999999999998124,0.0675828048832372
13.5,0.013500000000000512,0.07008280488324914
14.0,0.014000000000002899,0.07258280488326108
14.5,0.014499999999998181,0.07554237080260151
15.0,0.015000000000000568,0.07804237080261345
15.5,0.015500000000002956,0.08054237080262538
16.0,0.015999999999998238,0.08345215040421294
16.5,0.016500000000000625,0.08595215040422488
17.0,0.017000000000003013,0.08845215040423682
17.5,0.017499999999998295,0.09128577130137927
18.0,0.018000000000000682,0.09378577130139121
18.5,0.01850000000000307,0.09628577130140314
19.0,0.01899999999999835,0.09903619321153911
19.5,0.01950000000000074,0.10153619321155105
20.0,0.020000000000003126,0.10403619321156299
20.5,0.02049999999999841,0.1066839723542401
21.0,0.021000000000000796,0.10918397235425203
21.5,0.021500000000003183,0.11168397235426397
22.0,0.021999999999998465,0.11422978675589945
22.5,0.022500000000000853,0.11672978675591139
23.0,0.02300000000000324,0.11922978675592333
23.5,0.023499999999998522,0.12167191299162994
24.0,0.02400000000000091,0.12417191299164188
24.5,0.024500000000003297,0.1266719129916538
25.0,0.02499999999999858,0.12900007697307814
25.5,0.025500000000000966,0.13150007697309007
26.0,0.026000000000003354,0.134000076973102
26.5,0.026499999999998636,0.13622352441231556
27.0,0.027000000000001023,0.1387235244123275
27.5,0.02750000000000341,0.14122352441233943
28.0,0.027999999999998693,0.14334805389204064
28.5,0.02850000000000108,0.14584805389205258
29.0,0.029000000000003467,0.1483480538920645
29.5,0.02949999999999875,0.15037398226645848
30.0,0.030000000000001137,0.15287398226647042
30.5,0.030500000000003524,0.15537398226648236
31.0,0.030999999999998806,0.1573318373662147
31.5,0.031500000000001194,0.15983183736622664
32.0,0.031999999999996476,0.16233183736620305
32.5,0.03249999999999886,0.1642591500351287
33.0,0.03300000000000125,0.16675915003514064
33.5,0.03349999999999653,0.16925915003511705
34.0,0.03399999999999892,0.17119261559212617
34.5,0.03450000000000131,0.1736926155921381
35.0,0.03499999999999659,0.17619261559211452
35.5,0.03549999999999898,0.178190715816271
36.0,0.036000000000001364,0.18069071581628293
36.5,0.036499999999996646,0.18319071581625934
37.0,0.036999999999999034,0.18530080776503866
37.5,0.03750000000000142,0.1878008077650506
38.0,0.0379999999999967,0.190300807765027
38.5,0.03849999999999909,0.19256764468529752
39.0,0.03900000000000148,0.19506764468530946
39.5,0.03949999999999676,0.19756764468528587
40.0,0.03999999999999915,0.20002240025718265
40.5,0.040500000000001535,0.2025224002571946
41.0,0.04099999999999682,0.205022400257171
41.5,0.041499999999999204,0.2076740451365211
42.0,0.04200000000000159,0.21017404513653304
42.5,0.042499999999996874,0.21267404513650945
43.0,0.04299999999999926,0.215519071385053
43.5,0.04350000000000165,0.21801907138506493
44.0,0.04399999999999693,0.22051907138504134
44.5,0.04449999999999932,0.22354557365627414
45.0,0.045000000000001705,0.22604557365628608
45.5,0.04549999999999699,0.2285455736562625
46.0,0.045999999999999375,0.231700343098602
46.5,0.04650000000000176,0.23420034309861393
47.0,0.046999999999997044,0.23670034309859034
47.5,0.04749999999999943,0.23991387829497057
48.0,0.04800000000000182,0.2424138782949825
48.5,0.0484999999999971,0.24491387829495892
49.0,0.04899999999999949,0.2481143345421799
49.5,0.049500000000001876,0.25061433454219184
50.0,0.04999999999999716,0.25311433454216825
50.5,0.050499999999999545,0.25624434257974116
51.0,0.05100000000000193,0.2587443425797531
51.5,0.051499999999997215,0.2612443425797295
52.0,0.0519999999999996,0.26424770764648997
52.5,0.05250000000000199,0.2667477076465019
53.0,0.05299999999999727,0.2692477076464783
53.5,0.05349999999999966,0.27208348016099393
54.0,0.054000000000002046,0.27458348016100587
54.5,0.05449999999999733,0.2770834801609823
55.0,0.054999999999999716,0.2797312750296399
55.5,0.0555000000000021,0.28223127502965184
56.0,0.055999999999997385,0.28473127502962825
56.5,0.05649999999999977,0.28718618886998115
57.0,0.05700000000000216,0.2896861888699931
57.5,0.05749999999999744,0.2921861888699695
58.0,0.05799999999999983,0.2944703108051172
58.5,0.05850000000000222,0.29697031080512915
59.0,0.0589999999999975,0.29947031080510556
59.5,0.059499999999999886,0.3016104479643644
60.0,0.060000000000002274,0.30411044796437636
60.5,0.060499999999997556,0.3066104479643528
61.0,0.06099999999999994,0.3086553730344832
61.5,0.06150000000000233,0.31115537303449514
62.0,0.06199999999999761,0.31365537303447155
62.5,0.0625,0.31565304204303146
63.0,0.06300000000000239,0.3181530420430434
63.5,0.06349999999999767,0.3206530420430198
64.0,0.06400000000000006,0.3226459768305645
64.5,0.06450000000000244,0.32514597683057644
65.0,0.06499999999999773,0.32764597683055285
65.5,0.06550000000000011,0.3296787528212519
66.0,0.0660000000000025,0.33217875282126386
66.5,0.06649999999999778,0.33467875282124027
67.0,0.06700000000000017,0.3367656299534971
67.5,0.06750000000000256,0.33926562995350906
68.0,0.06799999999999784,0.3417656299534855
68.5,0.06850000000000023,0.34390072341125233
69.0,0.06900000000000261,0.34640072341126427
69.5,0.0694999999999979,0.3489007234112407
70.0,0.07000000000000028,0.35109050506139994
70.5,0.07050000000000267,0.3535905050614119
71.0,0.07099999999999795,0.3560905050613883
71.5,0.07150000000000034,0.3583673537238852
72.0,0.07200000000000273,0.3608673537238971
72.5,0.07249999999999801,0.3633673537238735
73.0,0.0730000000000004,0.365757049164408
73.5,0.07350000000000279,0.3682570491644199
74.0,0.07399999999999807,0.37075704916439634
74.5,0.07450000000000045,0.3732515789204882
75.0,0.07500000000000284,0.37575157892050015
75.5,0.07549999999999812,0.37825157892047656
76.0,0.07600000000000051,0.3807515789204885
76.5,0.0765000000000029,0.38336703768880653
77.0,0.07699999999999818,0.38586703768878294
77.5,0.07750000000000057,0.3883670376887949
78.0,0.07800000000000296,0.3910904518480862
78.5,0.07849999999999824,0.39359045184806263
79.0,0.07900000000000063,0.39609045184807457
79.5,0.07950000000000301,0.3988642805335729
80.0,0.0799999999999983,0.40136428053354933
80.5,0.08050000000000068,0.40386428053356127
81.0,0.08100000000000307,0.40662619034279146
81.5,0.08149999999999835,0.40912619034276787
82.0,0.08200000000000074,0.4116261903427798
82.5,0.08250000000000313,0.41429412733638316
83.0,0.08299999999999841,0.41679412733635957
83.5,0.0835000000000008,0.4192941273363715
84.0,0.08400000000000318,0.4218244851746178
84.5,0.08449999999999847,0.4243244851745942
85.0,0.08500000000000085,0.42682448517460614
85.5,0.08550000000000324,0.4291894672939378
86.0,0.08599999999999852,0.4316894672939142
86.5,0.08650000000000091,0.43418946729392616
87.0,0.0870000000000033,0.4363630353321568
87.5,0.08749999999999858,0.4388630353321332
88.0,0.08800000000000097,0.44136303533214516
88.5,0.08850000000000335,0.443362910878875
89.0,0.08899999999999864,0.44586291087885144
89.5,0.08950000000000102,0.4483629108788634
90.0,0.09000000000000341,0.4502097065907762
90.5,0.09049999999999869,0.4527097065907526
91.0,0.09100000000000108,0.45520970659076454
91.5,0.09150000000000347,0.456954748409224
92.0,0.09199999999999875,0.4594547484092004
92.5,0.09250000000000114,0.46195474840921236
93.0,0.09300000000000352,0.4636387884222515
93.5,0.0934999999999988,0.4661387884222279
94.0,0.0940000000000012,0.4686387884222398
94.5,0.09449999999999648,0.47030124920048877
95.0,0.09499999999999886,0.4728012492005007
95.5,0.09550000000000125,0.47530124920051264
96.0,0.09599999999999653,0.47698887020214187
96.5,0.09649999999999892,0.4794888702021538
97.0,0.09700000000000131,0.48198887020216574
97.5,0.09749999999999659,0.4837108779188881
98.0,0.09799999999999898,0.48621087791890005
98.5,0.09850000000000136,0.488710877918912
99.0,0.09899999999999665,0.4904861004239436
99.5,0.09949999999999903,0.4929861004239555
100.0,0.10000000000000142,0.49548610042396746
100.5,0.1004999999999967,0.49730592097112947
101.0,0.10099999999999909,0.4998059209711414
101.5,0.10150000000000148,0.5023059209711533
102.0,0.10199999999999676,0.5041781464133521
102.5,0.10249999999999915,0.5066781464133641
103.0,0.10300000000000153,0.509178146413376
103.5,0.10349999999999682,0.5111084972336499
104.0,0.1039999999999992,0.5136084972336619
104.5,0.10450000000000159,0.5161084972336738
105.0,0.10499999999999687,0.5181106096923216
105.5,0.10549999999999926,0.5206106096923335
106.0,0.10600000000000165,0.5231106096923455
106.5,0.10649999999999693,0.5251583058578291
107.0,0.10699999999999932,0.527658305857841
107.5,0.1075000000000017,0.530158305857853
108.0,0.10799999999999699,0.5322252086605062
108.5,0.10849999999999937,0.5347252086605181
109.0,0.10900000000000176,0.53722520866053
109.5,0.10949999999999704,0.5393058771013415
110.0,0.10999999999999943,0.5418058771013534
110.5,0.11050000000000182,0.5443058771013654
111.0,0.1109999999999971,0.546387336084635
111.5,0.11149999999999949,0.5488873360846469
112.0,0.11200000000000188,0.5513873360846588
112.5,0.11249999999999716,0.5534392389763099
113.0,0.11299999999999955,0.5559392389763218
113.5,0.11350000000000193,0.5584392389763337
114.0,0.11399999999999721,0.5604543779861615
114.5,0.1144999999999996,0.5629543779861734
115.0,0.11500000000000199,0.5654543779861854
115.5,0.11549999999999727,0.5674227763987716
116.0,0.11599999999999966,0.5699227763987835
116.5,0.11650000000000205,0.5724227763987955
117.0,0.11699999999999733,0.5743288418812043
117.5,0.11749999999999972,0.5768288418812162
118.0,0.1180000000000021,0.5793288418812281
118.5,0.11849999999999739,0.5811672712092175
119.0,0.11899999999999977,0.5836672712092295
119.5,0.11950000000000216,0.5861672712092414
120.0,0.11999999999999744,0.5879229311061351
120.5,0.12049999999999983,0.5904229311061471
121.0,0.12100000000000222,0.592922931106159
121.5,0.1214999999999975,0.5945730111618985
122.0,0.12199999999999989,0.5970730111619105
122.5,0.12250000000000227,0.5995730111619224
123.0,0.12299999999999756,0.6011410525124461
123.5,0.12349999999999994,0.603641052512458
124.0,0.12400000000000233,0.60614105251247
124.5,0.12449999999999761,0.6076478468478541
125.0,0.125,0.610147846847866
125.5,0.1255000000000024,0.612647846847878
126.0,0.12599999999999767,0.6141031954793874
126.5,0.12650000000000006,0.6166031954793993
127.0,0.12700000000000244,0.6191031954794113
127.5,0.12749999999999773,0.6205248509819938
128.0,0.1280000000000001,0.6230248509820058
128.5,0.1285000000000025,0.6255248509820177
129.0,0.12899999999999778,0.6269327177410133
129.5,0.12950000000000017,0.6294327177410253
130.0,0.13000000000000256,0.6319327177410372
130.5,0.13049999999999784,0.6333395142755549
131.0,0.13100000000000023,0.6358395142755668
131.5,0.13150000000000261,0.6383395142755788
132.0,0.1319999999999979,0.6397737065080378
132.5,0.13250000000000028,0.6422737065080497
133.0,0.13300000000000267,0.6447737065080617
133.5,0.13349999999999795,0.6462601891202624
134.0,0.13400000000000034,0.6487601891202743
134.5,0.13450000000000273,0.6512601891202863
135.0,0.134999999999998,0.6527711861197005
135.5,0.1355000000000004,0.6552711861197125
136.0,0.13600000000000279,0.6577711861197244
136.5,0.13649999999999807,0.659294723174817
137.0,0.13700000000000045,0.6617947231748289
137.5,0.13750000000000284,0.6642947231748408
138.0,0.13799999999999812,0.6658237107829734
138.5,0.1385000000000005,0.6683237107829854
139.0,0.1390000000000029,0.6708237107829973
139.5,0.13949999999999818,0.6723835958828772
140.0,0.14000000000000057,0.6748835958828892
140.5,0.14050000000000296,0.6773835958829011
141.0,0.14099999999999824,0.679003552723394
141.5,0.14150000000000063,0.6815035527234059
142.0,0.142000000000003,0.6840035527234178
142.5,0.1424999999999983,0.6857011608495256
143.0,0.14300000000000068,0.6882011608495375
143.5,0.14350000000000307,0.6907011608495495
144.0,0.14399999999999835,0.6925122280586038
144.5,0.14450000000000074,0.6950122280586157
145.0,0.14500000000000313,0.6975122280586277
145.5,0.1454999999999984,0.6994536373942495
146.0,0.1460000000000008,0.7019536373942614
146.5,0.14650000000000318,0.7044536373942734
147.0,0.14699999999999847,0.7065503620965785
147.5,0.14750000000000085,0.7090503620965904
148.0,0.14800000000000324,0.7115503620966024
148.5,0.14849999999999852,0.7138196290999588
149.0,0.1490000000000009,0.7163196290999707
149.5,0.1495000000000033,0.7188196290999826
150.0,0.14999999999999858,0.721264981740326
150.5,0.15050000000000097,0.723764981740338
151.0,0.15100000000000335,0.7262649817403499
151.5,0.15149999999999864,0.7287649817403263
152.0,0.15200000000000102,0.7313627383089738
152.5,0.1525000000000034,0.7338627383089857
153.0,0.1529999999999987,0.7363627383089622
153.5,0.15350000000000108,0.7390904073377058
154.0,0.15400000000000347,0.7415904073377177
154.5,0.15449999999999875,0.7440904073376942
155.0,0.15500000000000114,0.7469053119355351
155.5,0.15550000000000352,0.749405311935547
156.0,0.1559999999999988,0.7519053119355235
156.5,0.1565000000000012,0.7547635084091553
157.0,0.15699999999999648,0.7572635084091317
157.5,0.15749999999999886,0.7597635084091436
158.0,0.15800000000000125,0.7626355863073897
158.5,0.15849999999999653,0.7651355863073661
159.0,0.15899999999999892,0.767635586307378
159.5,0.1595000000000013,0.770465307667898
160.0,0.1599999999999966,0.7729653076678744
160.5,0.16049999999999898,0.7754653076678863
161.0,0.16100000000000136,0.778224145309494
161.5,0.16149999999999665,0.7807241453094704
162.0,0.16199999999999903,0.7832241453094824
162.5,0.16250000000000142,0.7858966799840417
163.0,0.1629999999999967,0.7883966799840181
163.5,0.1634999999999991,0.79089667998403
164.0,0.16400000000000148,0.793481646870795
164.5,0.16449999999999676,0.7959816468707714
165.0,0.16499999999999915,0.7984816468707834
165.5,0.16550000000000153,0.8009861800532292
166.0,0.16599999999999682,0.8034861800532056
166.5,0.1664999999999992,0.8059861800532175
167.0,0.1670000000000016,0.8084207344137084
167.5,0.16749999999999687,0.8109207344136848
168.0,0.16799999999999926,0.8134207344136968
168.5,0.16850000000000165,0.8158298264365982
169.0,0.16899999999999693,0.8183298264365746
169.5,0.16949999999999932,0.8208298264365865
170.0,0.1700000000000017,0.8232670411752352
170.5,0.170499999999997,0.8257670411752116
171.0,0.17099999999999937,0.8282670411752235
171.5,0.17150000000000176,0.8307747166200485
172.0,0.17199999999999704,0.833274716620025
172.5,0.17249999999999943,0.8357747166200369
173.0,0.17300000000000182,0.8383913556645339
173.5,0.1734999999999971,0.8408913556645103
174.0,0.1739999999999995,0.8433913556645223
174.5,0.17450000000000188,0.84613548351129
175.0,0.17499999999999716,0.8486354835112664
175.5,0.17549999999999955,0.8511354835112783
176.0,0.17600000000000193,0.8540136831535605
176.5,0.17649999999999721,0.8565136831535369
177.0,0.1769999999999996,0.8590136831535489
177.5,0.177500000000002,0.8620426428364425
178.0,0.17799999999999727,0.8645426428364189
178.5,0.17849999999999966,0.8670426428364308
179.0,0.17900000000000205,0.8702306623722933
179.5,0.17949999999999733,0.8727306623722697
180.0,0.17999999999999972,0.8752306623722816
180.5,0.1805000000000021,0.878550636743114
181.0,0.18099999999999739,0.8810506367430904
181.5,0.18149999999999977,0.8835506367431023
182.0,0.18200000000000216,0.8869706812784273
182.5,0.18249999999999744,0.8894706812784037
183.0,0.18299999999999983,0.8919706812784156
183.5,0.18350000000000222,0.8954541945994876
184.0,0.1839999999999975,0.897954194599464
184.5,0.1844999999999999,0.900454194599476
185.0,0.18500000000000227,0.9039430492025602
185.5,0.18549999999999756,0.9064430492025366
186.0,0.18599999999999994,0.9089430492025485
186.5,0.18650000000000233,0.9123901333585493
187.0,0.1869999999999976,0.9148901333585258
187.5,0.1875,0.9173901333585377
188.0,0.1880000000000024,0.9207457230109739
188.5,0.18849999999999767,0.9232457230109503
189.0,0.18900000000000006,0.9257457230109623
189.5,0.18950000000000244,0.9289495168600581
190.0,0.18999999999999773,0.9314495168600345
190.5,0.1905000000000001,0.9339495168600465
191.0,0.1910000000000025,0.9369884424477704
191.5,0.19149999999999778,0.9394884424477468
192.0,0.19200000000000017,0.9419884424477587
192.5,0.19250000000000256,0.9448615621485956
193.0,0.19299999999999784,0.947361562148572
193.5,0.19350000000000023,0.949861562148584
194.0,0.19400000000000261,0.9525697032691127
194.5,0.1944999999999979,0.9550697032690891
195.0,0.19500000000000028,0.9575697032691011
195.5,0.19550000000000267,0.9601188447584263
196.0,0.19599999999999795,0.9626188447584028
196.5,0.19650000000000034,0.9651188447584147
197.0,0.19700000000000273,0.967551603613046
197.5,0.197499999999998,0.9700516036130225
198.0,0.1980000000000004,0.9725516036130344
198.5,0.19850000000000279,0.9748999117966761
199.0,0.19899999999999807,0.9773999117966525
199.5,0.19950000000000045,0.9798999117966645
200.0,0.20000000000000284,0.9821950296238313
200.5,0.20049999999999812,0.9846950296238077
201.0,0.2010000000000005,0.9871950296238197
201.5,0.2015000000000029,0.9894457293622949
202.0,0.20199999999999818,0.9919457293622713
202.5,0.20250000000000057,0.9944457293622833
203.0,0.20300000000000296,0.9966731355020997
203.5,0.20349999999999824,0.9991731355020761
204.0,0.20400000000000063,1.001673135502088
204.5,0.204500000000003,1.0038918291231624
205.0,0.2049999999999983,1.0063918291231388
205.5,0.20550000000000068,1.0088918291231508
206.0,0.20600000000000307,1.0110955547531475
206.5,0.20649999999999835,1.013595554753124
207.0,0.20700000000000074,1.0160955547531358
207.5,0.20750000000000313,1.0182665087966924
208.0,0.2079999999999984,1.0207665087966689
208.5,0.2085000000000008,1.0232665087966808
209.0,0.20900000000000318,1.025376086353269
209.5,0.20949999999999847,1.0278760863532455
210.0,0.21000000000000085,1.0303760863532574
210.5,0.21050000000000324,1.0324625507262297
211.0,0.21099999999999852,1.0349625507262061
211.5,0.2115000000000009,1.037462550726218
212.0,0.2120000000000033,1.0395492905949766
212.5,0.21249999999999858,1.042049290594953
213.0,0.21300000000000097,1.044549290594965
213.5,0.21350000000000335,1.0466130191849743
214.0,0.21399999999999864,1.0491130191849507
214.5,0.21450000000000102,1.0516130191849626
215.0,0.2150000000000034,1.0536585254721231
215.5,0.2154999999999987,1.0561585254720995
216.0,0.21600000000000108,1.0586585254721115
216.5,0.21650000000000347,1.0606795920947931
217.0,0.21699999999999875,1.0631795920947695
217.5,0.21750000000000114,1.0656795920947815
218.0,0.21800000000000352,1.0676615731522077
218.5,0.2184999999999988,1.070161573152184
219.0,0.2190000000000012,1.072661573152196
219.5,0.21949999999999648,1.0745898227450112
220.0,0.21999999999999886,1.0770898227450232
220.5,0.22050000000000125,1.0795898227450351
221.0,0.22099999999999653,1.081426878162226
221.5,0.22149999999999892,1.083926878162238
222.0,0.2220000000000013,1.08642687816225
222.5,0.2224999999999966,1.088155260667456
223.0,0.22299999999999898,1.090655260667468
223.5,0.22350000000000136,1.09315526066748
224.0,0.22399999999999665,1.0947594071652489
224.5,0.22449999999999903,1.0972594071652608
225.0,0.22500000000000142,1.0997594071652728
225.5,0.2254999999999967,1.1012220377966742
226.0,0.2259999999999991,1.103722037796686
226.5,0.22650000000000148,1.106222037796698
227.0,0.22699999999999676,1.1087220377966744
227.5,0.22749999999999915,1.1100559900736684
228.0,0.22800000000000153,1.1125559900736803
228.5,0.22849999999999682,1.1150559900736567
229.0,0.2289999999999992,1.1162989321305972
229.5,0.2295000000000016,1.118798932130609
230.0,0.22999999999999687,1.1212989321305855
230.5,0.23049999999999926,1.122479018100222
231.0,0.23100000000000165,1.124979018100234
231.5,0.23149999999999693,1.1274790181002103
232.0,0.23199999999999932,1.1286434947252388
232.5,0.2325000000000017,1.1311434947252508
233.0,0.232999999999997,1.1336434947252272
233.5,0.23349999999999937,1.1348265001630864
234.0,0.23400000000000176,1.1373265001630983
234.5,0.23449999999999704,1.1398265001630747
235.0,0.23499999999999943,1.1410304672051197
235.5,0.23550000000000182,1.1435304672051316
236.0,0.2359999999999971,1.146030467205108
236.5,0.2364999999999995,1.147241581845364
237.0,0.23700000000000188,1.149741581845376
237.5,0.23749999999999716,1.1522415818453524
238.0,0.23799999999999955,1.1534417837427924
238.5,0.23850000000000193,1.1559417837428043
239.0,0.23899999999999721,1.1584417837427807
239.5,0.2394999999999996,1.1596375229215639
240.0,0.240000000000002,1.1621375229215758
240.5,0.24049999999999727,1.1646375229215522
241.0,0.24099999999999966,1.1658412484888103
241.5,0.24150000000000205,1.1683412484888223
242.0,0.24199999999999733,1.1708412484887987
242.5,0.24249999999999972,1.172059507672003
243.0,0.2430000000000021,1.174559507672015
243.5,0.24349999999999739,1.1770595076719914
244.0,0.24399999999999977,1.1783162763471111
244.5,0.24450000000000216,1.180816276347123
245.0,0.24499999999999744,1.1833162763470995
245.5,0.24549999999999983,1.1846149431910646
246.0,0.24600000000000222,1.1871149431910766
246.5,0.2464999999999975,1.189614943191053
247.0,0.2469999999999999,1.1909762159996262
247.5,0.24750000000000227,1.1934762159996382
248.0,0.24799999999999756,1.1959762159996146
248.5,0.24849999999999994,1.1973961552466506
249.0,0.24900000000000233,1.1998961552466625
249.5,0.2494999999999976,1.202396155246639
250.0,0.25,1.203863609403193
250.5,0.2505000000000024,1.2063636094032049
251.0,0.25099999999999767,1.2088636094031813
251.5,0.25150000000000006,1.210389178017337
252.0,0.25200000000000244,1.212889178017349
252.5,0.2524999999999977,1.2153891780173254
253.0,0.2530000000000001,1.2170054182495704
253.5,0.2535000000000025,1.2195054182495824
254.0,0.2539999999999978,1.2220054182495588
254.5,0.25450000000000017,1.2237377594551546
255.0,0.25500000000000256,1.2262377594551666
255.5,0.25549999999999784,1.228737759455143
256.0,0.2560000000000002,1.2305858162574879
256.5,0.2565000000000026,1.2330858162574998
257.0,0.2569999999999979,1.2355858162574762
257.5,0.2575000000000003,1.2375506605159359
258.0,0.25800000000000267,1.2400506605159478
258.5,0.25849999999999795,1.2425506605159242
259.0,0.25900000000000034,1.2446187171018153
259.5,0.25950000000000273,1.2471187171018272
260.0,0.259999999999998,1.2496187171018036
260.5,0.2605000000000004,1.25176791165849
261.0,0.2610000000000028,1.254267911658502
261.5,0.26149999999999807,1.2567679116584785
262.0,0.26200000000000045,1.2589559339799905
262.5,0.26250000000000284,1.2614559339800024
263.0,0.2629999999999981,1.2639559339799789
263.5,0.2635000000000005,1.2661619457904294
264.0,0.2640000000000029,1.2686619457904413
264.5,0.2644999999999982,1.2711619457904177
265.0,0.26500000000000057,1.27337049674761
265.5,0.26550000000000296,1.275870496747622
266.0,0.26599999999999824,1.2783704967475984
266.5,0.2665000000000006,1.2805768039619991
267.0,0.267000000000003,1.283076803962011
267.5,0.2674999999999983,1.2855768039619875
268.0,0.2680000000000007,1.2877862687775021
268.5,0.26850000000000307,1.290286268777514
269.0,0.26899999999999835,1.2927862687774905
269.5,0.26950000000000074,1.2950082998295542
270.0,0.2700000000000031,1.2975082998295662
270.5,0.2704999999999984,1.3000082998295426
271.0,0.2710000000000008,1.3022475398402023
271.5,0.2715000000000032,1.3047475398402142
272.0,0.27199999999999847,1.3072475398401906
272.5,0.27250000000000085,1.3095159196347694
273.0,0.27300000000000324,1.3120159196347814
273.5,0.2734999999999985,1.3145159196347578
274.0,0.2740000000000009,1.3168370115916872
274.5,0.2745000000000033,1.3193370115916991
275.0,0.2749999999999986,1.3218370115916755
275.5,0.27550000000000097,1.3242468600910584
276.0,0.27600000000000335,1.3267468600910703
276.5,0.27649999999999864,1.3292468600910468
277.0,0.277000000000001,1.3317667784193787
277.5,0.2775000000000034,1.3342667784193907
278.0,0.2779999999999987,1.336766778419367
278.5,0.2785000000000011,1.3394175545661113
279.0,0.27900000000000347,1.3419175545661233
279.5,0.27949999999999875,1.3444175545660997
280.0,0.28000000000000114,1.3472102740461622
280.5,0.2805000000000035,1.3497102740461742
281.0,0.2809999999999988,1.3522102740461506
281.5,0.2815000000000012,1.3551480573842056
282.0,0.2820000000000036,1.3576480573842176
282.5,0.28249999999999886,1.360148057384194
283.0,0.28300000000000125,1.3632430451346877
283.5,0.28349999999999653,1.3657430451346642
284.0,0.2839999999999989,1.368243045134676
284.5,0.2845000000000013,1.371503538174501
285.0,0.2849999999999966,1.3740035381744775
285.5,0.285499999999999,1.3765035381744894
286.0,0.28600000000000136,1.37991981695464
286.5,0.28649999999999665,1.3824198169546165
287.0,0.28699999999999903,1.3849198169546284
287.5,0.2875000000000014,1.3884440529796294
288.0,0.2879999999999967,1.3909440529796058
288.5,0.2884999999999991,1.3934440529796177
289.0,0.2890000000000015,1.3970231860820093
289.5,0.28949999999999676,1.3995231860819857
290.0,0.28999999999999915,1.4020231860819976
290.5,0.29050000000000153,1.405605687620799
291.0,0.2909999999999968,1.4081056876207754
291.5,0.2914999999999992,1.4106056876207873
292.0,0.2920000000000016,1.4141290399496853
292.5,0.2924999999999969,1.4166290399496617
293.0,0.29299999999999926,1.4191290399496737
293.5,0.29350000000000165,1.422547106864016
294.0,0.29399999999999693,1.4250471068639925
294.5,0.2944999999999993,1.4275471068640044
295.0,0.2950000000000017,1.4308710244457856
295.5,0.295499999999997,1.433371024445762
296.0,0.2959999999999994,1.435871024445774
296.5,0.29650000000000176,1.4391064183768165
297.0,0.29699999999999704,1.441606418376793
297.5,0.29749999999999943,1.4441064183768049
298.0,0.2980000000000018,1.4472590607849156
298.5,0.2984999999999971,1.449759060784892
299.0,0.2989999999999995,1.452259060784904
299.5,0.2995000000000019,1.4553336695168895
300.0,0.29999999999999716,1.4578336695168659
300.5,0.30049999999999955,1.4603336695168778
301.0,0.30100000000000193,1.4633136332182062
301.5,0.3014999999999972,1.4658136332181826
302.0,0.3019999999999996,1.4683136332181945
302.5,0.302500000000002,1.4708136332182065
303.0,0.30299999999999727,1.4737024513532404
303.5,0.30349999999999966,1.4762024513532523
304.0,0.30400000000000205,1.4787024513532643
304.5,0.30449999999999733,1.4815171496497115
305.0,0.3049999999999997,1.4840171496497234
305.5,0.3055000000000021,1.4865171496497354
306.0,0.3059999999999974,1.4892809156604514
306.5,0.3064999999999998,1.4917809156604633
307.0,0.30700000000000216,1.4942809156604753
307.5,0.30749999999999744,1.4970300118811508
308.0,0.30799999999999983,1.4995300118811627
308.5,0.3085000000000022,1.5020300118811747
309.0,0.3089999999999975,1.5047700986210089
309.5,0.3094999999999999,1.5072700986210208
310.0,0.3100000000000023,1.5097700986210327
310.5,0.31049999999999756,1.512523306648923
311.0,0.31099999999999994,1.515023306648935
311.5,0.31150000000000233,1.5175233066489469
312.0,0.3119999999999976,1.52032589326474
312.5,0.3125,1.522825893264752
313.0,0.3130000000000024,1.525325893264764
313.5,0.31349999999999767,1.5281817377013596
314.0,0.31400000000000006,1.5306817377013715
314.5,0.31450000000000244,1.5331817377013834
315.0,0.3149999999999977,1.5360798622037208
315.5,0.3155000000000001,1.5385798622037328
316.0,0.3160000000000025,1.5410798622037447
316.5,0.3164999999999978,1.5440338044071567
317.0,0.31700000000000017,1.5465338044071686
317.5,0.31750000000000256,1.5490338044071805
318.0,0.31799999999999784,1.5520090858956337
318.5,0.3185000000000002,1.5545090858956456
319.0,0.3190000000000026,1.5570090858956576
319.5,0.3194999999999979,1.5599485971008775
320.0,0.3200000000000003,1.5624485971008895
320.5,0.32050000000000267,1.5649485971009014
321.0,0.32099999999999795,1.5677927747621467
321.5,0.32150000000000034,1.5702927747621587
322.0,0.32200000000000273,1.5727927747621706
322.5,0.322499999999998,1.575518221922927
323.0,0.3230000000000004,1.5780182219229388
323.5,0.3235000000000028,1.5805182219229508
324.0,0.32399999999999807,1.583104245914555
324.5,0.32450000000000045,1.585604245914567
325.0,0.32500000000000284,1.5881042459145789
325.5,0.3254999999999981,1.5905584855487476
326.0,0.3260000000000005,1.5930584855487595
326.5,0.3265000000000029,1.5955584855487714
327.0,0.3269999999999982,1.5979171470678466
327.5,0.32750000000000057,1.6004171470678585
328.0,0.32800000000000296,1.6029171470678705
328.5,0.32849999999999824,1.6051934255412803
329.0,0.3290000000000006,1.6076934255412922
329.5,0.329500000000003,1.6101934255413042
330.0,0.3299999999999983,1.6123931850060202
330.5,0.3305000000000007,1.6148931850060322
331.0,0.33100000000000307,1.6173931850060441
331.5,0.33149999999999835,1.6195338877124854
332.0,0.33200000000000074,1.6220338877124973
332.5,0.3325000000000031,1.6245338877125093
333.0,0.3329999999999984,1.6266166532163595
333.5,0.3335000000000008,1.6291166532163714
334.0,0.3340000000000032,1.6316166532163834
334.5,0.33449999999999847,1.633636887815868
335.0,0.33500000000000085,1.63613688781588
335.5,0.33550000000000324,1.638636887815892
336.0,0.3359999999999985,1.6405885695523637
336.5,0.3365000000000009,1.6430885695523756
337.0,0.3370000000000033,1.6455885695523875
337.5,0.3374999999999986,1.647485788816283
338.0,0.33800000000000097,1.649985788816295
338.5,0.33850000000000335,1.652485788816307
339.0,0.33899999999999864,1.6543596767817093
339.5,0.339500000000001,1.6568596767817212
340.0,0.3400000000000034,1.6593596767817331
340.5,0.3404999999999987,1.661223376675025
341.0,0.3410000000000011,1.663723376675037
341.5,0.34150000000000347,1.666223376675049
342.0,0.34199999999999875,1.668101881121835
342.5,0.34250000000000114,1.670601881121847
343.0,0.3430000000000035,1.673101881121859
343.5,0.3434999999999988,1.674989529287494
344.0,0.3440000000000012,1.6774895292875058
344.5,0.3445000000000036,1.6799895292875178
345.0,0.34499999999999886,1.6818940052794673
345.5,0.34550000000000125,1.6843940052794792
346.0,0.34599999999999653,1.6868940052794557
346.5,0.3464999999999989,1.6888539031036132
347.0,0.3470000000000013,1.691353903103625
347.5,0.3474999999999966,1.6938539031036015
348.0,0.347999999999999,1.6958824435091557
348.5,0.34850000000000136,1.6983824435091677
349.0,0.34899999999999665,1.700882443509144
349.5,0.34949999999999903,1.702964722177036
350.0,0.3500000000000014,1.705464722177048
350.5,0.3504999999999967,1.7079647221770244
351.0,0.3509999999999991,1.7100799520261845
351.5,0.3515000000000015,1.7125799520261964
352.0,0.35199999999999676,1.7150799520261728
352.5,0.35249999999999915,1.7172034428488914
353.0,0.35300000000000153,1.7197034428489033
353.5,0.3534999999999968,1.7222034428488797
354.0,0.3539999999999992,1.7243217254033993
354.5,0.3545000000000016,1.7268217254034113
355.0,0.3549999999999969,1.7293217254033877
355.5,0.35549999999999926,1.7314156211511644
356.0,0.35600000000000165,1.7339156211511764
356.5,0.35649999999999693,1.7364156211511528
357.0,0.3569999999999993,1.7384489792795677
357.5,0.3575000000000017,1.7409489792795796
358.0,0.357999999999997,1.743448979279556
358.5,0.3584999999999994,1.7453745071716398
359.0,0.35900000000000176,1.7478745071716517
359.5,0.35949999999999704,1.7503745071716281
360.0,0.35999999999999943,1.7522050002193978
360.5,0.3605000000000018,1.7547050002194098
361.0,0.3609999999999971,1.7572050002193862
361.5,0.3614999999999995,1.7589418921750166
362.0,0.3620000000000019,1.7614418921750286
362.5,0.36249999999999716,1.763941892175005
363.0,0.36299999999999955,1.765588378650662
363.5,0.36350000000000193,1.768088378650674
364.0,0.3639999999999972,1.7705883786506504
364.5,0.3644999999999996,1.7721567068269906
365.0,0.365000000000002,1.7746567068270025
365.5,0.36549999999999727,1.777156706826979
366.0,0.36599999999999966,1.778681299082976
366.5,0.36650000000000205,1.7811812990829878
367.0,0.36699999999999733,1.7836812990829642
367.5,0.3674999999999997,1.785183931260086
368.0,0.3680000000000021,1.7876839312600978
368.5,0.3684999999999974,1.7901839312600742
369.0,0.3689999999999998,1.7916771205848647
369.5,0.36950000000000216,1.7941771205848767
370.0,0.36999999999999744,1.796677120584853
370.5,0.37049999999999983,1.7981787227482116
371.0,0.3710000000000022,1.8006787227482235
371.5,0.3714999999999975,1.8031787227482
372.0,0.3719999999999999,1.8046916140740876
372.5,0.3725000000000023,1.8071916140740996
373.0,0.37299999999999756,1.809691614074076
373.5,0.37349999999999994,1.8112266663437993
374.0,0.37400000000000233,1.8137266663438112
374.5,0.3744999999999976,1.8162266663437876
375.0,0.375,1.8177768452938992
375.5,0.3755000000000024,1.820276845293911
376.0,0.37599999999999767,1.8227768452938875
376.5,0.37650000000000006,1.8243250234744224
377.0,0.37700000000000244,1.8268250234744343
377.5,0.3774999999999977,1.8293250234744107
378.0,0.3780000000000001,1.8318250234744227
378.5,0.3785000000000025,1.8333848478551218
379.0,0.3789999999999978,1.8358848478550982
379.5,0.37950000000000017,1.8383848478551101
380.0,0.38000000000000256,1.8399707315046854
380.5,0.38049999999999784,1.8424707315046618
381.0,0.3810000000000002,1.8449707315046737
381.5,0.3815000000000026,1.8466030426795044
382.0,0.3819999999999979,1.8491030426794808
382.5,0.3825000000000003,1.8516030426794927
383.0,0.38300000000000267,1.8533157957850577
383.5,0.38349999999999795,1.855815795785034
384.0,0.38400000000000034,1.858315795785046
384.5,0.38450000000000273,1.8601050485441206
385.0,0.384999999999998,1.862605048544097
385.5,0.3855000000000004,1.865105048544109
386.0,0.3860000000000028,1.8669413257043033
386.5,0.38649999999999807,1.8694413257042797
387.0,0.38700000000000045,1.8719413257042916
387.5,0.38750000000000284,1.87379268930151
388.0,0.3879999999999981,1.8762926893014864
388.5,0.3885000000000005,1.8787926893014983
389.0,0.3890000000000029,1.880613390001713
389.5,0.3894999999999982,1.8831133900016894
390.0,0.39000000000000057,1.8856133900017014
390.5,0.39050000000000296,1.887366776428685
391.0,0.39099999999999824,1.8898667764286614
391.5,0.3915000000000006,1.8923667764286733
392.0,0.392000000000003,1.8940403016389595
392.5,0.3924999999999983,1.896540301638936
393.0,0.3930000000000007,1.8990403016389479
393.5,0.39350000000000307,1.9006240260694085
394.0,0.39399999999999835,1.903124026069385
394.5,0.39450000000000074,1.9056240260693968
395.0,0.3950000000000031,1.9071362757973631
395.5,0.3954999999999984,1.9096362757973395
396.0,0.3960000000000008,1.9121362757973515
396.5,0.3965000000000032,1.9136143017189866
397.0,0.39699999999999847,1.916114301718963
397.5,0.39750000000000085,1.918614301718975
398.0,0.39800000000000324,1.9200815837744045
398.5,0.3984999999999985,1.922581583774381
399.0,0.3990000000000009,1.9250815837743929
399.5,0.3995000000000033,1.9265563683548947
400.0,0.3999999999999986,1.9290563683548712
400.5,0.40050000000000097,1.931556368354883
401.0,0.40100000000000335,1.9330656929030354
401.5,0.40149999999999864,1.9355656929030118
402.0,0.402000000000001,1.9380656929030238
402.5,0.4025000000000034,1.939603288102667
403.0,0.4029999999999987,1.9421032881026434
403.5,0.4035000000000011,1.9446032881026554
404.0,0.40400000000000347,1.9461598091913856
404.5,0.40449999999999875,1.948659809191362
405.0,0.40500000000000114,1.951159809191374
405.5,0.4055000000000035,1.9527347414228302
406.0,0.4059999999999988,1.9552347414228066
406.5,0.4065000000000012,1.9577347414228186
407.0,0.4070000000000036,1.9593210020625307
407.5,0.40749999999999886,1.961821002062507
408.0,0.40800000000000125,1.964321002062519
408.5,0.40849999999999653,1.965908269734875
409.0,0.4089999999999989,1.968408269734887
409.5,0.4095000000000013,1.970908269734899
410.0,0.4099999999999966,1.9725145929729848
410.5,0.410499999999999,1.9750145929729968
411.0,0.41100000000000136,1.9775145929730087
411.5,0.41149999999999665,1.9791489775545656
412.0,0.41199999999999903,1.9816489775545776
412.5,0.4125000000000014,1.9841489775545895
413.0,0.4129999999999967,1.985812485497398
413.5,0.4134999999999991,1.98831248549741
414.0,0.4140000000000015,1.9908124854974218
414.5,0.41449999999999676,1.9925287922844959
415.0,0.41499999999999915,1.9950287922845078
415.5,0.41550000000000153,1.9975287922845197
416.0,0.4159999999999968,1.9992911919392498
416.5,0.4164999999999992,2.0017911919392617
417.0,0.4170000000000016,2.0042911919392736
417.5,0.4174999999999969,2.006094834423209
418.0,0.41799999999999926,2.0085948344232207
418.5,0.41850000000000165,2.0110948344232327
419.0,0.41899999999999693,2.0129250447578073
419.5,0.4194999999999993,2.0154250447578193
420.0,0.4200000000000017,2.017925044757831
420.5,0.420499999999997,2.019771964242416
421.0,0.4209999999999994,2.022271964242428
421.5,0.42150000000000176,2.02477196424244
422.0,0.42199999999999704,2.026622356622738
422.5,0.42249999999999943,2.02912235662275
423.0,0.4230000000000018,2.031622356622762
423.5,0.4234999999999971,2.0334628033099023
424.0,0.4239999999999995,2.035962803309914
424.5,0.4245000000000019,2.038462803309926
425.0,0.42499999999999716,2.0403014567838795
425.5,0.42549999999999955,2.0428014567838915
426.0,0.42600000000000193,2.0453014567839034
426.5,0.4264999999999972,2.0471528159155383
427.0,0.4269999999999996,2.0496528159155503
427.5,0.427500000000002,2.052152815915562
428.0,0.42799999999999727,2.054026096890773
428.5,0.42849999999999966,2.056526096890785
429.0,0.42900000000000205,2.059026096890797
429.5,0.42949999999999733,2.0609136903603087
430.0,0.4299999999999997,2.0634136903603206
430.5,0.4305000000000021,2.0659136903603326
431.0,0.4309999999999974,2.0678290669886934
431.5,0.4314999999999998,2.0703290669887053
432.0,0.43200000000000216,2.0728290669887173
432.5,0.43249999999999744,2.074773613487544
433.0,0.43299999999999983,2.077273613487556
433.5,0.4335000000000022,2.0797736134875677
434.0,0.4339999999999975,2.08175431247156
434.5,0.4344999999999999,2.084254312471572
435.0,0.4350000000000023,2.0867543124715837
435.5,0.43549999999999756,2.0887956454017598
436.0,0.43599999999999994,2.0912956454017717
436.5,0.43650000000000233,2.0937956454017836
437.0,0.4369999999999976,2.0959477141688865
437.5,0.4375,2.0984477141688984
438.0,0.4380000000000024,2.1009477141689104
438.5,0.43849999999999767,2.103229695143831
439.0,0.43900000000000006,2.105729695143843
439.5,0.43950000000000244,2.108229695143855
440.0,0.4399999999999977,2.1106377060222314
440.5,0.4405000000000001,2.1131377060222434
441.0,0.4410000000000025,2.1156377060222553
441.5,0.4414999999999978,2.1181820760761028
442.0,0.44200000000000017,2.1206820760761147
442.5,0.44250000000000256,2.1231820760761266
443.0,0.44299999999999784,2.1258494151710394
443.5,0.4435000000000002,2.1283494151710514
444.0,0.4440000000000026,2.1308494151710633
444.5,0.4444999999999979,2.1336114181731602
445.0,0.4450000000000003,2.136111418173172
445.5,0.44550000000000267,2.138611418173184
446.0,0.44599999999999795,2.1414482919543687
446.5,0.44650000000000034,2.1439482919543806
447.0,0.44700000000000273,2.1464482919543926
447.5,0.447499999999998,2.1493211594358286
448.0,0.4480000000000004,2.1518211594358405
448.5,0.4485000000000028,2.1543211594358525
449.0,0.44899999999999807,2.1571826118194792
449.5,0.44950000000000045,2.159682611819491
450.0,0.45000000000000284,2.162182611819503
450.5,0.4504999999999981,2.1650104534552383
451.0,0.4510000000000005,2.1675104534552503
451.5,0.4515000000000029,2.1700104534552622
452.0,0.4519999999999982,2.1727665167402677
452.5,0.45250000000000057,2.1752665167402796
453.0,0.45300000000000296,2.1777665167402915
453.5,0.45349999999999824,2.180266516740268
454.0,0.4540000000000006,2.182924878770862
454.5,0.454500000000003,2.185424878770874
455.0,0.4549999999999983,2.1879248787708505
455.5,0.4555000000000007,2.190465195120659
456.0,0.45600000000000307,2.192965195120671
456.5,0.45649999999999835,2.195465195120647
457.0,0.45700000000000074,2.1978758229685624
457.5,0.4575000000000031,2.2003758229685744
458.0,0.4579999999999984,2.202875822968551
458.5,0.4585000000000008,2.2051432663994674
459.0,0.4590000000000032,2.2076432663994794
459.5,0.45949999999999847,2.210143266399456
460.0,0.46000000000000085,2.2122667901996707
460.5,0.46050000000000324,2.2147667901996826
461.0,0.4609999999999985,2.217266790199659
461.5,0.4615000000000009,2.2192377964973176
462.0,0.4620000000000033,2.2217377964973295
462.5,0.4624999999999986,2.224237796497306
463.0,0.46300000000000097,2.226079441776534
463.5,0.46350000000000335,2.228579441776546
464.0,0.46399999999999864,2.2310794417765223
464.5,0.464500000000001,2.2328281838753483
465.0,0.4650000000000034,2.2353281838753603
465.5,0.4654999999999987,2.2378281838753367
466.0,0.4660000000000011,2.2394988346291456
466.5,0.46650000000000347,2.2419988346291575
467.0,0.46699999999999875,2.244498834629134
467.5,0.46750000000000114,2.2461267448362676
468.0,0.4680000000000035,2.2486267448362796
468.5,0.4684999999999988,2.251126744836256
469.0,0.4690000000000012,2.2527483849924224
469.5,0.4695000000000036,2.2552483849924343
470.0,0.46999999999999886,2.2577483849924107
470.5,0.47050000000000125,2.259367827949923
471.0,0.47099999999999653,2.2618678279498994
471.5,0.4714999999999989,2.2643678279499113
472.0,0.4720000000000013,2.26599875925956
472.5,0.4724999999999966,2.2684987592595363
473.0,0.472999999999999,2.270998759259548
473.5,0.47350000000000136,2.272669599981718
474.0,0.47399999999999665,2.2751695999816945
474.5,0.47449999999999903,2.2776695999817065
475.0,0.4750000000000014,2.2793869420942414
475.5,0.4754999999999967,2.281886942094218
476.0,0.4759999999999991,2.2843869420942298
476.5,0.4765000000000015,2.2861280139436246
477.0,0.47699999999999676,2.288628013943601
477.5,0.47749999999999915,2.291128013943613
478.0,0.47800000000000153,2.2928483918478193
478.5,0.4784999999999968,2.2953483918477957
479.0,0.4789999999999992,2.2978483918478076
479.5,0.4795000000000016,2.29948168444583
480.0,0.4799999999999969,2.3019816844458063
480.5,0.48049999999999926,2.3044816844458182
481.0,0.48100000000000165,2.305985754323956
481.5,0.48149999999999693,2.3084857543239323
482.0,0.4819999999999993,2.3109857543239443
482.5,0.4825000000000017,2.3123231550640355
483.0,0.482999999999997,2.314823155064012
483.5,0.4834999999999994,2.317323155064024
484.0,0.48400000000000176,2.318481308704996
484.5,0.48449999999999704,2.3209813087049724
485.0,0.48499999999999943,2.3234813087049844
485.5,0.4855000000000018,2.324470393766944
486.0,0.4859999999999971,2.3269703937669206
486.5,0.4864999999999995,2.3294703937669325
487.0,0.4870000000000019,2.330329245148164
487.5,0.48749999999999716,2.3328292451481403
488.0,0.48799999999999955,2.335329245148152
488.5,0.48850000000000193,2.336089578754148
489.0,0.4889999999999972,2.3385895787541244
489.5,0.4894999999999996,2.3410895787541364
490.0,0.490000000000002,2.3417856802612036
490.5,0.49049999999999727,2.34428568026118
491.0,0.49099999999999966,2.346785680261192
491.5,0.49150000000000205,2.3474644803121336
492.0,0.49199999999999733,2.34996448031211
492.5,0.4924999999999997,2.352464480312122
493.0,0.4930000000000021,2.353137298146599
493.5,0.4934999999999974,2.3556372981465756
494.0,0.4939999999999998,2.3581372981465876
494.5,0.49450000000000216,2.3588109816802927
495.0,0.49499999999999744,2.361310981680269
495.5,0.49549999999999983,2.363810981680281
496.0,0.4960000000000022,2.3644991386306202
496.5,0.4964999999999975,2.3669991386305966
497.0,0.4969999999999999,2.3694991386306086
497.5,0.4975000000000023,2.370211398729296
498.0,0.49799999999999756,2.3727113987292725
498.5,0.49849999999999994,2.3752113987292844
499.0,0.49900000000000233,2.375974743191378
499.5,0.4994999999999976,2.3784747431913544
500.0,0.5,2.3809747431913664
500.5,0.5005000000000024,2.38180716591053
501.0,0.5009999999999977,2.3843071659105064
501.5,0.5015000000000001,2.3868071659105183
502.0,0.5020000000000024,2.3877253768985796
502.5,0.5024999999999977,2.390225376898556
503.0,0.5030000000000001,2.392725376898568
503.5,0.5035000000000025,2.3937302846318076
504.0,0.5039999999999978,2.396230284631784
504.5,0.5045000000000002,2.398730284631796
505.0,0.5050000000000026,2.3998249918838255
505.5,0.5054999999999978,2.402324991883802
506.0,0.5060000000000002,2.404824991883814
506.5,0.5065000000000026,2.4059990003371823
507.0,0.5069999999999979,2.4084990003371587
507.5,0.5075000000000003,2.4109990003371706
508.0,0.5080000000000027,2.4122427099964483
508.5,0.508499999999998,2.4147427099964247
509.0,0.5090000000000003,2.4172427099964366
509.5,0.5095000000000027,2.4185755494823624
510.0,0.509999999999998,2.421075549482339
510.5,0.5105000000000004,2.4235755494823508
511.0,0.5110000000000028,2.4249972975845324
511.5,0.5114999999999981,2.427497297584509
512.0,0.5120000000000005,2.4299972975845208
512.5,0.5125000000000028,2.4315106572987943
513.0,0.5129999999999981,2.4340106572987708
513.5,0.5135000000000005,2.4365106572987827
514.0,0.5140000000000029,2.438117514761977
514.5,0.5144999999999982,2.4406175147619535
515.0,0.5150000000000006,2.4431175147619655
515.5,0.515500000000003,2.4448112901732344
516.0,0.5159999999999982,2.447311290173211
516.5,0.5165000000000006,2.4498112901732227
517.0,0.517000000000003,2.451582263032357
517.5,0.5174999999999983,2.4540822630323333
518.0,0.5180000000000007,2.4565822630323453
518.5,0.5185000000000031,2.4584146645036853
519.0,0.5189999999999984,2.4609146645036617
519.5,0.5195000000000007,2.4634146645036736
520.0,0.5200000000000031,2.465319888143469
520.5,0.5204999999999984,2.4678198881434454
521.0,0.5210000000000008,2.4703198881434574
521.5,0.5215000000000032,2.47233366840117
522.0,0.5219999999999985,2.4748336684011463
522.5,0.5225000000000009,2.477333668401158
523.0,0.5230000000000032,2.479492456858914
523.5,0.5234999999999985,2.4819924568588903
524.0,0.5240000000000009,2.484492456858902
524.5,0.5245000000000033,2.4867959726680766
525.0,0.5249999999999986,2.489295972668053
525.5,0.525500000000001,2.491795972668065
526.0,0.5260000000000034,2.4942722592969346
526.5,0.5264999999999986,2.496772259296911
527.0,0.527000000000001,2.499272259296923
527.5,0.5275000000000034,2.501909720876725
528.0,0.5279999999999987,2.5044097208767013
528.5,0.5285000000000011,2.5069097208767133
529.0,0.5290000000000035,2.509409720876725
529.5,0.5294999999999987,2.5121962846670343
530.0,0.5300000000000011,2.514696284667046
530.5,0.5304999999999964,2.5171962846670226
531.0,0.5309999999999988,2.5201084373942706
531.5,0.5315000000000012,2.5226084373942825
532.0,0.5320000000000036,2.5251084373942945
532.5,0.5324999999999989,2.5281147155962813
533.0,0.5330000000000013,2.5306147155962933
533.5,0.5334999999999965,2.5331147155962697
534.0,0.5339999999999989,2.5361639851662687
534.5,0.5345000000000013,2.5386639851662807
535.0,0.5349999999999966,2.541163985166257
535.5,0.535499999999999,2.544210899803545
536.0,0.5360000000000014,2.546710899803557
536.5,0.5364999999999966,2.5492108998035334
537.0,0.536999999999999,2.5522244054256404
537.5,0.5375000000000014,2.5547244054256524
538.0,0.5379999999999967,2.557224405425629
538.5,0.5384999999999991,2.560174072010284
539.0,0.5390000000000015,2.562674072010296
539.5,0.5394999999999968,2.5651740720102723
540.0,0.5399999999999991,2.568030274383908
540.5,0.5405000000000015,2.57053027438392
541.0,0.5409999999999968,2.573030274383896
541.5,0.5414999999999992,2.575762074580794
542.0,0.5420000000000016,2.578262074580806
542.5,0.5424999999999969,2.5807620745807824
543.0,0.5429999999999993,2.5833571754313667
543.5,0.5435000000000016,2.5858571754313786
544.0,0.5439999999999969,2.588357175431355
544.5,0.5444999999999993,2.5908206472035644
545.0,0.5450000000000017,2.5933206472035764
545.5,0.545499999999997,2.5958206472035528
546.0,0.5459999999999994,2.5981715965991725
546.5,0.5465000000000018,2.6006715965991845
547.0,0.546999999999997,2.603171596599161
547.5,0.5474999999999994,2.6054047008346615
548.0,0.5480000000000018,2.6079047008346734
548.5,0.5484999999999971,2.61040470083465
549.0,0.5489999999999995,2.612553254107972
549.5,0.5495000000000019,2.615053254107984
550.0,0.5499999999999972,2.6175532541079605
550.5,0.5504999999999995,2.6196530940609364
551.0,0.5510000000000019,2.6221530940609483
551.5,0.5514999999999972,2.6246530940609247
552.0,0.5519999999999996,2.6267475814911023
552.5,0.552500000000002,2.6292475814911143
553.0,0.5529999999999973,2.6317475814910907
553.5,0.5534999999999997,2.6338648742474646
554.0,0.554000000000002,2.6363648742474766
554.5,0.5544999999999973,2.638864874247453
555.0,0.5549999999999997,2.6410250354361153
555.5,0.5555000000000021,2.6435250354361273
556.0,0.5559999999999974,2.6460250354361037
556.5,0.5564999999999998,2.6482451607936497
557.0,0.5570000000000022,2.6507451607936616
557.5,0.5574999999999974,2.653245160793638
558.0,0.5579999999999998,2.6555455092498903
558.5,0.5585000000000022,2.6580455092499022
559.0,0.5589999999999975,2.6605455092498786
559.5,0.5594999999999999,2.662953623068951
560.0,0.5600000000000023,2.665453623068963
560.5,0.5604999999999976,2.6679536230689394
561.0,0.5609999999999999,2.670465894738392
561.5,0.5615000000000023,2.672965894738404
562.0,0.5619999999999976,2.6754658947383803
562.5,0.5625,2.678062988076171
563.0,0.5630000000000024,2.6805629880761828
563.5,0.5634999999999977,2.683062988076159
564.0,0.5640000000000001,2.6856912167679425
564.5,0.5645000000000024,2.6881912167679545
565.0,0.5649999999999977,2.690691216767931
565.5,0.5655000000000001,2.69328572321875
566.0,0.5660000000000025,2.695785723218762
566.5,0.5664999999999978,2.6982857232187385
567.0,0.5670000000000002,2.7007878776779037
567.5,0.5675000000000026,2.7032878776779157
568.0,0.5679999999999978,2.705787877677892
568.5,0.5685000000000002,2.7081389520771992
569.0,0.5690000000000026,2.710638952077211
569.5,0.5694999999999979,2.7131389520771876
570.0,0.5700000000000003,2.7152781515963653
570.5,0.5705000000000027,2.7177781515963773
571.0,0.570999999999998,2.7202781515963537
571.5,0.5715000000000003,2.7221825597363747
572.0,0.5720000000000027,2.7246825597363866
572.5,0.572499999999998,2.727182559736363
573.0,0.5730000000000004,2.728847301719739
573.5,0.5735000000000028,2.731347301719751
574.0,0.5739999999999981,2.7338473017197273
574.5,0.5745000000000005,2.735307275566754
575.0,0.5750000000000028,2.737807275566766
575.5,0.5754999999999981,2.7403072755667424
576.0,0.5760000000000005,2.7416209858855822
576.5,0.5765000000000029,2.744120985885594
577.0,0.5769999999999982,2.7466209858855706
577.5,0.5775000000000006,2.7478460299288443
578.0,0.578000000000003,2.7503460299288562
578.5,0.5784999999999982,2.7528460299288326
579.0,0.5790000000000006,2.7540469002397217
579.5,0.579500000000003,2.7565469002397336
580.0,0.5799999999999983,2.75904690023971
580.5,0.5805000000000007,2.760281805547571
581.0,0.5810000000000031,2.762781805547583
581.5,0.5814999999999984,2.765281805547559
582.0,0.5820000000000007,2.7666045659359284
582.5,0.5825000000000031,2.7691045659359403
583.0,0.5829999999999984,2.7716045659359168
583.5,0.5835000000000008,2.77305456560601
584.0,0.5840000000000032,2.775554565606022
584.5,0.5844999999999985,2.7780545656059985
585.0,0.5850000000000009,2.7796227454766864
585.5,0.5855000000000032,2.7821227454766984
586.0,0.5859999999999985,2.7846227454766748
586.5,0.5865000000000009,2.7862819970211206
587.0,0.5870000000000033,2.7887819970211325
587.5,0.5874999999999986,2.791281997021109
588.0,0.588000000000001,2.793012934687802
588.5,0.5885000000000034,2.795512934687814
589.0,0.5889999999999986,2.79801293468779
589.5,0.589500000000001,2.799813070121502
590.0,0.5900000000000034,2.8023130701215138
590.5,0.5904999999999987,2.80481307012149
591.0,0.5910000000000011,2.8066746776964635
591.5,0.5915000000000035,2.8091746776964754
592.0,0.5919999999999987,2.811674677696452
592.5,0.5925000000000011,2.8135816000551728
593.0,0.5929999999999964,2.816081600055149
593.5,0.5934999999999988,2.818581600055161
594.0,0.5940000000000012,2.820522075296097
594.5,0.5945000000000036,2.823022075296109
595.0,0.5949999999999989,2.8255220752960852
595.5,0.5955000000000013,2.827466597851256
596.0,0.5959999999999965,2.8299665978512323
596.5,0.5964999999999989,2.832466597851244
597.0,0.5970000000000013,2.8343991863312823
597.5,0.5974999999999966,2.8368991863312587
598.0,0.597999999999999,2.8393991863312706
598.5,0.5985000000000014,2.841325590741164
599.0,0.5989999999999966,2.8438255907411403
599.5,0.599499999999999,2.846325590741152
600.0,0.6000000000000014,2.848224843496112
600.5,0.6004999999999967,2.8507248434960886
601.0,0.6009999999999991,2.8532248434961005
601.5,0.6015000000000015,2.8550723536900335
602.0,0.6019999999999968,2.85757235369001
602.5,0.6024999999999991,2.860072353690022
603.0,0.6030000000000015,2.861844591641294
603.5,0.6034999999999968,2.86434459164127
604.0,0.6039999999999992,2.866844591641282
604.5,0.6045000000000016,2.869344591641294
605.0,0.6049999999999969,2.8710447808047235
605.5,0.6054999999999993,2.8735447808047354
606.0,0.6060000000000016,2.8760447808047473
606.5,0.6064999999999969,2.877670268731798
607.0,0.6069999999999993,2.88017026873181
607.5,0.6075000000000017,2.8826702687318217
608.0,0.607999999999997,2.884246691698209
608.5,0.6084999999999994,2.886746691698221
609.0,0.6090000000000018,2.889246691698233
609.5,0.609499999999997,2.8907920882150506
610.0,0.6099999999999994,2.8932920882150626
610.5,0.6105000000000018,2.8957920882150745
611.0,0.6109999999999971,2.8973332931078843
611.5,0.6114999999999995,2.8998332931078963
612.0,0.6120000000000019,2.902333293107908
612.5,0.6124999999999972,2.903866209107626
613.0,0.6129999999999995,2.906366209107638
613.5,0.6135000000000019,2.90886620910765
614.0,0.6139999999999972,2.910425672873167
614.5,0.6144999999999996,2.912925672873179
615.0,0.615000000000002,2.915425672873191
615.5,0.6154999999999973,2.9170217396040954
616.0,0.6159999999999997,2.9195217396041073
616.5,0.616500000000002,2.9220217396041193
617.0,0.6169999999999973,2.923648751739627
617.5,0.6174999999999997,2.926148751739639
618.0,0.6180000000000021,2.928648751739651
618.5,0.6184999999999974,2.930342573016169
619.0,0.6189999999999998,2.932842573016181
619.5,0.6195000000000022,2.935342573016193
620.0,0.6199999999999974,2.937111991512218
620.5,0.6204999999999998,2.93961199151223
621.0,0.6210000000000022,2.942111991512242
621.5,0.6214999999999975,2.943926464987996
622.0,0.6219999999999999,2.946426464988008
622.5,0.6225000000000023,2.94892646498802
623.0,0.6229999999999976,2.950771301431949
623.5,0.6234999999999999,2.953271301431961
624.0,0.6240000000000023,2.955771301431973
624.5,0.6244999999999976,2.9576488055359107
625.0,0.625,2.9601488055359226
625.5,0.6255000000000024,2.9626488055359346
626.0,0.6259999999999977,2.9645560639167456
626.5,0.6265000000000001,2.9670560639167576
627.0,0.6270000000000024,2.9695560639167695
627.5,0.6274999999999977,2.971492531808373
628.0,0.6280000000000001,2.973992531808385
628.5,0.6285000000000025,2.976492531808397
629.0,0.6289999999999978,2.9784869681280313
629.5,0.6295000000000002,2.980986968128043
630.0,0.6300000000000026,2.983486968128055
630.5,0.6304999999999978,2.9855671117835314
631.0,0.6310000000000002,2.9880671117835433
631.5,0.6315000000000026,2.9905671117835553
632.0,0.6319999999999979,2.9927569487799133
632.5,0.6325000000000003,2.995256948779925
633.0,0.6330000000000027,2.997756948779937
633.5,0.633499999999998,3.0000716299109698
634.0,0.6340000000000003,3.0025716299109817
634.5,0.6345000000000027,3.0050716299109936
635.0,0.634999999999998,3.0074876834914477
635.5,0.6355000000000004,3.0099876834914596
636.0,0.6360000000000028,3.0124876834914716
636.5,0.6364999999999981,3.014971155615669
637.0,0.6370000000000005,3.017471155615681
637.5,0.6375000000000028,3.0199711556156927
638.0,0.6379999999999981,3.022504872099674
638.5,0.6385000000000005,3.025004872099686
639.0,0.6390000000000029,3.0275048720996978
639.5,0.6394999999999982,3.030060297081043
640.0,0.6400000000000006,3.032560297081055
640.5,0.640500000000003,3.035060297081067
641.0,0.6409999999999982,3.0376041876356297
641.5,0.6415000000000006,3.0401041876356416
642.0,0.642000000000003,3.0426041876356535
642.5,0.6424999999999983,3.0450910257046715
643.0,0.6430000000000007,3.0475910257046834
643.5,0.6435000000000031,3.0500910257046954
644.0,0.6439999999999984,3.0524796877038085
644.5,0.6445000000000007,3.0549796877038204
645.0,0.6450000000000031,3.0574796877038324
645.5,0.6454999999999984,3.0597671830671302
646.0,0.6460000000000008,3.062267183067142
646.5,0.6465000000000032,3.064767183067154
647.0,0.6469999999999985,3.0669346786074314
647.5,0.6475000000000009,3.0694346786074433
648.0,0.6480000000000032,3.0719346786074553
648.5,0.6484999999999985,3.0739728940986666
649.0,0.6490000000000009,3.0764728940986785
649.5,0.6495000000000033,3.0789728940986905
650.0,0.6499999999999986,3.0808787355856992
650.5,0.650500000000001,3.083378735585711
651.0,0.6510000000000034,3.085878735585723
651.5,0.6514999999999986,3.0876455433239514
652.0,0.652000000000001,3.0901455433239633
652.5,0.6525000000000034,3.0926455433239752
653.0,0.6529999999999987,3.094285498211491
653.5,0.6535000000000011,3.096785498211503
654.0,0.6540000000000035,3.0992854982115148
654.5,0.6544999999999987,3.100808560709325
655.0,0.6550000000000011,3.103308560709337
655.5,0.6554999999999964,3.1058085607093133
656.0,0.6559999999999988,3.1072387406856095
656.5,0.6565000000000012,3.1097387406856214
657.0,0.6570000000000036,3.1122387406856333
657.5,0.6574999999999989,3.113606153722799
658.0,0.6580000000000013,3.1161061537228107
658.5,0.6584999999999965,3.118606153722787
659.0,0.6589999999999989,3.119954413098327
659.5,0.6595000000000013,3.122454413098339
660.0,0.6599999999999966,3.1249544130983153
660.5,0.660499999999999,3.126331133687863
661.0,0.6610000000000014,3.128831133687875
661.5,0.6614999999999966,3.1313311336878513
662.0,0.661999999999999,3.1327903679760283
662.5,0.6625000000000014,3.13529036797604
663.0,0.6629999999999967,3.1377903679760166
663.5,0.6634999999999991,3.139377039391178
664.0,0.6640000000000015,3.14187703939119
664.5,0.6644999999999968,3.1443770393911663
665.0,0.6649999999999991,3.14611020596967
665.5,0.6655000000000015,3.148610205969682
666.0,0.6659999999999968,3.1511102059696583
666.5,0.6664999999999992,3.1530134081733863
667.0,0.6670000000000016,3.155513408173398
667.5,0.6674999999999969,3.1580134081733746
668.0,0.6679999999999993,3.160078783498932
668.5,0.6685000000000016,3.162578783498944
669.0,0.6689999999999969,3.1650787834989202
669.5,0.6694999999999993,3.167264930477458
670.0,0.6700000000000017,3.16976493047747
670.5,0.670499999999997,3.1722649304774464
671.0,0.6709999999999994,3.17451882314451
671.5,0.6715000000000018,3.1770188231445218
672.0,0.671999999999997,3.179518823144498
672.5,0.6724999999999994,3.1817791700256493
673.0,0.6730000000000018,3.184279170025661
673.5,0.6734999999999971,3.1867791700256376
674.0,0.6739999999999995,3.1889691475571524
674.5,0.6745000000000019,3.1914691475571644
675.0,0.6749999999999972,3.193969147557141
675.5,0.6754999999999995,3.1960263274508804
676.0,0.6760000000000019,3.1985263274508924
676.5,0.6764999999999972,3.201026327450869
677.0,0.6769999999999996,3.2029128125155992
677.5,0.677500000000002,3.205412812515611
678.0,0.6779999999999973,3.2079128125155876
678.5,0.6784999999999997,3.2095834652848154
679.0,0.679000000000002,3.2120834652848274
679.5,0.6794999999999973,3.2145834652848038
680.0,0.6799999999999997,3.2170834652848157
680.5,0.6805000000000021,3.2184883324700664
681.0,0.6809999999999974,3.220988332470043
681.5,0.6814999999999998,3.2234883324700547
682.0,0.6820000000000022,3.224587482476693
682.5,0.6824999999999974,3.2270874824766693
683.0,0.6829999999999998,3.2295874824766813
683.5,0.6835000000000022,3.230380743801007
684.0,0.6839999999999975,3.2328807438009832
684.5,0.6844999999999999,3.235380743800995
685.0,0.6850000000000023,3.235908669127525
685.5,0.6854999999999976,3.2384086691275016
686.0,0.6859999999999999,3.2409086691275135
686.5,0.6865000000000023,3.2412335006959125
687.0,0.6869999999999976,3.243733500695889
687.5,0.6875,3.246233500695901
688.0,0.6880000000000024,3.2464234417656
688.5,0.6884999999999977,3.2489234417655766
689.0,0.6890000000000001,3.2514234417655885
689.5,0.6895000000000024,3.2515687031281715
690.0,0.6899999999999977,3.254068703128148
690.5,0.6905000000000001,3.25656870312816
691.0,0.6910000000000025,3.2567217680704985
691.5,0.6914999999999978,3.259221768070475
692.0,0.6920000000000002,3.261721768070487
692.5,0.6925000000000026,3.2619398313708814
693.0,0.6929999999999978,3.264439831370858
693.5,0.6935000000000002,3.2669398313708697
694.0,0.6940000000000026,3.2672782743981443
694.5,0.6944999999999979,3.2697782743981207
695.0,0.6950000000000003,3.2722782743981327
695.5,0.6955000000000027,3.2727992111228943
696.0,0.695999999999998,3.2752992111228707
696.5,0.6965000000000003,3.2777992111228826
697.0,0.6970000000000027,3.278558121571997
697.5,0.697499999999998,3.2810581215719736
698.0,0.6980000000000004,3.2835581215719856
698.5,0.6985000000000028,3.2846042249760643
699.0,0.6989999999999981,3.2871042249760407
699.5,0.6995000000000005,3.2896042249760526
700.0,0.7000000000000028,3.290994679135153
700.5,0.7004999999999981,3.2934946791351294
701.0,0.7010000000000005,3.2959946791351413
701.5,0.7015000000000029,3.2977367407291425
702.0,0.7019999999999982,3.300236740729119
702.5,0.7025000000000006,3.302736740729131
703.0,0.703000000000003,3.304807403190644
703.5,0.7034999999999982,3.30730740319062
704.0,0.7040000000000006,3.309807403190632
704.5,0.704500000000003,3.3121502454454443
705.0,0.7049999999999983,3.3146502454454208
705.5,0.7055000000000007,3.3171502454454327
706.0,0.7060000000000031,3.3196831330577226
706.5,0.7064999999999984,3.322183133057699
707.0,0.7070000000000007,3.324683133057711
707.5,0.7075000000000031,3.327313125717559
708.0,0.7079999999999984,3.3298131257175356
708.5,0.7085000000000008,3.3323131257175476
709.0,0.7090000000000032,3.3349302403324543
709.5,0.7094999999999985,3.3374302403324307
710.0,0.7100000000000009,3.3399302403324427
710.5,0.7105000000000032,3.342438943876047
711.0,0.7109999999999985,3.3449389438760235
711.5,0.7115000000000009,3.3474389438760355
712.0,0.7120000000000033,3.3497623517747144
712.5,0.7124999999999986,3.352262351774691
713.0,0.713000000000001,3.3547623517747027
713.5,0.7135000000000034,3.356810892398947
714.0,0.7139999999999986,3.3593108923989234
714.5,0.714500000000001,3.3618108923989354
715.0,0.7150000000000034,3.3635560303272882
715.5,0.7154999999999987,3.3660560303272646
716.0,0.7160000000000011,3.3685560303272766
716.5,0.7165000000000035,3.369979859401795
717.0,0.7169999999999987,3.3724798594017713
717.5,0.7175000000000011,3.3749798594017832
718.0,0.7179999999999964,3.3760895395769452
718.5,0.7184999999999988,3.378589539576957
719.0,0.7190000000000012,3.381089539576969
719.5,0.7195000000000036,3.3819086856094316
720.0,0.7199999999999989,3.384408685609408
720.5,0.7205000000000013,3.38690868560942
721.0,0.7209999999999965,3.3874799764195984
721.5,0.7214999999999989,3.3899799764196104
722.0,0.7220000000000013,3.3924799764196223
722.5,0.7224999999999966,3.392854416008113
723.0,0.722999999999999,3.395354416008125
723.5,0.7235000000000014,3.397854416008137
724.0,0.7239999999999966,3.398092431202997
724.5,0.724499999999999,3.400592431203009
725.0,0.7250000000000014,3.403092431203021
725.5,0.7254999999999967,3.403267733202142
726.0,0.7259999999999991,3.405767733202154
726.5,0.7265000000000015,3.408267733202166
727.0,0.7269999999999968,3.408457407965244
727.5,0.7274999999999991,3.410957407965256
728.0,0.7280000000000015,3.413457407965268
728.5,0.7284999999999968,3.4137540015508705
729.0,0.7289999999999992,3.4162540015508824
729.5,0.7295000000000016,3.4187540015508944
730.0,0.7299999999999969,3.4192480821426585
730.5,0.7304999999999993,3.4217480821426705
731.0,0.7310000000000016,3.4242480821426824
731.5,0.7314999999999969,3.4250204747312907
732.0,0.7319999999999993,3.4275204747313026
732.5,0.7325000000000017,3.4300204747313146
733.0,0.732999999999997,3.4311176787766584
733.5,0.7334999999999994,3.4336176787766703
734.0,0.7340000000000018,3.4361176787766823
734.5,0.734499999999997,3.4375596931925045
735.0,0.7349999999999994,3.4400596931925165
735.5,0.7355000000000018,3.4425596931925284
736.0,0.7359999999999971,3.4443182358124247
736.5,0.7364999999999995,3.4468182358124366
737.0,0.7370000000000019,3.4493182358124486
737.5,0.7374999999999972,3.4513356556741925
738.0,0.7379999999999995,3.4538356556742045
738.5,0.7385000000000019,3.4563356556742164
739.0,0.7389999999999972,3.458525897436857
739.5,0.7394999999999996,3.461025897436869
740.0,0.740000000000002,3.463525897436881
740.5,0.7404999999999973,3.465786108171436
741.0,0.7409999999999997,3.468286108171448
741.5,0.741500000000002,3.4707861081714597
742.0,0.7419999999999973,3.4729992839584156
742.5,0.7424999999999997,3.4754992839584276
743.0,0.7430000000000021,3.4779992839584395
743.5,0.7434999999999974,3.480092597364539
744.0,0.7439999999999998,3.482592597364551
744.5,0.7445000000000022,3.485092597364563
745.0,0.7449999999999974,3.4870202927255534
745.5,0.7454999999999998,3.4895202927255653
746.0,0.7460000000000022,3.4920202927255772
746.5,0.7464999999999975,3.4937315173880634
747.0,0.7469999999999999,3.4962315173880754
747.5,0.7475000000000023,3.4987315173880873
748.0,0.7479999999999976,3.5001961069575316
748.5,0.7484999999999999,3.5026961069575435
749.0,0.7490000000000023,3.5051961069575555
749.5,0.7494999999999976,3.50640919237577
750.0,0.75,3.508909192375782
750.5,0.7505000000000024,3.511409192375794
751.0,0.7509999999999977,3.5123719002408293
751.5,0.7515000000000001,3.5148719002408413
752.0,0.7520000000000024,3.517371900240853
752.5,0.7524999999999977,3.5181147962211057
753.0,0.7530000000000001,3.5206147962211176
753.5,0.7535000000000025,3.5231147962211296
754.0,0.7539999999999978,3.5236574791415265
754.5,0.7545000000000002,3.5261574791415384
755.0,0.7550000000000026,3.5286574791415504
755.5,0.7554999999999978,3.531157479141527
756.0,0.7560000000000002,3.5315356305069656
756.5,0.7565000000000026,3.5340356305069776
757.0,0.7569999999999979,3.536535630506954
757.5,0.7575000000000003,3.536800204901276
758.0,0.7580000000000027,3.539300204901288
758.5,0.758499999999998,3.5418002049012642
759.0,0.7590000000000003,3.5420200925391043
759.5,0.7595000000000027,3.5445200925391163
760.0,0.759999999999998,3.5470200925390927
760.5,0.7605000000000004,3.5472607024464153
761.0,0.7610000000000028,3.5497607024464273
761.5,0.7614999999999981,3.5522607024464037
762.0,0.7620000000000005,3.552565682799944
762.5,0.7625000000000028,3.555065682799956
763.0,0.7629999999999981,3.5575656827999325
763.5,0.7635000000000005,3.5579923912471756
764.0,0.7640000000000029,3.5604923912471875
764.5,0.7644999999999982,3.562992391247164
765.0,0.7650000000000006,3.563568511004185
765.5,0.765500000000003,3.5660685110041968
766.0,0.7659999999999982,3.568568511004173
766.5,0.7665000000000006,3.5693290158431523
767.0,0.767000000000003,3.5718290158431643
767.5,0.7674999999999983,3.5743290158431407
768.0,0.7680000000000007,3.575296086335875
768.5,0.7685000000000031,3.577796086335887
769.0,0.7689999999999984,3.5802960863358635
769.5,0.7695000000000007,3.5814390736731383
770.0,0.7700000000000031,3.5839390736731502
770.5,0.7704999999999984,3.5864390736731266
771.0,0.7710000000000008,3.5877365653820803
771.5,0.7715000000000032,3.5902365653820922
772.0,0.7719999999999985,3.5927365653820686
772.5,0.7725000000000009,3.5941484010061586
773.0,0.7730000000000032,3.5966484010061706
773.5,0.7734999999999985,3.599148401006147
774.0,0.7740000000000009,3.600656784391809
774.5,0.7745000000000033,3.603156784391821
775.0,0.7749999999999986,3.6056567843917975
775.5,0.775500000000001,3.6072447038722544
776.0,0.7760000000000034,3.6097447038722663
776.5,0.7764999999999986,3.6122447038722427
777.0,0.777000000000001,3.613864839618195
777.5,0.7775000000000034,3.616364839618207
778.0,0.7779999999999987,3.6188648396181833
778.5,0.7785000000000011,3.620523498433812
779.0,0.7790000000000035,3.623023498433824
779.5,0.7794999999999987,3.6255234984338003
780.0,0.7800000000000011,3.6272112029049453
780.5,0.7804999999999964,3.6297112029049217
781.0,0.7809999999999988,3.6322112029049336
781.5,0.7815000000000012,3.6339214312919665
782.0,0.7820000000000036,3.6364214312919785
782.5,0.7824999999999989,3.638921431291955
783.0,0.7830000000000013,3.6406253170038383
783.5,0.7834999999999965,3.6431253170038147
784.0,0.7839999999999989,3.6456253170038266
784.5,0.7845000000000013,3.6473218798567686
785.0,0.7849999999999966,3.649821879856745
785.5,0.785499999999999,3.652321879856757
786.0,0.7860000000000014,3.6540051251449412
786.5,0.7864999999999966,3.6565051251449177
787.0,0.786999999999999,3.6590051251449296
787.5,0.7875000000000014,3.660634752177252
788.0,0.7879999999999967,3.6631347521772284
788.5,0.7884999999999991,3.6656347521772403
789.0,0.7890000000000015,3.667209736811685
789.5,0.7894999999999968,3.6697097368116616
790.0,0.7899999999999991,3.6722097368116735
790.5,0.7905000000000015,3.6737256450567912
791.0,0.7909999999999968,3.6762256450567676
791.5,0.7914999999999992,3.6787256450567796
792.0,0.7920000000000016,3.6801728465765393
792.5,0.7924999999999969,3.6826728465765157
793.0,0.7929999999999993,3.6851728465765277
793.5,0.7935000000000016,3.686551885891056
794.0,0.7939999999999969,3.6890518858910326
794.5,0.7944999999999993,3.6915518858910445
795.0,0.7950000000000017,3.6928810151934144
795.5,0.795499999999997,3.695381015193391
796.0,0.7959999999999994,3.6978810151934027
796.5,0.7965000000000018,3.699183844872813
797.0,0.796999999999997,3.7016838448727896
797.5,0.7974999999999994,3.7041838448728015
798.0,0.7980000000000018,3.7054740755507254
798.5,0.7984999999999971,3.707974075550702
799.0,0.7989999999999995,3.7104740755507137
799.5,0.7995000000000019,3.711750828622904
800.0,0.7999999999999972,3.7142508286228804
800.5,0.8004999999999995,3.7167508286228923
801.0,0.8010000000000019,3.7180208699937367
801.5,0.8014999999999972,3.720520869993713
802.0,0.8019999999999996,3.723020869993725
802.5,0.802500000000002,3.724293487644843
803.0,0.8029999999999973,3.7267934876448194
803.5,0.8034999999999997,3.7292934876448314
804.0,0.804000000000002,3.7305677544366134
804.5,0.8044999999999973,3.73306775443659
805.0,0.8049999999999997,3.7355677544366017
805.5,0.8055000000000021,3.736849257904744
806.0,0.8059999999999974,3.7393492579047205
806.5,0.8064999999999998,3.7418492579047324
807.0,0.8070000000000022,3.7431696891598065
807.5,0.8074999999999974,3.745669689159783
808.0,0.8079999999999998,3.748169689159795
808.5,0.8085000000000022,3.7495428272962883
809.0,0.8089999999999975,3.7520428272962647
809.5,0.8094999999999999,3.7545428272962766
810.0,0.8100000000000023,3.755971117407384
810.5,0.8104999999999976,3.7584711174073604
811.0,0.8109999999999999,3.7609711174073723
811.5,0.8115000000000023,3.762480218789399
812.0,0.8119999999999976,3.7649802187893755
812.5,0.8125,3.7674802187893874
813.0,0.8130000000000024,3.7690480805926896
813.5,0.8134999999999977,3.771548080592666
814.0,0.8140000000000001,3.774048080592678
814.5,0.8145000000000024,3.7756530533581767
815.0,0.8149999999999977,3.778153053358153
815.5,0.8155000000000001,3.780653053358165
816.0,0.8160000000000025,3.7822824692543477
816.5,0.8164999999999978,3.784782469254324
817.0,0.8170000000000002,3.787282469254336
817.5,0.8175000000000026,3.788901291503457
818.0,0.8179999999999978,3.7914012915034334
818.5,0.8185000000000002,3.7939012915034453
819.0,0.8190000000000026,3.7954822818654677
819.5,0.8194999999999979,3.797982281865444
820.0,0.8200000000000003,3.800482281865456
820.5,0.8205000000000027,3.8019970319955476
821.0,0.820999999999998,3.804497031995524
821.5,0.8215000000000003,3.806997031995536
822.0,0.8220000000000027,3.8084092246518964
822.5,0.822499999999998,3.8109092246518728
823.0,0.8230000000000004,3.8134092246518847
823.5,0.8235000000000028,3.8146936756325545
824.0,0.8239999999999981,3.817193675632531
824.5,0.8245000000000005,3.819693675632543
825.0,0.8250000000000028,3.82083110123439
825.5,0.8254999999999981,3.8233311012343663
826.0,0.8260000000000005,3.825831101234378
826.5,0.8265000000000029,3.826795846645652
827.0,0.8269999999999982,3.8292958466456284
827.5,0.8275000000000006,3.8317958466456403
828.0,0.828000000000003,3.8325582264481994
828.5,0.8284999999999982,3.835058226448176
829.0,0.8290000000000006,3.837558226448188
829.5,0.829500000000003,3.8381391551295962
830.0,0.8299999999999983,3.8406391551295727
830.5,0.8305000000000007,3.8431391551295846
831.0,0.8310000000000031,3.8456391551295965
831.5,0.8314999999999984,3.846061130613414
832.0,0.8320000000000007,3.848561130613426
832.5,0.8325000000000031,3.851061130613438
833.0,0.8329999999999984,3.8513383559934766
833.5,0.8335000000000008,3.8538383559934886
834.0,0.8340000000000032,3.8563383559935005
834.5,0.8344999999999985,3.856492000023124
835.0,0.8350000000000009,3.858992000023136
835.5,0.8355000000000032,3.861492000023148
836.0,0.8359999999999985,3.861531784542045
836.5,0.8365000000000009,3.864031784542057
837.0,0.8370000000000033,3.866531784542069
837.5,0.8374999999999986,3.86648725761475
838.0,0.838000000000001,3.868987257614762
838.5,0.8385000000000034,3.871487257614774
839.0,0.8389999999999986,3.871404358855841
839.5,0.839500000000001,3.873904358855853
840.0,0.8400000000000034,3.876404358855865
840.5,0.8404999999999987,3.8763223322663976
841.0,0.8410000000000011,3.8788223322664095
841.5,0.8415000000000035,3.8813223322664214
842.0,0.8419999999999987,3.8812635097604797
842.5,0.8425000000000011,3.8837635097604917
843.0,0.8429999999999964,3.886263509760468
843.5,0.8434999999999988,3.886256980172824
844.0,0.8440000000000012,3.888756980172836
844.5,0.8445000000000036,3.891256980172848
845.0,0.8449999999999989,3.8913359634686984
845.5,0.8455000000000013,3.8938359634687103
846.0,0.8459999999999965,3.8963359634686867
846.5,0.8464999999999989,3.8965225806277104
847.0,0.8470000000000013,3.8990225806277223
847.5,0.8474999999999966,3.9015225806276987
848.0,0.847999999999999,3.9018559906016392
848.5,0.8485000000000014,3.904355990601651
849.0,0.8489999999999966,3.9068559906016276
849.5,0.849499999999999,3.907332828598271
850.0,0.8500000000000014,3.909832828598283
850.5,0.8504999999999967,3.9123328285982595
851.0,0.8509999999999991,3.9129593732459966
851.5,0.8515000000000015,3.9154593732460086
852.0,0.8519999999999968,3.917959373245985
852.5,0.8524999999999991,3.9187177237213078
853.0,0.8530000000000015,3.9212177237213197
853.5,0.8534999999999968,3.923717723721296
854.0,0.8539999999999992,3.924542313900403
854.5,0.8545000000000016,3.927042313900415
855.0,0.8549999999999969,3.9295423139003915
855.5,0.8554999999999993,3.9303726292117958
856.0,0.8560000000000016,3.9328726292118077
856.5,0.8564999999999969,3.935372629211784
857.0,0.8569999999999993,3.936138974083292
857.5,0.8575000000000017,3.938638974083304
858.0,0.857999999999997,3.9411389740832803
858.5,0.8584999999999994,3.9417997125801207
859.0,0.8590000000000018,3.9442997125801327
859.5,0.859499999999997,3.946799712580109
860.0,0.8599999999999994,3.947329461081992
860.5,0.8605000000000018,3.949829461082004
861.0,0.8609999999999971,3.9523294610819804
861.5,0.8614999999999995,3.9527266446386733
862.0,0.8620000000000019,3.9552266446386852
862.5,0.8624999999999972,3.9577266446386616
863.0,0.8629999999999995,3.957996949821876
863.5,0.8635000000000019,3.960496949821888
864.0,0.8639999999999972,3.9629969498218642
864.5,0.8644999999999996,3.9631550622507206
865.0,0.865000000000002,3.9656550622507325
865.5,0.8654999999999973,3.968155062250709
866.0,0.8659999999999997,3.9682262444852157
866.5,0.866500000000002,3.9707262444852276
867.0,0.8669999999999973,3.973226244485204
867.5,0.8674999999999997,3.973219790322169
868.0,0.8680000000000021,3.975719790322181
868.5,0.8684999999999974,3.9782197903221572
869.0,0.8689999999999998,3.978156761499214
869.5,0.8695000000000022,3.980656761499226
870.0,0.8699999999999974,3.9831567614992025
870.5,0.8704999999999998,3.9830578445749154
871.0,0.8710000000000022,3.9855578445749273
871.5,0.8714999999999975,3.9880578445749038
872.0,0.8719999999999999,3.9879446442758137
872.5,0.8725000000000023,3.9904446442758257
873.0,0.8729999999999976,3.992944644275802
873.5,0.8734999999999999,3.992874852296957
874.0,0.8740000000000023,3.995374852296969
874.5,0.8744999999999976,3.9978748522969454
875.0,0.875,3.9979268373321375
875.5,0.8755000000000024,4.000426837332149
876.0,0.8759999999999977,4.002926837332126
876.5,0.8765000000000001,4.003180454852355
877.0,0.8770000000000024,4.005680454852367
877.5,0.8774999999999977,4.008180454852344
878.0,0.8780000000000001,4.00870744982349
878.5,0.8785000000000025,4.011207449823502
879.0,0.8789999999999978,4.013707449823478
879.5,0.8795000000000002,4.014546053927752
880.0,0.8800000000000026,4.017046053927764
880.5,0.8804999999999978,4.019546053927741
881.0,0.8810000000000002,4.020698492320598
881.5,0.8815000000000026,4.02319849232061
882.0,0.8819999999999979,4.025698492320586
882.5,0.8825000000000003,4.027128386017367
883.0,0.8830000000000027,4.029628386017379
883.5,0.883499999999998,4.032128386017355
884.0,0.8840000000000003,4.033808685902933
884.5,0.8845000000000027,4.036308685902945
885.0,0.884999999999998,4.0388086859029215
885.5,0.8855000000000004,4.040662409886409
886.0,0.8860000000000028,4.0431624098864205
886.5,0.8864999999999981,4.045662409886397
887.0,0.8870000000000005,4.047621949388116
887.5,0.8875000000000028,4.050121949388128
888.0,0.8879999999999981,4.052621949388104
888.5,0.8885000000000005,4.054635525920212
889.0,0.8890000000000029,4.0571355259202235
889.5,0.8894999999999982,4.0596355259202
890.0,0.8900000000000006,4.0616224656989175
890.5,0.890500000000003,4.064122465698929
891.0,0.8909999999999982,4.066622465698906
891.5,0.8915000000000006,4.068536445813784
892.0,0.892000000000003,4.071036445813796
892.5,0.8924999999999983,4.073536445813772
893.0,0.8930000000000007,4.075369594640144
893.5,0.8935000000000031,4.0778695946401555
894.0,0.8939999999999984,4.080369594640132
894.5,0.8945000000000007,4.082117222586774
895.0,0.8950000000000031,4.084617222586786
895.5,0.8954999999999984,4.0871172225867625
896.0,0.8960000000000008,4.08877210415838
896.5,0.8965000000000032,4.091272104158392
897.0,0.8969999999999985,4.093772104158369
897.5,0.8975000000000009,4.095323218238249
898.0,0.8980000000000032,4.097823218238261
898.5,0.8984999999999985,4.100323218238238
899.0,0.8990000000000009,4.101768407761419
899.5,0.8995000000000033,4.104268407761431
900.0,0.8999999999999986,4.1067684077614075
900.5,0.900500000000001,4.108149190908428
901.0,0.9010000000000034,4.11064919090844
901.5,0.9014999999999986,4.113149190908416
902.0,0.902000000000001,4.114488137317629
902.5,0.9025000000000034,4.116988137317641
903.0,0.9029999999999987,4.119488137317617
903.5,0.9035000000000011,4.120810759726403
904.0,0.9040000000000035,4.123310759726415
904.5,0.9044999999999987,4.1258107597263916
905.0,0.9050000000000011,4.127145764873106
905.5,0.9054999999999964,4.129645764873082
906.0,0.9059999999999988,4.132145764873094
906.5,0.9065000000000012,4.134645764873106
907.0,0.9070000000000036,4.136033235825138
907.5,0.9074999999999989,4.138533235825115
908.0,0.9080000000000013,4.141033235825127
908.5,0.9084999999999965,4.142466929099697
909.0,0.9089999999999989,4.144966929099709
909.5,0.9095000000000013,4.147466929099721
910.0,0.9099999999999966,4.148941684336442
910.5,0.910499999999999,4.151441684336454
911.0,0.9110000000000014,4.153941684336466
911.5,0.9114999999999966,4.155455594919886
912.0,0.911999999999999,4.157955594919898
912.5,0.9125000000000014,4.16045559491991
913.0,0.9129999999999967,4.162012563169739
913.5,0.9134999999999991,4.164512563169751
914.0,0.9140000000000015,4.167012563169763
914.5,0.9144999999999968,4.16859604993121
915.0,0.9149999999999991,4.171096049931222
915.5,0.9155000000000015,4.173596049931234
916.0,0.9159999999999968,4.175205200510916
916.5,0.9164999999999992,4.177705200510928
917.0,0.9170000000000016,4.18020520051094
917.5,0.9174999999999969,4.181802919917956
918.0,0.9179999999999993,4.184302919917968
918.5,0.9185000000000016,4.18680291991798
919.0,0.9189999999999969,4.188365104560354
919.5,0.9194999999999993,4.190865104560366
920.0,0.9200000000000017,4.193365104560378
920.5,0.920499999999997,4.194867900117316
921.0,0.9209999999999994,4.197367900117328
921.5,0.9215000000000018,4.19986790011734
922.0,0.921999999999997,4.201297715918102
922.5,0.9224999999999994,4.203797715918114
923.0,0.9230000000000018,4.206297715918126
923.5,0.9234999999999971,4.207638788243067
924.0,0.9239999999999995,4.2101387882430785
924.5,0.9245000000000019,4.2126387882430905
925.0,0.9249999999999972,4.213868622543977
925.5,0.9254999999999995,4.216368622543989
926.0,0.9260000000000019,4.218868622544001
926.5,0.9264999999999972,4.219961008632502
927.0,0.9269999999999996,4.222461008632514
927.5,0.927500000000002,4.224961008632526
928.0,0.9279999999999973,4.225906329725717
928.5,0.9284999999999997,4.228406329725729
929.0,0.929000000000002,4.230906329725741
929.5,0.9294999999999973,4.231679728737916
930.0,0.9299999999999997,4.234179728737928
930.5,0.9305000000000021,4.23667972873794
931.0,0.9309999999999974,4.237285921331306
931.5,0.9314999999999998,4.239785921331318
932.0,0.9320000000000022,4.24228592133133
932.5,0.9324999999999974,4.242740375717702
933.0,0.9329999999999998,4.245240375717714
933.5,0.9335000000000022,4.247740375717726
934.0,0.9339999999999975,4.248066196464073
934.5,0.9344999999999999,4.250566196464085
935.0,0.9350000000000023,4.253066196464097
935.5,0.9354999999999976,4.253298842937738
936.0,0.9359999999999999,4.25579884293775
936.5,0.9365000000000023,4.258298842937762
937.0,0.9369999999999976,4.258462675337604
937.5,0.9375,4.260962675337616
938.0,0.9380000000000024,4.263462675337628
938.5,0.9384999999999977,4.263576995102376
939.0,0.9390000000000001,4.266076995102388
939.5,0.9395000000000024,4.2685769951024
940.0,0.9399999999999977,4.268652934299766
940.5,0.9405000000000001,4.271152934299778
941.0,0.9410000000000025,4.27365293429979
941.5,0.9414999999999978,4.273687643683104
942.0,0.9420000000000002,4.276187643683116
942.5,0.9425000000000026,4.278687643683128
943.0,0.9429999999999978,4.278669082136766
943.5,0.9435000000000002,4.281169082136778
944.0,0.9440000000000026,4.2836690821367895
944.5,0.9444999999999979,4.283589169051147
945.0,0.9450000000000003,4.286089169051159
945.5,0.9455000000000027,4.288589169051171
946.0,0.945999999999998,4.288435848348335
946.5,0.9465000000000003,4.290935848348347
947.0,0.9470000000000027,4.293435848348359
947.5,0.947499999999998,4.29321739532039
948.0,0.9480000000000004,4.295717395320402
948.5,0.9485000000000028,4.298217395320414
949.0,0.9489999999999981,4.2979677389451965
949.5,0.9495000000000005,4.300467738945208
950.0,0.9500000000000028,4.30296773894522
950.5,0.9504999999999981,4.302707084241142
951.0,0.9510000000000005,4.305207084241154
951.5,0.9515000000000029,4.307707084241166
952.0,0.9519999999999982,4.307451178680317
952.5,0.9525000000000006,4.309951178680329
953.0,0.953000000000003,4.312451178680341
953.5,0.9534999999999982,4.312221874947966
954.0,0.9540000000000006,4.314721874947978
954.5,0.954500000000003,4.31722187494799
955.0,0.9549999999999983,4.317031512864915
955.5,0.9555000000000007,4.319531512864927
956.0,0.9560000000000031,4.322031512864939
956.5,0.9564999999999984,4.321890886797135
957.0,0.9570000000000007,4.324390886797147
957.5,0.9575000000000031,4.326890886797159
958.0,0.9579999999999984,4.3267856745997335
958.5,0.9585000000000008,4.3292856745997454
959.0,0.9590000000000032,4.331785674599757
959.5,0.9594999999999985,4.331709330075988
960.0,0.9600000000000009,4.334209330076
960.5,0.9605000000000032,4.336709330076012
961.0,0.9609999999999985,4.336622310176956
961.5,0.9615000000000009,4.339122310176968
962.0,0.9620000000000033,4.34162231017698
962.5,0.9624999999999986,4.341479526352856
963.0,0.963000000000001,4.343979526352868
963.5,0.9635000000000034,4.34647952635288
964.0,0.9639999999999986,4.34625583101937
964.5,0.964500000000001,4.348755831019382
965.0,0.9650000000000034,4.351255831019394
965.5,0.9654999999999987,4.350949519218439
966.0,0.9660000000000011,4.353449519218451
966.5,0.9665000000000035,4.355949519218463
967.0,0.9669999999999987,4.355567908901747
967.5,0.9675000000000011,4.358067908901759
968.0,0.9679999999999964,4.360567908901736
968.5,0.9684999999999988,4.36012179780203
969.0,0.9690000000000012,4.362621797802042
969.5,0.9695000000000036,4.365121797802054
970.0,0.9699999999999989,4.364652429893248
970.5,0.9705000000000013,4.36715242989326
971.0,0.9709999999999965,4.369652429893236
971.5,0.9714999999999989,4.369191330968576
972.0,0.9720000000000013,4.371691330968588
972.5,0.9724999999999966,4.374191330968564
973.0,0.972999999999999,4.3737826989945106
973.5,0.9735000000000014,4.3762826989945225
974.0,0.9739999999999966,4.378782698994499
974.5,0.974499999999999,4.378431749444687
975.0,0.9750000000000014,4.380931749444699
975.5,0.9754999999999967,4.383431749444675
976.0,0.9759999999999991,4.383141041427052
976.5,0.9765000000000015,4.385641041427064
977.0,0.9769999999999968,4.3881410414270405
977.5,0.9774999999999991,4.387929013809213
978.0,0.9780000000000015,4.390429013809225
978.5,0.9784999999999968,4.392929013809201
979.0,0.9789999999999992,4.392834441873674
979.5,0.9795000000000016,4.395334441873686
980.0,0.9799999999999969,4.397834441873663
980.5,0.9804999999999993,4.397900450493637
981.0,0.9810000000000016,4.400400450493649
981.5,0.9814999999999969,4.402900450493625
982.0,0.9819999999999993,4.405400450493637
982.5,0.9825000000000017,4.405673679318554
983.0,0.982999999999997,4.40817367931853
983.5,0.9834999999999994,4.410673679318542
984.0,0.9840000000000018,4.411209101017519
984.5,0.984499999999997,4.413709101017496
985.0,0.9849999999999994,4.4162091010175075
985.5,0.9855000000000018,4.417070952736921
986.0,0.9859999999999971,4.419570952736898
986.5,0.9864999999999995,4.4220709527369095
987.0,0.9870000000000019,4.423267663310533
987.5,0.9874999999999972,4.425767663310509
988.0,0.9879999999999995,4.428267663310521
988.5,0.9885000000000019,4.4297837229567705
989.0,0.9889999999999972,4.432283722956747
989.5,0.9894999999999996,4.434783722956759
990.0,0.990000000000002,4.4365853729997795
990.5,0.9904999999999973,4.439085372999756
991.0,0.9909999999999997,4.441585372999768
991.5,0.991500000000002,4.443619524604898
992.0,0.9919999999999973,4.446119524604875
992.5,0.9924999999999997,4.4486195246048865
993.0,0.9930000000000021,4.450809773282138
993.5,0.9934999999999974,4.453309773282115
994.0,0.9939999999999998,4.455809773282127
994.5,0.9945000000000022,4.458081416485982
995.0,0.9949999999999974,4.460581416485958
995.5,0.9954999999999998,4.46308141648597
996.0,0.9960000000000022,4.465355938358648
996.5,0.9964999999999975,4.467855938358625
997.0,0.9969999999999999,4.470355938358637
997.5,0.9975000000000023,4.47254652286567
998.0,0.9979999999999976,4.475046522865647
998.5,0.9984999999999999,4.477546522865659
999.0,0.9990000000000023,4.479602607276263
999.5,0.9994999999999976,4.482102607276239
1000.0,1.0,4.484602607276251
1000.5,1.0005000000000024,4.486481633148394
1001.0,1.0009999999999977,4.48898163314837
1001.5,1.0015,4.491481633148382
1002.0,1.0020000000000024,4.493169857332795
1002.5,1.0024999999999977,4.495669857332771
1003.0,1.0030000000000001,4.498169857332783
1003.5,1.0035000000000025,4.499647801591671
1004.0,1.0039999999999978,4.502147801591647
1004.5,1.0045000000000002,4.504647801591659
1005.0,1.0050000000000026,4.505898709573657
1005.5,1.0054999999999978,4.508398709573633
1006.0,1.0060000000000002,4.510898709573645
1006.5,1.0065000000000026,4.511963240833445
1007.0,1.006999999999998,4.514463240833422
1007.5,1.0075000000000003,4.516963240833434
1008.0,1.0080000000000027,4.517892108615733
1008.5,1.008499999999998,4.5203921086157095
1009.0,1.0090000000000003,4.522892108615721
1009.5,1.0095000000000027,4.52372791841448
1010.0,1.009999999999998,4.526227918414456
1010.5,1.0105000000000004,4.528727918414468
1011.0,1.0110000000000028,4.529532976852764
1011.5,1.011499999999998,4.53203297685274
1012.0,1.0120000000000005,4.534532976852752
1012.5,1.0125000000000028,4.535370093464515
1013.0,1.0129999999999981,4.537870093464491
1013.5,1.0135000000000005,4.540370093464503
1014.0,1.014000000000003,4.541270518564744
1014.5,1.0144999999999982,4.54377051856472
1015.0,1.0150000000000006,4.546270518564732
1015.5,1.015500000000003,4.5472406903148155
1016.0,1.0159999999999982,4.549740690314792
1016.5,1.0165000000000006,4.552240690314804
1017.0,1.017000000000003,4.553268347475097
1017.5,1.0174999999999983,4.555768347475073
1018.0,1.0180000000000007,4.558268347475085
1018.5,1.018500000000003,4.559354454192359
1019.0,1.0189999999999984,4.561854454192336
1019.5,1.0195000000000007,4.5643544541923475
1020.0,1.0200000000000031,4.565493129054055
1020.5,1.0204999999999984,4.567993129054031
1021.0,1.0210000000000008,4.570493129054043
1021.5,1.0215000000000032,4.571662833612287
1022.0,1.0219999999999985,4.574162833612263
1022.5,1.0225000000000009,4.576662833612275
1023.0,1.0230000000000032,4.577852791684727
1023.5,1.0234999999999985,4.580352791684703
1024.0,1.024000000000001,4.582852791684715
1024.5,1.0245000000000033,4.584044010409123
1025.0,1.0249999999999986,4.586544010409099
1025.5,1.025500000000001,4.589044010409111
1026.0,1.0260000000000034,4.590195153108212
1026.5,1.0264999999999986,4.592695153108188
1027.0,1.027000000000001,4.5951951531082
1027.5,1.0275000000000034,4.596264956023717
1028.0,1.0279999999999987,4.598764956023693
1028.5,1.028500000000001,4.601264956023705
1029.0,1.0290000000000035,4.602189248579407
1029.5,1.0294999999999987,4.604689248579383
1030.0,1.0300000000000011,4.607189248579395
1030.5,1.0304999999999964,4.607909519556763
1031.0,1.0309999999999988,4.610409519556775
1031.5,1.0315000000000012,4.612909519556787
1032.0,1.0320000000000036,4.613407689413691
1032.5,1.0324999999999989,4.6159076894136675
1033.0,1.0330000000000013,4.618407689413679
1033.5,1.0334999999999965,4.618667306384623
1034.0,1.033999999999999,4.621167306384635
1034.5,1.0345000000000013,4.623667306384647
1035.0,1.0349999999999966,4.623678622970004
1035.5,1.035499999999999,4.626178622970016
1036.0,1.0360000000000014,4.628678622970028
1036.5,1.0364999999999966,4.628485534512059
1037.0,1.036999999999999,4.630985534512071
1037.5,1.0375000000000014,4.633485534512083
1038.0,1.0379999999999967,4.633172283450335
1038.5,1.038499999999999,4.635672283450347
1039.0,1.0390000000000015,4.638172283450359
1039.5,1.0394999999999968,4.637807001242571
1040.0,1.0399999999999991,4.640307001242583
1040.5,1.0405000000000015,4.642807001242595
1041.0,1.0409999999999968,4.642473427113458
1041.5,1.0414999999999992,4.64497342711347
1042.0,1.0420000000000016,4.647473427113482
1042.5,1.0424999999999969,4.647207087036698
1043.0,1.0429999999999993,4.64970708703671
1043.5,1.0435000000000016,4.652207087036722
1044.0,1.043999999999997,4.652015811960126
1044.5,1.0444999999999993,4.654515811960138
1045.0,1.0450000000000017,4.65701581196015
1045.5,1.045499999999997,4.6568953651419775
1046.0,1.0459999999999994,4.6593953651419895
1046.5,1.0465000000000018,4.661895365142001
1047.0,1.046999999999997,4.6618390699281065
1047.5,1.0474999999999994,4.664339069928118
1048.0,1.0480000000000018,4.66683906992813
1048.5,1.048499999999997,4.6668666644180945
1049.0,1.0489999999999995,4.669366664418106
1049.5,1.0495000000000019,4.671866664418118
1050.0,1.0499999999999972,4.671991591682847
1050.5,1.0504999999999995,4.674491591682859
1051.0,1.051000000000002,4.676991591682871
1051.5,1.0514999999999972,4.677238760061151
1052.0,1.0519999999999996,4.679738760061163
1052.5,1.052500000000002,4.682238760061175
1053.0,1.0529999999999973,4.682616282093299
1053.5,1.0534999999999997,4.685116282093311
1054.0,1.054000000000002,4.687616282093323
1054.5,1.0544999999999973,4.688125934726806
1055.0,1.0549999999999997,4.6906259347268175
1055.5,1.055500000000002,4.6931259347268295
1056.0,1.0559999999999974,4.693779195369991
1056.5,1.0564999999999998,4.696279195370003
1057.0,1.0570000000000022,4.698779195370015
1057.5,1.0574999999999974,4.701279195369992
1058.0,1.0579999999999998,4.702034715049628
1058.5,1.0585000000000022,4.70453471504964
1059.0,1.0589999999999975,4.707034715049616
1059.5,1.0594999999999999,4.707841314738204
1060.0,1.0600000000000023,4.710341314738216
1060.5,1.0604999999999976,4.712841314738192
1061.0,1.061,4.713650515431382
1061.5,1.0615000000000023,4.716150515431394
1062.0,1.0619999999999976,4.718650515431371
1062.5,1.0625,4.719409770968959
1063.0,1.0630000000000024,4.721909770968971
1063.5,1.0634999999999977,4.724409770968947
1064.0,1.064,4.7251054118670055
1064.5,1.0645000000000024,4.727605411867017
1065.0,1.0649999999999977,4.730105411866994
1065.5,1.0655000000000001,4.730728722960755
1066.0,1.0660000000000025,4.733228722960767
1066.5,1.0664999999999978,4.735728722960744
1067.0,1.0670000000000002,4.736260005599
1067.5,1.0675000000000026,4.738760005599012
1068.0,1.0679999999999978,4.741260005598988
1068.5,1.0685000000000002,4.7417093943458255
1069.0,1.0690000000000026,4.744209394345837
1069.5,1.069499999999998,4.746709394345814
1070.0,1.0700000000000003,4.7471086245741745
1070.5,1.0705000000000027,4.749608624574186
1071.0,1.070999999999998,4.752108624574163
1071.5,1.0715000000000003,4.752501956823885
1072.0,1.0720000000000027,4.755001956823897
1072.5,1.072499999999998,4.757501956823873
1073.0,1.0730000000000004,4.7579191535425736
1073.5,1.0735000000000028,4.7604191535425855
1074.0,1.073999999999998,4.762919153542562
1074.5,1.0745000000000005,4.763380594558093
1075.0,1.0750000000000028,4.765880594558105
1075.5,1.0754999999999981,4.7683805945580815
1076.0,1.0760000000000005,4.768889438387021
1076.5,1.076500000000003,4.7713894383870326
1077.0,1.0769999999999982,4.773889438387009
1077.5,1.0775000000000006,4.774442154656633
1078.0,1.078000000000003,4.776942154656645
1078.5,1.0784999999999982,4.779442154656621
1079.0,1.0790000000000006,4.780039547479582
1079.5,1.079500000000003,4.782539547479594
1080.0,1.0799999999999983,4.78503954747957
1080.5,1.0805000000000007,4.785689689744359
1081.0,1.081000000000003,4.788189689744371
1081.5,1.0814999999999984,4.790689689744347
1082.0,1.0820000000000007,4.79139773033296
1082.5,1.0825000000000031,4.793897730332972
1083.0,1.0829999999999984,4.796397730332949
1083.5,1.0835000000000008,4.797186601633925
1084.0,1.0840000000000032,4.799686601633937
1084.5,1.0844999999999985,4.802186601633913
1085.0,1.0850000000000009,4.803080836676337
1085.5,1.0855000000000032,4.805580836676349
1086.0,1.0859999999999985,4.808080836676325
1086.5,1.086500000000001,4.809115811116129
1087.0,1.0870000000000033,4.811615811116141
1087.5,1.0874999999999986,4.8141158111161175
1088.0,1.088000000000001,4.815315163705449
1088.5,1.0885000000000034,4.817815163705461
1089.0,1.0889999999999986,4.8203151637054376
1089.5,1.089500000000001,4.821688626837144
1090.0,1.0900000000000034,4.824188626837156
1090.5,1.0904999999999987,4.826688626837132
1091.0,1.091000000000001,4.828192587301494
1091.5,1.0915000000000035,4.830692587301506
1092.0,1.0919999999999987,4.8331925873014825
1092.5,1.0925000000000011,4.83477563365291
1093.0,1.0929999999999964,4.837275633652887
1093.5,1.0934999999999988,4.8397756336528985
1094.0,1.0940000000000012,4.8413816547587984
1094.5,1.0945000000000036,4.84388165475881
1095.0,1.0949999999999989,4.846381654758787
1095.5,1.0955000000000013,4.847933108082252
1096.0,1.0959999999999965,4.850433108082228
1096.5,1.096499999999999,4.85293310808224
1097.0,1.0970000000000013,4.854362527128515
1097.5,1.0974999999999966,4.8568625271284915
1098.0,1.097999999999999,4.8593625271285035
1098.5,1.0985000000000014,4.860633241849293
1099.0,1.0989999999999966,4.863133241849269
1099.5,1.099499999999999,4.865633241849281
1100.0,1.1000000000000014,4.866705142356125
1100.5,1.1004999999999967,4.869205142356101
1101.0,1.100999999999999,4.871705142356113
1101.5,1.1015000000000015,4.872543851315996
1102.0,1.1019999999999968,4.875043851315972
1102.5,1.1024999999999991,4.877543851315984
1103.0,1.1030000000000015,4.878131198419915
1103.5,1.1034999999999968,4.880631198419891
1104.0,1.1039999999999992,4.883131198419903
1104.5,1.1045000000000016,4.883452110516231
1105.0,1.1049999999999969,4.885952110516207
1105.5,1.1054999999999993,4.888452110516219
1106.0,1.1060000000000016,4.888500841261454
1106.5,1.106499999999997,4.89100084126143
1107.0,1.1069999999999993,4.893500841261442
1107.5,1.1075000000000017,4.89330876713769
1108.0,1.107999999999997,4.895808767137666
1108.5,1.1084999999999994,4.898308767137678
1109.0,1.1090000000000018,4.897930181512216
1109.5,1.109499999999997,4.900430181512192
1110.0,1.1099999999999994,4.902930181512204
1110.5,1.1105000000000018,4.90239585017342
1111.0,1.110999999999997,4.904895850173396
1111.5,1.1114999999999995,4.907395850173408
1112.0,1.1120000000000019,4.906759672161236
1112.5,1.1124999999999972,4.9092596721612125
1113.0,1.1129999999999995,4.911759672161224
1113.5,1.113500000000002,4.911108106540141
1114.0,1.1139999999999972,4.913608106540117
1114.5,1.1144999999999996,4.916108106540129
1115.0,1.115000000000002,4.915501034442649
1115.5,1.1154999999999973,4.918001034442625
1116.0,1.1159999999999997,4.920501034442637
1116.5,1.116500000000002,4.919988377880138
1117.0,1.1169999999999973,4.922488377880114
1117.5,1.1174999999999997,4.924988377880126
1118.0,1.118000000000002,4.924618855681153
1118.5,1.1184999999999974,4.92711885568113
1119.0,1.1189999999999998,4.9296188556811416
1119.5,1.1195000000000022,4.929426056742976
1120.0,1.1199999999999974,4.931926056742952
1120.5,1.1204999999999998,4.934426056742964
1121.0,1.1210000000000022,4.934401546219682
1121.5,1.1214999999999975,4.936901546219659
1122.0,1.1219999999999999,4.9394015462196705
1122.5,1.1225000000000023,4.939530380478203
1123.0,1.1229999999999976,4.9420303804781796
1123.5,1.1235,4.9445303804781915
1124.0,1.1240000000000023,4.944791650937113
1124.5,1.1244999999999976,4.947291650937089
1125.0,1.125,4.949791650937101
1125.5,1.1255000000000024,4.950131610466393
1126.0,1.1259999999999977,4.952631610466369
1126.5,1.1265,4.955131610466381
1127.0,1.1270000000000024,4.955501551031816
1127.5,1.1274999999999977,4.958001551031792
1128.0,1.1280000000000001,4.960501551031804
1128.5,1.1285000000000025,4.960849104849068
1129.0,1.1289999999999978,4.963349104849044
1129.5,1.1295000000000002,4.965849104849056
1130.0,1.1300000000000026,4.966148073787622
1130.5,1.1304999999999978,4.968648073787598
1131.0,1.1310000000000002,4.97114807378761
1131.5,1.1315000000000026,4.971402731453409
1132.0,1.131999999999998,4.973902731453386
1132.5,1.1325000000000003,4.976402731453398
1133.0,1.1330000000000027,4.97890273145341
1133.5,1.133499999999998,4.979100758618529
1134.0,1.1340000000000003,4.981600758618541
1134.5,1.1345000000000027,4.984100758618553
1135.0,1.134999999999998,4.984275167250196
1135.5,1.1355000000000004,4.986775167250208
1136.0,1.1360000000000028,4.98927516725022
1136.5,1.136499999999998,4.9894296897922885
1137.0,1.1370000000000005,4.9919296897923005
1137.5,1.1375000000000028,4.994429689792312
1138.0,1.1379999999999981,4.994569137498814
1138.5,1.1385000000000005,4.997069137498826
1139.0,1.139000000000003,4.999569137498838
1139.5,1.1394999999999982,4.99972440648186
1140.0,1.1400000000000006,5.002224406481872
1140.5,1.140500000000003,5.004724406481884
1141.0,1.1409999999999982,5.004917856695528
1141.5,1.1415000000000006,5.00741785669554
1142.0,1.142000000000003,5.009917856695552
1142.5,1.1424999999999983,5.010192347938478
1143.0,1.1430000000000007,5.01269234793849
1143.5,1.143500000000003,5.015192347938502
1144.0,1.1439999999999984,5.015589919998504
1144.5,1.1445000000000007,5.018089919998516
1145.0,1.1450000000000031,5.020589919998528
1145.5,1.1454999999999984,5.0211229812761715
1146.0,1.1460000000000008,5.0236229812761835
1146.5,1.1465000000000032,5.026122981276195
1147.0,1.1469999999999985,5.026830723273683
1147.5,1.1475000000000009,5.029330723273695
1148.0,1.1480000000000032,5.031830723273707
1148.5,1.1484999999999985,5.032731650851865
1149.0,1.149000000000001,5.035231650851877
1149.5,1.1495000000000033,5.037731650851889
1150.0,1.1499999999999986,5.038796824011094
1150.5,1.150500000000001,5.041296824011106
1151.0,1.1510000000000034,5.0437968240111175
1151.5,1.1514999999999986,5.044993279074816
1152.0,1.152000000000001,5.047493279074828
1152.5,1.1525000000000034,5.04999327907484
1153.0,1.1529999999999987,5.051296498479516
1153.5,1.153500000000001,5.053796498479528
1154.0,1.1540000000000035,5.05629649847954
1154.5,1.1544999999999987,5.057671299453652
1155.0,1.1550000000000011,5.060171299453664
1155.5,1.1554999999999964,5.0626712994536405
1156.0,1.1559999999999988,5.064107914585243
1156.5,1.1565000000000012,5.066607914585255
1157.0,1.1570000000000036,5.069107914585267
1157.5,1.1574999999999989,5.070578729433457
1158.0,1.1580000000000013,5.073078729433469
1158.5,1.1584999999999965,5.075578729433445
1159.0,1.158999999999999,5.077049055195957
1159.5,1.1595000000000013,5.079549055195969
1160.0,1.1599999999999966,5.082049055195945
1160.5,1.160499999999999,5.083463575872393
1161.0,1.1610000000000014,5.085963575872405
1161.5,1.1614999999999966,5.088463575872382
1162.0,1.161999999999999,5.0897463505683405
1162.5,1.1625000000000014,5.092246350568352
1163.0,1.1629999999999967,5.094746350568329
1163.5,1.163499999999999,5.095850850170045
1164.0,1.1640000000000015,5.098350850170057
1164.5,1.1644999999999968,5.100850850170033
1165.0,1.1649999999999991,5.101768500447577
1165.5,1.1655000000000015,5.1042685004475885
1166.0,1.1659999999999968,5.106768500447565
1166.5,1.1664999999999992,5.107490306773812
1167.0,1.1670000000000016,5.109990306773824
1167.5,1.1674999999999969,5.1124903067738
1168.0,1.1679999999999993,5.113028879136223
1168.5,1.1685000000000016,5.115528879136235
1169.0,1.168999999999997,5.118028879136212
1169.5,1.1694999999999993,5.118397881518639
1170.0,1.1700000000000017,5.120897881518651
1170.5,1.170499999999997,5.123397881518628
1171.0,1.1709999999999994,5.1236425911958605
1171.5,1.1715000000000018,5.1261425911958725
1172.0,1.171999999999997,5.128642591195849
1172.5,1.1724999999999994,5.128801721079448
1173.0,1.1730000000000018,5.13130172107946
1173.5,1.173499999999997,5.133801721079436
1174.0,1.1739999999999995,5.133885988556912
1174.5,1.1745000000000019,5.136385988556924
1175.0,1.1749999999999972,5.1388859885569005
1175.5,1.1754999999999995,5.138896916334836
1176.0,1.176000000000002,5.141396916334848
1176.5,1.1764999999999972,5.143896916334825
1177.0,1.1769999999999996,5.1438157935967155
1177.5,1.177500000000002,5.146315793596727
1178.0,1.1779999999999973,5.148815793596704
1178.5,1.1784999999999997,5.148639672507329
1179.0,1.179000000000002,5.151139672507341
1179.5,1.1794999999999973,5.1536396725073175
1180.0,1.1799999999999997,5.153324791290679
1180.5,1.180500000000002,5.155824791290691
1181.0,1.1809999999999974,5.158324791290667
1181.5,1.1814999999999998,5.1578399896453675
1182.0,1.1820000000000022,5.160339989645379
1182.5,1.1824999999999974,5.162839989645356
1183.0,1.1829999999999998,5.16219701785662
1183.5,1.1835000000000022,5.164697017856632
1184.0,1.1839999999999975,5.1671970178566085
1184.5,1.1844999999999999,5.1664142475519625
1185.0,1.1850000000000023,5.1689142475519745
1185.5,1.1854999999999976,5.171414247551951
1186.0,1.186,5.170525368010956
1186.5,1.1865000000000023,5.173025368010968
1187.0,1.1869999999999976,5.175525368010945
1187.5,1.1875,5.174549134820872
1188.0,1.1880000000000024,5.177049134820884
1188.5,1.1884999999999977,5.17954913482086
1189.0,1.189,5.17852227543564
1189.5,1.1895000000000024,5.181022275435652
1190.0,1.1899999999999977,5.183522275435628
1190.5,1.1905000000000001,5.182489581565406
1191.0,1.1910000000000025,5.184989581565418
1191.5,1.1914999999999978,5.187489581565394
1192.0,1.1920000000000002,5.186494390761638
1192.5,1.1925000000000026,5.18899439076165
1193.0,1.1929999999999978,5.191494390761626
1193.5,1.1935000000000002,5.190548854979333
1194.0,1.1940000000000026,5.193048854979345
1194.5,1.194499999999998,5.195548854979322
1195.0,1.1950000000000003,5.194642789758603
1195.5,1.1955000000000027,5.197142789758615
1196.0,1.195999999999998,5.199642789758592
1196.5,1.1965000000000003,5.198763252365488
1197.0,1.1970000000000027,5.2012632523655
1197.5,1.197499999999998,5.203763252365476
1198.0,1.1980000000000004,5.202893444925856
1198.5,1.1985000000000028,5.205393444925868
1199.0,1.198999999999998,5.207893444925844
1199.5,1.1995000000000005,5.207001115692229
1200.0,1.2000000000000028,5.209501115692241
1200.5,1.2004999999999981,5.2120011156922175
1201.0,1.2010000000000005,5.2110682832882915
1201.5,1.201500000000003,5.2135682832883035
1202.0,1.2019999999999982,5.21606828328828
1202.5,1.2025000000000006,5.215079942026826
1203.0,1.203000000000003,5.217579942026838
1203.5,1.2034999999999982,5.220079942026814
1204.0,1.2040000000000006,5.219021315546968
1204.5,1.204500000000003,5.22152131554698
1205.0,1.2049999999999983,5.224021315546956
1205.5,1.2055000000000007,5.222864289195535
1206.0,1.206000000000003,5.2253642891955465
1206.5,1.2064999999999984,5.227864289195523
1207.0,1.2070000000000007,5.226602703804275
1207.5,1.2075000000000031,5.229102703804287
1208.0,1.2079999999999984,5.231602703804263
1208.5,1.2085000000000008,5.234102703804275
1209.0,1.2090000000000032,5.232741283299944
1209.5,1.2094999999999985,5.235241283299921
1210.0,1.2100000000000009,5.237741283299933
1210.5,1.2105000000000032,5.2362948159280265
1211.0,1.2109999999999985,5.238794815928003
1211.5,1.211500000000001,5.241294815928015
1212.0,1.2120000000000033,5.239773334991433
1212.5,1.2124999999999986,5.24227333499141
1213.0,1.213000000000001,5.244773334991422
1213.5,1.2135000000000034,5.243198900487656
1214.0,1.2139999999999986,5.245698900487632
1214.5,1.214500000000001,5.248198900487644
1215.0,1.2150000000000034,5.246612105960757
1215.5,1.2154999999999987,5.249112105960734
1216.0,1.216000000000001,5.251612105960746
1216.5,1.2165000000000035,5.250041063077795
1217.0,1.2169999999999987,5.252541063077771
1217.5,1.2175000000000011,5.255041063077783
1218.0,1.2179999999999964,5.253513934380436
1218.5,1.2184999999999988,5.256013934380448
1219.0,1.2190000000000012,5.25851393438046
1219.5,1.2195000000000036,5.257070133874464
1220.0,1.2199999999999989,5.2595701338744405
1220.5,1.2205000000000013,5.262070133874452
1221.0,1.2209999999999965,5.260746357411037
1221.5,1.221499999999999,5.263246357411049
1222.0,1.2220000000000013,5.265746357411061
1222.5,1.2224999999999966,5.264577715546821
1223.0,1.222999999999999,5.267077715546833
1223.5,1.2235000000000014,5.269577715546845
1224.0,1.2239999999999966,5.268599999325616
1224.5,1.224499999999999,5.271099999325628
1225.0,1.2250000000000014,5.27359999932564
1225.5,1.2254999999999967,5.272840702649155
1226.0,1.225999999999999,5.275340702649167
1226.5,1.2265000000000015,5.277840702649179
1227.0,1.2269999999999968,5.277288026789435
1227.5,1.2274999999999991,5.279788026789447
1228.0,1.2280000000000015,5.282288026789459
1228.5,1.2284999999999968,5.2819361538865905
1229.0,1.2289999999999992,5.2844361538866025
1229.5,1.2295000000000016,5.286936153886614
1230.0,1.2299999999999969,5.286749438668217
1230.5,1.2304999999999993,5.289249438668229
1231.0,1.2310000000000016,5.291749438668241
1231.5,1.231499999999997,5.291656176403023
1232.0,1.2319999999999993,5.294156176403035
1232.5,1.2325000000000017,5.296656176403047
1233.0,1.232999999999997,5.296578561563301
1233.5,1.2334999999999994,5.299078561563313
1234.0,1.2340000000000018,5.301578561563325
1234.5,1.234499999999997,5.301458140918243
1235.0,1.2349999999999994,5.303958140918255
1235.5,1.2355000000000018,5.3064581409182665
1236.0,1.235999999999997,5.3062487120141455
1236.5,1.2364999999999995,5.308748712014157
1237.0,1.2370000000000019,5.311248712014169
1237.5,1.2374999999999972,5.310919344540288
1238.0,1.2379999999999995,5.3134193445403
1238.5,1.238500000000002,5.315919344540312
1239.0,1.2389999999999972,5.315480831555526
1239.5,1.2394999999999996,5.317980831555538
1240.0,1.240000000000002,5.32048083155555
1240.5,1.2404999999999973,5.319962168582677
1241.0,1.2409999999999997,5.322462168582689
1241.5,1.241500000000002,5.324962168582701
1242.0,1.2419999999999973,5.3243928415457376
1242.5,1.2424999999999997,5.3268928415457495
1243.0,1.243000000000002,5.329392841545761
1243.5,1.2434999999999974,5.328820367277771
1244.0,1.2439999999999998,5.331320367277783
1244.5,1.2445000000000022,5.333820367277795
1245.0,1.2449999999999974,5.3332817775933705
1245.5,1.2454999999999998,5.3357817775933825
1246.0,1.2460000000000022,5.338281777593394
1246.5,1.2464999999999975,5.337830343360643
1247.0,1.2469999999999999,5.340330343360655
1247.5,1.2475000000000023,5.342830343360667
1248.0,1.2479999999999976,5.342511442831608
1248.5,1.2485,5.34501144283162
1249.0,1.2490000000000023,5.347511442831632
1249.5,1.2494999999999976,5.347358087600185
1250.0,1.25,5.349858087600197
1250.5,1.2505000000000024,5.352358087600209
1251.0,1.2509999999999977,5.352418332970892
1251.5,1.2515,5.354918332970904
1252.0,1.2520000000000024,5.357418332970916
1252.5,1.2524999999999977,5.357718743204458
1253.0,1.2530000000000001,5.36021874320447
1253.5,1.2535000000000025,5.362718743204482
1254.0,1.2539999999999978,5.363264202978719
1254.5,1.2545000000000002,5.365764202978731
1255.0,1.2550000000000026,5.368264202978743
1255.5,1.2554999999999978,5.369067338598867
1256.0,1.2560000000000002,5.371567338598879
1256.5,1.2565000000000026,5.374067338598891
1257.0,1.256999999999998,5.375126400407062
1257.5,1.2575000000000003,5.377626400407074
1258.0,1.2580000000000027,5.380126400407086
1258.5,1.258499999999998,5.381419859569085
1259.0,1.2590000000000003,5.383919859569097
1259.5,1.2595000000000027,5.386419859569109
1260.0,1.259999999999998,5.387911863227899
1260.5,1.2605000000000004,5.390411863227911
1261.0,1.2610000000000028,5.392911863227923
1261.5,1.261499999999998,5.394542538909732
1262.0,1.2620000000000005,5.397042538909744
1262.5,1.2625000000000028,5.399542538909756
1263.0,1.2629999999999981,5.401227165052269
1263.5,1.2635000000000005,5.403727165052281
1264.0,1.264000000000003,5.406227165052293
1264.5,1.2644999999999982,5.407863882141974
1265.0,1.2650000000000006,5.410363882141986
1265.5,1.265500000000003,5.412863882141998
1266.0,1.2659999999999982,5.4143541288834385
1266.5,1.2665000000000006,5.41685412888345
1267.0,1.267000000000003,5.419354128883462
1267.5,1.2674999999999983,5.42063768632179
1268.0,1.2680000000000007,5.423137686321802
1268.5,1.268500000000003,5.425637686321814
1269.0,1.2689999999999984,5.4266519867091745
1269.5,1.2695000000000007,5.429151986709186
1270.0,1.2700000000000031,5.431651986709198
1270.5,1.2704999999999984,5.432394224080035
1271.0,1.2710000000000008,5.434894224080047
1271.5,1.2715000000000032,5.437394224080059
1272.0,1.2719999999999985,5.43788459173264
1272.5,1.2725000000000009,5.440384591732652
1273.0,1.2730000000000032,5.442884591732664
1273.5,1.2734999999999985,5.4431784618709855
1274.0,1.274000000000001,5.4456784618709975
1274.5,1.2745000000000033,5.448178461871009
1275.0,1.2749999999999986,5.448330339181702
1275.5,1.275500000000001,5.450830339181714
1276.0,1.2760000000000034,5.453330339181726
1276.5,1.2764999999999986,5.453397787049852
1277.0,1.277000000000001,5.455897787049864
1277.5,1.2775000000000034,5.458397787049876
1278.0,1.2779999999999987,5.458450400679915
1278.5,1.278500000000001,5.460950400679927
1279.0,1.2790000000000035,5.463450400679939
1279.5,1.2794999999999987,5.463545275268338
1280.0,1.2800000000000011,5.46604527526835
1280.5,1.2804999999999964,5.468545275268326
1281.0,1.2809999999999988,5.468744343793013
1281.5,1.2815000000000012,5.471244343793025
1282.0,1.2820000000000036,5.473744343793037
1282.5,1.2824999999999989,5.474069799440038
1283.0,1.2830000000000013,5.47656979944005
1283.5,1.2834999999999965,5.479069799440026
1284.0,1.283999999999999,5.481569799440038
1284.5,1.2845000000000013,5.482048128879384
1285.0,1.2849999999999966,5.484548128879361
1285.5,1.285499999999999,5.487048128879373
1286.0,1.2860000000000014,5.487685507858018
1286.5,1.2864999999999966,5.490185507857994
1287.0,1.286999999999999,5.492685507858006
1287.5,1.2875000000000014,5.493457634886205
1288.0,1.2879999999999967,5.495957634886182
1288.5,1.288499999999999,5.4984576348861935
1289.0,1.2890000000000015,5.49932474613783
1289.5,1.2894999999999968,5.501824746137807
1290.0,1.2899999999999991,5.504324746137819
1290.5,1.2905000000000015,5.5052389957238645
1291.0,1.2909999999999968,5.507738995723841
1291.5,1.2914999999999992,5.510238995723853
1292.0,1.2920000000000016,5.511167743219332
1292.5,1.2924999999999969,5.513667743219308
1293.0,1.2929999999999993,5.51616774321932
1293.5,1.2935000000000016,5.517067026508755
1294.0,1.293999999999997,5.5195670265087315
1294.5,1.2944999999999993,5.5220670265087435
1295.0,1.2950000000000017,5.522905901226345
1295.5,1.295499999999997,5.525405901226321
1296.0,1.2959999999999994,5.527905901226333
1296.5,1.2965000000000018,5.528649687782412
1297.0,1.296999999999997,5.5311496877823885
1297.5,1.2974999999999994,5.5336496877824
1298.0,1.2980000000000018,5.534268618767726
1298.5,1.298499999999997,5.536768618767702
1299.0,1.2989999999999995,5.539268618767714
1299.5,1.2995000000000019,5.5397180973401206
1300.0,1.2999999999999972,5.542218097340097
1300.5,1.3004999999999995,5.544718097340109
1301.0,1.301000000000002,5.544989897018837
1301.5,1.3014999999999972,5.547489897018814
1302.0,1.3019999999999996,5.5499898970188255
1302.5,1.302500000000002,5.550062763733834
1303.0,1.3029999999999973,5.55256276373381
1303.5,1.3034999999999997,5.555062763733822
1304.0,1.304000000000002,5.554927063966986
1304.5,1.3044999999999973,5.557427063966962
1305.0,1.3049999999999997,5.559927063966974
1305.5,1.305500000000002,5.559580568730311
1306.0,1.3059999999999974,5.562080568730288
1306.5,1.3064999999999998,5.5645805687303
1307.0,1.3070000000000022,5.564045540816593
1307.5,1.3074999999999974,5.56654554081657
1308.0,1.3079999999999998,5.569045540816582
1308.5,1.3085000000000022,5.5683502741153035
1309.0,1.3089999999999975,5.57085027411528
1309.5,1.3094999999999999,5.573350274115292
1310.0,1.3100000000000023,5.572514526494139
1310.5,1.3104999999999976,5.575014526494115
1311.0,1.311,5.577514526494127
1311.5,1.3115000000000023,5.5765672117767195
1312.0,1.3119999999999976,5.579067211776696
1312.5,1.3125,5.581567211776708
1313.0,1.3130000000000024,5.580522769583176
1313.5,1.3134999999999977,5.5830227695831525
1314.0,1.314,5.585522769583164
1314.5,1.3145000000000024,5.584414351386897
1315.0,1.3149999999999977,5.5869143513868735
1315.5,1.3155000000000001,5.5894143513868855
1316.0,1.3160000000000025,5.5882708717308205
1316.5,1.3164999999999978,5.590770871730797
1317.0,1.3170000000000002,5.593270871730809
1317.5,1.3175000000000026,5.592109026685961
1318.0,1.3179999999999978,5.594609026685937
1318.5,1.3185000000000002,5.597109026685949
1319.0,1.3190000000000026,5.595961589250322
1319.5,1.319499999999998,5.598461589250299
1320.0,1.3200000000000003,5.600961589250311
1320.5,1.3205000000000027,5.599831425016042
1321.0,1.320999999999998,5.602331425016018
1321.5,1.3215000000000003,5.60483142501603
1322.0,1.3220000000000027,5.603707841577368
1322.5,1.322499999999998,5.606207841577344
1323.0,1.3230000000000004,5.608707841577356
1323.5,1.3235000000000028,5.607584951209539
1324.0,1.323999999999998,5.610084951209515
1324.5,1.3245000000000005,5.612584951209527
1325.0,1.3250000000000028,5.611459743491594
1325.5,1.3254999999999981,5.61395974349157
1326.0,1.3260000000000005,5.616459743491582
1326.5,1.326500000000003,5.615329095218264
1327.0,1.3269999999999982,5.617829095218241
1327.5,1.3275000000000006,5.620329095218253
1328.0,1.328000000000003,5.61921870507561
1328.5,1.3284999999999982,5.621718705075587
1329.0,1.3290000000000006,5.624218705075599
1329.5,1.329500000000003,5.623158492898845
1330.0,1.3299999999999983,5.625658492898822
1330.5,1.3305000000000007,5.628158492898834
1331.0,1.331000000000003,5.627141893792604
1331.5,1.3314999999999984,5.629641893792581
1332.0,1.3320000000000007,5.632141893792593
1332.5,1.3325000000000031,5.631147205167828
1333.0,1.3329999999999984,5.633647205167804
1333.5,1.3335000000000008,5.636147205167816
1334.0,1.3340000000000032,5.635169904998563
1334.5,1.3344999999999985,5.637669904998539
1335.0,1.3350000000000009,5.640169904998551
1335.5,1.3355000000000032,5.639182351560343
1336.0,1.3359999999999985,5.64168235156032
1336.5,1.336500000000001,5.644182351560332
1337.0,1.3370000000000033,5.643197394269492
1337.5,1.3374999999999986,5.645697394269469
1338.0,1.338000000000001,5.648197394269481
1338.5,1.3385000000000034,5.647212045007528
1339.0,1.3389999999999986,5.6497120450075045
1339.5,1.339500000000001,5.652212045007516
1340.0,1.3400000000000034,5.6512317865362505
1340.5,1.3404999999999987,5.653731786536227
1341.0,1.341000000000001,5.656231786536239
1341.5,1.3415000000000035,5.6552515336370845
1342.0,1.3419999999999987,5.657751533637061
1342.5,1.3425000000000011,5.660251533637073
1343.0,1.3429999999999964,5.659285671999257
1343.5,1.3434999999999988,5.661785671999269
1344.0,1.3440000000000012,5.664285671999281
1344.5,1.3445000000000036,5.663359334377276
1345.0,1.3449999999999989,5.665859334377252
1345.5,1.3455000000000013,5.668359334377264
1346.0,1.3459999999999965,5.667465999943104
1346.5,1.346499999999999,5.669965999943116
1347.0,1.3470000000000013,5.672465999943128
1347.5,1.3474999999999966,5.671619053151709
1348.0,1.347999999999999,5.6741190531517205
1348.5,1.3485000000000014,5.676619053151732
1349.0,1.3489999999999966,5.675815211701689
1349.5,1.349499999999999,5.678315211701701
1350.0,1.3500000000000014,5.680815211701713
1350.5,1.3504999999999967,5.68005674745212
1351.0,1.350999999999999,5.682556747452132
1351.5,1.3515000000000015,5.685056747452144
1352.0,1.3519999999999968,5.684362089394064
1352.5,1.3524999999999991,5.686862089394076
1353.0,1.3530000000000015,5.689362089394088
1353.5,1.3534999999999968,5.688736495664628
1354.0,1.3539999999999992,5.69123649566464
1354.5,1.3545000000000016,5.693736495664652
1355.0,1.3549999999999969,5.693208098512734
1355.5,1.3554999999999993,5.695708098512746
1356.0,1.3560000000000016,5.698208098512758
1356.5,1.356499999999997,5.697786940115641
1357.0,1.3569999999999993,5.700286940115653
1357.5,1.3575000000000017,5.702786940115665
1358.0,1.357999999999997,5.7024848947628115
1358.5,1.3584999999999994,5.7049848947628234
1359.0,1.3590000000000018,5.707484894762835
1359.5,1.359499999999997,5.709984894762812
1360.0,1.3599999999999994,5.709794030469517
1360.5,1.3605000000000018,5.712294030469529
1361.0,1.360999999999997,5.7147940304695055
1361.5,1.3614999999999995,5.714696677953199
1362.0,1.3620000000000019,5.717196677953211
1362.5,1.3624999999999972,5.719696677953188
1363.0,1.3629999999999995,5.719677410319264
1363.5,1.363500000000002,5.722177410319276
1364.0,1.3639999999999972,5.724677410319252
1364.5,1.3644999999999996,5.724742077215552
1365.0,1.365000000000002,5.727242077215564
1365.5,1.3654999999999973,5.7297420772155405
1366.0,1.3659999999999997,5.729874778466666
1366.5,1.366500000000002,5.732374778466678
1367.0,1.3669999999999973,5.734874778466654
1367.5,1.3674999999999997,5.735053997312569
1368.0,1.368000000000002,5.737553997312581
1368.5,1.3684999999999974,5.7400539973125575
1369.0,1.3689999999999998,5.740285191949113
1369.5,1.3695000000000022,5.742785191949125
1370.0,1.3699999999999974,5.745285191949101
1370.5,1.3704999999999998,5.745566071132053
1371.0,1.3710000000000022,5.748066071132065
1371.5,1.3714999999999975,5.750566071132042
1372.0,1.3719999999999999,5.75089908481047
1372.5,1.3725000000000023,5.753399084810482
1373.0,1.3729999999999976,5.7558990848104585
1373.5,1.3735,5.756293302734541
1374.0,1.3740000000000023,5.758793302734553
1374.5,1.3744999999999976,5.761293302734529
1375.0,1.375,5.761739933903947
1375.5,1.3755000000000024,5.7642399339039585
1376.0,1.3759999999999977,5.766739933903935
1376.5,1.3765,5.767224623868792
1377.0,1.3770000000000024,5.769724623868804
1377.5,1.3774999999999977,5.77222462386878
1378.0,1.3780000000000001,5.772695729109287
1378.5,1.3785000000000025,5.775195729109299
1379.0,1.3789999999999978,5.777695729109276
1379.5,1.3795000000000002,5.778112323713138
1380.0,1.3800000000000026,5.78061232371315
1380.5,1.3804999999999978,5.783112323713127
1381.0,1.3810000000000002,5.783457370405571
1381.5,1.3815000000000026,5.785957370405583
1382.0,1.381999999999998,5.78845737040556
1382.5,1.3825000000000003,5.788715212038191
1383.0,1.3830000000000027,5.791215212038203
1383.5,1.383499999999998,5.79371521203818
1384.0,1.3840000000000003,5.7939000705559
1384.5,1.3845000000000027,5.7964000705559116
1385.0,1.384999999999998,5.798900070555888
1385.5,1.3855000000000004,5.79904123758979
1386.0,1.3860000000000028,5.801541237589802
1386.5,1.386499999999998,5.804041237589779
1387.0,1.3870000000000005,5.804157837465418
1387.5,1.3875000000000028,5.80665783746543
1388.0,1.3879999999999981,5.809157837465406
1388.5,1.3885000000000005,5.809286457637981
1389.0,1.389000000000003,5.811786457637993
1389.5,1.3894999999999982,5.814286457637969
1390.0,1.3900000000000006,5.814435985187494
1390.5,1.390500000000003,5.816935985187506
1391.0,1.3909999999999982,5.819435985187482
1391.5,1.3915000000000006,5.819616517795119
1392.0,1.392000000000003,5.822116517795131
1392.5,1.3924999999999983,5.824616517795107
1393.0,1.3930000000000007,5.824839827545247
1393.5,1.393500000000003,5.827339827545259
1394.0,1.3939999999999984,5.829839827545236
1394.5,1.3945000000000007,5.830087894783524
1395.0,1.3950000000000031,5.832587894783536
1395.5,1.3954999999999984,5.835087894783513
1396.0,1.3960000000000008,5.8353463710600195
1396.5,1.3965000000000032,5.8378463710600315
1397.0,1.3969999999999985,5.840346371060008
1397.5,1.3975000000000009,5.840608372364855
1398.0,1.3980000000000032,5.843108372364867
1398.5,1.3984999999999985,5.845608372364843
1399.0,1.399000000000001,5.845892445006804
1399.5,1.3995000000000033,5.848392445006816
1400.0,1.3999999999999986,5.850892445006792
1400.5,1.400500000000001,5.851214794227495
1401.0,1.4010000000000034,5.853714794227507
1401.5,1.4014999999999986,5.856214794227483
1402.0,1.402000000000001,5.856571792031353
1402.5,1.4025000000000034,5.859071792031365
1403.0,1.4029999999999987,5.8615717920313415
1403.5,1.403500000000001,5.861942749888911
1404.0,1.4040000000000035,5.864442749888923
1404.5,1.4044999999999987,5.866942749888899
1405.0,1.4050000000000011,5.867296921235159
1405.5,1.4054999999999964,5.869796921235135
1406.0,1.4059999999999988,5.872296921235147
1406.5,1.4065000000000012,5.872609198304843
1407.0,1.4070000000000036,5.875109198304855
1407.5,1.4074999999999989,5.877609198304832
1408.0,1.4080000000000013,5.877829932722491
1408.5,1.4084999999999965,5.880329932722468
1409.0,1.408999999999999,5.88282993272248
1409.5,1.4095000000000013,5.8829171473575315
1410.0,1.4099999999999966,5.885417147357508
1410.5,1.410499999999999,5.88791714735752
1411.0,1.4110000000000014,5.887844302773573
1411.5,1.4114999999999966,5.890344302773549
1412.0,1.411999999999999,5.892844302773561
1412.5,1.4125000000000014,5.892585723705643
1413.0,1.4129999999999967,5.89508572370562
1413.5,1.413499999999999,5.897585723705632
1414.0,1.4140000000000015,5.897138981837031
1414.5,1.4144999999999968,5.899638981837008
1415.0,1.4149999999999991,5.90213898183702
1415.5,1.4155000000000015,5.9014995990957075
1416.0,1.4159999999999968,5.903999599095684
1416.5,1.4164999999999992,5.906499599095696
1417.0,1.4170000000000016,5.905689716700024
1417.5,1.4174999999999969,5.908189716700001
1418.0,1.4179999999999993,5.910689716700013
1418.5,1.4185000000000016,5.909756260823933
1419.0,1.418999999999997,5.912256260823909
1419.5,1.4194999999999993,5.914756260823921
1420.0,1.4200000000000017,5.91373335573202
1420.5,1.420499999999997,5.916233355731997
1421.0,1.4209999999999994,5.918733355732009
1421.5,1.4215000000000018,5.9176611191091055
1422.0,1.421999999999997,5.920161119109082
1422.5,1.4224999999999994,5.922661119109094
1423.0,1.4230000000000018,5.921559233718412
1423.5,1.423499999999997,5.924059233718388
1424.0,1.4239999999999995,5.9265592337184
1424.5,1.4245000000000019,5.925439361838478
1425.0,1.4249999999999972,5.927939361838455
1425.5,1.4254999999999995,5.9304393618384665
1426.0,1.426000000000002,5.929300116594689
1426.5,1.4264999999999972,5.931800116594665
1427.0,1.4269999999999996,5.934300116594677
1427.5,1.427500000000002,5.933115559306259
1428.0,1.4279999999999973,5.935615559306235
1428.5,1.4284999999999997,5.938115559306247
1429.0,1.429000000000002,5.936875639651618
1429.5,1.4294999999999973,5.939375639651594
1430.0,1.4299999999999997,5.941875639651606
1430.5,1.430500000000002,5.940576207653088
1431.0,1.4309999999999974,5.943076207653064
1431.5,1.4314999999999998,5.945576207653076
1432.0,1.4320000000000022,5.944227532860573
1432.5,1.4324999999999974,5.94672753286055
1433.0,1.4329999999999998,5.9492275328605615
1433.5,1.4335000000000022,5.94785059656747
1434.0,1.4339999999999975,5.950350596567446
1434.5,1.4344999999999999,5.952850596567458
1435.0,1.4350000000000023,5.95535059656747
1435.5,1.4354999999999976,5.953967857146942
1436.0,1.436,5.956467857146954
1436.5,1.4365000000000023,5.958967857146966
1437.0,1.4369999999999976,5.957599191627203
1437.5,1.4375,5.960099191627215
1438.0,1.4380000000000024,5.962599191627227
1438.5,1.4384999999999977,5.9612529309144335
1439.0,1.439,5.9637529309144455
1439.5,1.4395000000000024,5.966252930914457
1440.0,1.4399999999999977,5.964924970122141
1440.5,1.4405000000000001,5.967424970122153
1441.0,1.4410000000000025,5.969924970122165
1441.5,1.4414999999999978,5.968596284637506
1442.0,1.4420000000000002,5.971096284637518
1442.5,1.4425000000000026,5.97359628463753
1443.0,1.4429999999999978,5.972260889754075
1443.5,1.4435000000000002,5.974760889754087
1444.0,1.4440000000000026,5.977260889754099
1444.5,1.444499999999998,5.9759063848416005
1445.0,1.4450000000000003,5.9784063848416125
1445.5,1.4455000000000027,5.980906384841624
1446.0,1.445999999999998,5.979532627643671
1446.5,1.4465000000000003,5.982032627643683
1447.0,1.4470000000000027,5.984532627643695
1447.5,1.447499999999998,5.98314417465847
1448.0,1.4480000000000004,5.985644174658482
1448.5,1.4485000000000028,5.988144174658494
1449.0,1.448999999999998,5.986736211490893
1449.5,1.4495000000000005,5.989236211490905
1450.0,1.4500000000000028,5.991736211490917
1450.5,1.4504999999999981,5.990331200554628
1451.0,1.4510000000000005,5.99283120055464
1451.5,1.451500000000003,5.995331200554652
1452.0,1.4519999999999982,5.993975116862842
1452.5,1.4525000000000006,5.996475116862854
1453.0,1.453000000000003,5.998975116862866
1453.5,1.4534999999999982,5.9976861383493585
1454.0,1.4540000000000006,6.00018613834937
1454.5,1.454500000000003,6.002686138349382
1455.0,1.4549999999999983,6.001498355232897
1455.5,1.4555000000000007,6.003998355232909
1456.0,1.456000000000003,6.006498355232921
1456.5,1.4564999999999984,6.005417563805935
1457.0,1.4570000000000007,6.007917563805947
1457.5,1.4575000000000031,6.010417563805959
1458.0,1.4579999999999984,6.009451890533484
1458.5,1.4585000000000008,6.011951890533496
1459.0,1.4590000000000032,6.014451890533508
1459.5,1.4594999999999985,6.013638425071939
1460.0,1.4600000000000009,6.016138425071951
1460.5,1.4605000000000032,6.018638425071963
1461.0,1.4609999999999985,6.017971749622042
1461.5,1.461500000000001,6.020471749622054
1462.0,1.4620000000000033,6.022971749622066
1462.5,1.4624999999999986,6.0224392517623215
1463.0,1.463000000000001,6.0249392517623335
1463.5,1.4635000000000034,6.027439251762345
1464.0,1.4639999999999986,6.027006041005123
1464.5,1.464500000000001,6.029506041005135
1465.0,1.4650000000000034,6.032006041005147
1465.5,1.4654999999999987,6.031635779928912
1466.0,1.466000000000001,6.034135779928924
1466.5,1.4665000000000035,6.036635779928936
1467.0,1.4669999999999987,6.036280321116294
1467.5,1.4675000000000011,6.038780321116306
1468.0,1.4679999999999964,6.041280321116282
1468.5,1.4684999999999988,6.040882560307104
1469.0,1.4690000000000012,6.043382560307116
1469.5,1.4695000000000036,6.045882560307128
1470.0,1.4699999999999989,6.045399189917546
1470.5,1.4705000000000013,6.047899189917558
1471.0,1.4709999999999965,6.050399189917535
1471.5,1.471499999999999,6.049837999746188
1472.0,1.4720000000000013,6.0523379997462
1472.5,1.4724999999999966,6.0548379997461765
1473.0,1.472999999999999,6.054186437441196
1473.5,1.4735000000000014,6.056686437441208
1474.0,1.4739999999999966,6.059186437441184
1474.5,1.474499999999999,6.058442172252505
1475.0,1.4750000000000014,6.060942172252517
1475.5,1.4754999999999967,6.063442172252493
1476.0,1.475999999999999,6.062609717592693
1476.5,1.4765000000000015,6.065109717592705
1477.0,1.4769999999999968,6.067609717592681
1477.5,1.4774999999999991,6.0667063296859425
1478.0,1.4780000000000015,6.069206329685954
1478.5,1.4784999999999968,6.071706329685931
1479.0,1.4789999999999992,6.070763744382717
1479.5,1.4795000000000016,6.073263744382729
1480.0,1.4799999999999969,6.075763744382705
1480.5,1.4804999999999993,6.074808682311144
1481.0,1.4810000000000016,6.0773086823111555
1481.5,1.481499999999997,6.079808682311132
1482.0,1.4819999999999993,6.078881099315083
1482.5,1.4825000000000017,6.081381099315095
1483.0,1.482999999999997,6.083881099315072
1483.5,1.4834999999999994,6.083032559858488
1484.0,1.4840000000000018,6.0855325598585
1484.5,1.484499999999997,6.088032559858476
1485.0,1.4849999999999994,6.087289779723939
1485.5,1.4855000000000018,6.089789779723951
1486.0,1.485999999999997,6.092289779723927
1486.5,1.4864999999999995,6.091688911161803
1487.0,1.4870000000000019,6.094188911161815
1487.5,1.4874999999999972,6.096688911161792
1488.0,1.4879999999999995,6.096235902259153
1488.5,1.488500000000002,6.098735902259165
1489.0,1.4889999999999972,6.101235902259141
1489.5,1.4894999999999996,6.100912229695261
1490.0,1.490000000000002,6.103412229695273
1490.5,1.4904999999999973,6.1059122296952495
1491.0,1.4909999999999997,6.105714934924258
1491.5,1.491500000000002,6.10821493492427
1492.0,1.4919999999999973,6.110714934924246
1492.5,1.4924999999999997,6.110628373699569
1493.0,1.493000000000002,6.113128373699581
1493.5,1.4934999999999974,6.115628373699558
1494.0,1.4939999999999998,6.115605828054385
1494.5,1.4945000000000022,6.1181058280543965
1495.0,1.4949999999999974,6.120605828054373
1495.5,1.4954999999999998,6.120592800550355
1496.0,1.4960000000000022,6.123092800550367
1496.5,1.4964999999999975,6.1255928005503435
1497.0,1.4969999999999999,6.125514648022836
1497.5,1.4975000000000023,6.128014648022848
1498.0,1.4979999999999976,6.1305146480228245
1498.5,1.4985,6.130307558792616
1499.0,1.4990000000000023,6.132807558792628
1499.5,1.4994999999999976,6.135307558792604
1500.0,1.5,6.134923428495931
1500.5,1.5005000000000024,6.137423428495943
1501.0,1.5009999999999977,6.139923428495919
1501.5,1.5015,6.139359893404617
1502.0,1.5020000000000024,6.141859893404629
1502.5,1.5024999999999977,6.144359893404605
1503.0,1.5030000000000001,6.14365741951616
1503.5,1.5035000000000025,6.146157419516172
1504.0,1.5039999999999978,6.148657419516148
1504.5,1.5045000000000002,6.1478581639712
1505.0,1.5050000000000026,6.150358163971212
1505.5,1.5054999999999978,6.152858163971189
1506.0,1.5060000000000002,6.1519785991629305
1506.5,1.5065000000000026,6.1544785991629425
1507.0,1.506999999999998,6.156978599162919
1507.5,1.5075000000000003,6.156023574554048
1508.0,1.5080000000000027,6.15852357455406
1508.5,1.508499999999998,6.1610235745540365
1509.0,1.5090000000000003,6.160017723967357
1509.5,1.5095000000000027,6.162517723967369
1510.0,1.509999999999998,6.165017723967345
1510.5,1.5105000000000004,6.167517723967357
1511.0,1.5110000000000028,6.166492801726164
1511.5,1.511499999999998,6.168992801726141
1512.0,1.5120000000000005,6.171492801726153
1512.5,1.5125000000000028,6.170499118130479
1513.0,1.5129999999999981,6.1729991181304555
1513.5,1.5135000000000005,6.1754991181304675
1514.0,1.514000000000003,6.174558669499852
1514.5,1.5144999999999982,6.177058669499829
1515.0,1.5150000000000006,6.179558669499841
1515.5,1.515500000000003,6.178696399366181
1516.0,1.5159999999999982,6.181196399366158
1516.5,1.5165000000000006,6.18369639936617
1517.0,1.517000000000003,6.182937693814345
1517.5,1.5174999999999983,6.185437693814322
1518.0,1.5180000000000007,6.187937693814334
1518.5,1.518500000000003,6.187270280098751
1519.0,1.5189999999999984,6.1897702800987275
1519.5,1.5195000000000007,6.1922702800987395
1520.0,1.5200000000000031,6.19164478861677
1520.5,1.5204999999999984,6.194144788616747
1521.0,1.5210000000000008,6.196644788616759
1521.5,1.5215000000000032,6.196041363334359
1522.0,1.5219999999999985,6.198541363334336
1522.5,1.5225000000000009,6.2010413633343475
1523.0,1.5230000000000032,6.20043705826582
1523.5,1.5234999999999985,6.202937058265796
1524.0,1.524000000000001,6.205437058265808
1524.5,1.5245000000000033,6.204806355578469
1525.0,1.5249999999999986,6.207306355578446
1525.5,1.525500000000001,6.209806355578458
1526.0,1.5260000000000034,6.209136135842144
1526.5,1.5264999999999986,6.21163613584212
1527.0,1.527000000000001,6.214136135842132
1527.5,1.5275000000000034,6.213421219385147
1528.0,1.5279999999999987,6.215921219385123
1528.5,1.528500000000001,6.218421219385135
1529.0,1.5290000000000035,6.217648014711514
1529.5,1.5294999999999987,6.220148014711491
1530.0,1.5300000000000011,6.222648014711503
1530.5,1.5304999999999964,6.221804436864673
1531.0,1.5309999999999988,6.224304436864685
1531.5,1.5315000000000012,6.226804436864697
1532.0,1.5320000000000036,6.22587475847773
1532.5,1.5324999999999989,6.228374758477706
1533.0,1.5330000000000013,6.230874758477718
1533.5,1.5334999999999965,6.229870925603542
1534.0,1.533999999999999,6.232370925603554
1534.5,1.5345000000000013,6.234870925603566
1535.0,1.5350000000000037,6.233772465951084
1535.5,1.535499999999999,6.23627246595106
1536.0,1.5360000000000014,6.238772465951072
1536.5,1.5364999999999966,6.237560425514026
1537.0,1.536999999999999,6.240060425514038
1537.5,1.5375000000000014,6.24256042551405
1538.0,1.5379999999999967,6.241208960489892
1538.5,1.538499999999999,6.243708960489904
1539.0,1.5390000000000015,6.246208960489916
1539.5,1.5394999999999968,6.244705956259509
1540.0,1.5399999999999991,6.247205956259521
1540.5,1.5405000000000015,6.2497059562595325
1541.0,1.5409999999999968,6.2480539782908195
1541.5,1.5414999999999992,6.2505539782908315
1542.0,1.5420000000000016,6.253053978290843
1542.5,1.5424999999999969,6.2512671499904116
1543.0,1.5429999999999993,6.2537671499904235
1543.5,1.5435000000000016,6.256267149990435
1544.0,1.543999999999997,6.254370299419065
1544.5,1.5444999999999993,6.256870299419077
1545.0,1.5450000000000017,6.259370299419089
1545.5,1.545499999999997,6.257396300522551
1546.0,1.5459999999999994,6.259896300522563
1546.5,1.5465000000000018,6.262396300522575
1547.0,1.546999999999997,6.260388849740437
1547.5,1.5474999999999994,6.262888849740449
1548.0,1.5480000000000018,6.265388849740461
1548.5,1.548499999999997,6.263381244696049
1549.0,1.5489999999999995,6.265881244696061
1549.5,1.5495000000000019,6.268381244696073
1550.0,1.5499999999999972,6.266408175140903
1550.5,1.5504999999999995,6.268908175140915
1551.0,1.551000000000002,6.271408175140927
1551.5,1.5514999999999972,6.269492459223827
1552.0,1.5519999999999996,6.2719924592238385
1552.5,1.552500000000002,6.2744924592238505
1553.0,1.5529999999999973,6.272659532513742
1553.5,1.5534999999999997,6.275159532513754
1554.0,1.554000000000002,6.277659532513766
1554.5,1.5544999999999973,6.275939728635258
1555.0,1.5549999999999997,6.27843972863527
1555.5,1.555500000000002,6.280939728635282
1556.0,1.5559999999999974,6.279364186771339
1556.5,1.5564999999999998,6.281864186771351
1557.0,1.5570000000000022,6.284364186771363
1557.5,1.5574999999999974,6.282979974287883
1558.0,1.5579999999999998,6.285479974287895
1558.5,1.5585000000000022,6.287979974287907
1559.0,1.5589999999999975,6.2868192525451505
1559.5,1.5594999999999999,6.289319252545162
1560.0,1.5600000000000023,6.291819252545174
1560.5,1.5604999999999976,6.290905279906696
1561.0,1.561,6.2934052799067075
1561.5,1.5615000000000023,6.295905279906719
1562.0,1.5619999999999976,6.295215648069004
1562.5,1.5625,6.2977156480690155
1563.0,1.5630000000000024,6.3002156480690275
1563.5,1.5634999999999977,6.2997006150602175
1564.0,1.564,6.302200615060229
1564.5,1.5645000000000024,6.304700615060241
1565.0,1.5649999999999977,6.30429825328779
1565.5,1.5655000000000001,6.306798253287802
1566.0,1.5660000000000025,6.309298253287814
1566.5,1.5664999999999978,6.308956372069012
1567.0,1.5670000000000002,6.311456372069024
1567.5,1.5675000000000026,6.313956372069036
1568.0,1.5679999999999978,6.313636257497848
1568.5,1.5685000000000002,6.31613625749786
1569.0,1.5690000000000026,6.318636257497872
1569.5,1.569499999999998,6.318319818033018
1570.0,1.5700000000000003,6.32081981803303
1570.5,1.5705000000000027,6.323319818033042
1571.0,1.570999999999998,6.323006841204801
1571.5,1.5715000000000003,6.325506841204813
1572.0,1.5720000000000027,6.328006841204825
1572.5,1.572499999999998,6.327696424189
1573.0,1.5730000000000004,6.330196424189012
1573.5,1.5735000000000028,6.332696424189024
1574.0,1.573999999999998,6.332376763326906
1574.5,1.5745000000000005,6.334876763326918
1575.0,1.5750000000000028,6.33737676332693
1575.5,1.5754999999999981,6.337030992301784
1576.0,1.5760000000000005,6.339530992301796
1576.5,1.576500000000003,6.342030992301808
1577.0,1.5769999999999982,6.3416657987738745
1577.5,1.5775000000000006,6.344165798773886
1578.0,1.578000000000003,6.346665798773898
1578.5,1.5784999999999982,6.3462916592268215
1579.0,1.5790000000000006,6.348791659226833
1579.5,1.579500000000003,6.351291659226845
1580.0,1.5799999999999983,6.350909683266224
1580.5,1.5805000000000007,6.353409683266236
1581.0,1.581000000000003,6.355909683266248
1581.5,1.5814999999999984,6.35552722694797
1582.0,1.5820000000000007,6.358027226947982
1582.5,1.5825000000000031,6.360527226947994
1583.0,1.5829999999999984,6.360183484442068
1583.5,1.5835000000000008,6.36268348444208
1584.0,1.5840000000000032,6.365183484442092
1584.5,1.5844999999999985,6.3649143968514466
1585.0,1.5850000000000009,6.3674143968514585
1585.5,1.5855000000000032,6.36991439685147
1586.0,1.5859999999999985,6.372414396851447
1586.5,1.586500000000001,6.372258858264672
1587.0,1.5870000000000033,6.374758858264684
1587.5,1.5874999999999986,6.3772588582646605
1588.0,1.588000000000001,6.377207928534467
1588.5,1.5885000000000034,6.379707928534479
1589.0,1.5889999999999986,6.382207928534456
1589.5,1.589500000000001,6.382256412591829
1590.0,1.5900000000000034,6.384756412591841
1590.5,1.5904999999999987,6.387256412591817
1591.0,1.591000000000001,6.3873754703099195
1591.5,1.5915000000000035,6.389875470309931
1592.0,1.5919999999999987,6.392375470309908
1592.5,1.5925000000000011,6.392488367021727
1593.0,1.5929999999999964,6.394988367021703
1593.5,1.5934999999999988,6.397488367021715
1594.0,1.5940000000000012,6.397547696752248
1594.5,1.5945000000000036,6.40004769675226
1595.0,1.5949999999999989,6.402547696752237
1595.5,1.5955000000000013,6.402519443349277
1596.0,1.5959999999999965,6.4050194433492535
1596.5,1.596499999999999,6.4075194433492655
1597.0,1.5970000000000013,6.407355603620921
1597.5,1.5975000000000037,6.409855603620933
1598.0,1.597999999999999,6.4123556036209095
1598.5,1.5985000000000014,6.412004790154064
1599.0,1.5989999999999966,6.414504790154041
1599.5,1.599499999999999,6.417004790154053
1600.0,1.6000000000000014,6.416422351703837
1600.5,1.6004999999999967,6.418922351703813
1601.0,1.600999999999999,6.421422351703825
1601.5,1.6015000000000015,6.420596754026988
1602.0,1.6019999999999968,6.423096754026965
1602.5,1.6024999999999991,6.4255967540269765
1603.0,1.6030000000000015,6.424524311100228
1603.5,1.6034999999999968,6.427024311100205
1604.0,1.6039999999999992,6.4295243111002165
1604.5,1.6045000000000016,6.428234540101485
1605.0,1.6049999999999969,6.4307345401014615
1605.5,1.6054999999999993,6.433234540101473
1606.0,1.6060000000000016,6.431763441136518
1606.5,1.606499999999997,6.434263441136494
1607.0,1.6069999999999993,6.436763441136506
1607.5,1.6075000000000017,6.435139449620095
1608.0,1.607999999999997,6.437639449620072
1608.5,1.6084999999999994,6.440139449620084
1609.0,1.6090000000000018,6.438442631893686
1609.5,1.609499999999997,6.4409426318936625
1610.0,1.6099999999999994,6.443442631893674
1610.5,1.6105000000000018,6.4417505546645515
1611.0,1.610999999999997,6.444250554664528
1611.5,1.6114999999999995,6.44675055466454
1612.0,1.6120000000000019,6.445162157264797
1612.5,1.6124999999999972,6.447662157264773
1613.0,1.6129999999999995,6.450162157264785
1613.5,1.613500000000002,6.448758208848417
1614.0,1.6139999999999972,6.451258208848394
1614.5,1.6144999999999996,6.453758208848406
1615.0,1.615000000000002,6.452598008816963
1615.5,1.6154999999999973,6.45509800881694
1616.0,1.6159999999999997,6.457598008816952
1616.5,1.616500000000002,6.456703408332771
1617.0,1.6169999999999973,6.459203408332748
1617.5,1.6174999999999997,6.46170340833276
1618.0,1.618000000000002,6.461067893162031
1618.5,1.6184999999999974,6.463567893162008
1619.0,1.6189999999999998,6.46606789316202
1619.5,1.6195000000000022,6.465634621398451
1620.0,1.6199999999999974,6.468134621398427
1620.5,1.6204999999999998,6.470634621398439
1621.0,1.6210000000000022,6.470337326575404
1621.5,1.6214999999999975,6.47283732657538
1622.0,1.6219999999999999,6.475337326575392
1622.5,1.6225000000000023,6.47508766503595
1623.0,1.6229999999999976,6.4775876650359265
1623.5,1.6235,6.4800876650359385
1624.0,1.6240000000000023,6.479787413902258
1624.5,1.6244999999999976,6.482287413902235
1625.0,1.625,6.4847874139022466
1625.5,1.6255000000000024,6.484363224776608
1626.0,1.6259999999999977,6.4868632247765845
1626.5,1.6265,6.489363224776596
1627.0,1.6270000000000024,6.4887724434106175
1627.5,1.6274999999999977,6.491272443410594
1628.0,1.6280000000000001,6.493772443410606
1628.5,1.6285000000000025,6.492971683804072
1629.0,1.6289999999999978,6.495471683804048
1629.5,1.6295000000000002,6.49797168380406
1630.0,1.6300000000000026,6.496911788825486
1630.5,1.6304999999999978,6.499411788825462
1631.0,1.6310000000000002,6.501911788825474
1631.5,1.6315000000000026,6.500574753526145
1632.0,1.631999999999998,6.503074753526121
1632.5,1.6325000000000003,6.505574753526133
1633.0,1.6330000000000027,6.503951809628319
1633.5,1.633499999999998,6.506451809628295
1634.0,1.6340000000000003,6.508951809628307
1634.5,1.6345000000000027,6.507036491044005
1635.0,1.634999999999998,6.509536491043981
1635.5,1.6355000000000004,6.512036491043993
1636.0,1.6360000000000028,6.509896385271148
1636.5,1.636499999999998,6.512396385271124
1637.0,1.6370000000000005,6.514896385271136
1637.5,1.6375000000000028,6.512582063629715
1638.0,1.6379999999999981,6.515082063629691
1638.5,1.6385000000000005,6.517582063629703
1639.0,1.639000000000003,6.515187314769371
1639.5,1.6394999999999982,6.517687314769347
1640.0,1.6400000000000006,6.520187314769359
1640.5,1.640500000000003,6.517815405569394
1641.0,1.6409999999999982,6.52031540556937
1641.5,1.6415000000000006,6.522815405569382
1642.0,1.642000000000003,6.520565446690263
1642.5,1.6424999999999983,6.523065446690239
1643.0,1.6430000000000007,6.525565446690251
1643.5,1.643500000000003,6.523556166076112
1644.0,1.6439999999999984,6.5260561660760885
1644.5,1.6445000000000007,6.5285561660761005
1645.0,1.6450000000000031,6.526845966885055
1645.5,1.6454999999999984,6.529345966885032
1646.0,1.6460000000000008,6.531845966885044
1646.5,1.6465000000000032,6.5304462283289055
1647.0,1.6469999999999985,6.532946228328882
1647.5,1.6475000000000009,6.535446228328894
1648.0,1.6480000000000032,6.5343458595341275
1648.5,1.6484999999999985,6.536845859534104
1649.0,1.649000000000001,6.539345859534116
1649.5,1.6495000000000033,6.538517952035683
1650.0,1.6499999999999986,6.541017952035659
1650.5,1.650500000000001,6.543517952035671
1651.0,1.6510000000000034,6.5429569472537
1651.5,1.6514999999999986,6.545456947253676
1652.0,1.652000000000001,6.547956947253688
1652.5,1.6525000000000034,6.5476253905717385
1653.0,1.6529999999999987,6.550125390571715
1653.5,1.653500000000001,6.552625390571727
1654.0,1.6540000000000035,6.552491104664817
1654.5,1.6544999999999987,6.5549911046647935
1655.0,1.6550000000000011,6.5574911046648054
1655.5,1.6554999999999964,6.557487716039994
1656.0,1.6559999999999988,6.5599877160400055
1656.5,1.6565000000000012,6.5624877160400175
1657.0,1.6570000000000036,6.562551564641268
1657.5,1.6574999999999989,6.565051564641244
1658.0,1.6580000000000013,6.567551564641256
1658.5,1.6584999999999965,6.567621862060449
1659.0,1.658999999999999,6.570121862060461
1659.5,1.6595000000000013,6.572621862060473
1660.0,1.6600000000000037,6.572603794234908
1660.5,1.660499999999999,6.5751037942348844
1661.0,1.6610000000000014,6.577603794234896
1661.5,1.6614999999999966,6.580103794234873
1662.0,1.661999999999999,6.579964901160977
1662.5,1.6625000000000014,6.582464901160989
1663.0,1.6629999999999967,6.584964901160966
1663.5,1.663499999999999,6.584667511447044
1664.0,1.6640000000000015,6.587167511447056
1664.5,1.6644999999999968,6.589667511447033
1665.0,1.6649999999999991,6.589188888756077
1665.5,1.6655000000000015,6.591688888756089
1666.0,1.6659999999999968,6.594188888756065
1666.5,1.6664999999999992,6.593541220860928
1667.0,1.6670000000000016,6.59604122086094
1667.5,1.6674999999999969,6.598541220860916
1668.0,1.6679999999999993,6.5977402462744905
1668.5,1.6685000000000016,6.6002402462745025
1669.0,1.668999999999997,6.602740246274479
1669.5,1.6694999999999993,6.601837542391991
1670.0,1.6700000000000017,6.6043375423920025
1670.5,1.670499999999997,6.606837542391979
1671.0,1.6709999999999994,6.60588862162264
1671.5,1.6715000000000018,6.608388621622652
1672.0,1.671999999999997,6.610888621622628
1672.5,1.6724999999999994,6.609939641878313
1673.0,1.6730000000000018,6.612439641878325
1673.5,1.673499999999997,6.614939641878301
1674.0,1.6739999999999995,6.614032746945888
1674.5,1.6745000000000019,6.6165327469459
1675.0,1.6749999999999972,6.6190327469458765
1675.5,1.6754999999999995,6.618197481638752
1676.0,1.676000000000002,6.620697481638764
1676.5,1.6764999999999972,6.623197481638741
1677.0,1.6769999999999996,6.622425528298912
1677.5,1.677500000000002,6.624925528298924
1678.0,1.6779999999999973,6.6274255282989
1678.5,1.6784999999999997,6.6267112233513
1679.0,1.679000000000002,6.629211223351312
1679.5,1.6794999999999973,6.631711223351289
1680.0,1.6799999999999997,6.631052492511351
1680.5,1.680500000000002,6.633552492511363
1681.0,1.6809999999999974,6.6360524925113396
1681.5,1.6814999999999998,6.635468491648169
1682.0,1.6820000000000022,6.637968491648181
1682.5,1.6824999999999974,6.640468491648157
1683.0,1.6829999999999998,6.639980934453007
1683.5,1.6835000000000022,6.642480934453019
1684.0,1.6839999999999975,6.644980934452995
1684.5,1.6844999999999999,6.6446062303301545
1685.0,1.6850000000000023,6.6471062303301665
1685.5,1.6854999999999976,6.649606230330143
1686.0,1.686,6.649336307341294
1686.5,1.6865000000000023,6.651836307341306
1687.0,1.6869999999999976,6.654336307341282
1687.5,1.6875,6.654184976318724
1688.0,1.6880000000000024,6.656684976318736
1688.5,1.6884999999999977,6.659184976318713
1689.0,1.689,6.659118391613994
1689.5,1.6895000000000024,6.661618391614006
1690.0,1.6899999999999977,6.664118391613982
1690.5,1.6905000000000001,6.664101198228458
1691.0,1.6910000000000025,6.66660119822847
1691.5,1.6914999999999978,6.6691011982284465
1692.0,1.6920000000000002,6.669076273703531
1692.5,1.6925000000000026,6.671576273703543
1693.0,1.6929999999999978,6.67407627370352
1693.5,1.6935000000000002,6.673992910998479
1694.0,1.6940000000000026,6.6764929109984905
1694.5,1.694499999999998,6.678992910998467
1695.0,1.6950000000000003,6.6788103131304055
1695.5,1.6955000000000027,6.6813103131304175
1696.0,1.695999999999998,6.683810313130394
1696.5,1.6965000000000003,6.683483038379769
1697.0,1.6970000000000027,6.685983038379781
1697.5,1.697499999999998,6.688483038379758
1698.0,1.6980000000000004,6.687994292930739
1698.5,1.6985000000000028,6.690494292930751
1699.0,1.698999999999998,6.692994292930727
1699.5,1.6995000000000005,6.692362260767659
1700.0,1.7000000000000028,6.694862260767671
1700.5,1.7004999999999981,6.6973622607676475
1701.0,1.7010000000000005,6.696583588773528
1701.5,1.701500000000003,6.69908358877354
1702.0,1.7019999999999982,6.7015835887735165
1702.5,1.7025000000000006,6.7006370378395275
1703.0,1.703000000000003,6.703137037839539
1703.5,1.7034999999999982,6.705637037839516
1704.0,1.7040000000000006,6.704514547805864
1704.5,1.704500000000003,6.707014547805876
1705.0,1.7049999999999983,6.709514547805853
1705.5,1.7055000000000007,6.708202189412624
1706.0,1.706000000000003,6.710702189412636
1706.5,1.7064999999999984,6.713202189412613
1707.0,1.7070000000000007,6.711691079313091
1707.5,1.7075000000000031,6.714191079313103
1708.0,1.7079999999999984,6.71669107931308
1708.5,1.7085000000000008,6.714993234492823
1709.0,1.7090000000000032,6.717493234492835
1709.5,1.7094999999999985,6.7199932344928115
1710.0,1.7100000000000009,6.718135482961607
1710.5,1.7105000000000032,6.720635482961619
1711.0,1.7109999999999985,6.723135482961595
1711.5,1.711500000000001,6.721145377799971
1712.0,1.7120000000000033,6.723645377799983
1712.5,1.7124999999999986,6.726145377799959
1713.0,1.713000000000001,6.724076197940967
1713.5,1.7135000000000034,6.726576197940979
1714.0,1.7139999999999986,6.729076197940955
1714.5,1.714500000000001,6.726996087862318
1715.0,1.7150000000000034,6.72949608786233
1715.5,1.7154999999999987,6.731996087862306
1716.0,1.716000000000001,6.729988959649376
1716.5,1.7165000000000035,6.7324889596493875
1717.0,1.7169999999999987,6.734988959649364
1717.5,1.7175000000000011,6.733114277963992
1718.0,1.7179999999999964,6.735614277963968
1718.5,1.7184999999999988,6.73811427796398
1719.0,1.7190000000000012,6.7363981200889
1719.5,1.7195000000000036,6.738898120088912
1720.0,1.7199999999999989,6.741398120088888
1720.5,1.7205000000000013,6.739869301649364
1721.0,1.7209999999999965,6.74236930164934
1721.5,1.721499999999999,6.744869301649352
1722.0,1.7220000000000013,6.743535158573941
1722.5,1.7225000000000037,6.746035158573953
1723.0,1.722999999999999,6.7485351585739295
1723.5,1.7235000000000014,6.747399666305149
1724.0,1.7239999999999966,6.749899666305126
1724.5,1.724499999999999,6.752399666305138
1725.0,1.7250000000000014,6.7514288966955505
1725.5,1.7254999999999967,6.753928896695527
1726.0,1.725999999999999,6.756428896695539
1726.5,1.7265000000000015,6.755586277174288
1727.0,1.7269999999999968,6.7580862771742645
1727.5,1.7274999999999991,6.760586277174276
1728.0,1.7280000000000015,6.759842597097148
1728.5,1.7284999999999968,6.762342597097124
1729.0,1.7289999999999992,6.764842597097136
1729.5,1.7295000000000016,6.764158914328604
1730.0,1.7299999999999969,6.7666589143285805
1730.5,1.7304999999999993,6.769158914328592
1731.0,1.7310000000000016,6.768466185825979
1731.5,1.731499999999997,6.770966185825955
1732.0,1.7319999999999993,6.773466185825967
1732.5,1.7325000000000017,6.772678947482191
1733.0,1.732999999999997,6.775178947482168
1733.5,1.7334999999999994,6.77767894748218
1734.0,1.7340000000000018,6.776712931096718
1734.5,1.734499999999997,6.779212931096694
1735.0,1.7349999999999994,6.781712931096706
1735.5,1.7355000000000018,6.78050623075972
1736.0,1.735999999999997,6.783006230759696
1736.5,1.7364999999999995,6.785506230759708
1737.0,1.7370000000000019,6.78800623075972
1737.5,1.7374999999999972,6.786510249344637
1738.0,1.7379999999999995,6.789010249344649
1738.5,1.738500000000002,6.791510249344661
1739.0,1.7389999999999972,6.789714936080777
1739.5,1.7394999999999996,6.792214936080789
1740.0,1.740000000000002,6.794714936080801
1740.5,1.7404999999999973,6.79263850038204
1741.0,1.7409999999999997,6.795138500382052
1741.5,1.741500000000002,6.797638500382064
1742.0,1.7419999999999973,6.795305256887154
1742.5,1.7424999999999997,6.797805256887166
1743.0,1.743000000000002,6.800305256887178
1743.5,1.7434999999999974,6.7977625043530665
1744.0,1.7439999999999998,6.800262504353078
1744.5,1.7445000000000022,6.80276250435309
1745.0,1.7449999999999974,6.800082740836615
1745.5,1.7454999999999998,6.802582740836627
1746.0,1.7460000000000022,6.805082740836639
1746.5,1.7464999999999975,6.802366010604182
1747.0,1.7469999999999999,6.804866010604194
1747.5,1.7475000000000023,6.8073660106042055
1748.0,1.7479999999999976,6.804729404261742
1748.5,1.7485,6.807229404261754
1749.0,1.7490000000000023,6.809729404261766
1749.5,1.7494999999999976,6.80726728214978
1750.0,1.75,6.809767282149792
1750.5,1.7505000000000024,6.812267282149804
1751.0,1.7509999999999977,6.810060463546961
1751.5,1.7515,6.812560463546973
1752.0,1.7520000000000024,6.815060463546985
1752.5,1.7524999999999977,6.813170509374444
1753.0,1.7530000000000001,6.815670509374456
1753.5,1.7535000000000025,6.818170509374468
1754.0,1.7539999999999978,6.81664543785601
1754.5,1.7545000000000002,6.819145437856022
1755.0,1.7550000000000026,6.821645437856034
1755.5,1.7554999999999978,6.820521430608117
1756.0,1.7560000000000002,6.823021430608129
1756.5,1.7565000000000026,6.825521430608141
1757.0,1.756999999999998,6.824788376902262
1757.5,1.7575000000000003,6.827288376902274
1758.0,1.7580000000000027,6.829788376902286
1758.5,1.758499999999998,6.8294060295744785
1759.0,1.7590000000000003,6.8319060295744904
1759.5,1.7595000000000027,6.834406029574502
1760.0,1.759999999999998,6.834287678133748
1760.5,1.7605000000000004,6.83678767813376
1761.0,1.7610000000000028,6.839287678133772
1761.5,1.761499999999998,6.839336169356223
1762.0,1.7620000000000005,6.841836169356235
1762.5,1.7625000000000028,6.844336169356247
1763.0,1.7629999999999981,6.8444567942740875
1763.5,1.7635000000000005,6.846956794274099
1764.0,1.764000000000003,6.849456794274111
1764.5,1.7644999999999982,6.849553656478449
1765.0,1.7650000000000006,6.852053656478461
1765.5,1.765500000000003,6.854553656478473
1766.0,1.7659999999999982,6.854523935129215
1766.5,1.7665000000000006,6.857023935129227
1767.0,1.767000000000003,6.859523935129239
1767.5,1.7674999999999983,6.85929362442927
1768.0,1.7680000000000007,6.861793624429282
1768.5,1.768500000000003,6.864293624429294
1769.0,1.7689999999999984,6.863790841179664
1769.5,1.7695000000000007,6.866290841179676
1770.0,1.7700000000000031,6.868790841179688
1770.5,1.7704999999999984,6.867958626481219
1771.0,1.7710000000000008,6.870458626481231
1771.5,1.7715000000000032,6.872958626481243
1772.0,1.7719999999999985,6.8717669307148554
1772.5,1.7725000000000009,6.874266930714867
1773.0,1.7730000000000032,6.876766930714879
1773.5,1.7734999999999985,6.8752162589444765
1774.0,1.774000000000001,6.8777162589444885
1774.5,1.7745000000000033,6.8802162589445
1775.0,1.7749999999999986,6.878355851371474
1775.5,1.775500000000001,6.880855851371486
1776.0,1.7760000000000034,6.883355851371498
1776.5,1.7764999999999986,6.8812410322848905
1777.0,1.777000000000001,6.883741032284902
1777.5,1.7775000000000034,6.886241032284914
1778.0,1.7779999999999987,6.883956754912681
1778.5,1.778500000000001,6.886456754912693
1779.0,1.7790000000000035,6.888956754912705
1779.5,1.7794999999999987,6.8866048516015255
1780.0,1.7800000000000011,6.889104851601537
1780.5,1.7804999999999964,6.891604851601514
1781.0,1.7809999999999988,6.889267543934459
1781.5,1.7815000000000012,6.8917675439344706
1782.0,1.7820000000000036,6.8942675439344825
1782.5,1.7824999999999989,6.8920193173583755
1783.0,1.7830000000000013,6.894519317358387
1783.5,1.7834999999999965,6.897019317358364
1784.0,1.783999999999999,6.894901088230583
1784.5,1.7845000000000013,6.897401088230595
1785.0,1.7850000000000037,6.899901088230607
1785.5,1.785499999999999,6.897924700278182
1786.0,1.7860000000000014,6.900424700278194
1786.5,1.7864999999999966,6.90292470027817
1787.0,1.786999999999999,6.901083050046779
1787.5,1.7875000000000014,6.903583050046791
1788.0,1.7879999999999967,6.906083050046767
1788.5,1.788499999999999,6.904344739013055
1789.0,1.7890000000000015,6.906844739013067
1789.5,1.7894999999999968,6.909344739013044
1790.0,1.7899999999999991,6.90769443946909
1790.5,1.7905000000000015,6.910194439469102
1791.0,1.7909999999999968,6.912694439469078
1791.5,1.7914999999999992,6.911088284035181
1792.0,1.7920000000000016,6.9135882840351925
1792.5,1.7924999999999969,6.916088284035169
1793.0,1.7929999999999993,6.914490637487276
1793.5,1.7935000000000016,6.916990637487288
1794.0,1.793999999999997,6.9194906374872645
1794.5,1.7944999999999993,6.917861786962867
1795.0,1.7950000000000017,6.920361786962879
1795.5,1.795499999999997,6.922861786962855
1796.0,1.7959999999999994,6.921143232323779
1796.5,1.7965000000000018,6.923643232323791
1797.0,1.796999999999997,6.926143232323767
1797.5,1.7974999999999994,6.924275784103635
1798.0,1.7980000000000018,6.926775784103647
1798.5,1.798499999999997,6.929275784103623
1799.0,1.7989999999999995,6.927203987913906
1799.5,1.7995000000000019,6.929703987913918
1800.0,1.7999999999999972,6.932203987913894
1800.5,1.8004999999999995,6.929848075511416
1801.0,1.801000000000002,6.9323480755114275
1801.5,1.8014999999999972,6.934848075511404
1802.0,1.8019999999999996,6.932167404965419
1802.5,1.802500000000002,6.934667404965431
1803.0,1.8029999999999973,6.9371674049654075
1803.5,1.8034999999999997,6.934149715865843
1804.0,1.804000000000002,6.936649715865855
1804.5,1.8044999999999973,6.939149715865831
1805.0,1.8049999999999997,6.935820085921556
1805.5,1.805500000000002,6.938320085921568
1806.0,1.8059999999999974,6.940820085921544
1806.5,1.8064999999999998,6.937227622232065
1807.0,1.8070000000000022,6.939727622232077
1807.5,1.8074999999999974,6.942227622232053
1808.0,1.8079999999999998,6.938444137222781
1808.5,1.8085000000000022,6.940944137222793
1809.0,1.8089999999999975,6.9434441372227695
1809.5,1.8094999999999999,6.939548657077559
1810.0,1.8100000000000023,6.942048657077571
1810.5,1.8104999999999976,6.944548657077547
1811.0,1.811,6.940630941509234
1811.5,1.8115000000000023,6.943130941509246
1812.0,1.8119999999999976,6.945630941509222
1812.5,1.8125,6.948130941509234
1813.0,1.8130000000000024,6.944252412782497
1813.5,1.8134999999999977,6.946752412782473
1814.0,1.814,6.949252412782485
1814.5,1.8145000000000024,6.945454817152736
1815.0,1.8149999999999977,6.947954817152713
1815.5,1.8155000000000001,6.950454817152725
1816.0,1.8160000000000025,6.946765716265695
1816.5,1.8164999999999978,6.949265716265671
1817.0,1.8170000000000002,6.951765716265683
1817.5,1.8175000000000026,6.948216008720536
1818.0,1.8179999999999978,6.950716008720512
1818.5,1.8185000000000002,6.953216008720524
1819.0,1.8190000000000026,6.949828091449959
1819.5,1.819499999999998,6.952328091449935
1820.0,1.8200000000000003,6.954828091449947
1820.5,1.8205000000000027,6.95161399111754
1821.0,1.820999999999998,6.9541139911175165
1821.5,1.8215000000000003,6.956613991117528
1822.0,1.8220000000000027,6.95355394180492
1822.5,1.822499999999998,6.956053941804896
1823.0,1.8230000000000004,6.958553941804908
1823.5,1.8235000000000028,6.955630357495224
1824.0,1.823999999999998,6.9581303574952
1824.5,1.8245000000000005,6.960630357495212
1825.0,1.8250000000000028,6.957819847876827
1825.5,1.8254999999999981,6.960319847876804
1826.0,1.8260000000000005,6.9628198478768155
1826.5,1.826500000000003,6.960086722844565
1827.0,1.8269999999999982,6.9625867228445415
1827.5,1.8275000000000006,6.965086722844553
1828.0,1.828000000000003,6.962398179706746
1828.5,1.8284999999999982,6.964898179706722
1829.0,1.8290000000000006,6.967398179706734
1829.5,1.829500000000003,6.964708618244835
1830.0,1.8299999999999983,6.967208618244811
1830.5,1.8305000000000007,6.969708618244823
1831.0,1.831000000000003,6.967007046781717
1831.5,1.8314999999999984,6.969507046781693
1832.0,1.8320000000000007,6.972007046781705
1832.5,1.8325000000000031,6.9692879818211395
1833.0,1.8329999999999984,6.971787981821116
1833.5,1.8335000000000008,6.974287981821128
1834.0,1.8340000000000032,6.971541724439412
1834.5,1.8344999999999985,6.974041724439388
1835.0,1.8350000000000009,6.9765417244394
1835.5,1.8355000000000032,6.973788825921012
1836.0,1.8359999999999985,6.976288825920989
1836.5,1.836500000000001,6.978788825921001
1837.0,1.8370000000000033,6.976032872095281
1837.5,1.8374999999999986,6.978532872095258
1838.0,1.838000000000001,6.98103287209527
1838.5,1.8385000000000034,6.978290599087309
1839.0,1.8389999999999986,6.980790599087285
1839.5,1.839500000000001,6.983290599087297
1840.0,1.8400000000000034,6.980570004094382
1840.5,1.8404999999999987,6.983070004094358
1841.0,1.841000000000001,6.98557000409437
1841.5,1.8415000000000035,6.9829081254355785
1842.0,1.8419999999999987,6.985408125435555
1842.5,1.8425000000000011,6.987908125435567
1843.0,1.8429999999999964,6.985353472172804
1843.5,1.8434999999999988,6.987853472172816
1844.0,1.8440000000000012,6.990353472172828
1844.5,1.8445000000000036,6.987947068448008
1845.0,1.8449999999999989,6.990447068447985
1845.5,1.8455000000000013,6.992947068447997
1846.0,1.8459999999999965,6.99073014234191
1846.5,1.846499999999999,6.993230142341922
1847.0,1.8470000000000013,6.995730142341934
1847.5,1.8475000000000037,6.993733411929277
1848.0,1.847999999999999,6.9962334119292535
1848.5,1.8485000000000014,6.9987334119292655
1849.0,1.8489999999999966,6.996959464503583
1849.5,1.849499999999999,6.999459464503595
1850.0,1.8500000000000014,7.0019594645036065
1850.5,1.8504999999999967,7.000391345467882
1851.0,1.850999999999999,7.002891345467894
1851.5,1.8515000000000015,7.005391345467906
1852.0,1.8519999999999968,7.004020661612103
1852.5,1.8524999999999991,7.0065206616121145
1853.0,1.8530000000000015,7.0090206616121264
1853.5,1.8534999999999968,7.007796630763039
1854.0,1.8539999999999992,7.010296630763051
1854.5,1.8545000000000016,7.012796630763063
1855.0,1.8549999999999969,7.011677968408314
1855.5,1.8554999999999993,7.014177968408326
1856.0,1.8560000000000016,7.016677968408338
1856.5,1.856499999999997,7.015637450530576
1857.0,1.8569999999999993,7.018137450530588
1857.5,1.8575000000000017,7.0206374505306
1858.0,1.857999999999997,7.019650788432905
1858.5,1.8584999999999994,7.022150788432917
1859.0,1.8590000000000018,7.024650788432929
1859.5,1.859499999999997,7.0237131705691525
1860.0,1.8599999999999994,7.026213170569164
1860.5,1.8605000000000018,7.028713170569176
1861.0,1.860999999999997,7.027818127409979
1861.5,1.8614999999999995,7.030318127409991
1862.0,1.8620000000000019,7.032818127410003
1862.5,1.8624999999999972,7.031962823633009
1863.0,1.8629999999999995,7.034462823633021
1863.5,1.863500000000002,7.036962823633033
1864.0,1.8639999999999972,7.03610125367419
1864.5,1.8644999999999996,7.0386012536742015
1865.0,1.865000000000002,7.0411012536742135
1865.5,1.8654999999999973,7.0402275060506625
1866.0,1.8659999999999997,7.042727506050674
1866.5,1.866500000000002,7.045227506050686
1867.0,1.8669999999999973,7.0443269654434815
1867.5,1.8674999999999997,7.046826965443493
1868.0,1.868000000000002,7.049326965443505
1868.5,1.8684999999999974,7.048387417661317
1869.0,1.8689999999999998,7.050887417661329
1869.5,1.8695000000000022,7.053387417661341
1870.0,1.8699999999999974,7.052402591342322
1870.5,1.8704999999999998,7.0549025913423336
1871.0,1.8710000000000022,7.0574025913423455
1871.5,1.8714999999999975,7.056389550001114
1872.0,1.8719999999999999,7.058889550001126
1872.5,1.8725000000000023,7.061389550001138
1873.0,1.8729999999999976,7.0603322617673925
1873.5,1.8735,7.062832261767404
1874.0,1.8740000000000023,7.065332261767416
1874.5,1.8744999999999976,7.06422759491474
1875.0,1.875,7.066727594914752
1875.5,1.8755000000000024,7.069227594914764
1876.0,1.8759999999999977,7.068059309174508
1876.5,1.8765,7.07055930917452
1877.0,1.8770000000000024,7.073059309174532
1877.5,1.8774999999999977,7.071828219308749
1878.0,1.8780000000000001,7.074328219308761
1878.5,1.8785000000000025,7.076828219308773
1879.0,1.8789999999999978,7.075516255480743
1879.5,1.8795000000000002,7.078016255480755
1880.0,1.8800000000000026,7.080516255480767
1880.5,1.8804999999999978,7.079107123675357
1881.0,1.8810000000000002,7.081607123675369
1881.5,1.8815000000000026,7.0841071236753805
1882.0,1.881999999999998,7.082557358468087
1882.5,1.8825000000000003,7.085057358468099
1883.0,1.8830000000000027,7.087557358468111
1883.5,1.883499999999998,7.085837897463989
1884.0,1.8840000000000003,7.088337897464001
1884.5,1.8845000000000027,7.090837897464013
1885.0,1.884999999999998,7.088964955891903
1885.5,1.8855000000000004,7.091464955891915
1886.0,1.8860000000000028,7.093964955891927
1886.5,1.886499999999998,7.091945585808688
1887.0,1.8870000000000005,7.0944455858087
1887.5,1.8875000000000028,7.096945585808712
1888.0,1.8879999999999981,7.099445585808688
1888.5,1.8885000000000005,7.097268345169141
1889.0,1.889000000000003,7.099768345169153
1889.5,1.8894999999999982,7.102268345169129
1890.0,1.8900000000000006,7.099926662489189
1890.5,1.890500000000003,7.102426662489201
1891.0,1.8909999999999982,7.104926662489177
1891.5,1.8915000000000006,7.102421580305673
1892.0,1.892000000000003,7.104921580305685
1892.5,1.8924999999999983,7.107421580305662
1893.0,1.8930000000000007,7.104745810667055
1893.5,1.893500000000003,7.107245810667067
1894.0,1.8939999999999984,7.109745810667043
1894.5,1.8945000000000007,7.106883787309606
1895.0,1.8950000000000031,7.109383787309618
1895.5,1.8954999999999984,7.111883787309594
1896.0,1.8960000000000008,7.108811346127304
1896.5,1.8965000000000032,7.111311346127316
1897.0,1.8969999999999985,7.113811346127292
1897.5,1.8975000000000009,7.11051295628117
1898.0,1.8980000000000032,7.113012956281182
1898.5,1.8984999999999985,7.115512956281158
1899.0,1.899000000000001,7.112002721295525
1899.5,1.8995000000000033,7.114502721295537
1900.0,1.8999999999999986,7.117002721295513
1900.5,1.900500000000001,7.113288812245919
1901.0,1.9010000000000034,7.115788812245931
1901.5,1.9014999999999986,7.118288812245908
1902.0,1.902000000000001,7.11440560879069
1902.5,1.9025000000000034,7.116905608790702
1903.0,1.9029999999999987,7.119405608790679
1903.5,1.903500000000001,7.115384056806562
1904.0,1.9040000000000035,7.117884056806574
1904.5,1.9044999999999987,7.12038405680655
1905.0,1.9050000000000011,7.116267120208164
1905.5,1.9054999999999964,7.11876712020814
1906.0,1.9059999999999988,7.121267120208152
1906.5,1.9065000000000012,7.1171123750648135
1907.0,1.9070000000000036,7.1196123750648255
1907.5,1.9074999999999989,7.122112375064802
1908.0,1.9080000000000013,7.117949592970021
1908.5,1.9084999999999965,7.120449592969997
1909.0,1.908999999999999,7.122949592970009
1909.5,1.9095000000000013,7.118785496487732
1910.0,1.9100000000000037,7.121285496487744
1910.5,1.910499999999999,7.12378549648772
1911.0,1.9110000000000014,7.11963913305393
1911.5,1.9114999999999966,7.122139133053906
1912.0,1.911999999999999,7.124639133053918
1912.5,1.9125000000000014,7.1205286227856845
1913.0,1.9129999999999967,7.123028622785661
1913.5,1.913499999999999,7.125528622785673
1914.0,1.9140000000000015,7.121502320045714
1914.5,1.9144999999999968,7.12400232004569
1915.0,1.9149999999999991,7.126502320045702
1915.5,1.9155000000000015,7.122613018771666
1916.0,1.9159999999999968,7.125113018771643
1916.5,1.9164999999999992,7.127613018771655
1917.0,1.9170000000000016,7.123880877608073
1917.5,1.9174999999999969,7.1263808776080495
1918.0,1.9179999999999993,7.128880877608061
1918.5,1.9185000000000016,7.125331614352781
1919.0,1.918999999999997,7.127831614352758
1919.5,1.9194999999999993,7.1303316143527695
1920.0,1.9200000000000017,7.126952110355518
1920.5,1.920499999999997,7.129452110355494
1921.0,1.9209999999999994,7.131952110355506
1921.5,1.9215000000000018,7.128730995851171
1922.0,1.921999999999997,7.131230995851148
1922.5,1.9224999999999994,7.13373099585116
1923.0,1.9230000000000018,7.130657899905017
1923.5,1.923499999999997,7.133157899904994
1924.0,1.9239999999999995,7.135657899905006
1924.5,1.9245000000000019,7.132711702648464
1925.0,1.9249999999999972,7.135211702648441
1925.5,1.9254999999999995,7.137711702648453
1926.0,1.926000000000002,7.134881081015791
1926.5,1.9264999999999972,7.137381081015768
1927.0,1.9269999999999996,7.13988108101578
1927.5,1.927500000000002,7.137155842192904
1928.0,1.9279999999999973,7.13965584219288
1928.5,1.9284999999999997,7.142155842192892
1929.0,1.929000000000002,7.1395287112287065
1929.5,1.9294999999999973,7.142028711228683
1930.0,1.9299999999999997,7.144528711228695
1930.5,1.930500000000002,7.141968064925415
1931.0,1.9309999999999974,7.144468064925391
1931.5,1.9314999999999998,7.146968064925403
1932.0,1.9320000000000022,7.144464053938648
1932.5,1.9324999999999974,7.146964053938625
1933.0,1.9329999999999998,7.149464053938637
1933.5,1.9335000000000022,7.147007999894903
1934.0,1.9339999999999975,7.14950799989488
1934.5,1.9344999999999999,7.1520079998948916
1935.0,1.9350000000000023,7.149578353692263
1935.5,1.9354999999999976,7.152078353692239
1936.0,1.936,7.154578353692251
1936.5,1.9365000000000023,7.152201418076274
1937.0,1.9369999999999976,7.15470141807625
1937.5,1.9375,7.157201418076262
1938.0,1.9380000000000024,7.154919164920663
1938.5,1.9384999999999977,7.15741916492064
1939.0,1.939,7.159919164920652
1939.5,1.9395000000000024,7.157759880129859
1940.0,1.9399999999999977,7.160259880129836
1940.5,1.9405000000000001,7.1627598801298475
1941.0,1.9410000000000025,7.160775215592103
1941.5,1.9414999999999978,7.16327521559208
1942.0,1.9420000000000002,7.165775215592092
1942.5,1.9425000000000026,7.164010054023429
1943.0,1.9429999999999978,7.166510054023405
1943.5,1.9435000000000002,7.169010054023417
1944.0,1.9440000000000026,7.167500815106358
1944.5,1.944499999999998,7.170000815106334
1945.0,1.9450000000000003,7.172500815106346
1945.5,1.9455000000000027,7.1712621154911105
1946.0,1.945999999999998,7.173762115491087
1946.5,1.9465000000000003,7.176262115491099
1947.0,1.9470000000000027,7.175279979621827
1947.5,1.947499999999998,7.177779979621803
1948.0,1.9480000000000004,7.180279979621815
1948.5,1.9485000000000028,7.179548434483642
1949.0,1.948999999999998,7.182048434483619
1949.5,1.9495000000000005,7.184548434483631
1950.0,1.9500000000000028,7.184036110663108
1950.5,1.9504999999999981,7.186536110663084
1951.0,1.9510000000000005,7.189036110663096
1951.5,1.951500000000003,7.188712221223561
1952.0,1.9519999999999982,7.191212221223537
1952.5,1.9525000000000006,7.193712221223549
1953.0,1.953000000000003,7.1935560396835285
1953.5,1.9534999999999982,7.196056039683505
1954.0,1.9540000000000006,7.198556039683517
1954.5,1.954500000000003,7.1985673060240885
1955.0,1.9549999999999983,7.201067306024065
1955.5,1.9555000000000007,7.203567306024077
1956.0,1.956000000000003,7.203703752524682
1956.5,1.9564999999999984,7.206203752524658
1957.0,1.9570000000000007,7.20870375252467
1957.5,1.9575000000000031,7.208907271626721
1958.0,1.9579999999999984,7.2114072716266975
1958.5,1.9585000000000008,7.213907271626709
1959.0,1.9590000000000032,7.214117434691296
1959.5,1.9594999999999985,7.216617434691273
1960.0,1.9600000000000009,7.2191174346912845
1960.5,1.9605000000000032,7.21926731916021
1961.0,1.9609999999999985,7.221767319160186
1961.5,1.961500000000001,7.224267319160198
1962.0,1.9620000000000033,7.224314572297779
1962.5,1.9624999999999986,7.226814572297755
1963.0,1.963000000000001,7.229314572297767
1963.5,1.9635000000000034,7.231814572297779
1964.0,1.9639999999999986,7.23168136031596
1964.5,1.964500000000001,7.234181360315972
1965.0,1.9650000000000034,7.236681360315984
1965.5,1.9654999999999987,7.236345004632341
1966.0,1.966000000000001,7.238845004632353
1966.5,1.9665000000000035,7.241345004632365
1967.0,1.9669999999999987,7.240790380752138
1967.5,1.9675000000000011,7.24329038075215
1968.0,1.9679999999999964,7.245790380752126
1968.5,1.9684999999999988,7.2449830072943655
1969.0,1.9690000000000012,7.247483007294377
1969.5,1.9695000000000036,7.249983007294389
1970.0,1.9699999999999989,7.248931407269765
1970.5,1.9705000000000013,7.251431407269777
1971.0,1.9709999999999965,7.253931407269754
1971.5,1.971499999999999,7.252659069382901
1972.0,1.9720000000000013,7.255159069382913
1972.5,1.9725000000000037,7.257659069382925
1973.0,1.972999999999999,7.2561858155195225
1973.5,1.9735000000000014,7.258685815519534
1974.0,1.9739999999999966,7.261185815519511
1974.5,1.974499999999999,7.259576164323782
1975.0,1.9750000000000014,7.262076164323794
1975.5,1.9754999999999967,7.2645761643237705
1976.0,1.975999999999999,7.262895769406974
1976.5,1.9765000000000015,7.265395769406986
1977.0,1.9769999999999968,7.267895769406962
1977.5,1.9774999999999991,7.266190849930112
1978.0,1.9780000000000015,7.268690849930124
1978.5,1.9784999999999968,7.2711908499301
1979.0,1.9789999999999992,7.269466195559424
1979.5,1.9795000000000016,7.271966195559436
1980.0,1.9799999999999969,7.2744661955594125
1980.5,1.9804999999999993,7.27274375121123
1981.0,1.9810000000000016,7.275243751211242
1981.5,1.981499999999997,7.277743751211219
1982.0,1.9819999999999993,7.276012568980903
1982.5,1.9825000000000017,7.278512568980915
1983.0,1.982999999999997,7.281012568980891
1983.5,1.9834999999999994,7.279270755405776
1984.0,1.9840000000000018,7.2817707554057876
1984.5,1.984499999999997,7.284270755405764
1985.0,1.9849999999999994,7.282530314690447
1985.5,1.9855000000000018,7.285030314690459
1986.0,1.985999999999997,7.287530314690436
1986.5,1.9864999999999995,7.285800015221184
1987.0,1.9870000000000019,7.288300015221196
1987.5,1.9874999999999972,7.290800015221173
1988.0,1.9879999999999995,7.289077234639372
1988.5,1.988500000000002,7.291577234639384
1989.0,1.9889999999999972,7.29407723463936
1989.5,1.9894999999999996,7.292364714445547
1990.0,1.990000000000002,7.294864714445559
1990.5,1.9904999999999973,7.297364714445536
1991.0,1.9909999999999997,7.2956683406449585
1991.5,1.991500000000002,7.29816834064497
1992.0,1.9919999999999973,7.300668340644947
1992.5,1.9924999999999997,7.298977275337428
1993.0,1.993000000000002,7.30147727533744
1993.5,1.9934999999999974,7.303977275337417
1994.0,1.9939999999999998,7.30224952402537
1994.5,1.9945000000000022,7.304749524025382
1995.0,1.9949999999999974,7.307249524025359
1995.5,1.9954999999999998,7.305457830183961
1996.0,1.9960000000000022,7.307957830183973
1996.5,1.9964999999999975,7.31045783018395
1997.0,1.9969999999999999,7.308559654026219
1997.5,1.9975000000000023,7.311059654026231
1998.0,1.9979999999999976,7.313559654026207
1998.5,1.9985,7.311479560172955
1999.0,1.9990000000000023,7.313979560172967
1999.5,1.9994999999999976,7.316479560172944
2000.0,2.0,7.314167287721993
2000.5,2.0005000000000024,7.316667287722005
2001.0,2.0009999999999977,7.3191672877219816
2001.5,2.0015,7.31663508359933
2002.0,2.0020000000000024,7.319135083599342
2002.5,2.0024999999999977,7.321635083599318
2003.0,2.003,7.318901776919837
2003.5,2.0035000000000025,7.321401776919849
2004.0,2.003999999999998,7.323901776919826
2004.5,2.0045,7.320999048263168
2005.0,2.0050000000000026,7.32349904826318
2005.5,2.005499999999998,7.3259990482631565
2006.0,2.0060000000000002,7.3229788264280415
2006.5,2.0065000000000026,7.3254788264280535
2007.0,2.006999999999998,7.32797882642803
2007.5,2.0075000000000003,7.324900937200951
2008.0,2.0080000000000027,7.327400937200963
2008.5,2.008499999999998,7.329900937200939
2009.0,2.0090000000000003,7.32680386758318
2009.5,2.0095000000000027,7.329303867583192
2010.0,2.009999999999998,7.331803867583169
2010.5,2.0105000000000004,7.328728739234798
2011.0,2.011000000000003,7.33122873923481
2011.5,2.011499999999998,7.333728739234786
2012.0,2.0120000000000005,7.330722572781774
2012.5,2.012500000000003,7.333222572781786
2013.0,2.012999999999998,7.335722572781762
2013.5,2.0135000000000005,7.332828935508928
2014.0,2.014000000000003,7.33532893550894
2014.5,2.014499999999998,7.337828935508917
2015.0,2.0150000000000006,7.335066810017139
2015.5,2.015500000000003,7.337566810017151
2016.0,2.0159999999999982,7.340066810017127
2016.5,2.0165000000000006,7.337454570417847
2017.0,2.017000000000003,7.339954570417859
2017.5,2.0174999999999983,7.342454570417836
2018.0,2.0180000000000007,7.340003796061403
2018.5,2.018500000000003,7.342503796061415
2019.0,2.0189999999999984,7.345003796061391
2019.5,2.0195000000000007,7.342732884768459
2020.0,2.020000000000003,7.345232884768471
2020.5,2.0204999999999984,7.3477328847684475
2021.0,2.021000000000001,7.345636367743751
2021.5,2.021500000000003,7.348136367743763
2022.0,2.0219999999999985,7.350636367743739
2022.5,2.022500000000001,7.348728632441457
2023.0,2.0230000000000032,7.351228632441469
2023.5,2.0234999999999985,7.353728632441445
2024.0,2.024000000000001,7.352011074166569
2024.5,2.0245000000000033,7.354511074166581
2025.0,2.0249999999999986,7.357011074166557
2025.5,2.025500000000001,7.3554720497939385
2026.0,2.0260000000000034,7.3579720497939505
2026.5,2.0264999999999986,7.360472049793927
2027.0,2.027000000000001,7.359050989431708
2027.5,2.0274999999999963,7.361550989431684
2028.0,2.0279999999999987,7.364050989431696
2028.5,2.028500000000001,7.362684010686635
2029.0,2.0290000000000035,7.365184010686647
2029.5,2.0294999999999987,7.367684010686624
2030.0,2.030000000000001,7.366337244049532
2030.5,2.0304999999999964,7.368837244049509
2031.0,2.030999999999999,7.371337244049521
2031.5,2.031500000000001,7.369970623384319
2032.0,2.0320000000000036,7.372470623384331
2032.5,2.032499999999999,7.374970623384307
2033.0,2.0330000000000013,7.373536818013378
2033.5,2.0334999999999965,7.376036818013354
2034.0,2.033999999999999,7.378536818013366
2034.5,2.0345000000000013,7.376995559842356
2035.0,2.0350000000000037,7.379495559842368
2035.5,2.035499999999999,7.381995559842345
2036.0,2.0360000000000014,7.380317543698176
2036.5,2.0364999999999966,7.3828175436981525
2037.0,2.036999999999999,7.385317543698164
2037.5,2.0375000000000014,7.3835189747904195
2038.0,2.038000000000004,7.3860189747904315
2038.5,2.038499999999999,7.388518974790408
2039.0,2.0390000000000015,7.39101897479042
2039.5,2.0394999999999968,7.389099824027525
2040.0,2.039999999999999,7.391599824027537
2040.5,2.0405000000000015,7.394099824027549
2041.0,2.040999999999997,7.3920823595105745
2041.5,2.041499999999999,7.394582359510586
2042.0,2.0420000000000016,7.397082359510598
2042.5,2.042499999999997,7.395007414702235
2043.0,2.0429999999999993,7.397507414702247
2043.5,2.0435000000000016,7.400007414702259
2044.0,2.043999999999997,7.397924672920375
2044.5,2.0444999999999993,7.400424672920387
2045.0,2.0450000000000017,7.402924672920399
2045.5,2.045499999999997,7.40087939148264
2046.0,2.0459999999999994,7.403379391482652
2046.5,2.0465000000000018,7.405879391482664
2047.0,2.046999999999997,7.403921752313245
2047.5,2.0474999999999994,7.406421752313257
2048.0,2.048000000000002,7.408921752313269
2048.5,2.048499999999997,7.407079523338673
2049.0,2.0489999999999995,7.409579523338685
2049.5,2.049500000000002,7.412079523338697
2050.0,2.049999999999997,7.410375638989635
2050.5,2.0504999999999995,7.412875638989647
2051.0,2.051000000000002,7.415375638989659
2051.5,2.051499999999997,7.413817061028425
2052.0,2.0519999999999996,7.416317061028437
2052.5,2.052500000000002,7.418817061028449
2053.0,2.0529999999999973,7.41739400216435
2053.5,2.0534999999999997,7.419894002164362
2054.0,2.054000000000002,7.422394002164374
2054.5,2.0544999999999973,7.421093052290715
2055.0,2.0549999999999997,7.423593052290727
2055.5,2.055500000000002,7.426093052290739
2056.0,2.0559999999999974,7.42490181449643
2056.5,2.0564999999999998,7.4274018144964415
2057.0,2.057000000000002,7.4299018144964535
2057.5,2.0574999999999974,7.428798412037878
2058.0,2.058,7.43129841203789
2058.5,2.058500000000002,7.433798412037902
2059.0,2.0589999999999975,7.432759227003203
2059.5,2.0595,7.435259227003215
2060.0,2.0600000000000023,7.437759227003227
2060.5,2.0604999999999976,7.436762071093845
2061.0,2.061,7.439262071093857
2061.5,2.0615000000000023,7.441762071093869
2062.0,2.0619999999999976,7.440746253707431
2062.5,2.0625,7.443246253707443
2063.0,2.0630000000000024,7.445746253707455
2063.5,2.0634999999999977,7.444650304807965
2064.0,2.064,7.447150304807977
2064.5,2.0645000000000024,7.449650304807989
2065.0,2.0649999999999977,7.448422677151534
2065.5,2.0655,7.450922677151546
2066.0,2.0660000000000025,7.453422677151558
2066.5,2.066499999999998,7.452039155341517
2067.0,2.067,7.4545391553415286
2067.5,2.0675000000000026,7.4570391553415405
2068.0,2.067999999999998,7.455448197440262
2068.5,2.0685000000000002,7.457948197440274
2069.0,2.0690000000000026,7.460448197440286
2069.5,2.069499999999998,7.458625644878651
2070.0,2.0700000000000003,7.461125644878663
2070.5,2.0705000000000027,7.463625644878675
2071.0,2.070999999999998,7.461565031490274
2071.5,2.0715000000000003,7.464065031490286
2072.0,2.0720000000000027,7.466565031490298
2072.5,2.072499999999998,7.464285465924689
2073.0,2.0730000000000004,7.466785465924701
2073.5,2.073500000000003,7.469285465924713
2074.0,2.073999999999998,7.4668284981656186
2074.5,2.0745000000000005,7.4693284981656305
2075.0,2.075000000000003,7.471828498165642
2075.5,2.075499999999998,7.46928230323892
2076.0,2.0760000000000005,7.471782303238932
2076.5,2.076500000000003,7.474282303238944
2077.0,2.076999999999998,7.47169244537929
2077.5,2.0775000000000006,7.474192445379302
2078.0,2.078000000000003,7.476692445379314
2078.5,2.0784999999999982,7.474108152457006
2079.0,2.0790000000000006,7.476608152457018
2079.5,2.079500000000003,7.47910815245703
2080.0,2.0799999999999983,7.47656207663713
2080.5,2.0805000000000007,7.479062076637142
2081.0,2.081000000000003,7.481562076637154
2081.5,2.0814999999999984,7.479086779613766
2082.0,2.0820000000000007,7.481586779613778
2082.5,2.082500000000003,7.48408677961379
2083.0,2.0829999999999984,7.48168662327366
2083.5,2.083500000000001,7.484186623273672
2084.0,2.084000000000003,7.486686623273684
2084.5,2.0844999999999985,7.4843681051735444
2085.0,2.085000000000001,7.486868105173556
2085.5,2.0855000000000032,7.489368105173568
2086.0,2.0859999999999985,7.487152487938289
2086.5,2.086500000000001,7.489652487938301
2087.0,2.0870000000000033,7.492152487938313
2087.5,2.0874999999999986,7.490031349717583
2088.0,2.088000000000001,7.492531349717595
2088.5,2.0885000000000034,7.495031349717607
2089.0,2.0889999999999986,7.492963752823059
2089.5,2.089500000000001,7.4954637528230705
2090.0,2.0899999999999963,7.497963752823047
2090.5,2.0904999999999987,7.495932976299073
2091.0,2.091000000000001,7.498432976299085
2091.5,2.0915000000000035,7.500932976299097
2092.0,2.0919999999999987,7.49891415561855
2092.5,2.092500000000001,7.501414155618562
2093.0,2.0929999999999964,7.5039141556185385
2093.5,2.093499999999999,7.501870526171963
2094.0,2.094000000000001,7.504370526171975
2094.5,2.0945000000000036,7.506870526171987
2095.0,2.094999999999999,7.5047983879304425
2095.5,2.0955000000000013,7.5072983879304545
2096.0,2.0959999999999965,7.509798387930431
2096.5,2.096499999999999,7.507651549964898
2097.0,2.0970000000000013,7.51015154996491
2097.5,2.0975000000000037,7.512651549964922
2098.0,2.097999999999999,7.510390235718525
2098.5,2.0985000000000014,7.512890235718537
2099.0,2.0989999999999966,7.515390235718513
2099.5,2.099499999999999,7.51301843009788
2100.0,2.1000000000000014,7.515518430097892
2100.5,2.100500000000004,7.518018430097904
2101.0,2.100999999999999,7.51555322373445
2101.5,2.1015000000000015,7.518053223734462
2102.0,2.1019999999999968,7.520553223734439
2102.5,2.102499999999999,7.517994954820324
2103.0,2.1030000000000015,7.520494954820336
2103.5,2.103499999999997,7.522994954820312
2104.0,2.103999999999999,7.520379109738151
2104.5,2.1045000000000016,7.522879109738163
2105.0,2.104999999999997,7.5253791097381395
2105.5,2.1054999999999993,7.522769676656225
2106.0,2.1060000000000016,7.525269676656237
2106.5,2.106499999999997,7.527769676656213
2107.0,2.1069999999999993,7.525231803350891
2107.5,2.1075000000000017,7.527731803350903
2108.0,2.107999999999997,7.53023180335088
2108.5,2.1084999999999994,7.527793214051108
2109.0,2.1090000000000018,7.53029321405112
2109.5,2.109499999999997,7.532793214051097
2110.0,2.1099999999999994,7.530478455964307
2110.5,2.110500000000002,7.532978455964319
2111.0,2.110999999999997,7.535478455964295
2111.5,2.1114999999999995,7.533282826252545
2112.0,2.112000000000002,7.535782826252557
2112.5,2.112499999999997,7.538282826252534
2113.0,2.1129999999999995,7.536197443349089
2113.5,2.113500000000002,7.5386974433491005
2114.0,2.113999999999997,7.541197443349077
2114.5,2.1144999999999996,7.543697443349089
2115.0,2.115000000000002,7.541746166272709
2115.5,2.1154999999999973,7.544246166272686
2116.0,2.1159999999999997,7.546746166272698
2116.5,2.116500000000002,7.544941346919352
2117.0,2.1169999999999973,7.547441346919328
2117.5,2.1174999999999997,7.54994134691934
2118.0,2.118000000000002,7.548301366701793
2118.5,2.1184999999999974,7.550801366701769
2119.0,2.1189999999999998,7.553301366701781
2119.5,2.119500000000002,7.551799937071877
2120.0,2.1199999999999974,7.554299937071853
2120.5,2.1205,7.556799937071865
2121.0,2.121000000000002,7.555403436895851
2121.5,2.1214999999999975,7.5579034368958276
2122.0,2.122,7.5604034368958395
2122.5,2.1225000000000023,7.559077204747879
2123.0,2.1229999999999976,7.561577204747856
2123.5,2.1235,7.564077204747868
2124.0,2.1240000000000023,7.562777682031658
2124.5,2.1244999999999976,7.565277682031635
2125.0,2.125,7.567777682031647
2125.5,2.1255000000000024,7.566442216550442
2126.0,2.1259999999999977,7.568942216550418
2126.5,2.1265,7.57144221655043
2127.0,2.1270000000000024,7.570033372835319
2127.5,2.1274999999999977,7.572533372835295
2128.0,2.128,7.575033372835307
2128.5,2.1285000000000025,7.573524227541029
2129.0,2.128999999999998,7.576024227541005
2129.5,2.1295,7.578524227541017
2130.0,2.1300000000000026,7.576879358071551
2130.5,2.130499999999998,7.579379358071527
2131.0,2.1310000000000002,7.581879358071539
2131.5,2.1315000000000026,7.580084038117683
2132.0,2.131999999999998,7.582584038117659
2132.5,2.1325000000000003,7.585084038117671
2133.0,2.1330000000000027,7.583133040032557
2133.5,2.133499999999998,7.585633040032533
2134.0,2.1340000000000003,7.588133040032545
2134.5,2.1345000000000027,7.586051877874063
2135.0,2.134999999999998,7.588551877874039
2135.5,2.1355000000000004,7.591051877874051
2136.0,2.136000000000003,7.588864414121019
2136.5,2.136499999999998,7.591364414120996
2137.0,2.1370000000000005,7.593864414121008
2137.5,2.137500000000003,7.5915733478266745
2138.0,2.137999999999998,7.594073347826651
2138.5,2.1385000000000005,7.596573347826663
2139.0,2.139000000000003,7.594188574021423
2139.5,2.139499999999998,7.5966885740214
2140.0,2.1400000000000006,7.599188574021412
2140.5,2.140500000000003,7.596721486186944
2141.0,2.1409999999999982,7.59922148618692
2141.5,2.1415000000000006,7.601721486186932
2142.0,2.142000000000003,7.599172982720539
2142.5,2.1424999999999983,7.601672982720515
2143.0,2.1430000000000007,7.604172982720527
2143.5,2.143500000000003,7.6015483657275595
2144.0,2.1439999999999984,7.604048365727536
2144.5,2.1445000000000007,7.606548365727548
2145.0,2.145000000000003,7.603860608365274
2145.5,2.1454999999999984,7.60636060836525
2146.0,2.146000000000001,7.608860608365262
2146.5,2.146500000000003,7.606136779304364
2147.0,2.1469999999999985,7.608636779304341
2147.5,2.147500000000001,7.611136779304353
2148.0,2.1480000000000032,7.608396308940648
2148.5,2.1484999999999985,7.6108963089406245
2149.0,2.149000000000001,7.6133963089406365
2149.5,2.1495000000000033,7.610663767979631
2150.0,2.1499999999999986,7.613163767979607
2150.5,2.150500000000001,7.615663767979619
2151.0,2.1510000000000034,7.6129197155644945
2151.5,2.1514999999999986,7.615419715564471
2152.0,2.152000000000001,7.617919715564483
2152.5,2.1524999999999963,7.6151652808436054
2153.0,2.1529999999999987,7.617665280843617
2153.5,2.153500000000001,7.620165280843629
2154.0,2.1540000000000035,7.617427604306108
2154.5,2.1544999999999987,7.619927604306085
2155.0,2.155000000000001,7.622427604306097
2155.5,2.1554999999999964,7.619721315609098
2156.0,2.155999999999999,7.62222131560911
2156.5,2.156500000000001,7.624721315609122
2157.0,2.1570000000000036,7.6220384988270595
2157.5,2.157499999999999,7.624538498827036
2158.0,2.1580000000000013,7.627038498827048
2158.5,2.1584999999999965,7.624372895147111
2159.0,2.158999999999999,7.626872895147123
2159.5,2.1595000000000013,7.629372895147135
2160.0,2.1600000000000037,7.626740832238177
2160.5,2.160499999999999,7.629240832238153
2161.0,2.1610000000000014,7.631740832238165
2161.5,2.1614999999999966,7.629135754195424
2162.0,2.161999999999999,7.631635754195436
2162.5,2.1625000000000014,7.634135754195448
2163.0,2.163000000000004,7.631549652839347
2163.5,2.163499999999999,7.634049652839323
2164.0,2.1640000000000015,7.636549652839335
2164.5,2.1644999999999968,7.633961905633484
2165.0,2.164999999999999,7.636461905633496
2165.5,2.1655000000000015,7.638961905633508
2166.0,2.165999999999997,7.63636308714279
2166.5,2.166499999999999,7.638863087142802
2167.0,2.1670000000000016,7.641363087142814
2167.5,2.167499999999997,7.638742901625228
2168.0,2.1679999999999993,7.64124290162524
2168.5,2.1685000000000016,7.643742901625252
2169.0,2.168999999999997,7.641096919662189
2169.5,2.1694999999999993,7.643596919662201
2170.0,2.1700000000000017,7.646096919662213
2170.5,2.170499999999997,7.643397600959894
2171.0,2.1709999999999994,7.645897600959906
2171.5,2.1715000000000018,7.6483976009599175
2172.0,2.171999999999997,7.645655619210032
2172.5,2.1724999999999994,7.648155619210044
2173.0,2.173000000000002,7.650655619210056
2173.5,2.173499999999997,7.64786986534471
2174.0,2.1739999999999995,7.650369865344722
2174.5,2.174500000000002,7.652869865344734
2175.0,2.174999999999997,7.650052991495606
2175.5,2.1754999999999995,7.652552991495618
2176.0,2.176000000000002,7.65505299149563
2176.5,2.176499999999997,7.652234036802881
2177.0,2.1769999999999996,7.654734036802893
2177.5,2.177500000000002,7.657234036802905
2178.0,2.1779999999999973,7.654449075560343
2178.5,2.1784999999999997,7.656949075560355
2179.0,2.179000000000002,7.659449075560367
2179.5,2.1794999999999973,7.656729089657581
2180.0,2.1799999999999997,7.659229089657593
2180.5,2.180500000000002,7.661729089657605
2181.0,2.1809999999999974,7.659137302402357
2181.5,2.1814999999999998,7.661637302402369
2182.0,2.182000000000002,7.664137302402381
2182.5,2.1824999999999974,7.6617150991993554
2183.0,2.183,7.664215099199367
2183.5,2.183500000000002,7.666715099199379
2184.0,2.1839999999999975,7.664492333199107
2184.5,2.1845,7.6669923331991185
2185.0,2.1850000000000023,7.6694923331991305
2185.5,2.1854999999999976,7.667495956384407
2186.0,2.186,7.669995956384419
2186.5,2.1865000000000023,7.672495956384431
2187.0,2.1869999999999976,7.670717840751813
2187.5,2.1875,7.673217840751825
2188.0,2.1880000000000024,7.675717840751837
2188.5,2.1884999999999977,7.674149720110606
2189.0,2.189,7.676649720110618
2189.5,2.1895000000000024,7.67914972011063
2190.0,2.1899999999999977,7.681649720110606
2190.5,2.1905,7.680279858879224
2191.0,2.1910000000000025,7.682779858879236
2191.5,2.191499999999998,7.685279858879213
2192.0,2.192,7.684068073897521
2192.5,2.1925000000000026,7.686568073897533
2193.0,2.192999999999998,7.689068073897509
2193.5,2.1935000000000002,7.6879885268502335
2194.0,2.1940000000000026,7.690488526850245
2194.5,2.194499999999998,7.692988526850222
2195.0,2.1950000000000003,7.691995541039169
2195.5,2.1955000000000027,7.694495541039181
2196.0,2.195999999999998,7.696995541039158
2196.5,2.1965000000000003,7.69604695183272
2197.0,2.1970000000000027,7.698546951832732
2197.5,2.197499999999998,7.7010469518327085
2198.0,2.1980000000000004,7.700087883779787
2198.5,2.198500000000003,7.702587883779799
2199.0,2.198999999999998,7.705087883779775
2199.5,2.1995000000000005,7.70406673973973
2200.0,2.200000000000003,7.706566739739742
2200.5,2.200499999999998,7.709066739739718
2201.0,2.2010000000000005,7.707914724999689
2201.5,2.201500000000003,7.710414724999701
2202.0,2.201999999999998,7.712914724999678
2202.5,2.2025000000000006,7.711612579283589
2203.0,2.203000000000003,7.714112579283601
2203.5,2.2034999999999982,7.716612579283577
2204.0,2.2040000000000006,7.71513346366298
2204.5,2.204500000000003,7.717633463662992
2205.0,2.2049999999999983,7.720133463662968
2205.5,2.2055000000000007,7.718464073864695
2206.0,2.206000000000003,7.720964073864707
2206.5,2.2064999999999984,7.723464073864683
2207.0,2.2070000000000007,7.72163576813675
2207.5,2.207500000000003,7.724135768136762
2208.0,2.2079999999999984,7.726635768136738
2208.5,2.208500000000001,7.724678333917758
2209.0,2.209000000000003,7.72717833391777
2209.5,2.2094999999999985,7.729678333917747
2210.0,2.210000000000001,7.7276188255482126
2210.5,2.2105000000000032,7.7301188255482245
2211.0,2.2109999999999985,7.732618825548201
2211.5,2.211500000000001,7.730479556590417
2212.0,2.2120000000000033,7.732979556590429
2212.5,2.2124999999999986,7.7354795565904055
2213.0,2.213000000000001,7.733321259834547
2213.5,2.2135000000000034,7.735821259834559
2214.0,2.2139999999999986,7.738321259834535
2214.5,2.214500000000001,7.736200116441019
2215.0,2.2149999999999963,7.738700116440995
2215.5,2.2154999999999987,7.741200116441007
2216.0,2.216000000000001,7.739149294561507
2216.5,2.2165000000000035,7.741649294561519
2217.0,2.2169999999999987,7.744149294561495
2217.5,2.217500000000001,7.742216601141116
2218.0,2.2179999999999964,7.744716601141093
2218.5,2.218499999999999,7.747216601141105
2219.0,2.219000000000001,7.745444949054665
2219.5,2.2195000000000036,7.747944949054677
2220.0,2.219999999999999,7.750444949054653
2220.5,2.2205000000000013,7.748824543026167
2221.0,2.2209999999999965,7.7513245430261435
2221.5,2.221499999999999,7.753824543026155
2222.0,2.2220000000000013,7.752360554045303
2222.5,2.2225000000000037,7.754860554045315
2223.0,2.222999999999999,7.757360554045292
2223.5,2.2235000000000014,7.756025859893327
2224.0,2.2239999999999966,7.758525859893304
2224.5,2.224499999999999,7.761025859893316
2225.0,2.2250000000000014,7.759762979576621
2225.5,2.225500000000004,7.762262979576633
2226.0,2.225999999999999,7.764762979576609
2226.5,2.2265000000000015,7.763524288044081
2227.0,2.2269999999999968,7.766024288044058
2227.5,2.227499999999999,7.76852428804407
2228.0,2.2280000000000015,7.767244187239299
2228.5,2.228499999999997,7.769744187239276
2229.0,2.228999999999999,7.772244187239288
2229.5,2.2295000000000016,7.770858061745081
2230.0,2.229999999999997,7.773358061745057
2230.5,2.2304999999999993,7.775858061745069
2231.0,2.2310000000000016,7.774295444882675
2231.5,2.231499999999997,7.7767954448826515
2232.0,2.2319999999999993,7.7792954448826634
2232.5,2.2325000000000017,7.77748496808325
2233.0,2.232999999999997,7.779984968083227
2233.5,2.2334999999999994,7.782484968083239
2234.0,2.2340000000000018,7.780413706227414
2234.5,2.234499999999997,7.78291370622739
2235.0,2.2349999999999994,7.785413706227402
2235.5,2.235500000000002,7.783107909962936
2236.0,2.235999999999997,7.785607909962913
2236.5,2.2364999999999995,7.788107909962925
2237.0,2.237000000000002,7.78558316162087
2237.5,2.237499999999997,7.788083161620847
2238.0,2.2379999999999995,7.790583161620859
2238.5,2.238500000000002,7.7878690733745515
2239.0,2.238999999999997,7.790369073374528
2239.5,2.2394999999999996,7.79286907337454
2240.0,2.240000000000002,7.789997801614952
2240.5,2.2404999999999973,7.792497801614928
2241.0,2.2409999999999997,7.79499780161494
2241.5,2.241500000000002,7.7919822088744795
2242.0,2.2419999999999973,7.794482208874456
2242.5,2.2424999999999997,7.796982208874468
2243.0,2.243000000000002,7.7938510038876885
2243.5,2.2434999999999974,7.796351003887665
2244.0,2.2439999999999998,7.798851003887677
2244.5,2.244500000000002,7.795640538902298
2245.0,2.2449999999999974,7.798140538902274
2245.5,2.2455,7.800640538902286
2246.0,2.246000000000002,7.797374064949096
2246.5,2.2464999999999975,7.799874064949073
2247.0,2.247,7.802374064949085
2247.5,2.2475000000000023,7.799094607400292
2248.0,2.2479999999999976,7.801594607400268
2248.5,2.2485,7.80409460740028
2249.0,2.2490000000000023,7.800852548096628
2249.5,2.2494999999999976,7.803352548096605
2250.0,2.25,7.805852548096617
2250.5,2.2505000000000024,7.802676842356462
2251.0,2.2509999999999977,7.805176842356438
2251.5,2.2515,7.80767684235645
2252.0,2.2520000000000024,7.80460132166656
2252.5,2.2524999999999977,7.807101321666536
2253.0,2.253,7.809601321666548
2253.5,2.2535000000000025,7.806633179079725
2254.0,2.253999999999998,7.809133179079701
2254.5,2.2545,7.811633179079713
2255.0,2.2550000000000026,7.80876609512827
2255.5,2.255499999999998,7.811266095128246
2256.0,2.2560000000000002,7.813766095128258
2256.5,2.2565000000000026,7.810974219020181
2257.0,2.256999999999998,7.813474219020158
2257.5,2.2575000000000003,7.81597421902017
2258.0,2.2580000000000027,7.813243636736722
2258.5,2.258499999999998,7.815743636736698
2259.0,2.2590000000000003,7.81824363673671
2259.5,2.2595000000000027,7.815566175541164
2260.0,2.259999999999998,7.818066175541141
2260.5,2.2605000000000004,7.820566175541153
2261.0,2.261000000000003,7.8179392440132744
2261.5,2.261499999999998,7.820439244013251
2262.0,2.2620000000000005,7.822939244013263
2262.5,2.262500000000003,7.820361318893667
2263.0,2.262999999999998,7.822861318893644
2263.5,2.2635000000000005,7.8253613188936555
2264.0,2.264000000000003,7.82283731836678
2264.5,2.264499999999998,7.825337318366756
2265.0,2.2650000000000006,7.827837318366768
2265.5,2.265500000000003,7.83033731836678
2266.0,2.2659999999999982,7.827863666159907
2266.5,2.2665000000000006,7.8303636661599185
2267.0,2.267000000000003,7.8328636661599305
2267.5,2.2674999999999983,7.830415340409402
2268.0,2.2680000000000007,7.832915340409414
2268.5,2.268500000000003,7.835415340409426
2269.0,2.2689999999999984,7.832976806468643
2269.5,2.2695000000000007,7.835476806468655
2270.0,2.270000000000003,7.837976806468667
2270.5,2.2704999999999984,7.835512383993333
2271.0,2.271000000000001,7.838012383993345
2271.5,2.271500000000003,7.840512383993357
2272.0,2.2719999999999985,7.837994845614489
2272.5,2.272500000000001,7.840494845614501
2273.0,2.2730000000000032,7.842994845614513
2273.5,2.2734999999999985,7.840436654502412
2274.0,2.274000000000001,7.842936654502424
2274.5,2.2745000000000033,7.845436654502436
2275.0,2.2749999999999986,7.842830407710295
2275.5,2.275500000000001,7.845330407710307
2276.0,2.2760000000000034,7.847830407710319
2276.5,2.2764999999999986,7.845183529428077
2277.0,2.277000000000001,7.847683529428089
2277.5,2.2774999999999963,7.850183529428065
2278.0,2.2779999999999987,7.847502668729867
2278.5,2.278500000000001,7.8500026687298785
2279.0,2.2790000000000035,7.8525026687298904
2279.5,2.2794999999999987,7.849797897610777
2280.0,2.280000000000001,7.852297897610789
2280.5,2.2804999999999964,7.854797897610766
2281.0,2.280999999999999,7.852075624152164
2281.5,2.281500000000001,7.854575624152176
2282.0,2.2820000000000036,7.857075624152188
2282.5,2.282499999999999,7.8543383455855675
2283.0,2.2830000000000013,7.8568383455855795
2283.5,2.2834999999999965,7.859338345585556
2284.0,2.283999999999999,7.856596649504617
2284.5,2.2845000000000013,7.859096649504629
2285.0,2.2850000000000037,7.861596649504641
2285.5,2.285499999999999,7.858875537558205
2286.0,2.2860000000000014,7.861375537558217
2286.5,2.2864999999999966,7.863875537558194
2287.0,2.286999999999999,7.861222916537933
2287.5,2.2875000000000014,7.863722916537945
2288.0,2.288000000000004,7.866222916537957
2288.5,2.288499999999999,7.863698513238759
2289.0,2.2890000000000015,7.866198513238771
2289.5,2.2894999999999968,7.868698513238748
2290.0,2.289999999999999,7.866350357805665
2290.5,2.2905000000000015,7.868850357805677
2291.0,2.290999999999997,7.871350357805653
2291.5,2.291499999999999,7.869218436055867
2292.0,2.2920000000000016,7.871718436055879
2292.5,2.292499999999997,7.874218436055855
2293.0,2.2929999999999993,7.872316448201495
2293.5,2.2935000000000016,7.874816448201507
2294.0,2.293999999999997,7.8773164482014835
2294.5,2.2944999999999993,7.875630538948215
2295.0,2.2950000000000017,7.878130538948227
2295.5,2.295499999999997,7.880630538948203
2296.0,2.2959999999999994,7.879127681607443
2296.5,2.2965000000000018,7.881627681607455
2297.0,2.296999999999997,7.884127681607431
2297.5,2.2974999999999994,7.882762157370138
2298.0,2.298000000000002,7.88526215737015
2298.5,2.298499999999997,7.887762157370126
2299.0,2.2989999999999995,7.886499865591645
2299.5,2.299500000000002,7.888999865591657
2300.0,2.299999999999997,7.8914998655916335
2300.5,2.3004999999999995,7.890300173888818
2301.0,2.301000000000002,7.89280017388883
2301.5,2.301499999999997,7.895300173888806
2302.0,2.3019999999999996,7.894129188530137
2302.5,2.302500000000002,7.896629188530149
2303.0,2.3029999999999973,7.899129188530125
2303.5,2.3034999999999997,7.8979398468473505
2304.0,2.304000000000002,7.9004398468473624
2304.5,2.3044999999999973,7.902939846847339
2305.0,2.3049999999999997,7.90170497701034
2305.5,2.305500000000002,7.904204977010352
2306.0,2.3059999999999974,7.906704977010328
2306.5,2.3064999999999998,7.90538597751727
2307.0,2.307000000000002,7.907885977517282
2307.5,2.3074999999999974,7.910385977517258
2308.0,2.308,7.908939417823966
2308.5,2.308500000000002,7.911439417823978
2309.0,2.3089999999999975,7.913939417823954
2309.5,2.3095,7.91233118005767
2310.0,2.3100000000000023,7.914831180057682
2310.5,2.3104999999999976,7.9173311800576585
2311.0,2.311,7.915507830720756
2311.5,2.3115000000000023,7.918007830720768
2312.0,2.3119999999999976,7.920507830720744
2312.5,2.3125,7.918460946009844
2313.0,2.3130000000000024,7.920960946009856
2313.5,2.3134999999999977,7.923460946009833
2314.0,2.314,7.921196642610084
2314.5,2.3145000000000024,7.923696642610096
2315.0,2.3149999999999977,7.926196642610073
2315.5,2.3155,7.923741991547715
2316.0,2.3160000000000025,7.926241991547727
2316.5,2.316499999999998,7.928741991547703
2317.0,2.317,7.926154092286737
2317.5,2.3175000000000026,7.928654092286749
2318.0,2.317999999999998,7.931154092286725
2318.5,2.3185000000000002,7.928490963272665
2319.0,2.3190000000000026,7.930990963272677
2319.5,2.319499999999998,7.933490963272654
2320.0,2.3200000000000003,7.930800329090033
2320.5,2.3205000000000027,7.933300329090045
2321.0,2.320999999999998,7.935800329090021
2321.5,2.3215000000000003,7.933120044459585
2322.0,2.3220000000000027,7.935620044459597
2322.5,2.322499999999998,7.938120044459573
2323.0,2.3230000000000004,7.9354846534583245
2323.5,2.323500000000003,7.9379846534583365
2324.0,2.323999999999998,7.940484653458313
2324.5,2.3245000000000005,7.937907139821938
2325.0,2.325000000000003,7.94040713982195
2325.5,2.325499999999998,7.942907139821926
2326.0,2.3260000000000005,7.940419888020962
2326.5,2.326500000000003,7.942919888020974
2327.0,2.326999999999998,7.94541988802095
2327.5,2.3275000000000006,7.943051419531102
2328.0,2.328000000000003,7.945551419531114
2328.5,2.3284999999999982,7.94805141953109
2329.0,2.3290000000000006,7.945807545894397
2329.5,2.329500000000003,7.948307545894409
2330.0,2.3299999999999983,7.950807545894385
2330.5,2.3305000000000007,7.948691327793185
2331.0,2.331000000000003,7.951191327793197
2331.5,2.3314999999999984,7.953691327793173
2332.0,2.3320000000000007,7.951704425743742
2332.5,2.332500000000003,7.954204425743754
2333.0,2.3329999999999984,7.95670442574373
2333.5,2.333500000000001,7.954808151719561
2334.0,2.334000000000003,7.957308151719573
2334.5,2.3344999999999985,7.95980815171955
2335.0,2.335000000000001,7.957957001920022
2335.5,2.3355000000000032,7.960457001920034
2336.0,2.3359999999999985,7.96295700192001
2336.5,2.336500000000001,7.961102559348561
2337.0,2.3370000000000033,7.963602559348573
2337.5,2.3374999999999986,7.966102559348549
2338.0,2.338000000000001,7.964174711510594
2338.5,2.3385000000000034,7.966674711510606
2339.0,2.3389999999999986,7.969174711510583
2339.5,2.339500000000001,7.967113787116915
2340.0,2.3399999999999963,7.9696137871168915
2340.5,2.3404999999999987,7.972113787116903
2341.0,2.341000000000001,7.974613787116915
2341.5,2.3415000000000035,7.972377664195562
2342.0,2.3419999999999987,7.974877664195539
2342.5,2.342500000000001,7.977377664195551
2343.0,2.3429999999999964,7.974925869653582
2343.5,2.343499999999999,7.977425869653594
2344.0,2.344000000000001,7.979925869653606
2344.5,2.3445000000000036,7.977243120955748
2345.0,2.344999999999999,7.979743120955725
2345.5,2.3455000000000013,7.9822431209557365
2346.0,2.3459999999999965,7.979347144650788
2346.5,2.346499999999999,7.9818471446508
2347.0,2.3470000000000013,7.984347144650812
2347.5,2.3475000000000037,7.981240131737444
2348.0,2.347999999999999,7.98374013173742
2348.5,2.3485000000000014,7.986240131737432
2349.0,2.3489999999999966,7.98291207385919
2349.5,2.349499999999999,7.985412073859202
2350.0,2.3500000000000014,7.9879120738592135
2350.5,2.350500000000004,7.984360761472082
2351.0,2.350999999999999,7.986860761472059
2351.5,2.3515000000000015,7.989360761472071
2352.0,2.3519999999999968,7.985590755720722
2352.5,2.352499999999999,7.988090755720734
2353.0,2.3530000000000015,7.990590755720746
2353.5,2.353499999999997,7.986665328982063
2354.0,2.353999999999999,7.989165328982075
2354.5,2.3545000000000016,7.991665328982087
2355.0,2.354999999999997,7.987641757283477
2355.5,2.3554999999999993,7.990141757283489
2356.0,2.3560000000000016,7.992641757283501
2356.5,2.356499999999997,7.988581649712039
2357.0,2.3569999999999993,7.991081649712051
2357.5,2.3575000000000017,7.993581649712063
2358.0,2.357999999999997,7.989572350002625
2358.5,2.3584999999999994,7.992072350002637
2359.0,2.3590000000000018,7.994572350002649
2359.5,2.359499999999997,7.990654349710802
2360.0,2.3599999999999994,7.993154349710814
2360.5,2.360500000000002,7.995654349710826
2361.0,2.360999999999997,7.991890279463547
2361.5,2.3614999999999995,7.994390279463559
2362.0,2.362000000000002,7.996890279463571
2362.5,2.362499999999997,7.99329744004968
2363.0,2.3629999999999995,7.995797440049692
2363.5,2.363500000000002,7.998297440049704
2364.0,2.363999999999997,7.994900308815751
2364.5,2.3644999999999996,7.997400308815763
2365.0,2.365000000000002,7.999900308815775
2365.5,2.3654999999999973,7.996704731246673
2366.0,2.3659999999999997,7.999204731246685
2366.5,2.366500000000002,8.001704731246697
2367.0,2.3669999999999973,7.99869205412449
2367.5,2.3674999999999997,8.001192054124502
2368.0,2.368000000000002,8.003692054124514
2368.5,2.3684999999999974,8.000826574193951
2369.0,2.3689999999999998,8.003326574193963
2369.5,2.369500000000002,8.005826574193975
2370.0,2.3699999999999974,8.003073123369724
2370.5,2.3705,8.005573123369736
2371.0,2.371000000000002,8.008073123369748
2371.5,2.3714999999999975,8.005407484714446
2372.0,2.372,8.007907484714458
2372.5,2.3725000000000023,8.01040748471447
2373.0,2.3729999999999976,8.007783022376245
2373.5,2.3735,8.010283022376257
2374.0,2.3740000000000023,8.012783022376269
2374.5,2.3744999999999976,8.010160217376239
2375.0,2.375,8.01266021737625
2375.5,2.3755000000000024,8.015160217376263
2376.0,2.3759999999999977,8.01250878065872
2376.5,2.3765,8.015008780658732
2377.0,2.3770000000000024,8.017508780658744
2377.5,2.3774999999999977,8.01479099523771
2378.0,2.378,8.017290995237722
2378.5,2.3785000000000025,8.019790995237734
2379.0,2.378999999999998,8.01698880719119
2379.5,2.3795,8.019488807191202
2380.0,2.3800000000000026,8.021988807191214
2380.5,2.380499999999998,8.019085810139401
2381.0,2.3810000000000002,8.021585810139413
2381.5,2.3815000000000026,8.024085810139425
2382.0,2.381999999999998,8.021086669014892
2382.5,2.3825000000000003,8.023586669014904
2383.0,2.3830000000000027,8.026086669014916
2383.5,2.383499999999998,8.023000342462936
2384.0,2.3840000000000003,8.025500342462948
2384.5,2.3845000000000027,8.02800034246296
2385.0,2.384999999999998,8.024837726252692
2385.5,2.3855000000000004,8.027337726252703
2386.0,2.386000000000003,8.029837726252715
2386.5,2.386499999999998,8.026627913680926
2387.0,2.3870000000000005,8.029127913680938
2387.5,2.387500000000003,8.03162791368095
2388.0,2.387999999999998,8.028387613766839
2388.5,2.3885000000000005,8.03088761376685
2389.0,2.389000000000003,8.033387613766863
2389.5,2.389499999999998,8.030146025763933
2390.0,2.3900000000000006,8.032646025763945
2390.5,2.390500000000003,8.035146025763957
2391.0,2.3909999999999982,8.031953370814549
2391.5,2.3915000000000006,8.03445337081456
2392.0,2.392000000000003,8.036953370814572
2392.5,2.3924999999999983,8.033846416867902
2393.0,2.3930000000000007,8.036346416867914
2393.5,2.393500000000003,8.038846416867926
2394.0,2.3939999999999984,8.035845588970432
2394.5,2.3945000000000007,8.038345588970444
2395.0,2.395000000000003,8.040845588970456
2395.5,2.3954999999999984,8.037970523537297
2396.0,2.396000000000001,8.040470523537309
2396.5,2.396500000000003,8.04297052353732
2397.0,2.3969999999999985,8.040211345591395
2397.5,2.397500000000001,8.042711345591407
2398.0,2.3980000000000032,8.045211345591419
2398.5,2.3984999999999985,8.042575909569152
2399.0,2.399000000000001,8.045075909569164
2399.5,2.3995000000000033,8.047575909569176
2400.0,2.3999999999999986,8.045079943240587
2400.5,2.400500000000001,8.0475799432406
2401.0,2.4010000000000034,8.050079943240611
2401.5,2.4014999999999986,8.04772078911057
2402.0,2.402000000000001,8.050220789110583
2402.5,2.4024999999999963,8.052720789110559
2403.0,2.4029999999999987,8.050474961103724
2403.5,2.403500000000001,8.052974961103736
2404.0,2.4040000000000035,8.055474961103748
2404.5,2.4044999999999987,8.053300927715235
2405.0,2.405000000000001,8.055800927715246
2405.5,2.4054999999999964,8.058300927715223
2406.0,2.405999999999999,8.056154640137017
2406.5,2.406500000000001,8.058654640137028
2407.0,2.4070000000000036,8.06115464013704
2407.5,2.407499999999999,8.059003400124318
2408.0,2.4080000000000013,8.06150340012433
2408.5,2.4084999999999965,8.064003400124307
2409.0,2.408999999999999,8.061819869562044
2409.5,2.4095000000000013,8.064319869562055
2410.0,2.4100000000000037,8.066819869562067
2410.5,2.410499999999999,8.064569491908173
2411.0,2.4110000000000014,8.067069491908185
2411.5,2.4114999999999966,8.069569491908162
2412.0,2.411999999999999,8.06722931473363
2412.5,2.4125000000000014,8.069729314733642
2413.0,2.413000000000004,8.072229314733654
2413.5,2.413499999999999,8.069777262390865
2414.0,2.4140000000000015,8.072277262390877
2414.5,2.4144999999999968,8.074777262390853
2415.0,2.414999999999999,8.072202707605491
2415.5,2.4155000000000015,8.074702707605503
2416.0,2.415999999999997,8.07720270760548
2416.5,2.416499999999999,8.079702707605492
2417.0,2.4170000000000016,8.076985185858092
2417.5,2.417499999999997,8.079485185858069
2418.0,2.4179999999999993,8.08198518585808
2418.5,2.4185000000000016,8.07911213883056
2419.0,2.418999999999997,8.081612138830536
2419.5,2.4194999999999993,8.084112138830548
2420.0,2.4200000000000017,8.081077684748763
2420.5,2.420499999999997,8.08357768474874
2421.0,2.4209999999999994,8.086077684748751
2421.5,2.4215000000000018,8.082868459199695
2422.0,2.421999999999997,8.085368459199671
2422.5,2.4224999999999994,8.087868459199683
2423.0,2.423000000000002,8.084491822762878
2423.5,2.423499999999997,8.086991822762855
2424.0,2.4239999999999995,8.089491822762866
2424.5,2.424500000000002,8.085970256517356
2425.0,2.424999999999997,8.088470256517333
2425.5,2.4254999999999995,8.090970256517345
2426.0,2.426000000000002,8.087323283593939
2426.5,2.426499999999997,8.089823283593915
2427.0,2.4269999999999996,8.092323283593927
2427.5,2.427500000000002,8.088582281512338
2428.0,2.4279999999999973,8.091082281512314
2428.5,2.4284999999999997,8.093582281512326
2429.0,2.429000000000002,8.08976413591008
2429.5,2.4294999999999973,8.092264135910057
2430.0,2.4299999999999997,8.094764135910069
2430.5,2.430500000000002,8.090891000636162
2431.0,2.4309999999999974,8.093391000636139
2431.5,2.4314999999999998,8.09589100063615
2432.0,2.432000000000002,8.091989898096408
2432.5,2.4324999999999974,8.094489898096384
2433.0,2.433,8.096989898096396
2433.5,2.433500000000002,8.09310517126498
2434.0,2.4339999999999975,8.095605171264957
2434.5,2.4345,8.098105171264969
2435.0,2.4350000000000023,8.094263563782071
2435.5,2.4354999999999976,8.096763563782048
2436.0,2.436,8.09926356378206
2436.5,2.4365000000000023,8.095466490221632
2437.0,2.4369999999999976,8.097966490221609
2437.5,2.4375,8.10046649022162
2438.0,2.4380000000000024,8.096726619064398
2438.5,2.4384999999999977,8.099226619064375
2439.0,2.439,8.101726619064387
2439.5,2.4395000000000024,8.098067780623133
2440.0,2.4399999999999977,8.10056778062311
2440.5,2.4405,8.103067780623121
2441.0,2.4410000000000025,8.099444471116293
2441.5,2.441499999999998,8.10194447111627
2442.0,2.442,8.104444471116281
2442.5,2.4425000000000026,8.100826071071339
2443.0,2.442999999999998,8.103326071071315
2443.5,2.4435000000000002,8.105826071071327
2444.0,2.4440000000000026,8.102212118153282
2444.5,2.444499999999998,8.104712118153259
2445.0,2.4450000000000003,8.10721211815327
2445.5,2.4455000000000027,8.103575998064052
2446.0,2.445999999999998,8.106075998064028
2446.5,2.4465000000000003,8.10857599806404
2447.0,2.4470000000000027,8.104904276401719
2447.5,2.447499999999998,8.107404276401695
2448.0,2.4480000000000004,8.109904276401707
2448.5,2.448500000000003,8.106209994978002
2449.0,2.448999999999998,8.108709994977978
2449.5,2.4495000000000005,8.11120999497799
2450.0,2.450000000000003,8.10750492769234
2450.5,2.450499999999998,8.110004927692316
2451.0,2.4510000000000005,8.112504927692328
2451.5,2.451500000000003,8.108812007364072
2452.0,2.451999999999998,8.111312007364049
2452.5,2.4525000000000006,8.11381200736406
2453.0,2.453000000000003,8.110126905218351
2453.5,2.4534999999999982,8.112626905218328
2454.0,2.4540000000000006,8.11512690521834
2454.5,2.454500000000003,8.111446676451806
2455.0,2.4549999999999983,8.113946676451782
2455.5,2.4555000000000007,8.116446676451794
2456.0,2.456000000000003,8.112788775214561
2456.5,2.4564999999999984,8.115288775214538
2457.0,2.4570000000000007,8.11778877521455
2457.5,2.457500000000003,8.114130468855727
2458.0,2.4579999999999984,8.116630468855703
2458.5,2.458500000000001,8.119130468855715
2459.0,2.459000000000003,8.115447042906538
2459.5,2.4594999999999985,8.117947042906515
2460.0,2.460000000000001,8.120447042906527
2460.5,2.4605000000000032,8.116726348928722
2461.0,2.4609999999999985,8.119226348928699
2461.5,2.461500000000001,8.12172634892871
2462.0,2.4620000000000033,8.117976175096402
2462.5,2.4624999999999986,8.120476175096378
2463.0,2.463000000000001,8.12297617509639
2463.5,2.4635000000000034,8.11921349751838
2464.0,2.4639999999999986,8.121713497518357
2464.5,2.464500000000001,8.124213497518369
2465.0,2.4649999999999963,8.12046987145088
2465.5,2.4654999999999987,8.122969871450891
2466.0,2.466000000000001,8.125469871450903
2466.5,2.4665000000000035,8.121772349826735
2467.0,2.4669999999999987,8.124272349826711
2467.5,2.467500000000001,8.126772349826723
2468.0,2.4679999999999964,8.123154441845912
2468.5,2.468499999999999,8.125654441845924
2469.0,2.469000000000001,8.128154441845936
2469.5,2.4695000000000036,8.124640877625922
2470.0,2.469999999999999,8.127140877625898
2470.5,2.4705000000000013,8.12964087762591
2471.0,2.4709999999999965,8.126280594672117
2471.5,2.471499999999999,8.12878059467213
2472.0,2.4720000000000013,8.131280594672141
2472.5,2.4725000000000037,8.12810221860353
2473.0,2.472999999999999,8.130602218603507
2473.5,2.4735000000000014,8.133102218603518
2474.0,2.4739999999999966,8.130104468678638
2474.5,2.474499999999999,8.13260446867865
2475.0,2.4750000000000014,8.135104468678662
2475.5,2.475500000000004,8.132282672082809
2476.0,2.475999999999999,8.134782672082785
2476.5,2.4765000000000015,8.137282672082797
2477.0,2.4769999999999968,8.134621172687169
2477.5,2.477499999999999,8.13712117268718
2478.0,2.4780000000000015,8.139621172687193
2478.5,2.478499999999997,8.137107071381529
2479.0,2.478999999999999,8.13960707138154
2479.5,2.4795000000000016,8.142107071381552
2480.0,2.479999999999997,8.139700351333836
2480.5,2.4804999999999993,8.142200351333848
2481.0,2.4810000000000016,8.14470035133386
2481.5,2.481499999999997,8.142374562957677
2482.0,2.4819999999999993,8.144874562957689
2482.5,2.4825000000000017,8.147374562957701
2483.0,2.482999999999997,8.145120073499754
2483.5,2.4834999999999994,8.147620073499766
2484.0,2.4840000000000018,8.150120073499778
2484.5,2.484499999999997,8.147921077762383
2485.0,2.4849999999999994,8.150421077762395
2485.5,2.485500000000002,8.152921077762407
2486.0,2.485999999999997,8.150727901595545
2486.5,2.4864999999999995,8.153227901595557
2487.0,2.487000000000002,8.155727901595569
2487.5,2.487499999999997,8.153485315125977
2488.0,2.4879999999999995,8.155985315125989
2488.5,2.488500000000002,8.158485315126
2489.0,2.488999999999997,8.156156099091234
2489.5,2.4894999999999996,8.158656099091246
2490.0,2.490000000000002,8.161156099091258
2490.5,2.4904999999999973,8.158715490218711
2491.0,2.4909999999999997,8.161215490218723
2491.5,2.491500000000002,8.163715490218735
2492.0,2.4919999999999973,8.166215490218711
2492.5,2.4924999999999997,8.163638723470754
2493.0,2.493000000000002,8.166138723470766
2493.5,2.4934999999999974,8.168638723470742
2494.0,2.4939999999999998,8.165909833415768
2494.5,2.494500000000002,8.16840983341578
2495.0,2.4949999999999974,8.170909833415756
2495.5,2.4955,8.1680202057942
2496.0,2.496000000000002,8.170520205794212
2496.5,2.4964999999999975,8.173020205794188
2497.0,2.497,8.169943412096465
2497.5,2.4975000000000023,8.172443412096477
2498.0,2.4979999999999976,8.174943412096454
2498.5,2.4985,8.171671032206547
2499.0,2.4990000000000023,8.174171032206559
2499.5,2.4994999999999976,8.176671032206535
2500.0,2.5,8.173218020402508
2500.5,2.5005000000000024,8.17571802040252
2501.0,2.5009999999999977,8.178218020402497
2501.5,2.5015,8.174595211157616
2502.0,2.5020000000000024,8.177095211157628
2502.5,2.5024999999999977,8.179595211157604
2503.0,2.503,8.175855042769307
2503.5,2.5035000000000025,8.178355042769319
2504.0,2.503999999999998,8.180855042769295
2504.5,2.5045,8.177068460599024
2505.0,2.5050000000000026,8.179568460599036
2505.5,2.505499999999998,8.182068460599012
2506.0,2.5060000000000002,8.178304593616765
2506.5,2.5065000000000026,8.180804593616777
2507.0,2.506999999999998,8.183304593616754
2507.5,2.5075000000000003,8.179635531136995
2508.0,2.5080000000000027,8.182135531137007
2508.5,2.508499999999998,8.184635531136983
2509.0,2.5090000000000003,8.181130043291915
2509.5,2.5095000000000027,8.183630043291927
2510.0,2.509999999999998,8.186130043291904
2510.5,2.5105000000000004,8.182819766229272
2511.0,2.511000000000003,8.185319766229284
2511.5,2.511499999999998,8.18781976622926
2512.0,2.5120000000000005,8.184698263959653
2512.5,2.512500000000003,8.187198263959665
2513.0,2.512999999999998,8.189698263959642
2513.5,2.5135000000000005,8.186736844476634
2514.0,2.514000000000003,8.189236844476646
2514.5,2.514499999999998,8.191736844476623
2515.0,2.5150000000000006,8.188882983179013
2515.5,2.515500000000003,8.191382983179025
2516.0,2.5159999999999982,8.193882983179002
2516.5,2.5165000000000006,8.191075799836831
2517.0,2.517000000000003,8.193575799836843
2517.5,2.5174999999999983,8.19607579983682
2518.0,2.5180000000000007,8.193245032803844
2518.5,2.518500000000003,8.195745032803856
2519.0,2.5189999999999984,8.198245032803833
2519.5,2.5195000000000007,8.195340707060517
2520.0,2.520000000000003,8.197840707060529
2520.5,2.5204999999999984,8.200340707060505
2521.0,2.521000000000001,8.197315075291485
2521.5,2.521500000000003,8.199815075291497
2522.0,2.5219999999999985,8.202315075291473
2522.5,2.522500000000001,8.199159452425171
2523.0,2.5230000000000032,8.201659452425183
2523.5,2.5234999999999985,8.20415945242516
2524.0,2.524000000000001,8.20086137042086
2524.5,2.5245000000000033,8.203361370420872
2525.0,2.5249999999999986,8.205861370420848
2525.5,2.525500000000001,8.202424425269896
2526.0,2.5260000000000034,8.204924425269908
2526.5,2.5264999999999986,8.207424425269885
2527.0,2.527000000000001,8.203853680360815
2527.5,2.5274999999999963,8.206353680360792
2528.0,2.5279999999999987,8.208853680360804
2528.5,2.528500000000001,8.205145706008459
2529.0,2.5290000000000035,8.20764570600847
2529.5,2.5294999999999987,8.210145706008447
2530.0,2.530000000000001,8.206306409806139
2530.5,2.5304999999999964,8.208806409806115
2531.0,2.530999999999999,8.211306409806127
2531.5,2.531500000000001,8.207355427974576
2532.0,2.5320000000000036,8.209855427974588
2532.5,2.532499999999999,8.212355427974565
2533.0,2.5330000000000013,8.208347504346456
2533.5,2.5334999999999965,8.210847504346432
2534.0,2.533999999999999,8.213347504346444
2534.5,2.5345000000000013,8.209309005882446
2535.0,2.5350000000000037,8.211809005882458
2535.5,2.535499999999999,8.214309005882434
2536.0,2.5360000000000014,8.210275472597282
2536.5,2.5364999999999966,8.212775472597258
2537.0,2.536999999999999,8.21527547259727
2537.5,2.5375000000000014,8.21129825497195
2538.0,2.538000000000004,8.213798254971962
2538.5,2.538499999999999,8.216298254971939
2539.0,2.5390000000000015,8.212414929267524
2539.5,2.5394999999999968,8.2149149292675
2540.0,2.539999999999999,8.217414929267512
2540.5,2.5405000000000015,8.2136744118068
2541.0,2.540999999999997,8.216174411806776
2541.5,2.541499999999999,8.218674411806788
2542.0,2.5420000000000016,8.21508678254201
2542.5,2.542499999999997,8.217586782541986
2543.0,2.5429999999999993,8.220086782541998
2543.5,2.5435000000000016,8.216661472487807
2544.0,2.543999999999997,8.219161472487784
2544.5,2.5444999999999993,8.221661472487796
2545.0,2.5450000000000017,8.218389215148285
2545.5,2.545499999999997,8.220889215148262
2546.0,2.5459999999999994,8.223389215148273
2546.5,2.5465000000000018,8.22025677571478
2547.0,2.546999999999997,8.222756775714757
2547.5,2.5474999999999994,8.225256775714769
2548.0,2.548000000000002,8.222239091247232
2548.5,2.548499999999997,8.224739091247208
2549.0,2.5489999999999995,8.22723909124722
2549.5,2.549500000000002,8.224300055489238
2550.0,2.549999999999997,8.226800055489214
2550.5,2.5504999999999995,8.229300055489226
2551.0,2.551000000000002,8.226415580625783
2551.5,2.551499999999997,8.22891558062576
2552.0,2.5519999999999996,8.231415580625772
2552.5,2.552500000000002,8.228547956673644
2553.0,2.5529999999999973,8.23104795667362
2553.5,2.5534999999999997,8.233547956673632
2554.0,2.554000000000002,8.230641942119767
2554.5,2.5544999999999973,8.233141942119744
2555.0,2.5549999999999997,8.235641942119756
2555.5,2.555500000000002,8.23265785964825
2556.0,2.5559999999999974,8.235157859648226
2556.5,2.5564999999999998,8.237657859648237
2557.0,2.557000000000002,8.234561590075025
2557.5,2.5574999999999974,8.237061590075001
2558.0,2.558,8.239561590075013
2558.5,2.558500000000002,8.23633569551557
2559.0,2.5589999999999975,8.238835695515547
2559.5,2.5595,8.24133569551556
2560.0,2.5600000000000023,8.237961014037225
2560.5,2.5604999999999976,8.240461014037201
2561.0,2.561,8.242961014037213
2561.5,2.5615000000000023,8.239440797951616
2562.0,2.5619999999999976,8.241940797951592
2562.5,2.5625,8.244440797951604
2563.0,2.5630000000000024,8.24079303528002
2563.5,2.5634999999999977,8.243293035279997
2564.0,2.564,8.245793035280009
2564.5,2.5645000000000024,8.242019392007371
2565.0,2.5649999999999977,8.244519392007348
2565.5,2.5655,8.24701939200736
2566.0,2.5660000000000025,8.243117436642109
2566.5,2.566499999999998,8.245617436642085
2567.0,2.567,8.248117436642097
2567.5,2.5675000000000026,8.25061743664211
2568.0,2.567999999999998,8.24659507212477
2568.5,2.5685000000000002,8.249095072124781
2569.0,2.5690000000000026,8.251595072124793
2569.5,2.569499999999998,8.247441835628422
2570.0,2.5700000000000003,8.249941835628434
2570.5,2.5705000000000027,8.252441835628446
2571.0,2.570999999999998,8.248168629463493
2571.5,2.5715000000000003,8.250668629463505
2572.0,2.5720000000000027,8.253168629463516
2572.5,2.572499999999998,8.248801171944038
2573.0,2.5730000000000004,8.25130117194405
2573.5,2.573500000000003,8.253801171944062
2574.0,2.573999999999998,8.249369146029117
2574.5,2.5745000000000005,8.25186914602913
2575.0,2.575000000000003,8.254369146029141
2575.5,2.575499999999998,8.249919062154945
2576.0,2.5760000000000005,8.252419062154956
2576.5,2.576500000000003,8.254919062154968
2577.0,2.576999999999998,8.250508538996328
2577.5,2.5775000000000006,8.25300853899634
2578.0,2.578000000000003,8.255508538996352
2578.5,2.5784999999999982,8.251188377536067
2579.0,2.5790000000000006,8.25368837753608
2579.5,2.579500000000003,8.256188377536091
2580.0,2.5799999999999983,8.251984687189768
2580.5,2.5805000000000007,8.25448468718978
2581.0,2.581000000000003,8.256984687189792
2581.5,2.5814999999999984,8.252906878675148
2582.0,2.5820000000000007,8.25540687867516
2582.5,2.582500000000003,8.257906878675172
2583.0,2.5829999999999984,8.253961231215463
2583.5,2.583500000000001,8.256461231215475
2584.0,2.584000000000003,8.258961231215487
2584.5,2.5844999999999985,8.255131005572878
2585.0,2.585000000000001,8.25763100557289
2585.5,2.5855000000000032,8.260131005572902
2586.0,2.5859999999999985,8.25639822793022
2586.5,2.586500000000001,8.258898227930231
2587.0,2.5870000000000033,8.261398227930243
2587.5,2.5874999999999986,8.257739996043263
2588.0,2.588000000000001,8.260239996043275
2588.5,2.5885000000000034,8.262739996043287
2589.0,2.5889999999999986,8.259136610477817
2589.5,2.589500000000001,8.26163661047783
2590.0,2.5899999999999963,8.264136610477806
2590.5,2.5904999999999987,8.260570879276266
2591.0,2.591000000000001,8.263070879276277
2591.5,2.5915000000000035,8.26557087927629
2592.0,2.5919999999999987,8.262007413475985
2592.5,2.592500000000001,8.264507413475997
2593.0,2.5929999999999964,8.267007413475973
2593.5,2.593499999999999,8.263428739445615
2594.0,2.594000000000001,8.265928739445627
2594.5,2.5945000000000036,8.268428739445639
2595.0,2.594999999999999,8.264798228208043
2595.5,2.5955000000000013,8.267298228208055
2596.0,2.5959999999999965,8.269798228208032
2596.5,2.596499999999999,8.266076167935452
2597.0,2.5970000000000013,8.268576167935464
2597.5,2.5975000000000037,8.271076167935476
2598.0,2.597999999999999,8.267231902283285
2598.5,2.5985000000000014,8.269731902283297
2599.0,2.5989999999999966,8.272231902283274
2599.5,2.599499999999999,8.268251662147748
2600.0,2.6000000000000014,8.27075166214776
2600.5,2.600500000000004,8.273251662147771
2601.0,2.600999999999999,8.269118117855143
2601.5,2.6015000000000015,8.271618117855155
2602.0,2.6019999999999968,8.274118117855132
2602.5,2.602499999999999,8.269839024056829
2603.0,2.6030000000000015,8.27233902405684
2603.5,2.603499999999997,8.274839024056817
2604.0,2.603999999999999,8.270431693293645
2604.5,2.6045000000000016,8.272931693293657
2605.0,2.604999999999997,8.275431693293633
2605.5,2.6054999999999993,8.270951621800435
2606.0,2.6060000000000016,8.273451621800447
2606.5,2.606499999999997,8.275951621800424
2607.0,2.6069999999999993,8.271495092901588
2607.5,2.6075000000000017,8.2739950929016
2608.0,2.607999999999997,8.276495092901577
2608.5,2.6084999999999994,8.272119722805336
2609.0,2.6090000000000018,8.274619722805348
2609.5,2.609499999999997,8.277119722805324
2610.0,2.6099999999999994,8.272877585346308
2610.5,2.610500000000002,8.27537758534632
2611.0,2.610999999999997,8.277877585346296
2611.5,2.6114999999999995,8.273809420186637
2612.0,2.612000000000002,8.27630942018665
2612.5,2.612499999999997,8.278809420186626
2613.0,2.6129999999999995,8.274971228503532
2613.5,2.613500000000002,8.277471228503543
2614.0,2.613999999999997,8.27997122850352
2614.5,2.6144999999999996,8.276400856031572
2615.0,2.615000000000002,8.278900856031584
2615.5,2.6154999999999973,8.28140085603156
2616.0,2.6159999999999997,8.278135468515089
2616.5,2.616500000000002,8.2806354685151
2617.0,2.6169999999999973,8.283135468515077
2617.5,2.6174999999999997,8.280178889433998
2618.0,2.618000000000002,8.28267888943401
2618.5,2.6184999999999974,8.285178889433986
2619.0,2.6189999999999998,8.282521407776464
2619.5,2.619500000000002,8.285021407776476
2620.0,2.6199999999999974,8.287521407776453
2620.5,2.6205,8.285149067177393
2621.0,2.621000000000002,8.287649067177405
2621.5,2.6214999999999975,8.290149067177381
2622.0,2.622,8.288035468578165
2622.5,2.6225000000000023,8.290535468578177
2623.0,2.6229999999999976,8.293035468578154
2623.5,2.6235,8.291107847924799
2624.0,2.6240000000000023,8.293607847924811
2624.5,2.6244999999999976,8.296107847924787
2625.0,2.625,8.294294067368035
2625.5,2.6255000000000024,8.296794067368047
2626.0,2.6259999999999977,8.299294067368024
2626.5,2.6265,8.297474023590965
2627.0,2.6270000000000024,8.299974023590977
2627.5,2.6274999999999977,8.302474023590953
2628.0,2.628,8.30054250846974
2628.5,2.6285000000000025,8.303042508469751
2629.0,2.628999999999998,8.305542508469728
2629.5,2.6295,8.303427887923576
2630.0,2.6300000000000026,8.305927887923588
2630.5,2.630499999999998,8.308427887923564
2631.0,2.6310000000000002,8.306084199260653
2631.5,2.6315000000000026,8.308584199260665
2632.0,2.631999999999998,8.311084199260641
2632.5,2.6325000000000003,8.308445796150146
2633.0,2.6330000000000027,8.310945796150158
2633.5,2.633499999999998,8.313445796150134
2634.0,2.6340000000000003,8.310492145692194
2634.5,2.6345000000000027,8.312992145692206
2635.0,2.634999999999998,8.315492145692183
2635.5,2.6355000000000004,8.312236238187118
2636.0,2.636000000000003,8.31473623818713
2636.5,2.636499999999998,8.317236238187107
2637.0,2.6370000000000005,8.313704735550758
2637.5,2.637500000000003,8.31620473555077
2638.0,2.637999999999998,8.318704735550746
2638.5,2.6385000000000005,8.31496226080315
2639.0,2.639000000000003,8.317462260803161
2639.5,2.639499999999998,8.319962260803138
2640.0,2.6400000000000006,8.316059030443945
2640.5,2.640500000000003,8.318559030443957
2641.0,2.6409999999999982,8.321059030443934
2641.5,2.6415000000000006,8.317007169158863
2642.0,2.642000000000003,8.319507169158875
2642.5,2.6424999999999983,8.322007169158852
2643.0,2.6430000000000007,8.324507169158863
2643.5,2.643500000000003,8.320350932261995
2644.0,2.6439999999999984,8.322850932261971
2644.5,2.6445000000000007,8.325350932261983
2645.0,2.645000000000003,8.321143851972472
2645.5,2.6454999999999984,8.323643851972449
2646.0,2.646000000000001,8.32614385197246
2646.5,2.646500000000003,8.321928430891248
2647.0,2.6469999999999985,8.324428430891224
2647.5,2.647500000000001,8.326928430891236
2648.0,2.6480000000000032,8.322777750816854
2648.5,2.6484999999999985,8.32527775081683
2649.0,2.649000000000001,8.327777750816843
2649.5,2.6495000000000033,8.323757540478525
2650.0,2.6499999999999986,8.326257540478501
2650.5,2.650500000000001,8.328757540478513
2651.0,2.6510000000000034,8.32490787944323
2651.5,2.6514999999999986,8.327407879443207
2652.0,2.652000000000001,8.329907879443219
2652.5,2.6524999999999963,8.326250676833418
2653.0,2.6529999999999987,8.32875067683343
2653.5,2.653500000000001,8.331250676833442
2654.0,2.6540000000000035,8.327804493577311
2654.5,2.6544999999999987,8.330304493577287
2655.0,2.655000000000001,8.3328044935773
2655.5,2.6554999999999964,8.329529091520946
2656.0,2.655999999999999,8.332029091520958
2656.5,2.656500000000001,8.33452909152097
2657.0,2.6570000000000036,8.331363713396094
2657.5,2.657499999999999,8.33386371339607
2658.0,2.6580000000000013,8.336363713396082
2658.5,2.6584999999999965,8.333234504176268
2659.0,2.658999999999999,8.33573450417628
2659.5,2.6595000000000013,8.338234504176292
2660.0,2.6600000000000037,8.335048999832004
2660.5,2.660499999999999,8.33754899983198
2661.0,2.6610000000000014,8.340048999831993
2661.5,2.6614999999999966,8.336722631016045
2662.0,2.661999999999999,8.339222631016057
2662.5,2.6625000000000014,8.341722631016069
2663.0,2.663000000000004,8.33818059214618
2663.5,2.663499999999999,8.340680592146157
2664.0,2.6640000000000015,8.343180592146169
2664.5,2.6644999999999968,8.33935604380411
2665.0,2.664999999999999,8.341856043804121
2665.5,2.6655000000000015,8.344356043804133
2666.0,2.665999999999997,8.340226791454413
2666.5,2.666499999999999,8.342726791454425
2667.0,2.6670000000000016,8.345226791454436
2667.5,2.667499999999997,8.340799072911977
2668.0,2.6679999999999993,8.34329907291199
2668.5,2.6685000000000016,8.345799072912001
2669.0,2.668999999999997,8.341075205851496
2669.5,2.6694999999999993,8.343575205851508
2670.0,2.6700000000000017,8.34607520585152
2670.5,2.670499999999997,8.341023261080771
2671.0,2.6709999999999994,8.343523261080783
2671.5,2.6715000000000018,8.346023261080795
2672.0,2.671999999999997,8.34065539266966
2672.5,2.6724999999999994,8.343155392669672
2673.0,2.673000000000002,8.345655392669684
2673.5,2.673499999999997,8.340005086357323
2674.0,2.6739999999999995,8.342505086357335
2674.5,2.674500000000002,8.345005086357347
2675.0,2.674999999999997,8.339133449489289
2675.5,2.6754999999999995,8.3416334494893
2676.0,2.676000000000002,8.344133449489313
2676.5,2.676499999999997,8.338113939571414
2677.0,2.6769999999999996,8.340613939571426
2677.5,2.677500000000002,8.343113939571438
2678.0,2.6779999999999973,8.337040458322491
2678.5,2.6784999999999997,8.339540458322503
2679.0,2.679000000000002,8.342040458322515
2679.5,2.6794999999999973,8.33603018491857
2680.0,2.6799999999999997,8.338530184918582
2680.5,2.680500000000002,8.341030184918594
2681.0,2.6809999999999974,8.33516473455564
2681.5,2.6814999999999998,8.337664734555652
2682.0,2.682000000000002,8.340164734555664
2682.5,2.6824999999999974,8.334534512140479
2683.0,2.683,8.337034512140491
2683.5,2.683500000000002,8.339534512140503
2684.0,2.6839999999999975,8.33419484754252
2684.5,2.6845,8.336694847542532
2685.0,2.6850000000000023,8.339194847542544
2685.5,2.6854999999999976,8.334199274152745
2686.0,2.686,8.336699274152757
2686.5,2.6865000000000023,8.339199274152769
2687.0,2.6869999999999976,8.33456896030917
2687.5,2.6875,8.337068960309182
2688.0,2.6880000000000024,8.339568960309194
2688.5,2.6884999999999977,8.33529195695803
2689.0,2.689,8.337791956958043
2689.5,2.6895000000000024,8.340291956958055
2690.0,2.6899999999999977,8.336381771154606
2690.5,2.6905,8.338881771154618
2691.0,2.6910000000000025,8.34138177115463
2691.5,2.691499999999998,8.337814821809282
2692.0,2.692,8.340314821809294
2692.5,2.6925000000000026,8.342814821809306
2693.0,2.692999999999998,8.339519616921862
2693.5,2.6935000000000002,8.342019616921874
2694.0,2.6940000000000026,8.344519616921886
2694.5,2.694499999999998,8.341456756646046
2695.0,2.6950000000000003,8.343956756646058
2695.5,2.6955000000000027,8.34645675664607
2696.0,2.695999999999998,8.34355239383413
2696.5,2.6965000000000003,8.346052393834142
2697.0,2.6970000000000027,8.348552393834154
2697.5,2.697499999999998,8.345719915034877
2698.0,2.6980000000000004,8.348219915034889
2698.5,2.698500000000003,8.350719915034901
2699.0,2.698999999999998,8.347848525319073
2699.5,2.6995000000000005,8.350348525319085
2700.0,2.700000000000003,8.352848525319096
2700.5,2.700499999999998,8.349812300707349
2701.0,2.7010000000000005,8.35231230070736
2701.5,2.701500000000003,8.354812300707373
2702.0,2.701999999999998,8.351520435466
2702.5,2.7025000000000006,8.354020435466012
2703.0,2.703000000000003,8.356520435466024
2703.5,2.7034999999999982,8.352931787391356
2704.0,2.7040000000000006,8.355431787391367
2704.5,2.704500000000003,8.35793178739138
2705.0,2.7049999999999983,8.354034738341412
2705.5,2.7055000000000007,8.356534738341423
2706.0,2.706000000000003,8.359034738341435
2706.5,2.7064999999999984,8.354869928966302
2707.0,2.7070000000000007,8.357369928966314
2707.5,2.707500000000003,8.359869928966326
2708.0,2.7079999999999984,8.355496611194475
2708.5,2.708500000000001,8.357996611194487
2709.0,2.709000000000003,8.360496611194499
2709.5,2.7094999999999985,8.355995055638026
2710.0,2.710000000000001,8.358495055638038
2710.5,2.7105000000000032,8.36099505563805
2711.0,2.7109999999999985,8.356442892790632
2711.5,2.711500000000001,8.358942892790644
2712.0,2.7120000000000033,8.361442892790656
2712.5,2.7124999999999986,8.35689825199573
2713.0,2.713000000000001,8.359398251995742
2713.5,2.7135000000000034,8.361898251995754
2714.0,2.7139999999999986,8.357445091629643
2714.5,2.714500000000001,8.359945091629655
2715.0,2.7149999999999963,8.362445091629631
2715.5,2.7154999999999987,8.358151469902921
2716.0,2.716000000000001,8.360651469902933
2716.5,2.7165000000000035,8.363151469902945
2717.0,2.7169999999999987,8.359075510636877
2717.5,2.717500000000001,8.36157551063689
2718.0,2.7179999999999964,8.364075510636866
2718.5,2.718499999999999,8.366575510636878
2719.0,2.719000000000001,8.36278050799418
2719.5,2.7195000000000036,8.365280507994193
2720.0,2.719999999999999,8.36778050799417
2720.5,2.7205000000000013,8.364298226739528
2721.0,2.7209999999999965,8.366798226739505
2721.5,2.721499999999999,8.369298226739517
2722.0,2.7220000000000013,8.36617048406346
2722.5,2.7225000000000037,8.368670484063472
2723.0,2.722999999999999,8.371170484063448
2723.5,2.7235000000000014,8.368420307211757
2724.0,2.7239999999999966,8.370920307211733
2724.5,2.724499999999999,8.373420307211745
2725.0,2.7250000000000014,8.371033818970517
2725.5,2.725500000000004,8.373533818970529
2726.0,2.725999999999999,8.376033818970505
2726.5,2.7265000000000015,8.373982986132376
2727.0,2.7269999999999968,8.376482986132352
2727.5,2.727499999999999,8.378982986132364
2728.0,2.7280000000000015,8.377197006581092
2728.5,2.728499999999997,8.379697006581068
2729.0,2.728999999999999,8.38219700658108
2729.5,2.7295000000000016,8.38055974084373
2730.0,2.729999999999997,8.383059740843706
2730.5,2.7304999999999993,8.385559740843718
2731.0,2.7310000000000016,8.383964019749932
2731.5,2.731499999999997,8.386464019749909
2732.0,2.7319999999999993,8.38896401974992
2732.5,2.7325000000000017,8.387292377154516
2733.0,2.732999999999997,8.389792377154492
2733.5,2.7334999999999994,8.392292377154504
2734.0,2.7340000000000018,8.390434053535643
2734.5,2.734499999999997,8.392934053535619
2735.0,2.7349999999999994,8.39543405353563
2735.5,2.735500000000002,8.393303489161674
2736.0,2.735999999999997,8.39580348916165
2736.5,2.7364999999999995,8.398303489161663
2737.0,2.737000000000002,8.395826322763291
2737.5,2.737499999999997,8.398326322763268
2738.0,2.7379999999999995,8.40082632276328
2738.5,2.738500000000002,8.397966876893364
2739.0,2.738999999999997,8.40046687689334
2739.5,2.7394999999999996,8.402966876893352
2740.0,2.740000000000002,8.399712284097411
2740.5,2.7404999999999973,8.402212284097388
2741.0,2.7409999999999997,8.4047122840974
2741.5,2.741500000000002,8.401096266746109
2742.0,2.7419999999999973,8.403596266746085
2742.5,2.7424999999999997,8.406096266746097
2743.0,2.743000000000002,8.402150651478237
2743.5,2.7434999999999974,8.404650651478214
2744.0,2.7439999999999998,8.407150651478226
2744.5,2.744500000000002,8.402934858166269
2745.0,2.7449999999999974,8.405434858166245
2745.5,2.7455,8.407934858166257
2746.0,2.746000000000002,8.40350771482381
2746.5,2.7464999999999975,8.406007714823787
2747.0,2.747,8.408507714823799
2747.5,2.7475000000000023,8.403920121615549
2748.0,2.7479999999999976,8.406420121615525
2748.5,2.7485,8.408920121615537
2749.0,2.7490000000000023,8.404230997436457
2749.5,2.7494999999999976,8.406730997436433
2750.0,2.75,8.409230997436445
2750.5,2.7505000000000024,8.404511358778919
2751.0,2.7509999999999977,8.407011358778895
2751.5,2.7515,8.409511358778907
2752.0,2.7520000000000024,8.404824622836315
2752.5,2.7524999999999977,8.407324622836292
2753.0,2.753,8.409824622836304
2753.5,2.7535000000000025,8.405231595486882
2754.0,2.753999999999998,8.407731595486858
2754.5,2.7545,8.41023159548687
2755.0,2.7550000000000026,8.405787877964812
2755.5,2.755499999999998,8.408287877964788
2756.0,2.7560000000000002,8.4107878779648
2756.5,2.7565000000000026,8.406519483586727
2757.0,2.756999999999998,8.409019483586704
2757.5,2.7575000000000003,8.411519483586716
2758.0,2.7580000000000027,8.40741863636353
2758.5,2.758499999999998,8.409918636363507
2759.0,2.7590000000000003,8.412418636363519
2759.5,2.7595000000000027,8.408458090006228
2760.0,2.759999999999998,8.410958090006204
2760.5,2.7605000000000004,8.413458090006216
2761.0,2.761000000000003,8.409599136029193
2761.5,2.761499999999998,8.41209913602917
2762.0,2.7620000000000005,8.414599136029182
2762.5,2.762500000000003,8.410802316446997
2763.0,2.762999999999998,8.413302316446973
2763.5,2.7635000000000005,8.415802316446985
2764.0,2.764000000000003,8.41204655006404
2764.5,2.764499999999998,8.414546550064017
2765.0,2.7650000000000006,8.417046550064029
2765.5,2.765500000000003,8.413287022410785
2766.0,2.7659999999999982,8.415787022410761
2766.5,2.7665000000000006,8.418287022410773
2767.0,2.767000000000003,8.41448810548922
2767.5,2.7674999999999983,8.416988105489196
2768.0,2.7680000000000007,8.419488105489208
2768.5,2.768500000000003,8.41561160948185
2769.0,2.7689999999999984,8.418111609481826
2769.5,2.7695000000000007,8.420611609481838
2770.0,2.770000000000003,8.41662978197295
2770.5,2.7704999999999984,8.419129781972927
2771.0,2.771000000000001,8.421629781972939
2771.5,2.771500000000003,8.41751956085595
2772.0,2.7719999999999985,8.420019560855927
2772.5,2.772500000000001,8.422519560855939
2773.0,2.7730000000000032,8.418284408946306
2773.5,2.7734999999999985,8.420784408946282
2774.0,2.774000000000001,8.423284408946294
2774.5,2.7745000000000033,8.418940531315222
2775.0,2.7749999999999986,8.421440531315199
2775.5,2.775500000000001,8.42394053131521
2776.0,2.7760000000000034,8.419490165308758
2776.5,2.7764999999999986,8.421990165308735
2777.0,2.777000000000001,8.424490165308747
2777.5,2.7774999999999963,8.419925704960356
2778.0,2.7779999999999987,8.422425704960368
2778.5,2.778500000000001,8.42492570496038
2779.0,2.7790000000000035,8.42025908473122
2779.5,2.7794999999999987,8.422759084731197
2780.0,2.780000000000001,8.42525908473121
2780.5,2.7804999999999964,8.420516965211284
2781.0,2.780999999999999,8.423016965211296
2781.5,2.781500000000001,8.425516965211308
2782.0,2.7820000000000036,8.420764082015637
2782.5,2.782499999999999,8.423264082015613
2783.0,2.7830000000000013,8.425764082015625
2783.5,2.7834999999999965,8.42107379392008
2784.0,2.783999999999999,8.423573793920092
2784.5,2.7845000000000013,8.426073793920104
2785.0,2.7850000000000037,8.421499807902784
2785.5,2.785499999999999,8.42399980790276
2786.0,2.7860000000000014,8.426499807902772
2786.5,2.7864999999999966,8.422074782350961
2787.0,2.786999999999999,8.424574782350973
2787.5,2.7875000000000014,8.427074782350985
2788.0,2.788000000000004,8.422781317243917
2788.5,2.788499999999999,8.425281317243893
2789.0,2.7890000000000015,8.427781317243905
2789.5,2.7894999999999968,8.423596318266178
2790.0,2.789999999999999,8.42609631826619
2790.5,2.7905000000000015,8.428596318266202
2791.0,2.790999999999997,8.42449111774453
2791.5,2.791499999999999,8.426991117744542
2792.0,2.7920000000000016,8.429491117744554
2792.5,2.792499999999997,8.425456130118114
2793.0,2.7929999999999993,8.427956130118126
2793.5,2.7935000000000016,8.430456130118138
2794.0,2.793999999999997,8.432956130118114
2794.5,2.7944999999999993,8.428977842452738
2795.0,2.7950000000000017,8.43147784245275
2795.5,2.795499999999997,8.433977842452727
2796.0,2.7959999999999994,8.430068090408902
2796.5,2.7965000000000018,8.432568090408914
2797.0,2.796999999999997,8.43506809040889
2797.5,2.7974999999999994,8.431212708584646
2798.0,2.798000000000002,8.433712708584657
2798.5,2.798499999999997,8.436212708584634
2799.0,2.7989999999999995,8.43242966646713
2799.5,2.799500000000002,8.434929666467141
2800.0,2.799999999999997,8.437429666467118
2800.5,2.8004999999999995,8.433744595760722
2801.0,2.801000000000002,8.436244595760733
2801.5,2.801499999999997,8.43874459576071
2802.0,2.8019999999999996,8.435146691407063
2802.5,2.802500000000002,8.437646691407075
2803.0,2.8029999999999973,8.440146691407051
2803.5,2.8034999999999997,8.436627512059438
2804.0,2.804000000000002,8.43912751205945
2804.5,2.8044999999999973,8.441627512059426
2805.0,2.8049999999999997,8.438148546489046
2805.5,2.805500000000002,8.440648546489058
2806.0,2.8059999999999974,8.443148546489034
2806.5,2.8064999999999998,8.439690935091164
2807.0,2.807000000000002,8.442190935091176
2807.5,2.8074999999999974,8.444690935091153
2808.0,2.808,8.441224254246933
2808.5,2.808500000000002,8.443724254246945
2809.0,2.8089999999999975,8.446224254246921
2809.5,2.8095,8.442715008825878
2810.0,2.8100000000000023,8.44521500882589
2810.5,2.8104999999999976,8.447715008825867
2811.0,2.811,8.44416546376273
2811.5,2.8115000000000023,8.446665463762741
2812.0,2.8119999999999976,8.449165463762718
2812.5,2.8125,8.445528551620995
2813.0,2.8130000000000024,8.448028551621007
2813.5,2.8134999999999977,8.450528551620984
2814.0,2.814,8.446811459677228
2814.5,2.8145000000000024,8.44931145967724
2815.0,2.8149999999999977,8.451811459677216
2815.5,2.8155,8.448064871051066
2816.0,2.8160000000000025,8.450564871051078
2816.5,2.816499999999998,8.453064871051055
2817.0,2.817,8.44927862091616
2817.5,2.8175000000000026,8.451778620916173
2818.0,2.817999999999998,8.45427862091615
2818.5,2.8185000000000002,8.450406089301623
2819.0,2.8190000000000026,8.452906089301635
2819.5,2.819499999999998,8.455406089301611
2820.0,2.8200000000000003,8.451395897404801
2820.5,2.8205000000000027,8.453895897404813
2821.0,2.820999999999998,8.45639589740479
2821.5,2.8215000000000003,8.452228007374849
2822.0,2.8220000000000027,8.454728007374861
2822.5,2.822499999999998,8.457228007374837
2823.0,2.8230000000000004,8.45289139057332
2823.5,2.823500000000003,8.455391390573332
2824.0,2.823999999999998,8.457891390573309
2824.5,2.8245000000000005,8.453393848720765
2825.0,2.825000000000003,8.455893848720777
2825.5,2.825499999999998,8.458393848720753
2826.0,2.8260000000000005,8.453765785642027
2826.5,2.826500000000003,8.456265785642039
2827.0,2.826999999999998,8.458765785642015
2827.5,2.8275000000000006,8.45405340031487
2828.0,2.828000000000003,8.456553400314881
2828.5,2.8284999999999982,8.459053400314858
2829.0,2.8290000000000006,8.454289280106018
2829.5,2.829500000000003,8.45678928010603
2830.0,2.8299999999999983,8.459289280106006
2830.5,2.8305000000000007,8.454501444448503
2831.0,2.831000000000003,8.457001444448515
2831.5,2.8314999999999984,8.459501444448492
2832.0,2.8320000000000007,8.454702395001163
2832.5,2.832500000000003,8.457202395001175
2833.0,2.8329999999999984,8.459702395001152
2833.5,2.833500000000001,8.454901169114564
2834.0,2.834000000000003,8.457401169114576
2834.5,2.8344999999999985,8.459901169114552
2835.0,2.835000000000001,8.45509467105586
2835.5,2.8355000000000032,8.457594671055872
2836.0,2.8359999999999985,8.460094671055849
2836.5,2.836500000000001,8.455277221879598
2837.0,2.8370000000000033,8.45777722187961
2837.5,2.8374999999999986,8.460277221879586
2838.0,2.838000000000001,8.45545587714227
2838.5,2.8385000000000034,8.457955877142282
2839.0,2.8389999999999986,8.460455877142259
2839.5,2.839500000000001,8.45563714323049
2840.0,2.8399999999999963,8.458137143230466
2840.5,2.8404999999999987,8.460637143230478
2841.0,2.841000000000001,8.455845250616889
2841.5,2.8415000000000035,8.458345250616901
2842.0,2.8419999999999987,8.460845250616877
2842.5,2.842500000000001,8.45610726135984
2843.0,2.8429999999999964,8.458607261359816
2843.5,2.843499999999999,8.461107261359828
2844.0,2.844000000000001,8.45643554052348
2844.5,2.8445000000000036,8.458935540523491
2845.0,2.844999999999999,8.461435540523468
2845.5,2.8455000000000013,8.456858993080623
2846.0,2.8459999999999965,8.459358993080599
2846.5,2.846499999999999,8.461858993080611
2847.0,2.8470000000000013,8.457400980982968
2847.5,2.8475000000000037,8.45990098098298
2848.0,2.847999999999999,8.462400980982956
2848.5,2.8485000000000014,8.458046987366608
2849.0,2.8489999999999966,8.460546987366584
2849.5,2.849499999999999,8.463046987366596
2850.0,2.8500000000000014,8.45877309029536
2850.5,2.850500000000004,8.461273090295371
2851.0,2.850999999999999,8.463773090295348
2851.5,2.8515000000000015,8.459544758767024
2852.0,2.8519999999999968,8.462044758767
2852.5,2.852499999999999,8.464544758767012
2853.0,2.8530000000000015,8.460333427004194
2853.5,2.853499999999997,8.46283342700417
2854.0,2.853999999999999,8.465333427004182
2854.5,2.8545000000000016,8.461098450388498
2855.0,2.854999999999997,8.463598450388474
2855.5,2.8554999999999993,8.466098450388486
2856.0,2.8560000000000016,8.461816038071639
2856.5,2.856499999999997,8.464316038071615
2857.0,2.8569999999999993,8.466816038071627
2857.5,2.8575000000000017,8.462485982696606
2858.0,2.857999999999997,8.464985982696582
2858.5,2.8584999999999994,8.467485982696594
2859.0,2.8590000000000018,8.463116102649373
2859.5,2.859499999999997,8.46561610264935
2860.0,2.8599999999999994,8.468116102649361
2860.5,2.860500000000002,8.463716538616985
2861.0,2.860999999999997,8.466216538616962
2861.5,2.8614999999999995,8.468716538616974
2862.0,2.862000000000002,8.464302997186408
2862.5,2.862499999999997,8.466802997186385
2863.0,2.8629999999999995,8.469302997186396
2863.5,2.863500000000002,8.464883702157984
2864.0,2.863999999999997,8.46738370215796
2864.5,2.8644999999999996,8.469883702157972
2865.0,2.865000000000002,8.465463597542566
2865.5,2.8654999999999973,8.467963597542543
2866.0,2.8659999999999997,8.470463597542555
2866.5,2.866500000000002,8.466039561824026
2867.0,2.8669999999999973,8.468539561824002
2867.5,2.8674999999999997,8.471039561824014
2868.0,2.868000000000002,8.466617492716288
2868.5,2.8684999999999974,8.469117492716265
2869.0,2.8689999999999998,8.471617492716277
2869.5,2.869500000000002,8.474117492716289
2870.0,2.8699999999999974,8.469716030526477
2870.5,2.8705,8.47221603052649
2871.0,2.871000000000002,8.474716030526501
2871.5,2.8714999999999975,8.47035823270918
2872.0,2.872,8.472858232709193
2872.5,2.8725000000000023,8.475358232709205
2873.0,2.8729999999999976,8.471091786180232
2873.5,2.8735,8.473591786180243
2874.0,2.8740000000000023,8.476091786180255
2874.5,2.8744999999999976,8.471955197622982
2875.0,2.875,8.474455197622994
2875.5,2.8755000000000024,8.476955197623006
2876.0,2.8759999999999977,8.473014563632226
2876.5,2.8765,8.475514563632238
2877.0,2.8770000000000024,8.47801456363225
2877.5,2.8774999999999977,8.47432544956245
2878.0,2.878,8.476825449562462
2878.5,2.8785000000000025,8.479325449562474
2879.0,2.878999999999998,8.475914485765443
2879.5,2.8795,8.478414485765455
2880.0,2.8800000000000026,8.480914485765467
2880.5,2.880499999999998,8.47774302913173
2881.0,2.8810000000000002,8.480243029131742
2881.5,2.8815000000000026,8.482743029131754
2882.0,2.881999999999998,8.479734716947362
2882.5,2.8825000000000003,8.482234716947374
2883.0,2.8830000000000027,8.484734716947386
2883.5,2.883499999999998,8.48180772257745
2884.0,2.8840000000000003,8.484307722577462
2884.5,2.8845000000000027,8.486807722577474
2885.0,2.884999999999998,8.483890639637224
2885.5,2.8855000000000004,8.486390639637236
2886.0,2.886000000000003,8.488890639637248
2886.5,2.886499999999998,8.485921490605044
2887.0,2.8870000000000005,8.488421490605056
2887.5,2.887500000000003,8.490921490605068
2888.0,2.887999999999998,8.487843209649526
2888.5,2.8885000000000005,8.490343209649538
2889.0,2.889000000000003,8.49284320964955
2889.5,2.889499999999998,8.489590834419474
2890.0,2.8900000000000006,8.492090834419486
2890.5,2.890500000000003,8.494590834419498
2891.0,2.8909999999999982,8.491114624008453
2891.5,2.8915000000000006,8.493614624008465
2892.0,2.892000000000003,8.496114624008477
2892.5,2.8924999999999983,8.49237595640112
2893.0,2.8930000000000007,8.494875956401131
2893.5,2.893500000000003,8.497375956401143
2894.0,2.8939999999999984,8.493353645181507
2894.5,2.8945000000000007,8.49585364518152
2895.0,2.895000000000003,8.498353645181531
2895.5,2.8954999999999984,8.494042046071542
2896.0,2.896000000000001,8.496542046071554
2896.5,2.896500000000003,8.499042046071565
2897.0,2.8969999999999985,8.494439240451257
2897.5,2.897500000000001,8.496939240451269
2898.0,2.8980000000000032,8.49943924045128
2898.5,2.8984999999999985,8.494573494734077
2899.0,2.899000000000001,8.497073494734089
2899.5,2.8995000000000033,8.4995734947341
2900.0,2.8999999999999986,8.49448402361336
2900.5,2.900500000000001,8.496984023613372
2901.0,2.9010000000000034,8.499484023613384
2901.5,2.9014999999999986,8.49421209749039
2902.0,2.902000000000001,8.496712097490402
2902.5,2.9024999999999963,8.499212097490378
2903.0,2.9029999999999987,8.49383122422875
2903.5,2.903500000000001,8.496331224228761
2904.0,2.9040000000000035,8.498831224228773
2904.5,2.9044999999999987,8.493438468922783
2905.0,2.905000000000001,8.495938468922795
2905.5,2.9054999999999964,8.498438468922771
2906.0,2.905999999999999,8.493103952870626
2906.5,2.906500000000001,8.495603952870638
2907.0,2.9070000000000036,8.49810395287065
2907.5,2.907499999999999,8.49290463629476
2908.0,2.9080000000000013,8.495404636294772
2908.5,2.9084999999999965,8.497904636294749
2909.0,2.908999999999999,8.492893982330152
2909.5,2.9095000000000013,8.495393982330164
2910.0,2.9100000000000037,8.497893982330176
2910.5,2.910499999999999,8.493056619803028
2911.0,2.9110000000000014,8.49555661980304
2911.5,2.9114999999999966,8.498056619803016
2912.0,2.911999999999999,8.493357731332303
2912.5,2.9125000000000014,8.495857731332315
2913.0,2.913000000000004,8.498357731332327
2913.5,2.913499999999999,8.493759647659935
2914.0,2.9140000000000015,8.496259647659947
2914.5,2.9144999999999968,8.498759647659924
2915.0,2.914999999999999,8.494207922134507
2915.5,2.9155000000000015,8.496707922134519
2916.0,2.915999999999997,8.499207922134495
2916.5,2.916499999999999,8.494658413696996
2917.0,2.9170000000000016,8.497158413697008
2917.5,2.917499999999997,8.499658413696984
2918.0,2.9179999999999993,8.495095274331419
2918.5,2.9185000000000016,8.497595274331431
2919.0,2.918999999999997,8.500095274331407
2919.5,2.9194999999999993,8.495475046481502
2920.0,2.9200000000000017,8.497975046481514
2920.5,2.920499999999997,8.50047504648149
2921.0,2.9209999999999994,8.495778625352841
2921.5,2.9215000000000018,8.498278625352853
2922.0,2.921999999999997,8.50077862535283
2922.5,2.9224999999999994,8.496000208357977
2923.0,2.923000000000002,8.498500208357989
2923.5,2.923499999999997,8.501000208357965
2924.0,2.9239999999999995,8.496088482628856
2924.5,2.924500000000002,8.498588482628868
2925.0,2.924999999999997,8.501088482628845
2925.5,2.9254999999999995,8.496005892468332
2926.0,2.926000000000002,8.498505892468344
2926.5,2.926499999999997,8.50100589246832
2927.0,2.9269999999999996,8.495713301461194
2927.5,2.927500000000002,8.498213301461206
2928.0,2.9279999999999973,8.500713301461182
2928.5,2.9284999999999997,8.49521491424806
2929.0,2.929000000000002,8.497714914248071
2929.5,2.9294999999999973,8.500214914248048
2930.0,2.9299999999999997,8.494518178767443
2930.5,2.930500000000002,8.497018178767455
2931.0,2.9309999999999974,8.499518178767431
2931.5,2.9314999999999998,8.493650029809956
2932.0,2.932000000000002,8.496150029809968
2932.5,2.9324999999999974,8.498650029809944
2933.0,2.933,8.492659530052187
2933.5,2.933500000000002,8.495159530052199
2934.0,2.9339999999999975,8.497659530052175
2934.5,2.9345,8.491615655817562
2935.0,2.9350000000000023,8.494115655817573
2935.5,2.9354999999999976,8.49661565581755
2936.0,2.936,8.490603790693783
2936.5,2.9365000000000023,8.493103790693795
2937.0,2.9369999999999976,8.495603790693771
2937.5,2.9375,8.489696159442595
2938.0,2.9380000000000024,8.492196159442607
2938.5,2.9384999999999977,8.494696159442583
2939.0,2.939,8.488912625298717
2939.5,2.9395000000000024,8.491412625298729
2940.0,2.9399999999999977,8.493912625298705
2940.5,2.9405,8.48824021103784
2941.0,2.9410000000000025,8.490740211037853
2941.5,2.941499999999998,8.49324021103783
2942.0,2.942,8.487686974747781
2942.5,2.9425000000000026,8.490186974747793
2943.0,2.942999999999998,8.49268697474777
2943.5,2.9435000000000002,8.48723431923414
2944.0,2.9440000000000026,8.489734319234152
2944.5,2.944499999999998,8.492234319234129
2945.0,2.9450000000000003,8.49473431923414
2945.5,2.9455000000000027,8.48940747883681
2946.0,2.945999999999998,8.491907478836787
2946.5,2.9465000000000003,8.494407478836798
2947.0,2.9470000000000027,8.489230548477877
2947.5,2.947499999999998,8.491730548477854
2948.0,2.9480000000000004,8.494230548477866
2948.5,2.948500000000003,8.489223684389735
2949.0,2.948999999999998,8.491723684389711
2949.5,2.9495000000000005,8.494223684389723
2950.0,2.950000000000003,8.489403871288985
2950.5,2.950499999999998,8.491903871288962
2951.0,2.9510000000000005,8.494403871288974
2951.5,2.951500000000003,8.489759765265568
2952.0,2.951999999999998,8.492259765265544
2952.5,2.9525000000000006,8.494759765265556
2953.0,2.953000000000003,8.490266734480016
2953.5,2.9534999999999982,8.492766734479993
2954.0,2.9540000000000006,8.495266734480005
2954.5,2.954500000000003,8.490891208428124
2955.0,2.9549999999999983,8.4933912084281
2955.5,2.9555000000000007,8.495891208428112
2956.0,2.956000000000003,8.491587675121721
2956.5,2.9564999999999984,8.494087675121698
2957.0,2.9570000000000007,8.49658767512171
2957.5,2.957500000000003,8.492343403369773
2958.0,2.9579999999999984,8.49484340336975
2958.5,2.958500000000001,8.497343403369761
2959.0,2.959000000000003,8.493154292201837
2959.5,2.9594999999999985,8.495654292201813
2960.0,2.960000000000001,8.498154292201825
2960.5,2.9605000000000032,8.49402252883241
2961.0,2.9609999999999985,8.496522528832386
2961.5,2.961500000000001,8.499022528832398
2962.0,2.9620000000000033,8.494953728162464
2962.5,2.9624999999999986,8.49745372816244
2963.0,2.963000000000001,8.499953728162453
2963.5,2.9635000000000034,8.495927389405402
2964.0,2.9639999999999986,8.498427389405379
2964.5,2.964500000000001,8.50092738940539
2965.0,2.9649999999999963,8.496925915174494
2965.5,2.9654999999999987,8.499425915174506
2966.0,2.966000000000001,8.501925915174517
2966.5,2.9665000000000035,8.497939493181583
2967.0,2.9669999999999987,8.50043949318156
2967.5,2.967500000000001,8.502939493181572
2968.0,2.9679999999999964,8.498926949015946
2968.5,2.968499999999999,8.501426949015958
2969.0,2.969000000000001,8.50392694901597
2969.5,2.9695000000000036,8.499836530110763
2970.0,2.969999999999999,8.502336530110739
2970.5,2.9705000000000013,8.504836530110751
2971.0,2.9709999999999965,8.500649826730147
2971.5,2.971499999999999,8.503149826730159
2972.0,2.9720000000000013,8.50564982673017
2972.5,2.9725000000000037,8.501359607898422
2973.0,2.972999999999999,8.503859607898399
2973.5,2.9735000000000014,8.50635960789841
2974.0,2.9739999999999966,8.501984473417501
2974.5,2.974499999999999,8.504484473417513
2975.0,2.9750000000000014,8.506984473417525
2975.5,2.975500000000004,8.502564340674112
2976.0,2.975999999999999,8.505064340674089
2976.5,2.9765000000000015,8.5075643406741
2977.0,2.9769999999999968,8.503122275522088
2977.5,2.977499999999999,8.5056222755221
2978.0,2.9780000000000015,8.508122275522112
2978.5,2.978499999999997,8.503707186593239
2979.0,2.978999999999999,8.506207186593251
2979.5,2.9795000000000016,8.508707186593263
2980.0,2.979999999999997,8.504339002833206
2980.5,2.9804999999999993,8.506839002833217
2981.0,2.9810000000000016,8.50933900283323
2981.5,2.981499999999997,8.505048487786269
2982.0,2.9819999999999993,8.50754848778628
2982.5,2.9825000000000017,8.510048487786293
2983.0,2.982999999999997,8.50586676191103
2983.5,2.9834999999999994,8.508366761911041
2984.0,2.9840000000000018,8.510866761911053
2984.5,2.984499999999997,8.506799322272585
2985.0,2.9849999999999994,8.509299322272597
2985.5,2.985500000000002,8.511799322272608
2986.0,2.985999999999997,8.507844128192623
2986.5,2.9864999999999995,8.510344128192635
2987.0,2.987000000000002,8.512844128192647
2987.5,2.987499999999997,8.509017840916542
2988.0,2.9879999999999995,8.511517840916554
2988.5,2.988500000000002,8.514017840916566
2989.0,2.988999999999997,8.510301380370464
2989.5,2.9894999999999996,8.512801380370476
2990.0,2.990000000000002,8.515301380370488
2990.5,2.9904999999999973,8.5116732943818
2991.0,2.9909999999999997,8.514173294381813
2991.5,2.991500000000002,8.516673294381825
2992.0,2.9919999999999973,8.513112670018614
2992.5,2.9924999999999997,8.515612670018626
2993.0,2.993000000000002,8.518112670018638
2993.5,2.9934999999999974,8.514581835039081
2994.0,2.9939999999999998,8.517081835039093
2994.5,2.994500000000002,8.519581835039105
2995.0,2.9949999999999974,8.516054618125963
2995.5,2.9955,8.518554618125975
2996.0,2.996000000000002,8.521054618125987
2996.5,2.9964999999999975,8.517485941934915
2997.0,2.997,8.519985941934927
2997.5,2.9975000000000023,8.522485941934939
2998.0,2.9979999999999976,8.518792915109579
2998.5,2.9985,8.52129291510959
2999.0,2.9990000000000023,8.523792915109603
2999.5,2.9994999999999976,8.51986963266647
3000.0,3.0,8.522369632666482
3000.5,3.0005000000000024,8.524869632666494
3001.0,3.0009999999999977,8.520636601965883
3001.5,3.0015,8.523136601965895
3002.0,3.0020000000000024,8.525636601965907
3002.5,3.0024999999999977,8.521017870576308
3003.0,3.003,8.52351787057632
3003.5,3.0035000000000025,8.526017870576332
3004.0,3.003999999999998,8.52099576027392
3004.5,3.0045,8.523495760273931
3005.0,3.0050000000000026,8.525995760273943
3005.5,3.005499999999998,8.52059907241106
3006.0,3.0060000000000002,8.523099072411071
3006.5,3.0065000000000026,8.525599072411083
3007.0,3.006999999999998,8.51990074113072
3007.5,3.0075000000000003,8.522400741130731
3008.0,3.0080000000000027,8.524900741130743
3008.5,3.008499999999998,8.51897689032036
3009.0,3.0090000000000003,8.521476890320372
3009.5,3.0095000000000027,8.523976890320384
3010.0,3.009999999999998,8.517906902585253
3010.5,3.0105000000000004,8.520406902585265
3011.0,3.011000000000003,8.522906902585277
3011.5,3.011499999999998,8.516770189054661
3012.0,3.0120000000000005,8.519270189054673
3012.5,3.012500000000003,8.521770189054685
3013.0,3.012999999999998,8.515640842774097
3013.5,3.0135000000000005,8.518140842774109
3014.0,3.014000000000003,8.520640842774121
3014.5,3.014499999999998,8.51456653727304
3015.0,3.0150000000000006,8.517066537273053
3015.5,3.015500000000003,8.519566537273064
3016.0,3.0159999999999982,8.513609809712328
3016.5,3.0165000000000006,8.51610980971234
3017.0,3.017000000000003,8.518609809712352
3017.5,3.0174999999999983,8.51282999516048
3018.0,3.0180000000000007,8.515329995160492
3018.5,3.018500000000003,8.517829995160504
3019.0,3.0189999999999984,8.512246934913605
3019.5,3.0195000000000007,8.514746934913617
3020.0,3.020000000000003,8.51724693491363
3020.5,3.0204999999999984,8.519746934913606
3021.0,3.021000000000001,8.514379100219642
3021.5,3.021500000000003,8.516879100219654
3022.0,3.0219999999999985,8.51937910021963
3022.5,3.022500000000001,8.514241949774508
3023.0,3.0230000000000032,8.51674194977452
3023.5,3.0234999999999985,8.519241949774496
3024.0,3.024000000000001,8.514350432387197
3024.5,3.0245000000000033,8.516850432387209
3025.0,3.0249999999999986,8.519350432387185
3025.5,3.025500000000001,8.514707555933683
3026.0,3.0260000000000034,8.517207555933695
3026.5,3.0264999999999986,8.519707555933671
3027.0,3.027000000000001,8.515268660655835
3027.5,3.0274999999999963,8.517768660655811
3028.0,3.0279999999999987,8.520268660655823
3028.5,3.028500000000001,8.515927173550395
3029.0,3.0290000000000035,8.518427173550407
3029.5,3.0294999999999987,8.520927173550383
3030.0,3.030000000000001,8.51655236258484
3030.5,3.0304999999999964,8.519052362584816
3031.0,3.030999999999999,8.521552362584828
3031.5,3.031500000000001,8.517052624415449
3032.0,3.0320000000000036,8.51955262441546
3032.5,3.032499999999999,8.522052624415437
3033.0,3.0330000000000013,8.517339533778845
3033.5,3.0334999999999965,8.519839533778821
3034.0,3.033999999999999,8.522339533778833
3034.5,3.0345000000000013,8.51738207230067
3035.0,3.0350000000000037,8.519882072300682
3035.5,3.035499999999999,8.522382072300658
3036.0,3.0360000000000014,8.5171543809955
3036.5,3.0364999999999966,8.519654380995476
3037.0,3.036999999999999,8.522154380995488
3037.5,3.0375000000000014,8.516640293669226
3038.0,3.038000000000004,8.519140293669238
3038.5,3.038499999999999,8.521640293669215
3039.0,3.0390000000000015,8.515837995033486
3039.5,3.0394999999999968,8.518337995033463
3040.0,3.039999999999999,8.520837995033474
3040.5,3.0405000000000015,8.514799679266751
3041.0,3.040999999999997,8.517299679266728
3041.5,3.041499999999999,8.51979967926674
3042.0,3.0420000000000016,8.513585654370317
3042.5,3.042499999999997,8.516085654370293
3043.0,3.0429999999999993,8.518585654370305
3043.5,3.0435000000000016,8.512275205260735
3044.0,3.043999999999997,8.514775205260712
3044.5,3.0444999999999993,8.517275205260724
3045.0,3.0450000000000017,8.510964891656165
3045.5,3.045499999999997,8.513464891656142
3046.0,3.0459999999999994,8.515964891656154
3046.5,3.0465000000000018,8.509745891872562
3047.0,3.046999999999997,8.512245891872539
3047.5,3.0474999999999994,8.51474589187255
3048.0,3.048000000000002,8.50868544107012
3048.5,3.048499999999997,8.511185441070097
3049.0,3.0489999999999995,8.513685441070109
3049.5,3.049500000000002,8.507843126164758
3050.0,3.049999999999997,8.510343126164734
3050.5,3.0504999999999995,8.512843126164746
3051.0,3.051000000000002,8.507271653833435
3051.5,3.051499999999997,8.509771653833411
3052.0,3.0519999999999996,8.512271653833423
3052.5,3.052500000000002,8.506985539722116
3053.0,3.0529999999999973,8.509485539722093
3053.5,3.0534999999999997,8.511985539722104
3054.0,3.054000000000002,8.506993800368186
3054.5,3.0544999999999973,8.509493800368162
3055.0,3.0549999999999997,8.511993800368174
3055.5,3.055500000000002,8.507275277010251
3056.0,3.0559999999999974,8.509775277010228
3056.5,3.0564999999999998,8.51227527701024
3057.0,3.057000000000002,8.50776040682252
3057.5,3.0574999999999974,8.510260406822496
3058.0,3.058,8.512760406822508
3058.5,3.058500000000002,8.508372276243357
3059.0,3.0589999999999975,8.510872276243333
3059.5,3.0595,8.513372276243345
3060.0,3.0600000000000023,8.509041777419668
3060.5,3.0604999999999976,8.511541777419644
3061.0,3.061,8.514041777419656
3061.5,3.0615000000000023,8.509674466281822
3062.0,3.0619999999999976,8.512174466281799
3062.5,3.0625,8.51467446628181
3063.0,3.0630000000000024,8.510204115430646
3063.5,3.0634999999999977,8.512704115430623
3064.0,3.064,8.515204115430635
3064.5,3.0645000000000024,8.510592804734642
3065.0,3.0649999999999977,8.513092804734619
3065.5,3.0655,8.51559280473463
3066.0,3.0660000000000025,8.510798824677615
3066.5,3.066499999999998,8.513298824677591
3067.0,3.067,8.515798824677603
3067.5,3.0675000000000026,8.510799738724124
3068.0,3.067999999999998,8.5132997387241
3068.5,3.0685000000000002,8.515799738724112
3069.0,3.0690000000000026,8.510562803024975
3069.5,3.069499999999998,8.513062803024951
3070.0,3.0700000000000003,8.515562803024963
3070.5,3.0705000000000027,8.510098810790936
3071.0,3.070999999999998,8.512598810790912
3071.5,3.0715000000000003,8.515098810790924
3072.0,3.0720000000000027,8.509415046475901
3072.5,3.072499999999998,8.511915046475877
3073.0,3.0730000000000004,8.51441504647589
3073.5,3.073500000000003,8.508539557581933
3074.0,3.073999999999998,8.51103955758191
3074.5,3.0745000000000005,8.513539557581922
3075.0,3.075000000000003,8.507528391977282
3075.5,3.075499999999998,8.510028391977258
3076.0,3.0760000000000005,8.51252839197727
3076.5,3.076500000000003,8.50641698037169
3077.0,3.076999999999998,8.508916980371666
3077.5,3.0775000000000006,8.511416980371678
3078.0,3.078000000000003,8.50527223316245
3078.5,3.0784999999999982,8.507772233162427
3079.0,3.0790000000000006,8.51027223316244
3079.5,3.079500000000003,8.50415493564796
3080.0,3.0799999999999983,8.506654935647937
3080.5,3.0805000000000007,8.509154935647949
3081.0,3.081000000000003,8.503104202505583
3081.5,3.0814999999999984,8.505604202505559
3082.0,3.0820000000000007,8.50810420250557
3082.5,3.082500000000003,8.502176122753156
3083.0,3.0829999999999984,8.504676122753132
3083.5,3.083500000000001,8.507176122753144
3084.0,3.084000000000003,8.50143197074793
3084.5,3.0844999999999985,8.503931970747907
3085.0,3.085000000000001,8.506431970747919
3085.5,3.0855000000000032,8.50090631238725
3086.0,3.0859999999999985,8.503406312387227
3086.5,3.086500000000001,8.50590631238724
3087.0,3.0870000000000033,8.50060587957504
3087.5,3.0874999999999986,8.503105879575017
3088.0,3.088000000000001,8.505605879575029
3088.5,3.0885000000000034,8.500523036827197
3089.0,3.0889999999999986,8.503023036827173
3089.5,3.089500000000001,8.505523036827185
3090.0,3.0899999999999963,8.500627391217535
3090.5,3.0904999999999987,8.503127391217546
3091.0,3.091000000000001,8.505627391217558
3091.5,3.0915000000000035,8.500897517353962
3092.0,3.0919999999999987,8.503397517353939
3092.5,3.092500000000001,8.50589751735395
3093.0,3.0929999999999964,8.501271123924283
3093.5,3.093499999999999,8.503771123924295
3094.0,3.094000000000001,8.506271123924307
3094.5,3.0945000000000036,8.501712709753413
3095.0,3.094999999999999,8.50421270975339
3095.5,3.0955000000000013,8.506712709753401
3096.0,3.0959999999999965,8.509212709753378
3096.5,3.096499999999999,8.50467189937202
3097.0,3.0970000000000013,8.507171899372032
3097.5,3.0975000000000037,8.509671899372044
3098.0,3.097999999999999,8.505094773064634
3098.5,3.0985000000000014,8.507594773064646
3099.0,3.0989999999999966,8.510094773064623
3099.5,3.099499999999999,8.505448259088162
3100.0,3.1000000000000014,8.507948259088174
3100.5,3.100500000000004,8.510448259088186
3101.0,3.100999999999999,8.50572299638511
3101.5,3.1015000000000015,8.508222996385122
3102.0,3.1019999999999968,8.510722996385098
3102.5,3.102499999999999,8.505932480647402
3103.0,3.1030000000000015,8.508432480647414
3103.5,3.103499999999997,8.51093248064739
3104.0,3.103999999999999,8.506102572037015
3104.5,3.1045000000000016,8.508602572037027
3105.0,3.104999999999997,8.511102572037004
3105.5,3.1054999999999993,8.506246150082077
3106.0,3.1060000000000016,8.50874615008209
3106.5,3.106499999999997,8.511246150082066
3107.0,3.1069999999999993,8.506369931700242
3107.5,3.1075000000000017,8.508869931700254
3108.0,3.107999999999997,8.51136993170023
3108.5,3.1084999999999994,8.506472634896483
3109.0,3.1090000000000018,8.508972634896494
3109.5,3.109499999999997,8.51147263489647
3110.0,3.1099999999999994,8.506560547275264
3110.5,3.110500000000002,8.509060547275276
3111.0,3.110999999999997,8.511560547275252
3111.5,3.1114999999999995,8.506624857644098
3112.0,3.112000000000002,8.50912485764411
3112.5,3.112499999999997,8.511624857644087
3113.0,3.1129999999999995,8.506680447855679
3113.5,3.113500000000002,8.509180447855691
3114.0,3.113999999999997,8.511680447855667
3114.5,3.1144999999999996,8.506740138389617
3115.0,3.115000000000002,8.509240138389629
3115.5,3.1154999999999973,8.511740138389605
3116.0,3.1159999999999997,8.506807639756744
3116.5,3.116500000000002,8.509307639756756
3117.0,3.1169999999999973,8.511807639756732
3117.5,3.1174999999999997,8.506889524711276
3118.0,3.118000000000002,8.509389524711288
3118.5,3.1184999999999974,8.511889524711265
3119.0,3.1189999999999998,8.50697190017847
3119.5,3.119500000000002,8.509471900178482
3120.0,3.1199999999999974,8.511971900178459
3120.5,3.1205,8.50701706610149
3121.0,3.121000000000002,8.509517066101502
3121.5,3.1214999999999975,8.512017066101478
3122.0,3.122,8.507013774013146
3122.5,3.1225000000000023,8.509513774013158
3123.0,3.1229999999999976,8.512013774013134
3123.5,3.1235,8.506931995532483
3124.0,3.1240000000000023,8.509431995532495
3124.5,3.1244999999999976,8.511931995532471
3125.0,3.125,8.506732507606962
3125.5,3.1255000000000024,8.509232507606974
3126.0,3.1259999999999977,8.51173250760695
3126.5,3.1265,8.506403427389735
3127.0,3.1270000000000024,8.508903427389747
3127.5,3.1274999999999977,8.511403427389723
3128.0,3.128,8.505962827621296
3128.5,3.1285000000000025,8.508462827621308
3129.0,3.128999999999998,8.510962827621285
3129.5,3.1295,8.505434025035932
3130.0,3.1300000000000026,8.507934025035944
3130.5,3.130499999999998,8.51043402503592
3131.0,3.1310000000000002,8.504853573918183
3131.5,3.1315000000000026,8.507353573918195
3132.0,3.131999999999998,8.509853573918171
3132.5,3.1325000000000003,8.504263351865191
3133.0,3.1330000000000027,8.506763351865203
3133.5,3.133499999999998,8.50926335186518
3134.0,3.1340000000000003,8.503681788155255
3134.5,3.1345000000000027,8.506181788155267
3135.0,3.134999999999998,8.508681788155243
3135.5,3.1355000000000004,8.50311851688378
3136.0,3.136000000000003,8.505618516883793
3136.5,3.136499999999998,8.50811851688377
3137.0,3.1370000000000005,8.502566747951974
3137.5,3.137500000000003,8.505066747951986
3138.0,3.137999999999998,8.507566747951962
3138.5,3.1385000000000005,8.502002102602013
3139.0,3.139000000000003,8.504502102602025
3139.5,3.139499999999998,8.507002102602002
3140.0,3.1400000000000006,8.501407706727662
3140.5,3.140500000000003,8.503907706727674
3141.0,3.1409999999999982,8.50640770672765
3141.5,3.1415000000000006,8.500749797880118
3142.0,3.142000000000003,8.50324979788013
3142.5,3.1424999999999983,8.505749797880107
3143.0,3.1430000000000007,8.500004426336965
3143.5,3.143500000000003,8.502504426336976
3144.0,3.1439999999999984,8.505004426336953
3144.5,3.1445000000000007,8.499190072300387
3145.0,3.145000000000003,8.501690072300399
3145.5,3.1454999999999984,8.504190072300375
3146.0,3.146000000000001,8.498318482011378
3146.5,3.146500000000003,8.50081848201139
3147.0,3.1469999999999985,8.503318482011366
3147.5,3.147500000000001,8.497385602884222
3148.0,3.1480000000000032,8.499885602884234
3148.5,3.1484999999999985,8.50238560288421
3149.0,3.149000000000001,8.496412176767016
3149.5,3.1495000000000033,8.498912176767028
3150.0,3.1499999999999986,8.501412176767005
3150.5,3.150500000000001,8.495426625321372
3151.0,3.1510000000000034,8.497926625321384
3151.5,3.1514999999999986,8.50042662532136
3152.0,3.152000000000001,8.494431167918322
3152.5,3.1524999999999963,8.496931167918298
3153.0,3.1529999999999987,8.49943116791831
3153.5,3.153500000000001,8.493444434015274
3154.0,3.1540000000000035,8.495944434015286
3154.5,3.1544999999999987,8.498444434015262
3155.0,3.155000000000001,8.492481896959383
3155.5,3.1554999999999964,8.49498189695936
3156.0,3.155999999999999,8.497481896959371
3156.5,3.156500000000001,8.49155722131421
3157.0,3.1570000000000036,8.494057221314222
3157.5,3.157499999999999,8.496557221314198
3158.0,3.1580000000000013,8.490676593851454
3158.5,3.1584999999999965,8.49317659385143
3159.0,3.158999999999999,8.495676593851442
3159.5,3.1595000000000013,8.489858278033644
3160.0,3.1600000000000037,8.492358278033656
3160.5,3.160499999999999,8.494858278033632
3161.0,3.1610000000000014,8.489096378530512
3161.5,3.1614999999999966,8.491596378530488
3162.0,3.161999999999999,8.4940963785305
3162.5,3.1625000000000014,8.488388428451472
3163.0,3.163000000000004,8.490888428451484
3163.5,3.163499999999999,8.49338842845146
3164.0,3.1640000000000015,8.487702285692258
3164.5,3.1644999999999968,8.490202285692234
3165.0,3.164999999999999,8.492702285692246
3165.5,3.1655000000000015,8.487034328126057
3166.0,3.165999999999997,8.489534328126034
3166.5,3.166499999999999,8.492034328126046
3167.0,3.1670000000000016,8.486383706439966
3167.5,3.167499999999997,8.488883706439943
3168.0,3.1679999999999993,8.491383706439954
3168.5,3.1685000000000016,8.485733276483671
3169.0,3.168999999999997,8.488233276483648
3169.5,3.1694999999999993,8.49073327648366
3170.0,3.1700000000000017,8.485058193416855
3170.5,3.170499999999997,8.487558193416831
3171.0,3.1709999999999994,8.490058193416843
3171.5,3.1715000000000018,8.492558193416855
3172.0,3.171999999999997,8.486835803630548
3172.5,3.1724999999999994,8.48933580363056
3173.0,3.173000000000002,8.491835803630572
3173.5,3.173499999999997,8.486050566426577
3174.0,3.1739999999999995,8.48855056642659
3174.5,3.174500000000002,8.491050566426601
3175.0,3.174999999999997,8.485177566683788
3175.5,3.1754999999999995,8.4876775666838
3176.0,3.176000000000002,8.490177566683812
3176.5,3.176499999999997,8.484200342512338
3177.0,3.1769999999999996,8.48670034251235
3177.5,3.177500000000002,8.489200342512362
3178.0,3.1779999999999973,8.483120755408962
3178.5,3.1784999999999997,8.485620755408974
3179.0,3.179000000000002,8.488120755408985
3179.5,3.1794999999999973,8.481942456470186
3180.0,3.1799999999999997,8.484442456470198
3180.5,3.180500000000002,8.48694245647021
3181.0,3.1809999999999974,8.480695693487412
3181.5,3.1814999999999998,8.483195693487424
3182.0,3.182000000000002,8.485695693487436
3182.5,3.1824999999999974,8.479424941826537
3183.0,3.183,8.481924941826549
3183.5,3.183500000000002,8.48442494182656
3184.0,3.1839999999999975,8.478185056829766
3184.5,3.1845,8.480685056829778
3185.0,3.1850000000000023,8.48318505682979
3185.5,3.1854999999999976,8.477023637042471
3186.0,3.186,8.479523637042483
3186.5,3.1865000000000023,8.482023637042495
3187.0,3.1869999999999976,8.475995224665809
3187.5,3.1875,8.47849522466582
3188.0,3.1880000000000024,8.480995224665833
3188.5,3.1884999999999977,8.475116424025302
3189.0,3.189,8.477616424025314
3189.5,3.1895000000000024,8.480116424025326
3190.0,3.1899999999999977,8.474397525936688
3190.5,3.1905,8.4768975259367
3191.0,3.1910000000000025,8.479397525936712
3191.5,3.191499999999998,8.473842420779825
3192.0,3.192,8.476342420779837
3192.5,3.1925000000000026,8.478842420779849
3193.0,3.192999999999998,8.473403579460133
3193.5,3.1935000000000002,8.475903579460144
3194.0,3.1940000000000026,8.478403579460156
3194.5,3.194499999999998,8.473077518025605
3195.0,3.1950000000000003,8.475577518025617
3195.5,3.1955000000000027,8.478077518025628
3196.0,3.195999999999998,8.472821120691165
3196.5,3.1965000000000003,8.475321120691177
3197.0,3.1970000000000027,8.477821120691189
3197.5,3.197499999999998,8.472602958348432
3198.0,3.1980000000000004,8.475102958348444
3198.5,3.198500000000003,8.477602958348456
3199.0,3.198999999999998,8.47237136924015
3199.5,3.1995000000000005,8.474871369240162
3200.0,3.200000000000003,8.477371369240174
3200.5,3.200499999999998,8.472063920050878
3201.0,3.2010000000000005,8.47456392005089
3201.5,3.201500000000003,8.477063920050902
3202.0,3.201999999999998,8.471642090417077
3202.5,3.2025000000000006,8.47414209041709
3203.0,3.203000000000003,8.476642090417101
3203.5,3.2034999999999982,8.471054769299933
3204.0,3.2040000000000006,8.473554769299945
3204.5,3.204500000000003,8.476054769299957
3205.0,3.2049999999999983,8.470270302994436
3205.5,3.2055000000000007,8.472770302994448
3206.0,3.206000000000003,8.47527030299446
3206.5,3.2064999999999984,8.46926535845519
3207.0,3.2070000000000007,8.471765358455201
3207.5,3.207500000000003,8.474265358455213
3208.0,3.2079999999999984,8.468040282024312
3208.5,3.208500000000001,8.470540282024324
3209.0,3.209000000000003,8.473040282024336
3209.5,3.2094999999999985,8.466621412329935
3210.0,3.210000000000001,8.469121412329947
3210.5,3.2105000000000032,8.47162141232996
3211.0,3.2109999999999985,8.465038250544303
3211.5,3.211500000000001,8.467538250544315
3212.0,3.2120000000000033,8.470038250544327
3212.5,3.2124999999999986,8.46334634267702
3213.0,3.213000000000001,8.465846342677033
3213.5,3.2135000000000034,8.468346342677044
3214.0,3.2139999999999986,8.461606641947839
3214.5,3.214500000000001,8.46410664194785
3215.0,3.2149999999999963,8.466606641947827
3215.5,3.2154999999999987,8.459879703239146
3216.0,3.216000000000001,8.462379703239158
3216.5,3.2165000000000035,8.46487970323917
3217.0,3.2169999999999987,8.458221149131475
3217.5,3.217500000000001,8.460721149131487
3218.0,3.2179999999999964,8.463221149131464
3218.5,3.218499999999999,8.456686137309362
3219.0,3.219000000000001,8.459186137309374
3219.5,3.2195000000000036,8.461686137309385
3220.0,3.219999999999999,8.45531287301501
3220.5,3.2205000000000013,8.457812873015023
3221.0,3.2209999999999965,8.460312873014999
3221.5,3.221499999999999,8.45411144495582
3222.0,3.2220000000000013,8.456611444955833
3222.5,3.2225000000000037,8.459111444955845
3223.0,3.222999999999999,8.453088588554962
3223.5,3.2235000000000014,8.455588588554974
3224.0,3.2239999999999966,8.45808858855495
3224.5,3.224499999999999,8.452231571183866
3225.0,3.2250000000000014,8.454731571183878
3225.5,3.225500000000004,8.45723157118389
3226.0,3.225999999999999,8.451509448722163
3226.5,3.2265000000000015,8.454009448722175
3227.0,3.2269999999999968,8.456509448722151
3227.5,3.227499999999999,8.450847226823726
3228.0,3.2280000000000015,8.453347226823738
3228.5,3.228499999999997,8.455847226823714
3229.0,3.228999999999999,8.450166386533269
3229.5,3.2295000000000016,8.45266638653328
3230.0,3.229999999999997,8.455166386533257
3230.5,3.2304999999999993,8.449427315480591
3231.0,3.2310000000000016,8.451927315480603
3231.5,3.231499999999997,8.45442731548058
3232.0,3.2319999999999993,8.448583900084792
3232.5,3.2325000000000017,8.451083900084804
3233.0,3.232999999999997,8.45358390008478
3233.5,3.2334999999999994,8.44760053417847
3234.0,3.2340000000000018,8.450100534178482
3234.5,3.234499999999997,8.452600534178458
3235.0,3.2349999999999994,8.446467108976492
3235.5,3.235500000000002,8.448967108976504
3236.0,3.235999999999997,8.45146710897648
3236.5,3.2364999999999995,8.445172561950649
3237.0,3.237000000000002,8.447672561950661
3237.5,3.237499999999997,8.450172561950637
3238.0,3.2379999999999995,8.44373320800237
3238.5,3.238500000000002,8.446233208002383
3239.0,3.238999999999997,8.44873320800236
3239.5,3.2394999999999996,8.442184204443386
3240.0,3.240000000000002,8.444684204443398
3240.5,3.2404999999999973,8.447184204443374
3241.0,3.2409999999999997,8.440570528626274
3241.5,3.241500000000002,8.443070528626286
3242.0,3.2419999999999973,8.445570528626263
3242.5,3.2424999999999997,8.43893797607361
3243.0,3.243000000000002,8.441437976073622
3243.5,3.2434999999999974,8.443937976073599
3244.0,3.2439999999999998,8.437318205412225
3244.5,3.244500000000002,8.439818205412237
3245.0,3.2449999999999974,8.442318205412214
3245.5,3.2455,8.435748579980462
3246.0,3.246000000000002,8.438248579980474
3246.5,3.2464999999999975,8.44074857998045
3247.0,3.247,8.443248579980462
3247.5,3.2475000000000023,8.436769108335795
3248.0,3.2479999999999976,8.439269108335772
3248.5,3.2485,8.441769108335784
3249.0,3.2490000000000023,8.43544065653969
3249.5,3.2494999999999976,8.437940656539666
3250.0,3.25,8.440440656539678
3250.5,3.2505000000000024,8.434325380961347
3251.0,3.2509999999999977,8.436825380961324
3251.5,3.2515,8.439325380961336
3252.0,3.2520000000000024,8.433474332838067
3252.5,3.2524999999999977,8.435974332838043
3253.0,3.253,8.438474332838055
3253.5,3.2535000000000025,8.432891893726264
3254.0,3.253999999999998,8.43539189372624
3254.5,3.2545,8.437891893726253
3255.0,3.2550000000000026,8.432546011710471
3255.5,3.255499999999998,8.435046011710448
3256.0,3.2560000000000002,8.43754601171046
3256.5,3.2565000000000026,8.43239467377586
3257.0,3.256999999999998,8.434894673775837
3257.5,3.2575000000000003,8.437394673775849
3258.0,3.2580000000000027,8.432352586163212
3258.5,3.258499999999998,8.434852586163188
3259.0,3.2590000000000003,8.4373525861632
3259.5,3.2595000000000027,8.432335372930382
3260.0,3.259999999999998,8.434835372930358
3260.5,3.2605000000000004,8.43733537293037
3261.0,3.261000000000003,8.432276378178258
3261.5,3.261499999999998,8.434776378178235
3262.0,3.2620000000000005,8.437276378178247
3262.5,3.262500000000003,8.432140432308337
3263.0,3.262999999999998,8.434640432308314
3263.5,3.2635000000000005,8.437140432308325
3264.0,3.264000000000003,8.431918338424538
3264.5,3.264499999999998,8.434418338424514
3265.0,3.2650000000000006,8.436918338424526
3265.5,3.265500000000003,8.431594371769116
3266.0,3.2659999999999982,8.434094371769092
3266.5,3.2665000000000006,8.436594371769104
3267.0,3.267000000000003,8.431148905624113
3267.5,3.2674999999999983,8.43364890562409
3268.0,3.2680000000000007,8.436148905624101
3268.5,3.268500000000003,8.430586184661664
3269.0,3.2689999999999984,8.43308618466164
3269.5,3.2695000000000007,8.435586184661652
3270.0,3.270000000000003,8.429920254299361
3270.5,3.2704999999999984,8.432420254299338
3271.0,3.271000000000001,8.43492025429935
3271.5,3.271500000000003,8.429161931275289
3272.0,3.2719999999999985,8.431661931275265
3272.5,3.272500000000001,8.434161931275277
3273.0,3.2730000000000032,8.428339356599963
3273.5,3.2734999999999985,8.43083935659994
3274.0,3.274000000000001,8.433339356599951
3274.5,3.2745000000000033,8.427462376140724
3275.0,3.2749999999999986,8.4299623761407
3275.5,3.275500000000001,8.432462376140712
3276.0,3.2760000000000034,8.42655169370115
3276.5,3.2764999999999986,8.429051693701126
3277.0,3.277000000000001,8.431551693701138
3277.5,3.2774999999999963,8.425650916350094
3278.0,3.2779999999999987,8.428150916350106
3278.5,3.278500000000001,8.430650916350118
3279.0,3.2790000000000035,8.424805124120383
3279.5,3.2794999999999987,8.427305124120359
3280.0,3.280000000000001,8.42980512412037
3280.5,3.2804999999999964,8.424018572129448
3281.0,3.280999999999999,8.42651857212946
3281.5,3.281500000000001,8.429018572129472
3282.0,3.2820000000000036,8.423302670029713
3282.5,3.282499999999999,8.42580267002969
3283.0,3.2830000000000013,8.428302670029701
3283.5,3.2834999999999965,8.422684506168103
3284.0,3.283999999999999,8.425184506168115
3284.5,3.2845000000000013,8.427684506168127
3285.0,3.2850000000000037,8.422147258471426
3285.5,3.285499999999999,8.424647258471403
3286.0,3.2860000000000014,8.427147258471415
3286.5,3.2864999999999966,8.421657129268993
3287.0,3.286999999999999,8.424157129269005
3287.5,3.2875000000000014,8.426657129269017
3288.0,3.288000000000004,8.421150407906808
3288.5,3.288499999999999,8.423650407906784
3289.0,3.2890000000000015,8.426150407906796
3289.5,3.2894999999999968,8.420613107612596
3290.0,3.289999999999999,8.423113107612608
3290.5,3.2905000000000015,8.42561310761262
3291.0,3.290999999999997,8.420042996851684
3291.5,3.291499999999999,8.422542996851696
3292.0,3.2920000000000016,8.425042996851708
3292.5,3.292499999999997,8.41943697242801
3293.0,3.2929999999999993,8.421936972428021
3293.5,3.2935000000000016,8.424436972428033
3294.0,3.293999999999997,8.418800126556043
3294.5,3.2944999999999993,8.421300126556055
3295.0,3.2950000000000017,8.423800126556067
3295.5,3.295499999999997,8.418124465390058
3296.0,3.2959999999999994,8.42062446539007
3296.5,3.2965000000000018,8.423124465390082
3297.0,3.296999999999997,8.417425353363228
3297.5,3.2974999999999994,8.41992535336324
3298.0,3.298000000000002,8.422425353363252
3298.5,3.298499999999997,8.416706469214397
3299.0,3.2989999999999995,8.419206469214409
3299.5,3.299500000000002,8.42170646921442
3300.0,3.299999999999997,8.415962918630164
3300.5,3.3004999999999995,8.418462918630176
3301.0,3.301000000000002,8.420962918630188
3301.5,3.301499999999997,8.415180757634921
3302.0,3.3019999999999996,8.417680757634933
3302.5,3.302500000000002,8.420180757634945
3303.0,3.3029999999999973,8.414349051509724
3303.5,3.3034999999999997,8.416849051509736
3304.0,3.304000000000002,8.419349051509748
3304.5,3.3044999999999973,8.413468766284886
3305.0,3.3049999999999997,8.415968766284898
3305.5,3.305500000000002,8.41846876628491
3306.0,3.3059999999999974,8.412522555943909
3306.5,3.3064999999999998,8.41502255594392
3307.0,3.307000000000002,8.417522555943933
3307.5,3.3074999999999974,8.411529104168558
3308.0,3.308,8.41402910416857
3308.5,3.308500000000002,8.416529104168582
3309.0,3.3089999999999975,8.410509922231562
3309.5,3.3095,8.413009922231574
3310.0,3.3100000000000023,8.415509922231585
3310.5,3.3104999999999976,8.40946911992745
3311.0,3.311,8.411969119927463
3311.5,3.3115000000000023,8.414469119927475
3312.0,3.3119999999999976,8.40842963255156
3312.5,3.3125,8.410929632551571
3313.0,3.3130000000000024,8.413429632551583
3313.5,3.3134999999999977,8.407412721584464
3314.0,3.314,8.409912721584476
3314.5,3.3145000000000024,8.412412721584488
3315.0,3.3149999999999977,8.406414723136528
3315.5,3.3155,8.40891472313654
3316.0,3.3160000000000025,8.411414723136552
3316.5,3.316499999999998,8.405444677776366
3317.0,3.317,8.407944677776378
3317.5,3.3175000000000026,8.41044467777639
3318.0,3.317999999999998,8.40450639542059
3318.5,3.3185000000000002,8.407006395420602
3319.0,3.3190000000000026,8.409506395420614
3319.5,3.319499999999998,8.403620295297607
3320.0,3.3200000000000003,8.406120295297619
3320.5,3.3205000000000027,8.40862029529763
3321.0,3.320999999999998,8.402792921642614
3321.5,3.3215000000000003,8.405292921642626
3322.0,3.3220000000000027,8.407792921642638
3322.5,3.322499999999998,8.410292921642615
3323.0,3.3230000000000004,8.40452062569419
3323.5,3.323500000000003,8.407020625694201
3324.0,3.323999999999998,8.409520625694178
3324.5,3.3245000000000005,8.403787381282726
3325.0,3.325000000000003,8.406287381282738
3325.5,3.325499999999998,8.408787381282714
3326.0,3.3260000000000005,8.403065499646374
3326.5,3.326500000000003,8.405565499646386
3327.0,3.326999999999998,8.408065499646362
3327.5,3.3275000000000006,8.402351873648648
3328.0,3.328000000000003,8.40485187364866
3328.5,3.3284999999999982,8.407351873648636
3329.0,3.3290000000000006,8.401641744731023
3329.5,3.329500000000003,8.404141744731035
3330.0,3.3299999999999983,8.406641744731012
3330.5,3.3305000000000007,8.400928819559645
3331.0,3.331000000000003,8.403428819559657
3331.5,3.3314999999999984,8.405928819559634
3332.0,3.3320000000000007,8.40019470447583
3332.5,3.332500000000003,8.402694704475842
3333.0,3.3329999999999984,8.405194704475818
3333.5,3.333500000000001,8.399394548534964
3334.0,3.334000000000003,8.401894548534976
3334.5,3.3344999999999985,8.404394548534952
3335.0,3.335000000000001,8.398500561853517
3335.5,3.3355000000000032,8.401000561853529
3336.0,3.3359999999999985,8.403500561853505
3336.5,3.336500000000001,8.397498036059972
3337.0,3.3370000000000033,8.399998036059984
3337.5,3.3374999999999986,8.40249803605996
3338.0,3.338000000000001,8.396369542438542
3338.5,3.3385000000000034,8.398869542438554
3339.0,3.3389999999999986,8.40136954243853
3339.5,3.339500000000001,8.395105027406693
3340.0,3.3399999999999963,8.39760502740667
3340.5,3.3404999999999987,8.400105027406681
3341.0,3.341000000000001,8.393716506355986
3341.5,3.3415000000000035,8.396216506355998
3342.0,3.3419999999999987,8.398716506355974
3342.5,3.342500000000001,8.392231737256921
3343.0,3.3429999999999964,8.394731737256897
3343.5,3.343499999999999,8.39723173725691
3344.0,3.344000000000001,8.390685226260537
3344.5,3.3445000000000036,8.393185226260549
3345.0,3.344999999999999,8.395685226260525
3345.5,3.3455000000000013,8.389129308855665
3346.0,3.3459999999999965,8.391629308855642
3346.5,3.346499999999999,8.394129308855653
3347.0,3.3470000000000013,8.387597918000687
3347.5,3.3475000000000037,8.390097918000698
3348.0,3.347999999999999,8.392597918000675
3348.5,3.3485000000000014,8.386131332409299
3349.0,3.3489999999999966,8.388631332409275
3349.5,3.349499999999999,8.391131332409287
3350.0,3.3500000000000014,8.384773524180709
3350.5,3.350500000000004,8.38727352418072
3351.0,3.350999999999999,8.389773524180697
3351.5,3.3515000000000015,8.383537528219343
3352.0,3.3519999999999968,8.386037528219319
3352.5,3.352499999999999,8.38853752821933
3353.0,3.3530000000000015,8.38241623876538
3353.5,3.353499999999997,8.384916238765356
3354.0,3.353999999999999,8.387416238765368
3354.5,3.3545000000000016,8.381404872041358
3355.0,3.354999999999997,8.383904872041334
3355.5,3.3554999999999993,8.386404872041346
3356.0,3.3560000000000016,8.380482910854816
3356.5,3.356499999999997,8.382982910854793
3357.0,3.3569999999999993,8.385482910854805
3357.5,3.3575000000000017,8.379633112445006
3358.0,3.357999999999997,8.382133112444983
3358.5,3.3584999999999994,8.384633112444995
3359.0,3.3590000000000018,8.37882171692435
3359.5,3.359499999999997,8.381321716924326
3360.0,3.3599999999999994,8.383821716924338
3360.5,3.360500000000002,8.378033343048585
3361.0,3.360999999999997,8.380533343048562
3361.5,3.3614999999999995,8.383033343048574
3362.0,3.362000000000002,8.377203700958304
3362.5,3.362499999999997,8.37970370095828
3363.0,3.3629999999999995,8.382203700958293
3363.5,3.363500000000002,8.376283471938812
3364.0,3.363999999999997,8.378783471938789
3364.5,3.3644999999999996,8.3812834719388
3365.0,3.365000000000002,8.375246061545774
3365.5,3.3654999999999973,8.37774606154575
3366.0,3.3659999999999997,8.380246061545762
3366.5,3.366500000000002,8.374081912242275
3367.0,3.3669999999999973,8.376581912242251
3367.5,3.3674999999999997,8.379081912242263
3368.0,3.368000000000002,8.372803985052535
3368.5,3.3684999999999974,8.375303985052511
3369.0,3.3689999999999998,8.377803985052523
3369.5,3.369500000000002,8.371408987783155
3370.0,3.3699999999999974,8.373908987783132
3370.5,3.3705,8.376408987783144
3371.0,3.371000000000002,8.369898002152851
3371.5,3.3714999999999975,8.372398002152828
3372.0,3.372,8.37489800215284
3372.5,3.3725000000000023,8.368304097335617
3373.0,3.3729999999999976,8.370804097335593
3373.5,3.3735,8.373304097335605
3374.0,3.3740000000000023,8.366663521128075
3374.5,3.3744999999999976,8.369163521128051
3375.0,3.375,8.371663521128063
3375.5,3.3755000000000024,8.36503020489296
3376.0,3.3759999999999977,8.367530204892937
3376.5,3.3765,8.370030204892949
3377.0,3.3770000000000024,8.363414760014614
3377.5,3.3774999999999977,8.36591476001459
3378.0,3.378,8.368414760014602
3378.5,3.3785000000000025,8.361849012507747
3379.0,3.378999999999998,8.364349012507724
3379.5,3.3795,8.366849012507735
3380.0,3.3800000000000026,8.360385098964898
3380.5,3.380499999999998,8.362885098964874
3381.0,3.3810000000000002,8.365385098964886
3381.5,3.3815000000000026,8.359037380510834
3382.0,3.381999999999998,8.36153738051081
3382.5,3.3825000000000003,8.364037380510823
3383.0,3.3830000000000027,8.35780010144223
3383.5,3.383499999999998,8.360300101442206
3384.0,3.3840000000000003,8.362800101442218
3384.5,3.3845000000000027,8.356673509445649
3385.0,3.384999999999998,8.359173509445625
3385.5,3.3855000000000004,8.361673509445637
3386.0,3.386000000000003,8.355647668666677
3386.5,3.386499999999998,8.358147668666653
3387.0,3.3870000000000005,8.360647668666665
3387.5,3.387500000000003,8.354686831600482
3388.0,3.387999999999998,8.357186831600458
3388.5,3.3885000000000005,8.35968683160047
3389.0,3.389000000000003,8.353746978922807
3389.5,3.389499999999998,8.356246978922783
3390.0,3.3900000000000006,8.358746978922795
3390.5,3.390500000000003,8.352784266677524
3391.0,3.3909999999999982,8.3552842666775
3391.5,3.3915000000000006,8.357784266677513
3392.0,3.392000000000003,8.351760606170124
3392.5,3.3924999999999983,8.3542606061701
3393.0,3.3930000000000007,8.356760606170113
3393.5,3.393500000000003,8.350650193018154
3394.0,3.3939999999999984,8.35315019301813
3394.5,3.3945000000000007,8.355650193018143
3395.0,3.395000000000003,8.349437377618507
3395.5,3.3954999999999984,8.351937377618484
3396.0,3.396000000000001,8.354437377618495
3396.5,3.396500000000003,8.348114834408022
3397.0,3.3969999999999985,8.350614834407999
3397.5,3.397500000000001,8.35311483440801
3398.0,3.3980000000000032,8.355614834408023
3398.5,3.3984999999999985,8.349184785945774
3399.0,3.399000000000001,8.351684785945785
3399.5,3.3995000000000033,8.354184785945797
3400.0,3.3999999999999986,8.347675463759963
3400.5,3.400500000000001,8.350175463759975
3401.0,3.4010000000000034,8.352675463759986
3401.5,3.4014999999999986,8.346110781868745
3402.0,3.402000000000001,8.348610781868757
3402.5,3.4024999999999963,8.351110781868734
3403.0,3.4029999999999987,8.34453413628971
3403.5,3.403500000000001,8.347034136289722
3404.0,3.4040000000000035,8.349534136289734
3404.5,3.4044999999999987,8.34298564650556
3405.0,3.405000000000001,8.345485646505573
3405.5,3.4054999999999964,8.347985646505549
3406.0,3.405999999999999,8.341492538027069
3406.5,3.406500000000001,8.34399253802708
3407.0,3.4070000000000036,8.346492538027093
3407.5,3.407499999999999,8.340082650828293
3408.0,3.4080000000000013,8.342582650828305
3408.5,3.4084999999999965,8.345082650828282
3409.0,3.408999999999999,8.338743893171774
3409.5,3.4095000000000013,8.341243893171786
3410.0,3.4100000000000037,8.343743893171798
3410.5,3.410499999999999,8.337493996982346
3411.0,3.4110000000000014,8.339993996982358
3411.5,3.4114999999999966,8.342493996982334
3412.0,3.411999999999999,8.336343647677324
3412.5,3.4125000000000014,8.338843647677336
3413.0,3.413000000000004,8.341343647677348
3413.5,3.413499999999999,8.335301656425216
3414.0,3.4140000000000015,8.337801656425228
3414.5,3.4144999999999968,8.340301656425204
3415.0,3.414999999999999,8.334367071572899
3415.5,3.4155000000000015,8.336867071572911
3416.0,3.415999999999997,8.339367071572887
3416.5,3.416499999999999,8.333522265281559
3417.0,3.4170000000000016,8.33602226528157
3417.5,3.417499999999997,8.338522265281547
3418.0,3.4179999999999993,8.332739351239624
3418.5,3.4185000000000016,8.335239351239636
3419.0,3.418999999999997,8.337739351239613
3419.5,3.4194999999999993,8.332013430305878
3420.0,3.4200000000000017,8.33451343030589
3420.5,3.420499999999997,8.337013430305866
3421.0,3.4209999999999994,8.331321800385254
3421.5,3.4215000000000018,8.333821800385266
3422.0,3.421999999999997,8.336321800385242
3422.5,3.4224999999999994,8.330635907820572
3423.0,3.423000000000002,8.333135907820584
3423.5,3.423499999999997,8.33563590782056
3424.0,3.4239999999999995,8.32995745715948
3424.5,3.424500000000002,8.332457457159492
3425.0,3.424999999999997,8.334957457159469
3425.5,3.4254999999999995,8.329251464478986
3426.0,3.426000000000002,8.331751464478998
3426.5,3.426499999999997,8.334251464478974
3427.0,3.4269999999999996,8.328486443234624
3427.5,3.427500000000002,8.330986443234636
3428.0,3.4279999999999973,8.333486443234612
3428.5,3.4284999999999997,8.327665491288592
3429.0,3.429000000000002,8.330165491288604
3429.5,3.4294999999999973,8.33266549128858
3430.0,3.4299999999999997,8.326795793815442
3430.5,3.430500000000002,8.329295793815454
3431.0,3.4309999999999974,8.33179579381543
3431.5,3.4314999999999998,8.325909546617254
3432.0,3.432000000000002,8.328409546617266
3432.5,3.4324999999999974,8.330909546617242
3433.0,3.433,8.325012889151076
3433.5,3.433500000000002,8.327512889151087
3434.0,3.4339999999999975,8.330012889151064
3434.5,3.4345,8.324082904983143
3435.0,3.4350000000000023,8.326582904983155
3435.5,3.4354999999999976,8.329082904983132
3436.0,3.436,8.323102315384965
3436.5,3.4365000000000023,8.325602315384977
3437.0,3.4369999999999976,8.328102315384953
3437.5,3.4375,8.322065550477795
3438.0,3.4380000000000024,8.324565550477807
3438.5,3.4384999999999977,8.327065550477784
3439.0,3.439,8.320973464049857
3439.5,3.4395000000000024,8.323473464049869
3440.0,3.4399999999999977,8.325973464049845
3440.5,3.4405,8.319831934923378
3441.0,3.4410000000000025,8.32233193492339
3441.5,3.441499999999998,8.324831934923367
3442.0,3.442,8.318636224660132
3442.5,3.4425000000000026,8.321136224660144
3443.0,3.442999999999998,8.32363622466012
3443.5,3.4435000000000002,8.317394093445003
3444.0,3.4440000000000026,8.319894093445015
3444.5,3.444499999999998,8.322394093444991
3445.0,3.4450000000000003,8.316112626899717
3445.5,3.4455000000000027,8.318612626899728
3446.0,3.445999999999998,8.321112626899705
3446.5,3.4465000000000003,8.314819660775647
3447.0,3.4470000000000027,8.31731966077566
3447.5,3.447499999999998,8.319819660775636
3448.0,3.4480000000000004,8.313554161395764
3448.5,3.448500000000003,8.316054161395776
3449.0,3.448999999999998,8.318554161395753
3449.5,3.4495000000000005,8.312344890156709
3450.0,3.450000000000003,8.31484489015672
3450.5,3.450499999999998,8.317344890156697
3451.0,3.4510000000000005,8.311201040434533
3451.5,3.451500000000003,8.313701040434545
3452.0,3.451999999999998,8.316201040434521
3452.5,3.4525000000000006,8.310128613530416
3453.0,3.453000000000003,8.312628613530428
3453.5,3.4534999999999982,8.315128613530405
3454.0,3.4540000000000006,8.30911323271529
3454.5,3.454500000000003,8.311613232715303
3455.0,3.4549999999999983,8.314113232715279
3455.5,3.4555000000000007,8.308146759610722
3456.0,3.456000000000003,8.310646759610734
3456.5,3.4564999999999984,8.31314675961071
3457.0,3.4570000000000007,8.307186153638995
3457.5,3.457500000000003,8.309686153639007
3458.0,3.4579999999999984,8.312186153638983
3458.5,3.458500000000001,8.306194955778246
3459.0,3.459000000000003,8.308694955778257
3459.5,3.4594999999999985,8.311194955778234
3460.0,3.460000000000001,8.305160365456246
3460.5,3.4605000000000032,8.307660365456258
3461.0,3.4609999999999985,8.310160365456234
3461.5,3.461500000000001,8.304071103009392
3462.0,3.4620000000000033,8.306571103009404
3462.5,3.4624999999999986,8.30907110300938
3463.0,3.463000000000001,8.302908681721739
3463.5,3.4635000000000034,8.305408681721751
3464.0,3.4639999999999986,8.307908681721727
3464.5,3.464500000000001,8.30163235852698
3465.0,3.4649999999999963,8.304132358526957
3465.5,3.4654999999999987,8.306632358526969
3466.0,3.466000000000001,8.30019578359746
3466.5,3.4665000000000035,8.302695783597471
3467.0,3.4669999999999987,8.305195783597448
3467.5,3.467500000000001,8.298572842570486
3468.0,3.4679999999999964,8.301072842570463
3468.5,3.468499999999999,8.303572842570475
3469.0,3.469000000000001,8.296744343215963
3469.5,3.4695000000000036,8.299244343215975
3470.0,3.469999999999999,8.301744343215951
3470.5,3.4705000000000013,8.294730942331192
3471.0,3.4709999999999965,8.297230942331169
3471.5,3.471499999999999,8.29973094233118
3472.0,3.4720000000000013,8.292562743368137
3472.5,3.4725000000000037,8.295062743368149
3473.0,3.472999999999999,8.297562743368125
3473.5,3.4735000000000014,8.300062743368137
3474.0,3.4739999999999966,8.292778517451893
3474.5,3.474499999999999,8.295278517451905
3475.0,3.4750000000000014,8.297778517451917
3475.5,3.475500000000004,8.290423865655079
3476.0,3.475999999999999,8.292923865655055
3476.5,3.4765000000000015,8.295423865655067
3477.0,3.4769999999999968,8.288062529042577
3477.5,3.477499999999999,8.290562529042589
3478.0,3.4780000000000015,8.2930625290426
3478.5,3.478499999999997,8.28574405441504
3479.0,3.478999999999999,8.288244054415053
3479.5,3.4795000000000016,8.290744054415065
3480.0,3.479999999999997,8.283504919023628
3480.5,3.4804999999999993,8.28600491902364
3481.0,3.4810000000000016,8.288504919023651
3481.5,3.481499999999997,8.281390479748403
3482.0,3.4819999999999993,8.283890479748415
3482.5,3.4825000000000017,8.286390479748427
3483.0,3.482999999999997,8.27942280103752
3483.5,3.4834999999999994,8.281922801037531
3484.0,3.4840000000000018,8.284422801037543
3484.5,3.484499999999997,8.277599840825545
3485.0,3.4849999999999994,8.280099840825557
3485.5,3.485500000000002,8.282599840825569
3486.0,3.485999999999997,8.275921282050227
3486.5,3.4864999999999995,8.278421282050239
3487.0,3.487000000000002,8.280921282050251
3487.5,3.487499999999997,8.274410596557473
3488.0,3.4879999999999995,8.276910596557485
3488.5,3.488500000000002,8.279410596557497
3489.0,3.488999999999997,8.273068629226614
3489.5,3.4894999999999996,8.275568629226626
3490.0,3.490000000000002,8.278068629226638
3490.5,3.4904999999999973,8.271898852733486
3491.0,3.4909999999999997,8.274398852733498
3491.5,3.491500000000002,8.27689885273351
3492.0,3.4919999999999973,8.270900948958975
3492.5,3.4924999999999997,8.273400948958987
3493.0,3.493000000000002,8.275900948958999
3493.5,3.4934999999999974,8.270022107701998
3494.0,3.4939999999999998,8.27252210770201
3494.5,3.494500000000002,8.275022107702021
3495.0,3.4949999999999974,8.269161535962617
3495.5,3.4955,8.271661535962629
3496.0,3.496000000000002,8.27416153596264
3496.5,3.4964999999999975,8.268259745900934
3497.0,3.497,8.270759745900946
3497.5,3.4975000000000023,8.273259745900958
3498.0,3.4979999999999976,8.267246745251384
3498.5,3.4985,8.269746745251396
3499.0,3.4990000000000023,8.272246745251408
3499.5,3.4994999999999976,8.266074998468937
3500.0,3.5,8.26857499846895
3500.5,3.5005000000000024,8.271074998468961
3501.0,3.5009999999999977,8.264740344313743
3501.5,3.5015,8.267240344313755
3502.0,3.5020000000000024,8.269740344313767
3502.5,3.5024999999999977,8.263246595017861
3503.0,3.503,8.265746595017873
3503.5,3.5035000000000025,8.268246595017885
3504.0,3.503999999999998,8.261591474816257
3504.5,3.5045,8.264091474816269
3505.0,3.5050000000000026,8.26659147481628
3505.5,3.505499999999998,8.259799158837993
3506.0,3.5060000000000002,8.262299158838005
3506.5,3.5065000000000026,8.264799158838017
3507.0,3.506999999999998,8.257885573777806
3507.5,3.5075000000000003,8.260385573777818
3508.0,3.5080000000000027,8.26288557377783
3508.5,3.508499999999998,8.255910111409541
3509.0,3.5090000000000003,8.258410111409553
3509.5,3.5095000000000027,8.260910111409565
3510.0,3.509999999999998,8.253959604094412
3510.5,3.5105000000000004,8.256459604094424
3511.0,3.511000000000003,8.258959604094436
3511.5,3.511499999999998,8.252075339654823
3512.0,3.5120000000000005,8.254575339654835
3512.5,3.512500000000003,8.257075339654847
3513.0,3.512999999999998,8.25029455325108
3513.5,3.5135000000000005,8.252794553251093
3514.0,3.514000000000003,8.255294553251105
3514.5,3.514499999999998,8.248663063807413
3515.0,3.5150000000000006,8.251163063807425
3515.5,3.515500000000003,8.253663063807437
3516.0,3.5159999999999982,8.247223525675373
3516.5,3.5165000000000006,8.249723525675385
3517.0,3.517000000000003,8.252223525675397
3517.5,3.5174999999999983,8.246001268329586
3518.0,3.5180000000000007,8.248501268329598
3518.5,3.518500000000003,8.25100126832961
3519.0,3.5189999999999984,8.245014466038008
3519.5,3.5195000000000007,8.24751446603802
3520.0,3.520000000000003,8.250014466038031
3520.5,3.5204999999999984,8.244279432678887
3521.0,3.521000000000001,8.246779432678899
3521.5,3.521500000000003,8.249279432678911
3522.0,3.5219999999999985,8.243783112707952
3522.5,3.522500000000001,8.246283112707964
3523.0,3.5230000000000032,8.248783112707976
3523.5,3.5234999999999985,8.243486209326711
3524.0,3.524000000000001,8.245986209326723
3524.5,3.5245000000000033,8.248486209326735
3525.0,3.5249999999999986,8.243313420663725
3525.5,3.525500000000001,8.245813420663737
3526.0,3.5260000000000034,8.248313420663749
3526.5,3.5264999999999986,8.243197998583085
3527.0,3.527000000000001,8.245697998583097
3527.5,3.5274999999999963,8.248197998583073
3528.0,3.5279999999999987,8.243097159270576
3528.5,3.528500000000001,8.245597159270588
3529.0,3.5290000000000035,8.2480971592706
3529.5,3.5294999999999987,8.242952349244632
3530.0,3.530000000000001,8.245452349244644
3530.5,3.5304999999999964,8.24795234924462
3531.0,3.530999999999999,8.242703187808509
3531.5,3.531500000000001,8.24520318780852
3532.0,3.5320000000000036,8.247703187808533
3532.5,3.532499999999999,8.242328170516089
3533.0,3.5330000000000013,8.2448281705161
3533.5,3.5334999999999965,8.247328170516077
3534.0,3.533999999999999,8.241791663154885
3534.5,3.5345000000000013,8.244291663154897
3535.0,3.5350000000000037,8.246791663154909
3535.5,3.535499999999999,8.241083229214361
3536.0,3.5360000000000014,8.243583229214373
3536.5,3.5364999999999966,8.24608322921435
3537.0,3.536999999999999,8.240212570614958
3537.5,3.5375000000000014,8.24271257061497
3538.0,3.538000000000004,8.245212570614981
3538.5,3.538499999999999,8.239208405671228
3539.0,3.5390000000000015,8.24170840567124
3539.5,3.5394999999999968,8.244208405671216
3540.0,3.539999999999999,8.23807251204439
3540.5,3.5405000000000015,8.240572512044402
3541.0,3.540999999999997,8.243072512044378
3541.5,3.541499999999999,8.236854447837203
3542.0,3.5420000000000016,8.239354447837215
3542.5,3.542499999999997,8.241854447837191
3543.0,3.5429999999999993,8.235585862810737
3543.5,3.5435000000000016,8.238085862810749
3544.0,3.543999999999997,8.240585862810725
3544.5,3.5444999999999993,8.234312300667739
3545.0,3.5450000000000017,8.23681230066775
3545.5,3.545499999999997,8.239312300667727
3546.0,3.5459999999999994,8.233059834155476
3546.5,3.5465000000000018,8.235559834155488
3547.0,3.546999999999997,8.238059834155465
3547.5,3.5474999999999994,8.231839851559926
3548.0,3.548000000000002,8.234339851559938
3548.5,3.548499999999997,8.236839851559914
3549.0,3.5489999999999995,8.239339851559926
3549.5,3.549500000000002,8.233152715468215
3550.0,3.549999999999997,8.235652715468191
3550.5,3.5504999999999995,8.238152715468203
3551.0,3.551000000000002,8.231997580205999
3551.5,3.551499999999997,8.234497580205975
3552.0,3.5519999999999996,8.236997580205987
3552.5,3.552500000000002,8.230876223012409
3553.0,3.5529999999999973,8.233376223012385
3553.5,3.5534999999999997,8.235876223012397
3554.0,3.554000000000002,8.229807171865033
3554.5,3.5544999999999973,8.23230717186501
3555.0,3.5549999999999997,8.234807171865022
3555.5,3.555500000000002,8.228786097599396
3556.0,3.5559999999999974,8.231286097599373
3556.5,3.5564999999999998,8.233786097599385
3557.0,3.557000000000002,8.227783880384436
3557.5,3.5574999999999974,8.230283880384412
3558.0,3.558,8.232783880384424
3558.5,3.558500000000002,8.226779634963783
3559.0,3.5589999999999975,8.22927963496376
3559.5,3.5595,8.231779634963772
3560.0,3.5600000000000023,8.22574019375697
3560.5,3.5604999999999976,8.228240193756946
3561.0,3.561,8.230740193756958
3561.5,3.5615000000000023,8.224636285828204
3562.0,3.5619999999999976,8.22713628582818
3562.5,3.5625,8.229636285828192
3563.0,3.5630000000000024,8.223450257020666
3563.5,3.5634999999999977,8.225950257020642
3564.0,3.564,8.228450257020654
3564.5,3.5645000000000024,8.222177021913204
3565.0,3.5649999999999977,8.22467702191318
3565.5,3.5655,8.227177021913192
3566.0,3.5660000000000025,8.220817658505233
3566.5,3.566499999999998,8.22331765850521
3567.0,3.567,8.225817658505221
3567.5,3.5675000000000026,8.219363607948864
3568.0,3.567999999999998,8.22186360794884
3568.5,3.5685000000000002,8.224363607948852
3569.0,3.5690000000000026,8.21781331846676
3569.5,3.569499999999998,8.220313318466737
3570.0,3.5700000000000003,8.222813318466748
3570.5,3.5705000000000027,8.21617356182788
3571.0,3.570999999999998,8.218673561827856
3571.5,3.5715000000000003,8.221173561827868
3572.0,3.5720000000000027,8.214436432758632
3572.5,3.572499999999998,8.216936432758608
3573.0,3.5730000000000004,8.21943643275862
3573.5,3.573500000000003,8.212580080349845
3574.0,3.573999999999998,8.215080080349821
3574.5,3.5745000000000005,8.217580080349833
3575.0,3.575000000000003,8.210607763626534
3575.5,3.575499999999998,8.21310776362651
3576.0,3.5760000000000005,8.215607763626522
3576.5,3.576500000000003,8.20853700108838
3577.0,3.576999999999998,8.211037001088357
3577.5,3.5775000000000006,8.213537001088369
3578.0,3.578000000000003,8.206401182049312
3578.5,3.5784999999999982,8.208901182049289
3579.0,3.5790000000000006,8.2114011820493
3579.5,3.579500000000003,8.204252360559536
3580.0,3.5799999999999983,8.206752360559513
3580.5,3.5805000000000007,8.209252360559525
3581.0,3.581000000000003,8.202124318430855
3581.5,3.5814999999999984,8.204624318430831
3582.0,3.5820000000000007,8.207124318430843
3582.5,3.582500000000003,8.200036855612005
3583.0,3.5829999999999984,8.202536855611982
3583.5,3.583500000000001,8.205036855611993
3584.0,3.584000000000003,8.197992726864314
3584.5,3.5844999999999985,8.20049272686429
3585.0,3.585000000000001,8.202992726864302
3585.5,3.5855000000000032,8.196017502858233
3586.0,3.5859999999999985,8.19851750285821
3586.5,3.586500000000001,8.201017502858221
3587.0,3.5870000000000033,8.19412706416486
3587.5,3.5874999999999986,8.196627064164836
3588.0,3.588000000000001,8.199127064164848
3588.5,3.5885000000000034,8.192345171989821
3589.0,3.5889999999999986,8.194845171989797
3589.5,3.589500000000001,8.19734517198981
3590.0,3.5899999999999963,8.190665133787647
3590.5,3.5904999999999987,8.193165133787659
3591.0,3.591000000000001,8.19566513378767
3591.5,3.5915000000000035,8.18908828910999
3592.0,3.5919999999999987,8.191588289109966
3592.5,3.592500000000001,8.194088289109978
3593.0,3.5929999999999964,8.187599556458238
3593.5,3.593499999999999,8.19009955645825
3594.0,3.594000000000001,8.192599556458262
3594.5,3.5945000000000036,8.186199578045184
3595.0,3.594999999999999,8.18869957804516
3595.5,3.5955000000000013,8.191199578045172
3596.0,3.5959999999999965,8.184858966811568
3596.5,3.596499999999999,8.18735896681158
3597.0,3.5970000000000013,8.189858966811592
3597.5,3.5975000000000037,8.183561613074453
3598.0,3.597999999999999,8.186061613074429
3598.5,3.5985000000000014,8.188561613074441
3599.0,3.5989999999999966,8.182252300005537
3599.5,3.599499999999999,8.184752300005549
3600.0,3.6000000000000014,8.18725230000556
3600.5,3.600500000000004,8.180865075962593
3601.0,3.600999999999999,8.18336507596257
3601.5,3.6015000000000015,8.185865075962582
3602.0,3.6019999999999968,8.179335314586247
3602.5,3.602499999999999,8.181835314586259
3603.0,3.6030000000000015,8.18433531458627
3603.5,3.603499999999997,8.177616925011932
3604.0,3.603999999999999,8.180116925011944
3604.5,3.6045000000000016,8.182616925011956
3605.0,3.604999999999997,8.175674241733404
3605.5,3.6054999999999993,8.178174241733416
3606.0,3.6060000000000016,8.180674241733428
3606.5,3.606499999999997,8.173475149951344
3607.0,3.6069999999999993,8.175975149951356
3607.5,3.6075000000000017,8.178475149951367
3608.0,3.607999999999997,8.171026268441217
3608.5,3.6084999999999994,8.173526268441229
3609.0,3.6090000000000018,8.176026268441241
3609.5,3.609499999999997,8.168362015928388
3610.0,3.6099999999999994,8.1708620159284
3610.5,3.610500000000002,8.173362015928411
3611.0,3.610999999999997,8.165517633742141
3611.5,3.6114999999999995,8.168017633742153
3612.0,3.612000000000002,8.170517633742165
3612.5,3.612499999999997,8.162550767960681
3613.0,3.6129999999999995,8.165050767960693
3613.5,3.613500000000002,8.167550767960705
3614.0,3.613999999999997,8.159514405255983
3614.5,3.6144999999999996,8.162014405255995
3615.0,3.615000000000002,8.164514405256007
3615.5,3.6154999999999973,8.156448837929098
3616.0,3.6159999999999997,8.15894883792911
3616.5,3.616500000000002,8.161448837929122
3617.0,3.6169999999999973,8.153398295244578
3617.5,3.6174999999999997,8.15589829524459
3618.0,3.618000000000002,8.158398295244602
3618.5,3.6184999999999974,8.15039586782813
3619.0,3.6189999999999998,8.152895867828143
3619.5,3.619500000000002,8.155395867828155
3620.0,3.6199999999999974,8.147469176624078
3620.5,3.6205,8.14996917662409
3621.0,3.621000000000002,8.152469176624102
3621.5,3.6214999999999975,8.144667294958587
3622.0,3.622,8.1471672949586
3622.5,3.6225000000000023,8.149667294958611
3623.0,3.6229999999999976,8.142032235609804
3623.5,3.6235,8.144532235609816
3624.0,3.6240000000000023,8.147032235609828
3624.5,3.6244999999999976,8.149532235609804
3625.0,3.625,8.142056402411129
3625.5,3.6255000000000024,8.14455640241114
3626.0,3.6259999999999977,8.147056402411117
3626.5,3.6265,8.139725435437057
3627.0,3.6270000000000024,8.14222543543707
3627.5,3.6274999999999977,8.144725435437046
3628.0,3.628,8.137500688112986
3628.5,3.6285000000000025,8.140000688112998
3629.0,3.628999999999998,8.142500688112975
3629.5,3.6295,8.135305047723378
3630.0,3.6300000000000026,8.13780504772339
3630.5,3.630499999999998,8.140305047723366
3631.0,3.6310000000000002,8.133062316973998
3631.5,3.6315000000000026,8.13556231697401
3632.0,3.631999999999998,8.138062316973986
3632.5,3.6325000000000003,8.130695280736724
3633.0,3.6330000000000027,8.133195280736736
3633.5,3.633499999999998,8.135695280736712
3634.0,3.6340000000000003,8.128156770546617
3634.5,3.6345000000000027,8.13065677054663
3635.0,3.634999999999998,8.133156770546606
3635.5,3.6355000000000004,8.125408003765422
3636.0,3.636000000000003,8.127908003765434
3636.5,3.636499999999998,8.13040800376541
3637.0,3.6370000000000005,8.122429293362394
3637.5,3.637500000000003,8.124929293362406
3638.0,3.637999999999998,8.127429293362383
3638.5,3.6385000000000005,8.119232441083177
3639.0,3.639000000000003,8.12173244108319
3639.5,3.639499999999998,8.124232441083166
3640.0,3.6400000000000006,8.115845497188623
3640.5,3.640500000000003,8.118345497188635
3641.0,3.6409999999999982,8.120845497188611
3641.5,3.6415000000000006,8.112308418925451
3642.0,3.642000000000003,8.114808418925463
3642.5,3.6424999999999983,8.11730841892544
3643.0,3.6430000000000007,8.10868584799433
3643.5,3.643500000000003,8.111185847994342
3644.0,3.6439999999999984,8.113685847994319
3644.5,3.6445000000000007,8.105032262307716
3645.0,3.645000000000003,8.107532262307728
3645.5,3.6454999999999984,8.110032262307705
3646.0,3.646000000000001,8.101423913585535
3646.5,3.646500000000003,8.103923913585547
3647.0,3.6469999999999985,8.106423913585523
3647.5,3.647500000000001,8.097950067096065
3648.0,3.6480000000000032,8.100450067096077
3648.5,3.6484999999999985,8.102950067096053
3649.0,3.649000000000001,8.094679967650649
3649.5,3.6495000000000033,8.09717996765066
3650.0,3.6499999999999986,8.099679967650637
3650.5,3.650500000000001,8.0916741191837
3651.0,3.6510000000000034,8.094174119183712
3651.5,3.6514999999999986,8.096674119183689
3652.0,3.652000000000001,8.0889772039734
3652.5,3.6524999999999963,8.091477203973376
3653.0,3.6529999999999987,8.093977203973388
3653.5,3.653500000000001,8.08661342142205
3654.0,3.6540000000000035,8.089113421422063
3654.5,3.6544999999999987,8.09161342142204
3655.0,3.655000000000001,8.084595243317168
3655.5,3.6554999999999964,8.087095243317144
3656.0,3.655999999999999,8.089595243317156
3656.5,3.656500000000001,8.082915906784365
3657.0,3.6570000000000036,8.085415906784377
3657.5,3.657499999999999,8.087915906784353
3658.0,3.6580000000000013,8.081516078671278
3658.5,3.6584999999999965,8.084016078671254
3659.0,3.658999999999999,8.086516078671266
3659.5,3.6595000000000013,8.080345159256765
3660.0,3.6600000000000037,8.082845159256777
3660.5,3.660499999999999,8.085345159256754
3661.0,3.6610000000000014,8.079356342073396
3661.5,3.6614999999999966,8.081856342073372
3662.0,3.661999999999999,8.084356342073384
3662.5,3.6625000000000014,8.078465876323904
3663.0,3.663000000000004,8.080965876323916
3663.5,3.663499999999999,8.083465876323892
3664.0,3.6640000000000015,8.077623002748808
3664.5,3.6644999999999968,8.080123002748785
3665.0,3.664999999999999,8.082623002748797
3665.5,3.6655000000000015,8.076768711920366
3666.0,3.665999999999997,8.079268711920342
3666.5,3.666499999999999,8.081768711920354
3667.0,3.6670000000000016,8.075879732687703
3667.5,3.667499999999997,8.07837973268768
3668.0,3.6679999999999993,8.080879732687691
3668.5,3.6685000000000016,8.074936598231695
3669.0,3.668999999999997,8.077436598231671
3669.5,3.6694999999999993,8.079936598231683
3670.0,3.6700000000000017,8.073915876429716
3670.5,3.670499999999997,8.076415876429692
3671.0,3.6709999999999994,8.078915876429704
3671.5,3.6715000000000018,8.072821198265423
3672.0,3.671999999999997,8.0753211982654
3672.5,3.6724999999999994,8.077821198265411
3673.0,3.673000000000002,8.071657414583768
3673.5,3.673499999999997,8.074157414583745
3674.0,3.6739999999999995,8.076657414583757
3674.5,3.674500000000002,8.070472961796504
3675.0,3.674999999999997,8.07297296179648
3675.5,3.6754999999999995,8.075472961796493
3676.0,3.676000000000002,8.069319938843087
3676.5,3.676499999999997,8.071819938843063
3677.0,3.6769999999999996,8.074319938843075
3677.5,3.677500000000002,8.068222779626204
3678.0,3.6779999999999973,8.07072277962618
3678.5,3.6784999999999997,8.073222779626192
3679.0,3.679000000000002,8.067199129030236
3679.5,3.6794999999999973,8.069699129030212
3680.0,3.6799999999999997,8.072199129030224
3680.5,3.680500000000002,8.066266523559591
3681.0,3.6809999999999974,8.068766523559567
3681.5,3.6814999999999998,8.07126652355958
3682.0,3.682000000000002,8.065403538235323
3682.5,3.6824999999999974,8.0679035382353
3683.0,3.683,8.070403538235311
3683.5,3.683500000000002,8.064588379053923
3684.0,3.6839999999999975,8.0670883790539
3684.5,3.6845,8.069588379053911
3685.0,3.6850000000000023,8.063777368187921
3685.5,3.6854999999999976,8.066277368187897
3686.0,3.686,8.06877736818791
3686.5,3.6865000000000023,8.062939959349613
3687.0,3.6869999999999976,8.06543995934959
3687.5,3.6875,8.067939959349602
3688.0,3.6880000000000024,8.062057381280816
3688.5,3.6884999999999977,8.064557381280792
3689.0,3.689,8.067057381280804
3689.5,3.6895000000000024,8.0611273886705
3690.0,3.6899999999999977,8.063627388670476
3690.5,3.6905,8.066127388670488
3691.0,3.6910000000000025,8.060127860645743
3691.5,3.691499999999998,8.06262786064572
3692.0,3.692,8.065127860645731
3692.5,3.6925000000000026,8.059044075096011
3693.0,3.692999999999998,8.061544075095988
3693.5,3.6935000000000002,8.064044075096
3694.0,3.6940000000000026,8.057835550583015
3694.5,3.694499999999998,8.060335550582991
3695.0,3.6950000000000003,8.062835550583003
3695.5,3.6955000000000027,8.056480040244374
3696.0,3.695999999999998,8.05898004024435
3696.5,3.6965000000000003,8.061480040244362
3697.0,3.6970000000000027,8.054954033046329
3697.5,3.697499999999998,8.057454033046305
3698.0,3.6980000000000004,8.059954033046317
3698.5,3.698500000000003,8.053214479960253
3699.0,3.698999999999998,8.05571447996023
3699.5,3.6995000000000005,8.058214479960242
3700.0,3.700000000000003,8.060714479960254
3700.5,3.700499999999998,8.053739099745023
3701.0,3.7010000000000005,8.056239099745035
3701.5,3.701500000000003,8.058739099745047
3702.0,3.701999999999998,8.051516463353181
3702.5,3.7025000000000006,8.054016463353193
3703.0,3.703000000000003,8.056516463353205
3703.5,3.7034999999999982,8.049056107280066
3704.0,3.7040000000000006,8.051556107280078
3704.5,3.704500000000003,8.05405610728009
3705.0,3.7049999999999983,8.046400834850509
3705.5,3.7055000000000007,8.04890083485052
3706.0,3.706000000000003,8.051400834850533
3706.5,3.7064999999999984,8.043571737039592
3707.0,3.7070000000000007,8.046071737039604
3707.5,3.707500000000003,8.048571737039616
3708.0,3.7079999999999984,8.040619213522255
3708.5,3.708500000000001,8.043119213522267
3709.0,3.709000000000003,8.04561921352228
3709.5,3.7094999999999985,8.037569828148996
3710.0,3.710000000000001,8.040069828149008
3710.5,3.7105000000000032,8.04256982814902
3711.0,3.7109999999999985,8.034441750200259
3711.5,3.711500000000001,8.03694175020027
3712.0,3.7120000000000033,8.039441750200282
3712.5,3.7124999999999986,8.031248928436447
3713.0,3.713000000000001,8.03374892843646
3713.5,3.7135000000000034,8.036248928436471
3714.0,3.7139999999999986,8.02799063621574
3714.5,3.714500000000001,8.030490636215752
3715.0,3.7149999999999963,8.032990636215729
3715.5,3.7154999999999987,8.02464454000237
3716.0,3.716000000000001,8.027144540002382
3716.5,3.7165000000000035,8.029644540002394
3717.0,3.7169999999999987,8.021219923877858
3717.5,3.717500000000001,8.02371992387787
3718.0,3.7179999999999964,8.026219923877846
3718.5,3.718499999999999,8.017725510374092
3719.0,3.719000000000001,8.020225510374104
3719.5,3.7195000000000036,8.022725510374116
3720.0,3.719999999999999,8.014163299632706
3720.5,3.7205000000000013,8.016663299632718
3721.0,3.7209999999999965,8.019163299632694
3721.5,3.721499999999999,8.010544217900737
3722.0,3.7220000000000013,8.013044217900749
3722.5,3.7225000000000037,8.01554421790076
3723.0,3.722999999999999,8.006883156017714
3723.5,3.7235000000000014,8.009383156017726
3724.0,3.7239999999999966,8.011883156017703
3724.5,3.724499999999999,8.003176342373273
3725.0,3.7250000000000014,8.005676342373285
3725.5,3.725500000000004,8.008176342373297
3726.0,3.725999999999999,7.999446946858022
3726.5,3.7265000000000015,8.001946946858034
3727.0,3.7269999999999968,8.00444694685801
3727.5,3.727499999999999,7.99569956437022
3728.0,3.7280000000000015,7.998199564370232
3728.5,3.728499999999997,8.000699564370208
3729.0,3.728999999999999,7.99191922090543
3729.5,3.7295000000000016,7.994419220905442
3730.0,3.729999999999997,7.9969192209054185
3730.5,3.7304999999999993,7.988113465248041
3731.0,3.7310000000000016,7.990613465248053
3731.5,3.731499999999997,7.99311346524803
3732.0,3.7319999999999993,7.9842793564133885
3732.5,3.7325000000000017,7.9867793564134
3733.0,3.732999999999997,7.989279356413377
3733.5,3.7334999999999994,7.980391824580373
3734.0,3.7340000000000018,7.982891824580385
3734.5,3.734499999999997,7.985391824580361
3735.0,3.7349999999999994,7.9764744899214435
3735.5,3.735500000000002,7.978974489921455
3736.0,3.735999999999997,7.981474489921432
3736.5,3.7364999999999995,7.972539675710095
3737.0,3.737000000000002,7.975039675710107
3737.5,3.737499999999997,7.977539675710084
3738.0,3.7379999999999995,7.968593474361114
3738.5,3.738500000000002,7.971093474361126
3739.0,3.738999999999997,7.9735934743611026
3739.5,3.7394999999999996,7.964672696653281
3740.0,3.740000000000002,7.967172696653293
3740.5,3.7404999999999973,7.969672696653269
3741.0,3.7409999999999997,7.960819554690488
3741.5,3.741500000000002,7.9633195546905
3742.0,3.7419999999999973,7.965819554690476
3742.5,3.7424999999999997,7.95710375427511
3743.0,3.743000000000002,7.959603754275122
3743.5,3.7434999999999974,7.962103754275098
3744.0,3.7439999999999998,7.953549315270045
3744.5,3.744500000000002,7.956049315270057
3745.0,3.7449999999999974,7.958549315270034
3745.5,3.7455,7.950168291007138
3746.0,3.746000000000002,7.95266829100715
3746.5,3.7464999999999975,7.955168291007126
3747.0,3.747,7.946991049735992
3747.5,3.7475000000000023,7.949491049736004
3748.0,3.7479999999999976,7.95199104973598
3748.5,3.7485,7.944003474529104
3749.0,3.7490000000000023,7.946503474529116
3749.5,3.7494999999999976,7.949003474529093
3750.0,3.75,7.941175004154282
3750.5,3.7505000000000024,7.943675004154294
3751.0,3.7509999999999977,7.94617500415427
3751.5,3.7515,7.938513795444564
3752.0,3.7520000000000024,7.941013795444576
3752.5,3.7524999999999977,7.943513795444552
3753.0,3.753,7.936008647124204
3753.5,3.7535000000000025,7.938508647124216
3754.0,3.753999999999998,7.9410086471241925
3754.5,3.7545,7.933648481660995
3755.0,3.7550000000000026,7.936148481661007
3755.5,3.755499999999998,7.938648481660984
3756.0,3.7560000000000002,7.93145536134265
3756.5,3.7565000000000026,7.933955361342662
3757.0,3.756999999999998,7.936455361342638
3757.5,3.7575000000000003,7.929434951408183
3758.0,3.7580000000000027,7.931934951408195
3758.5,3.758499999999998,7.934434951408171
3759.0,3.7590000000000003,7.927596483937158
3759.5,3.7595000000000027,7.93009648393717
3760.0,3.759999999999998,7.932596483937147
3760.5,3.7605000000000004,7.925916488388367
3761.0,3.761000000000003,7.928416488388379
3761.5,3.761499999999998,7.930916488388355
3762.0,3.7620000000000005,7.92437276691544
3762.5,3.762500000000003,7.9268727669154515
3763.0,3.762999999999998,7.929372766915428
3763.5,3.7635000000000005,7.922940315361977
3764.0,3.764000000000003,7.925440315361989
3764.5,3.764499999999998,7.927940315361965
3765.0,3.7650000000000006,7.921582098450379
3765.5,3.765500000000003,7.924082098450391
3766.0,3.7659999999999982,7.926582098450368
3766.5,3.7665000000000006,7.920270404383842
3767.0,3.767000000000003,7.922770404383854
3767.5,3.7674999999999983,7.925270404383831
3768.0,3.7680000000000007,7.9189714922056
3768.5,3.768500000000003,7.921471492205612
3769.0,3.7689999999999984,7.923971492205588
3769.5,3.7695000000000007,7.917673955901741
3770.0,3.770000000000003,7.9201739559017525
3770.5,3.7704999999999984,7.922673955901729
3771.0,3.771000000000001,7.916369292381837
3771.5,3.771500000000003,7.918869292381849
3772.0,3.7719999999999985,7.921369292381826
3772.5,3.772500000000001,7.915052212770632
3773.0,3.7730000000000032,7.917552212770644
3773.5,3.7734999999999985,7.920052212770621
3774.0,3.774000000000001,7.913709052772049
3774.5,3.7745000000000033,7.916209052772061
3775.0,3.7749999999999986,7.918709052772037
3775.5,3.775500000000001,7.921209052772049
3776.0,3.7760000000000034,7.914819597233453
3776.5,3.7764999999999986,7.91731959723343
3777.0,3.777000000000001,7.919819597233442
3777.5,3.7774999999999963,7.91338529679269
3778.0,3.7779999999999987,7.915885296792702
3778.5,3.778500000000001,7.918385296792714
3779.0,3.7790000000000035,7.911925806270865
3779.5,3.7794999999999987,7.914425806270842
3780.0,3.780000000000001,7.916925806270854
3780.5,3.7804999999999964,7.91046002606123
3781.0,3.780999999999999,7.912960026061242
3781.5,3.781500000000001,7.915460026061254
3782.0,3.7820000000000036,7.909031660460144
3782.5,3.782499999999999,7.9115316604601205
3783.0,3.7830000000000013,7.914031660460132
3783.5,3.7834999999999965,7.907670694575195
3784.0,3.783999999999999,7.910170694575207
3784.5,3.7845000000000013,7.912670694575219
3785.0,3.7850000000000037,7.906384704702418
3785.5,3.785499999999999,7.908884704702395
3786.0,3.7860000000000014,7.911384704702407
3786.5,3.7864999999999966,7.905160861438816
3787.0,3.786999999999999,7.907660861438828
3787.5,3.7875000000000014,7.91016086143884
3788.0,3.788000000000004,7.903970682391979
3788.5,3.788499999999999,7.906470682391955
3789.0,3.7890000000000015,7.908970682391967
3789.5,3.7894999999999968,7.902777902745335
3790.0,3.789999999999999,7.905277902745347
3790.5,3.7905000000000015,7.907777902745359
3791.0,3.790999999999997,7.901537206269573
3791.5,3.791499999999999,7.904037206269585
3792.0,3.7920000000000016,7.906537206269597
3792.5,3.792499999999997,7.9001993815021265
3793.0,3.7929999999999993,7.9026993815021385
3793.5,3.7935000000000016,7.90519938150215
3794.0,3.793999999999997,7.898719572211661
3794.5,3.7944999999999993,7.901219572211673
3795.0,3.7950000000000017,7.903719572211685
3795.5,3.795499999999997,7.89707405854049
3796.0,3.7959999999999994,7.899574058540502
3796.5,3.7965000000000018,7.902074058540514
3797.0,3.796999999999997,7.895256258228862
3797.5,3.7974999999999994,7.897756258228874
3798.0,3.798000000000002,7.900256258228886
3798.5,3.798499999999997,7.893240838926054
3799.0,3.7989999999999995,7.895740838926066
3799.5,3.799500000000002,7.898240838926078
3800.0,3.799999999999997,7.891009065768273
3800.5,3.8004999999999995,7.893509065768285
3801.0,3.801000000000002,7.896009065768297
3801.5,3.801499999999997,7.888510220280516
3802.0,3.8019999999999996,7.891010220280528
3802.5,3.802500000000002,7.89351022028054
3803.0,3.8029999999999973,7.8857457070371595
3803.5,3.8034999999999997,7.888245707037171
3804.0,3.804000000000002,7.890745707037183
3804.5,3.8044999999999973,7.8827266151130715
3805.0,3.8049999999999997,7.885226615113083
3805.5,3.805500000000002,7.887726615113095
3806.0,3.8059999999999974,7.879462956171253
3806.5,3.8064999999999998,7.8819629561712645
3807.0,3.807000000000002,7.8844629561712765
3807.5,3.8074999999999974,7.8759686474055
3808.0,3.808,7.878468647405512
3808.5,3.808500000000002,7.880968647405524
3809.0,3.8089999999999975,7.872297907288299
3809.5,3.8095,7.874797907288311
3810.0,3.8100000000000023,7.877297907288323
3810.5,3.8104999999999976,7.868543176053002
3811.0,3.811,7.871043176053014
3811.5,3.8115000000000023,7.873543176053026
3812.0,3.8119999999999976,7.864770256614477
3812.5,3.8125,7.867270256614489
3813.0,3.8130000000000024,7.869770256614501
3813.5,3.8134999999999977,7.861017854795165
3814.0,3.814,7.863517854795177
3814.5,3.8145000000000024,7.866017854795189
3815.0,3.8149999999999977,7.857334873547863
3815.5,3.8155,7.859834873547875
3816.0,3.8160000000000025,7.862334873547887
3816.5,3.816499999999998,7.853768635234353
3817.0,3.817,7.856268635234365
3817.5,3.8175000000000026,7.858768635234377
3818.0,3.817999999999998,7.85034326409388
3818.5,3.8185000000000002,7.852843264093892
3819.0,3.8190000000000026,7.855343264093904
3819.5,3.819499999999998,7.847057292494952
3820.0,3.8200000000000003,7.849557292494964
3820.5,3.8205000000000027,7.852057292494976
3821.0,3.820999999999998,7.843908670962172
3821.5,3.8215000000000003,7.846408670962184
3822.0,3.8220000000000027,7.848908670962196
3822.5,3.822499999999998,7.840871604433595
3823.0,3.8230000000000004,7.843371604433607
3823.5,3.823500000000003,7.8458716044336185
3824.0,3.823999999999998,7.837925706925404
3824.5,3.8245000000000005,7.840425706925416
3825.0,3.825000000000003,7.842925706925428
3825.5,3.825499999999998,7.835061066302984
3826.0,3.8260000000000005,7.837561066302996
3826.5,3.826500000000003,7.840061066303008
3827.0,3.826999999999998,7.832251876334482
3827.5,3.8275000000000006,7.834751876334494
3828.0,3.828000000000003,7.837251876334506
3828.5,3.8284999999999982,7.829470888962469
3829.0,3.8290000000000006,7.831970888962481
3829.5,3.829500000000003,7.8344708889624926
3830.0,3.8299999999999983,7.826701016143538
3830.5,3.8305000000000007,7.82920101614355
3831.0,3.831000000000003,7.831701016143562
3831.5,3.8314999999999984,7.823930171442868
3832.0,3.8320000000000007,7.82643017144288
3832.5,3.832500000000003,7.828930171442892
3833.0,3.8329999999999984,7.821161570102788
3833.5,3.833500000000001,7.8236615701028
3834.0,3.834000000000003,7.826161570102812
3834.5,3.8344999999999985,7.818378689972292
3835.0,3.835000000000001,7.820878689972304
3835.5,3.8355000000000032,7.823378689972316
3836.0,3.8359999999999985,7.815597101952498
3836.5,3.836500000000001,7.81809710195251
3837.0,3.8370000000000033,7.820597101952522
3837.5,3.8374999999999986,7.81281251977056
3838.0,3.838000000000001,7.815312519770572
3838.5,3.8385000000000034,7.817812519770584
3839.0,3.8389999999999986,7.810032724769584
3839.5,3.839500000000001,7.812532724769596
3840.0,3.8399999999999963,7.815032724769573
3840.5,3.8404999999999987,7.807234630158213
3841.0,3.841000000000001,7.809734630158225
3841.5,3.8415000000000035,7.812234630158237
3842.0,3.8419999999999987,7.804420488882222
3842.5,3.842500000000001,7.806920488882234
3843.0,3.8429999999999964,7.8094204888822105
3843.5,3.843499999999999,7.80158895438845
3844.0,3.844000000000001,7.804088954388462
3844.5,3.8445000000000036,7.806588954388474
3845.0,3.844999999999999,7.798768893501595
3845.5,3.8455000000000013,7.801268893501607
3846.0,3.8459999999999965,7.803768893501584
3846.5,3.846499999999999,7.795994587751061
3847.0,3.8470000000000013,7.7984945877510725
3847.5,3.8475000000000037,7.8009945877510845
3848.0,3.847999999999999,7.793328968295121
3848.5,3.8485000000000014,7.795828968295133
3849.0,3.8489999999999966,7.79832896829511
3849.5,3.849499999999999,7.790819932693722
3850.0,3.8500000000000014,7.793319932693734
3850.5,3.850500000000004,7.795819932693746
3851.0,3.850999999999999,7.7983199326937225
3851.5,3.8515000000000015,7.790988657352216
3852.0,3.8519999999999968,7.793488657352192
3852.5,3.852499999999999,7.795988657352204
3853.0,3.8530000000000015,7.788860301806899
3853.5,3.853499999999997,7.7913603018068756
3854.0,3.853999999999999,7.7938603018068875
3854.5,3.8545000000000016,7.786941482999694
3855.0,3.854999999999997,7.7894414829996705
3855.5,3.8554999999999993,7.7919414829996825
3856.0,3.8560000000000016,7.7851803310048595
3856.5,3.856499999999997,7.787680331004836
3857.0,3.8569999999999993,7.790180331004848
3857.5,3.8575000000000017,7.783512237268653
3858.0,3.857999999999997,7.786012237268629
3858.5,3.8584999999999994,7.788512237268641
3859.0,3.8590000000000018,7.781895910537564
3859.5,3.859499999999997,7.78439591053754
3860.0,3.8599999999999994,7.786895910537552
3860.5,3.860500000000002,7.780307843449279
3861.0,3.860999999999997,7.782807843449255
3861.5,3.8614999999999995,7.785307843449267
3862.0,3.862000000000002,7.778704787745028
3862.5,3.862499999999997,7.781204787745004
3863.0,3.8629999999999995,7.783704787745016
3863.5,3.863500000000002,7.77706436529126
3864.0,3.863999999999997,7.779564365291236
3864.5,3.8644999999999996,7.782064365291248
3865.0,3.865000000000002,7.7753801502699105
3865.5,3.8654999999999973,7.777880150269887
3866.0,3.8659999999999997,7.780380150269899
3866.5,3.866500000000002,7.773613774787904
3867.0,3.8669999999999973,7.776113774787881
3867.5,3.8674999999999997,7.7786137747878925
3868.0,3.868000000000002,7.771743992238598
3868.5,3.8684999999999974,7.774243992238574
3869.0,3.8689999999999998,7.776743992238586
3869.5,3.869500000000002,7.769751259175202
3870.0,3.8699999999999974,7.772251259175178
3870.5,3.8705,7.77475125917519
3871.0,3.871000000000002,7.7676053135989065
3871.5,3.8714999999999975,7.770105313598883
3872.0,3.872,7.772605313598895
3872.5,3.8725000000000023,7.765298710853692
3873.0,3.8729999999999976,7.767798710853668
3873.5,3.8735,7.77029871085368
3874.0,3.8740000000000023,7.76282754358796
3874.5,3.8744999999999976,7.7653275435879365
3875.0,3.875,7.7678275435879485
3875.5,3.8755000000000024,7.760202638424012
3876.0,3.8759999999999977,7.762702638423988
3876.5,3.8765,7.765202638424
3877.0,3.8770000000000024,7.757445793699631
3877.5,3.8774999999999977,7.7599457936996075
3878.0,3.878,7.762445793699619
3878.5,3.8785000000000025,7.754591313157455
3879.0,3.878999999999998,7.7570913131574315
3879.5,3.8795,7.759591313157443
3880.0,3.8800000000000026,7.751706071587456
3880.5,3.880499999999998,7.754206071587433
3881.0,3.8810000000000002,7.756706071587445
3881.5,3.8815000000000026,7.748871851116981
3882.0,3.881999999999998,7.751371851116957
3882.5,3.8825000000000003,7.753871851116969
3883.0,3.8830000000000027,7.746158546397766
3883.5,3.883499999999998,7.748658546397742
3884.0,3.8840000000000003,7.751158546397754
3884.5,3.8845000000000027,7.743614443097648
3885.0,3.884999999999998,7.746114443097625
3885.5,3.8855000000000004,7.748614443097637
3886.0,3.886000000000003,7.741271742601299
3886.5,3.886499999999998,7.743771742601275
3887.0,3.8870000000000005,7.746271742601287
3887.5,3.887500000000003,7.739145529461382
3888.0,3.887999999999998,7.741645529461358
3888.5,3.8885000000000005,7.74414552946137
3889.0,3.889000000000003,7.73722454601856
3889.5,3.889499999999998,7.739724546018536
3890.0,3.8900000000000006,7.742224546018548
3890.5,3.890500000000003,7.735493911773723
3891.0,3.8909999999999982,7.7379939117736996
3891.5,3.8915000000000006,7.7404939117737115
3892.0,3.892000000000003,7.733942507579457
3892.5,3.8924999999999983,7.736442507579433
3893.0,3.8930000000000007,7.738942507579445
3893.5,3.893500000000003,7.732514479949764
3894.0,3.8939999999999984,7.73501447994974
3894.5,3.8945000000000007,7.737514479949752
3895.0,3.895000000000003,7.7311712016589595
3895.5,3.8954999999999984,7.733671201658936
3896.0,3.896000000000001,7.736171201658948
3896.5,3.896500000000003,7.729851598837669
3897.0,3.8969999999999985,7.732351598837646
3897.5,3.897500000000001,7.734851598837658
3898.0,3.8980000000000032,7.728492959091646
3898.5,3.8984999999999985,7.730992959091623
3899.0,3.899000000000001,7.733492959091635
3899.5,3.8995000000000033,7.727024211117062
3900.0,3.8999999999999986,7.729524211117038
3900.5,3.900500000000001,7.73202421111705
3901.0,3.9010000000000034,7.725370975767447
3901.5,3.9014999999999986,7.7278709757674235
3902.0,3.902000000000001,7.7303709757674355
3902.5,3.9025000000000034,7.723499690744369
3903.0,3.9029999999999987,7.725999690744345
3903.5,3.903500000000001,7.728499690744357
3904.0,3.9040000000000035,7.721418079159541
3904.5,3.9044999999999987,7.7239180791595174
3905.0,3.905000000000001,7.726418079159529
3905.5,3.9054999999999964,7.719136755860916
3906.0,3.905999999999999,7.721636755860928
3906.5,3.906500000000001,7.72413675586094
3907.0,3.9070000000000036,7.7166746738597425
3907.5,3.907499999999999,7.719174673859719
3908.0,3.9080000000000013,7.721674673859731
3908.5,3.9084999999999965,7.714070963626227
3909.0,3.908999999999999,7.716570963626239
3909.5,3.9095000000000013,7.719070963626251
3910.0,3.9100000000000037,7.71135595628909
3910.5,3.910499999999999,7.713855956289066
3911.0,3.9110000000000014,7.716355956289078
3911.5,3.9114999999999966,7.708568079210316
3912.0,3.911999999999999,7.711068079210328
3912.5,3.9125000000000014,7.71356807921034
3913.0,3.913000000000004,7.70577657830124
3913.5,3.913499999999999,7.708276578301216
3914.0,3.9140000000000015,7.710776578301228
3914.5,3.9144999999999968,7.703048536208357
3915.0,3.914999999999999,7.705548536208369
3915.5,3.9155000000000015,7.708048536208381
3916.0,3.915999999999997,7.700426764516131
3916.5,3.916499999999999,7.7029267645161426
3917.0,3.9170000000000016,7.7054267645161545
3917.5,3.917499999999997,7.697948696363035
3918.0,3.9179999999999993,7.700448696363047
3918.5,3.9185000000000016,7.702948696363059
3919.0,3.918999999999997,7.695638931626867
3919.5,3.9194999999999993,7.698138931626879
3920.0,3.9200000000000017,7.700638931626891
3920.5,3.920499999999997,7.693480399357178
3921.0,3.9209999999999994,7.69598039935719
3921.5,3.9215000000000018,7.6984803993572015
3922.0,3.921999999999997,7.69142596430207
3922.5,3.9224999999999994,7.693925964302082
3923.0,3.923000000000002,7.696425964302094
3923.5,3.923499999999997,7.689445114259534
3924.0,3.9239999999999995,7.691945114259546
3924.5,3.924500000000002,7.694445114259558
3925.0,3.924999999999997,7.687488056283804
3925.5,3.9254999999999995,7.689988056283816
3926.0,3.926000000000002,7.692488056283828
3926.5,3.926499999999997,7.694988056283805
3927.0,3.9269999999999996,7.688006991975378
3927.5,3.927500000000002,7.69050699197539
3928.0,3.9279999999999973,7.693006991975366
3928.5,3.9284999999999997,7.685948847841644
3929.0,3.929000000000002,7.688448847841656
3929.5,3.9294999999999973,7.690948847841632
3930.0,3.9299999999999997,7.683792953682875
3930.5,3.930500000000002,7.686292953682887
3931.0,3.9309999999999974,7.688792953682864
3931.5,3.9314999999999998,7.681530387343045
3932.0,3.932000000000002,7.684030387343057
3932.5,3.9324999999999974,7.6865303873430335
3933.0,3.933,7.679192413257354
3933.5,3.933500000000002,7.681692413257366
3934.0,3.9339999999999975,7.6841924132573425
3934.5,3.9345,7.676808746498445
3935.0,3.9350000000000023,7.679308746498457
3935.5,3.9354999999999976,7.681808746498433
3936.0,3.936,7.674413450158042
3936.5,3.9365000000000023,7.676913450158054
3937.0,3.9369999999999976,7.67941345015803
3937.5,3.9375,7.672036371747311
3938.0,3.9380000000000024,7.6745363717473225
3938.5,3.9384999999999977,7.677036371747299
3939.0,3.939,7.669674003007181
3939.5,3.9395000000000024,7.672174003007193
3940.0,3.9399999999999977,7.674674003007169
3940.5,3.9405,7.667306219706589
3941.0,3.9410000000000025,7.669806219706601
3941.5,3.941499999999998,7.672306219706577
3942.0,3.942,7.664940269020839
3942.5,3.9425000000000026,7.667440269020851
3943.0,3.942999999999998,7.669940269020827
3943.5,3.9435000000000002,7.6625792007144256
3944.0,3.9440000000000026,7.6650792007144375
3944.5,3.944499999999998,7.667579200714414
3945.0,3.9450000000000003,7.660231102161887
3945.5,3.9455000000000027,7.662731102161899
3946.0,3.945999999999998,7.665231102161876
3946.5,3.9465000000000003,7.657896828035611
3947.0,3.9470000000000027,7.660396828035623
3947.5,3.947499999999998,7.662896828035599
3948.0,3.9480000000000004,7.655584369888047
3948.5,3.948500000000003,7.6580843698880585
3949.0,3.948999999999998,7.660584369888035
3949.5,3.9495000000000005,7.653278886438386
3950.0,3.950000000000003,7.655778886438398
3950.5,3.950499999999998,7.658278886438374
3951.0,3.9510000000000005,7.650984068552162
3951.5,3.951500000000003,7.653484068552174
3952.0,3.951999999999998,7.655984068552151
3952.5,3.9525000000000006,7.64868210870894
3953.0,3.953000000000003,7.6511821087089515
3953.5,3.9534999999999982,7.653682108708928
3954.0,3.9540000000000006,7.646355047531692
3954.5,3.954500000000003,7.648855047531704
3955.0,3.9549999999999983,7.6513550475316805
3955.5,3.9555000000000007,7.643961541145714
3956.0,3.956000000000003,7.646461541145726
3956.5,3.9564999999999984,7.648961541145702
3957.0,3.9570000000000007,7.641457000703582
3957.5,3.957500000000003,7.643957000703594
3958.0,3.9579999999999984,7.64645700070357
3958.5,3.958500000000001,7.638801469988934
3959.0,3.959000000000003,7.641301469988946
3959.5,3.9594999999999985,7.643801469988922
3960.0,3.960000000000001,7.635956507046835
3960.5,3.9605000000000032,7.638456507046847
3961.0,3.9609999999999985,7.640956507046823
3961.5,3.961500000000001,7.632929875727754
3962.0,3.9620000000000033,7.635429875727766
3962.5,3.9624999999999986,7.6379298757277425
3963.0,3.963000000000001,7.629736990348768
3963.5,3.9635000000000034,7.63223699034878
3964.0,3.9639999999999986,7.634736990348756
3964.5,3.964500000000001,7.626421889974289
3965.0,3.9650000000000034,7.6289218899743005
3965.5,3.9654999999999987,7.631421889974277
3966.0,3.966000000000001,7.6230308032440774
3966.5,3.9665000000000035,7.625530803244089
3967.0,3.9669999999999987,7.628030803244066
3967.5,3.967500000000001,7.619588019154264
3968.0,3.9679999999999964,7.622088019154241
3968.5,3.968499999999999,7.6245880191542525
3969.0,3.969000000000001,7.616151256752239
3969.5,3.9695000000000036,7.618651256752251
3970.0,3.969999999999999,7.621151256752228
3970.5,3.9705000000000013,7.612739666473551
3971.0,3.9709999999999965,7.615239666473528
3971.5,3.971499999999999,7.61773966647354
3972.0,3.9720000000000013,7.60936821084421
3972.5,3.9725000000000037,7.6118682108442215
3973.0,3.972999999999999,7.614368210844198
3973.5,3.9735000000000014,7.606029420916158
3974.0,3.9739999999999966,7.608529420916135
3974.5,3.974499999999999,7.611029420916147
3975.0,3.9750000000000014,7.6026845560750544
3975.5,3.975500000000004,7.605184556075066
3976.0,3.975999999999999,7.607684556075043
3976.5,3.9765000000000015,7.599340583261629
3977.0,3.9769999999999968,7.601840583261605
3977.5,3.977499999999999,7.604340583261617
3978.0,3.9780000000000015,7.596002658669292
3978.5,3.978499999999997,7.598502658669268
3979.0,3.978999999999999,7.60100265866928
3979.5,3.9795000000000016,7.59267103763996
3980.0,3.979999999999997,7.595171037639936
3980.5,3.9804999999999993,7.597671037639948
3981.0,3.9810000000000016,7.589347404288134
3981.5,3.981499999999997,7.59184740428811
3982.0,3.9819999999999993,7.594347404288122
3982.5,3.9825000000000017,7.586002833375254
3983.0,3.982999999999997,7.58850283337523
3983.5,3.9834999999999994,7.591002833375242
3984.0,3.9840000000000018,7.582609739532629
3984.5,3.984499999999997,7.585109739532605
3985.0,3.9849999999999994,7.587609739532617
3985.5,3.985500000000002,7.5791464676936116
3986.0,3.985999999999997,7.581646467693588
3986.5,3.9864999999999995,7.5841464676936
3987.0,3.987000000000002,7.575603429385929
3987.5,3.987499999999997,7.578103429385905
3988.0,3.9879999999999995,7.580603429385917
3988.5,3.988500000000002,7.571975358417333
3989.0,3.988999999999997,7.57447535841731
3989.5,3.9894999999999996,7.576975358417322
3990.0,3.990000000000002,7.5682864541713
3990.5,3.9904999999999973,7.570786454171277
3991.0,3.9909999999999997,7.5732864541712885
3991.5,3.991500000000002,7.564561195982691
3992.0,3.9919999999999973,7.567061195982667
3992.5,3.9924999999999997,7.569561195982679
3993.0,3.993000000000002,7.5608398184135694
3993.5,3.9934999999999974,7.563339818413546
3994.0,3.9939999999999998,7.565839818413558
3994.5,3.994500000000002,7.557174935075963
3995.0,3.9949999999999974,7.55967493507594
3995.5,3.9955,7.5621749350759515
3996.0,3.996000000000002,7.553627425499521
3996.5,3.9964999999999975,7.556127425499497
3997.0,3.997,7.558627425499509
3997.5,3.9975000000000023,7.550215647282741
3998.0,3.9979999999999976,7.552715647282717
3998.5,3.9985,7.555215647282729
3999.0,3.9990000000000023,7.546947638206198
3999.5,3.9994999999999976,7.549447638206175
4000.0,4.0,7.551947638206187
4000.5,4.000500000000002,7.543816311056268
4001.0,4.000999999999998,7.546316311056245
4001.5,4.0015,7.548816311056257
4002.0,4.0020000000000024,7.551316311056269
4002.5,4.002499999999998,7.543294602092274
4003.0,4.003,7.545794602092286
4003.5,4.0035000000000025,7.548294602092298
4004.0,4.003999999999998,7.540356831954789
4004.5,4.0045,7.542856831954801
4005.0,4.005000000000003,7.5453568319548125
4005.5,4.005499999999998,7.537459754331408
4006.0,4.006,7.53995975433142
4006.5,4.006500000000003,7.542459754331432
4007.0,4.006999999999998,7.534554533359419
4007.5,4.0075,7.537054533359431
4008.0,4.008000000000003,7.539554533359443
4008.5,4.008499999999998,7.531607092015022
4009.0,4.009,7.534107092015034
4009.5,4.009500000000003,7.536607092015046
4010.0,4.009999999999998,7.528598269813465
4010.5,4.0105,7.5310982698134765
4011.0,4.011000000000003,7.5335982698134885
4011.5,4.011499999999998,7.525500871547415
4012.0,4.0120000000000005,7.528000871547427
4012.5,4.012500000000003,7.530500871547439
4013.0,4.012999999999998,7.522310762369315
4013.5,4.0135000000000005,7.524810762369327
4014.0,4.014000000000003,7.527310762369339
4014.5,4.014499999999998,7.519015190594942
4015.0,4.015000000000001,7.521515190594954
4015.5,4.015500000000003,7.524015190594966
4016.0,4.015999999999998,7.515594993743413
4016.5,4.016500000000001,7.518094993743425
4017.0,4.017000000000003,7.520594993743437
4017.5,4.017499999999998,7.512057868835491
4018.0,4.018000000000001,7.514557868835503
4018.5,4.018500000000003,7.517057868835515
4019.0,4.018999999999998,7.508438655013023
4019.5,4.019500000000001,7.510938655013035
4020.0,4.020000000000003,7.513438655013047
4020.5,4.020499999999998,7.504746407765701
4021.0,4.021000000000001,7.507246407765713
4021.5,4.021500000000003,7.509746407765725
4022.0,4.0219999999999985,7.5009988355738955
4022.5,4.022500000000001,7.503498835573907
4023.0,4.023000000000003,7.505998835573919
4023.5,4.0234999999999985,7.497211195790534
4024.0,4.024000000000001,7.499711195790546
4024.5,4.024499999999996,7.502211195790522
4025.0,4.024999999999999,7.4934191599558275
4025.5,4.025500000000001,7.4959191599558395
4026.0,4.026000000000003,7.498419159955851
4026.5,4.026499999999999,7.4896218077499555
4027.0,4.027000000000001,7.492121807749967
4027.5,4.027499999999996,7.494621807749944
4028.0,4.027999999999999,7.485831529425866
4028.5,4.028500000000001,7.488331529425878
4029.0,4.0290000000000035,7.49083152942589
4029.5,4.029499999999999,7.482060963725523
4030.0,4.030000000000001,7.484560963725535
4030.5,4.030499999999996,7.487060963725511
4031.0,4.030999999999999,7.478312992358234
4031.5,4.031500000000001,7.480812992358246
4032.0,4.032000000000004,7.4833129923582575
4032.5,4.032499999999999,7.47458927003013
4033.0,4.033000000000001,7.477089270030142
4033.5,4.0334999999999965,7.479589270030118
4034.0,4.033999999999999,7.47091724672682
4034.5,4.034500000000001,7.473417246726832
4035.0,4.035000000000004,7.475917246726844
4035.5,4.035499999999999,7.467301167816238
4036.0,4.036000000000001,7.46980116781625
4036.5,4.036499999999997,7.4723011678162266
4037.0,4.036999999999999,7.463751640875991
4037.5,4.037500000000001,7.466251640876003
4038.0,4.038000000000004,7.468751640876015
4038.5,4.038499999999999,7.460274195807628
4039.0,4.0390000000000015,7.46277419580764
4039.5,4.039499999999997,7.465274195807616
4040.0,4.039999999999999,7.456869028638096
4040.5,4.0405000000000015,7.459369028638108
4041.0,4.041000000000004,7.4618690286381195
4041.5,4.041499999999999,7.4535268403794674
4042.0,4.042000000000002,7.456026840379479
4042.5,4.042499999999997,7.458526840379456
4043.0,4.042999999999999,7.450185481651026
4043.5,4.043500000000002,7.452685481651038
4044.0,4.044000000000004,7.45518548165105
4044.5,4.044499999999999,7.44681668324958
4045.0,4.045000000000002,7.449316683249592
4045.5,4.045499999999997,7.451816683249568
4046.0,4.045999999999999,7.443395603515306
4046.5,4.046500000000002,7.445895603515318
4047.0,4.046999999999997,7.448395603515294
4047.5,4.047499999999999,7.439914061574662
4048.0,4.048000000000002,7.442414061574674
4048.5,4.048499999999997,7.44491406157465
4049.0,4.0489999999999995,7.436351166471908
4049.5,4.049500000000002,7.43885116647192
4050.0,4.049999999999997,7.441351166471897
4050.5,4.0504999999999995,7.432682577943055
4051.0,4.051000000000002,7.435182577943067
4051.5,4.051499999999997,7.437682577943043
4052.0,4.052,7.428898610882584
4052.5,4.052500000000002,7.431398610882596
4053.0,4.052999999999997,7.433898610882572
4053.5,4.0535,7.425000623674833
4054.0,4.054000000000002,7.427500623674845
4054.5,4.054499999999997,7.430000623674822
4055.0,4.055,7.420977512539402
4055.5,4.055500000000002,7.423477512539414
4056.0,4.055999999999997,7.42597751253939
4056.5,4.0565,7.416841481628822
4057.0,4.057000000000002,7.419341481628834
4057.5,4.057499999999997,7.42184148162881
4058.0,4.058,7.412595731230844
4058.5,4.058500000000002,7.415095731230856
4059.0,4.0589999999999975,7.417595731230833
4059.5,4.0595,7.40825951763469
4060.0,4.060000000000002,7.410759517634702
4060.5,4.0604999999999976,7.413259517634678
4061.0,4.061,7.40386364628975
4061.5,4.061500000000002,7.406363646289762
4062.0,4.061999999999998,7.408863646289738
4062.5,4.0625,7.3994714323484345
4063.0,4.063000000000002,7.4019714323484465
4063.5,4.063499999999998,7.404471432348423
4064.0,4.064,7.395105328779401
4064.5,4.0645000000000024,7.397605328779413
4065.0,4.064999999999998,7.400105328779389
4065.5,4.0655,7.390825182462386
4066.0,4.0660000000000025,7.393325182462398
4066.5,4.066499999999998,7.395825182462374
4067.0,4.067,7.386659384360144
4067.5,4.067500000000003,7.3891593843601555
4068.0,4.067999999999998,7.391659384360132
4068.5,4.0685,7.382636210725195
4069.0,4.069000000000003,7.385136210725207
4069.5,4.069499999999998,7.387636210725184
4070.0,4.07,7.378772839307217
4070.5,4.070500000000003,7.381272839307229
4071.0,4.070999999999998,7.3837728393072055
4071.5,4.0715,7.375078013341039
4072.0,4.072000000000003,7.377578013341051
4072.5,4.072499999999998,7.380078013341027
4073.0,4.073,7.371556653907199
4073.5,4.073500000000003,7.3740566539072105
4074.0,4.073999999999998,7.376556653907187
4074.5,4.0745000000000005,7.3682078695097175
4075.0,4.075000000000003,7.3707078695097294
4075.5,4.075499999999998,7.373207869509706
4076.0,4.0760000000000005,7.364987626782558
4076.5,4.076500000000003,7.3674876267825695
4077.0,4.076999999999998,7.369987626782546
4077.5,4.077500000000001,7.372487626782558
4078.0,4.078000000000003,7.364376720432979
4078.5,4.078499999999998,7.3668767204329555
4079.0,4.079000000000001,7.369376720432967
4079.5,4.079500000000003,7.361306483870322
4080.0,4.079999999999998,7.363806483870299
4080.5,4.080500000000001,7.366306483870311
4081.0,4.081000000000003,7.358216441454104
4081.5,4.081499999999998,7.36071644145408
4082.0,4.082000000000001,7.363216441454092
4082.5,4.082500000000003,7.355038216798526
4083.0,4.082999999999998,7.357538216798503
4083.5,4.083500000000001,7.3600382167985146
4084.0,4.084000000000003,7.351738607729281
4084.5,4.0844999999999985,7.354238607729258
4085.0,4.085000000000001,7.35673860772927
4085.5,4.085500000000003,7.348279343846329
4086.0,4.0859999999999985,7.350779343846305
4086.5,4.086500000000001,7.353279343846317
4087.0,4.086999999999996,7.3446247498941375
4087.5,4.087499999999999,7.347124749894149
4088.0,4.088000000000001,7.349624749894161
4088.5,4.088500000000003,7.340793622234898
4089.0,4.088999999999999,7.343293622234874
4089.5,4.089500000000001,7.345793622234886
4090.0,4.089999999999996,7.336823110374162
4090.5,4.090499999999999,7.339323110374174
4091.0,4.091000000000001,7.341823110374186
4091.5,4.0915000000000035,7.332730183510279
4092.0,4.091999999999999,7.335230183510255
4092.5,4.092500000000001,7.337730183510267
4093.0,4.092999999999996,7.3285406750997595
4093.5,4.093499999999999,7.331040675099771
4094.0,4.094000000000001,7.333540675099783
4094.5,4.094500000000004,7.324274564489137
4095.0,4.094999999999999,7.326774564489114
4095.5,4.095500000000001,7.3292745644891255
4096.0,4.0959999999999965,7.31995015667561
4096.5,4.096499999999999,7.322450156675622
4097.0,4.097000000000001,7.324950156675634
4097.5,4.097500000000004,7.315622889958711
4098.0,4.097999999999999,7.318122889958687
4098.5,4.098500000000001,7.320622889958699
4099.0,4.098999999999997,7.311349134543441
4099.5,4.099499999999999,7.313849134543453
4100.0,4.100000000000001,7.316349134543465
4100.5,4.100500000000004,7.307176617580495
4101.0,4.100999999999999,7.309676617580472
4101.5,4.1015000000000015,7.312176617580484
4102.0,4.101999999999997,7.30313959540986
4102.5,4.102499999999999,7.305639595409872
4103.0,4.1030000000000015,7.308139595409884
4103.5,4.103500000000004,7.29929731775929
4104.0,4.103999999999999,7.3017973177592665
4104.5,4.104500000000002,7.3042973177592785
4105.0,4.104999999999997,7.295661550862853
4105.5,4.105499999999999,7.298161550862865
4106.0,4.106000000000002,7.300661550862877
4106.5,4.106500000000004,7.292260246359561
4107.0,4.106999999999999,7.294760246359537
4107.5,4.107500000000002,7.297260246359549
4108.0,4.107999999999997,7.289094587208602
4108.5,4.108499999999999,7.291594587208614
4109.0,4.109000000000002,7.294094587208626
4109.5,4.109499999999997,7.286140412219204
4110.0,4.109999999999999,7.288640412219216
4110.5,4.110500000000002,7.291140412219228
4111.0,4.110999999999997,7.283368636297887
4111.5,4.1114999999999995,7.285868636297899
4112.0,4.112000000000002,7.2883686362979105
4112.5,4.112499999999997,7.280754252641088
4113.0,4.1129999999999995,7.2832542526411
4113.5,4.113500000000002,7.285754252641112
4114.0,4.113999999999997,7.278236729067871
4114.5,4.1145,7.280736729067883
4115.0,4.115000000000002,7.2832367290678945
4115.5,4.115499999999997,7.2757205833627125
4116.0,4.116,7.2782205833627245
4116.5,4.116500000000002,7.280720583362736
4117.0,4.116999999999997,7.27316484317857
4117.5,4.1175,7.275664843178582
4118.0,4.118000000000002,7.278164843178594
4118.5,4.118499999999997,7.270540802669103
4119.0,4.119,7.273040802669115
4119.5,4.119500000000002,7.275540802669127
4120.0,4.119999999999997,7.267851582083296
4120.5,4.1205,7.270351582083308
4121.0,4.121000000000002,7.2728515820833195
4121.5,4.1214999999999975,7.265074543897008
4122.0,4.122,7.26757454389702
4122.5,4.122500000000002,7.270074543897032
4123.0,4.1229999999999976,7.262204094609608
4123.5,4.1235,7.26470409460962
4124.0,4.124000000000002,7.267204094609632
4124.5,4.124499999999998,7.259261790828226
4125.0,4.125,7.261761790828238
4125.5,4.125500000000002,7.26426179082825
4126.0,4.125999999999998,7.25626357726096
4126.5,4.1265,7.2587635772609715
4127.0,4.1270000000000024,7.2612635772609835
4127.5,4.127499999999998,7.2532182069565465
4128.0,4.128,7.2557182069565584
4128.5,4.1285000000000025,7.25821820695657
4129.0,4.128999999999998,7.250139776727025
4129.5,4.1295,7.252639776727037
4130.0,4.130000000000003,7.255139776727049
4130.5,4.130499999999998,7.247020755938465
4131.0,4.131,7.249520755938477
4131.5,4.131500000000003,7.252020755938489
4132.0,4.131999999999998,7.243850471046187
4132.5,4.1325,7.246350471046199
4133.0,4.133000000000003,7.248850471046211
4133.5,4.133499999999998,7.240620331482823
4134.0,4.134,7.243120331482835
4134.5,4.134500000000003,7.245620331482847
4135.0,4.134999999999998,7.23733646551004
4135.5,4.1355,7.239836465510052
4136.0,4.136000000000003,7.242336465510064
4136.5,4.136499999999998,7.234022858400948
4137.0,4.1370000000000005,7.23652285840096
4137.5,4.137500000000003,7.239022858400972
4138.0,4.137999999999998,7.2307003120476665
4138.5,4.1385000000000005,7.233200312047678
4139.0,4.139000000000003,7.23570031204769
4139.5,4.139499999999998,7.227408760741838
4140.0,4.140000000000001,7.22990876074185
4140.5,4.140500000000003,7.232408760741862
4141.0,4.140999999999998,7.22418282029917
4141.5,4.141500000000001,7.226682820299182
4142.0,4.142000000000003,7.229182820299194
4142.5,4.142499999999998,7.2210382693247155
4143.0,4.143000000000001,7.223538269324727
4143.5,4.143500000000003,7.226038269324739
4144.0,4.143999999999998,7.217970635661359
4144.5,4.144500000000001,7.220470635661371
4145.0,4.145000000000003,7.222970635661383
4145.5,4.145499999999998,7.214993064619151
4146.0,4.146000000000001,7.217493064619163
4146.5,4.146500000000003,7.219993064619175
4147.0,4.1469999999999985,7.21207123593409
4147.5,4.147500000000001,7.214571235934102
4148.0,4.148000000000003,7.217071235934114
4148.5,4.1484999999999985,7.209169439187093
4149.0,4.149000000000001,7.211669439187105
4149.5,4.149499999999996,7.214169439187081
4150.0,4.149999999999999,7.2062654894774525
4150.5,4.150500000000001,7.208765489477464
4151.0,4.151000000000003,7.211265489477476
4151.5,4.151499999999999,7.203357133386987
4152.0,4.152000000000001,7.205857133386999
4152.5,4.152499999999996,7.208357133386976
4153.0,4.152999999999999,7.2108571333869875
4153.5,4.153500000000001,7.202930217019592
4154.0,4.1540000000000035,7.205430217019604
4154.5,4.154499999999999,7.20793021701958
4155.0,4.155000000000001,7.19996159274416
4155.5,4.155499999999996,7.202461592744136
4156.0,4.155999999999999,7.204961592744148
4156.5,4.156500000000001,7.196935575666075
4157.0,4.157000000000004,7.199435575666087
4157.5,4.157499999999999,7.201935575666063
4158.0,4.158000000000001,7.1938249234412766
4158.5,4.1584999999999965,7.196324923441253
4159.0,4.158999999999999,7.198824923441265
4159.5,4.159500000000001,7.190607646500808
4160.0,4.160000000000004,7.19310764650082
4160.5,4.160499999999999,7.195607646500797
4161.0,4.161000000000001,7.187249374715741
4161.5,4.161499999999997,7.189749374715717
4162.0,4.161999999999999,7.192249374715729
4162.5,4.162500000000001,7.183727740352772
4163.0,4.163000000000004,7.186227740352784
4163.5,4.163499999999999,7.1887277403527605
4164.0,4.1640000000000015,7.180039218284335
4164.5,4.164499999999997,7.182539218284312
4165.0,4.164999999999999,7.185039218284324
4165.5,4.1655000000000015,7.176165158031722
4166.0,4.166000000000004,7.178665158031734
4166.5,4.166499999999999,7.18116515803171
4167.0,4.167000000000002,7.172099456663403
4167.5,4.167499999999997,7.17459945666338
4168.0,4.167999999999999,7.177099456663392
4168.5,4.168500000000002,7.16785023388681
4169.0,4.169000000000004,7.170350233886822
4169.5,4.169499999999999,7.172850233886798
4170.0,4.170000000000002,7.163447261044347
4170.5,4.170499999999997,7.165947261044323
4171.0,4.170999999999999,7.168447261044335
4171.5,4.171500000000002,7.158937636535541
4172.0,4.171999999999997,7.161437636535517
4172.5,4.172499999999999,7.163937636535529
4173.0,4.173000000000002,7.154369238275073
4173.5,4.173499999999997,7.15686923827505
4174.0,4.1739999999999995,7.159369238275062
4174.5,4.174500000000002,7.1497975157273075
4175.0,4.174999999999997,7.152297515727284
4175.5,4.1754999999999995,7.154797515727296
4176.0,4.176000000000002,7.145293721549848
4176.5,4.176499999999997,7.147793721549824
4177.0,4.177,7.150293721549836
4177.5,4.177500000000002,7.140885796655461
4178.0,4.177999999999997,7.143385796655437
4178.5,4.1785,7.145885796655449
4179.0,4.179000000000002,7.136616481499907
4179.5,4.179499999999997,7.139116481499883
4180.0,4.18,7.141616481499895
4180.5,4.180500000000002,7.132505892995127
4181.0,4.180999999999997,7.135005892995103
4181.5,4.1815,7.137505892995115
4182.0,4.182000000000002,7.12858018112243
4182.5,4.182499999999997,7.131080181122407
4183.0,4.183,7.133580181122419
4183.5,4.183500000000002,7.124833030402087
4184.0,4.1839999999999975,7.127333030402063
4184.5,4.1845,7.129833030402075
4185.0,4.185000000000002,7.121269263041015
4185.5,4.1854999999999976,7.123769263040991
4186.0,4.186,7.126269263041003
4186.5,4.186500000000002,7.117848565448703
4187.0,4.186999999999998,7.12034856544868
4187.5,4.1875,7.122848565448692
4188.0,4.188000000000002,7.114545063020721
4188.5,4.188499999999998,7.117045063020697
4189.0,4.189,7.119545063020709
4189.5,4.1895000000000024,7.111318421588457
4190.0,4.189999999999998,7.113818421588434
4190.5,4.1905,7.116318421588446
4191.0,4.1910000000000025,7.108136144148887
4191.5,4.191499999999998,7.110636144148863
4192.0,4.192,7.113136144148875
4192.5,4.192500000000003,7.1049401420621905
4193.0,4.192999999999998,7.107440142062167
4193.5,4.1935,7.109940142062179
4194.0,4.194000000000003,7.101679350563401
4194.5,4.194499999999998,7.104179350563378
4195.0,4.195,7.10667935056339
4195.5,4.195500000000003,7.098316010914658
4196.0,4.195999999999998,7.1008160109146345
4196.5,4.1965,7.1033160109146465
4197.0,4.197000000000003,7.094812495839733
4197.5,4.197499999999998,7.097312495839709
4198.0,4.198,7.099812495839721
4198.5,4.198500000000003,7.091172231520773
4199.0,4.198999999999998,7.093672231520749
4199.5,4.1995000000000005,7.096172231520761
4200.0,4.200000000000003,7.08738496653794
4200.5,4.200499999999998,7.089884966537916
4201.0,4.2010000000000005,7.092384966537928
4201.5,4.201500000000003,7.083465711240784
4202.0,4.201999999999998,7.08596571124076
4202.5,4.202500000000001,7.088465711240772
4203.0,4.203000000000003,7.079461110079066
4203.5,4.203499999999998,7.0819611100790425
4204.0,4.204000000000001,7.084461110079054
4204.5,4.204500000000003,7.0754339337779015
4205.0,4.204999999999998,7.077933933777878
4205.5,4.205500000000001,7.08043393377789
4206.0,4.206000000000003,7.071420185792903
4206.5,4.206499999999998,7.073920185792879
4207.0,4.207000000000001,7.076420185792891
4207.5,4.207500000000003,7.067446877185084
4208.0,4.207999999999998,7.06994687718506
4208.5,4.208500000000001,7.072446877185072
4209.0,4.209000000000003,7.063529939568909
4209.5,4.2094999999999985,7.066029939568885
4210.0,4.210000000000001,7.068529939568897
4210.5,4.210500000000003,7.05968901182235
4211.0,4.2109999999999985,7.062189011822326
4211.5,4.211500000000001,7.064689011822338
4212.0,4.211999999999996,7.055922517871558
4212.5,4.212499999999999,7.05842251787157
4213.0,4.213000000000001,7.060922517871582
4213.5,4.213500000000003,7.05225266521083
4214.0,4.213999999999999,7.054752665210806
4214.5,4.214500000000001,7.057252665210818
4215.0,4.214999999999996,7.048736272267746
4215.5,4.215499999999999,7.051236272267758
4216.0,4.216000000000001,7.05373627226777
4216.5,4.2165000000000035,7.045401298823748
4217.0,4.216999999999999,7.047901298823724
4217.5,4.217500000000001,7.050401298823736
4218.0,4.217999999999996,7.042260681638268
4218.5,4.218499999999999,7.04476068163828
4219.0,4.219000000000001,7.047260681638292
4219.5,4.219500000000004,7.039301005588996
4220.0,4.219999999999999,7.041801005588972
4220.5,4.220500000000001,7.044301005588984
4221.0,4.2209999999999965,7.036477097219951
4221.5,4.221499999999999,7.038977097219963
4222.0,4.222000000000001,7.041477097219975
4222.5,4.222500000000004,7.033720408979178
4223.0,4.222999999999999,7.036220408979155
4223.5,4.223500000000001,7.038720408979167
4224.0,4.223999999999997,7.030974767660361
4224.5,4.224499999999999,7.033474767660373
4225.0,4.225000000000001,7.0359747676603845
4225.5,4.225500000000004,7.028187491928541
4226.0,4.225999999999999,7.030687491928518
4226.5,4.2265000000000015,7.03318749192853
4227.0,4.226999999999997,7.025315896027635
4227.5,4.227499999999999,7.027815896027647
4228.0,4.2280000000000015,7.030315896027659
4228.5,4.228500000000004,7.032815896027671
4229.0,4.228999999999999,7.0248175264173085
4229.5,4.229500000000002,7.02731752641732
4230.0,4.229999999999997,7.029817526417297
4230.5,4.230499999999999,7.021677427632191
4231.0,4.231000000000002,7.024177427632203
4231.5,4.231500000000004,7.026677427632215
4232.0,4.231999999999999,7.018409453359524
4232.5,4.232500000000002,7.020909453359536
4233.0,4.232999999999997,7.023409453359513
4233.5,4.233499999999999,7.015024313267837
4234.0,4.234000000000002,7.017524313267849
4234.5,4.234499999999997,7.020024313267825
4235.0,4.234999999999999,7.011549094363261
4235.5,4.235500000000002,7.014049094363273
4236.0,4.235999999999997,7.016549094363249
4236.5,4.2364999999999995,7.007983542326457
4237.0,4.237000000000002,7.010483542326469
4237.5,4.237499999999997,7.012983542326445
4238.0,4.2379999999999995,7.004350725769051
4238.5,4.238500000000002,7.006850725769063
4239.0,4.238999999999997,7.009350725769039
4239.5,4.2395,7.000646918535303
4240.0,4.240000000000002,7.003146918535315
4240.5,4.240499999999997,7.005646918535291
4241.0,4.241,6.996878012154006
4241.5,4.241500000000002,6.999378012154018
4242.0,4.241999999999997,7.001878012153995
4242.5,4.2425,6.993077967302774
4243.0,4.243000000000002,6.995577967302786
4243.5,4.243499999999997,6.998077967302763
4244.0,4.244,6.989303511488885
4244.5,4.244500000000002,6.991803511488897
4245.0,4.244999999999997,6.994303511488873
4245.5,4.2455,6.985606456274205
4246.0,4.246000000000002,6.988106456274217
4246.5,4.2464999999999975,6.990606456274193
4247.0,4.247,6.9820433062349
4247.5,4.247500000000002,6.984543306234912
4248.0,4.2479999999999976,6.987043306234888
4248.5,4.2485,6.97862194465749
4249.0,4.249000000000002,6.981121944657502
4249.5,4.249499999999998,6.983621944657479
4250.0,4.25,6.975334832749489
4250.5,4.250500000000002,6.977834832749501
4251.0,4.250999999999998,6.980334832749477
4251.5,4.2515,6.972137357461392
4252.0,4.2520000000000024,6.974637357461404
4252.5,4.252499999999998,6.97713735746138
4253.0,4.253,6.968994356398923
4253.5,4.2535000000000025,6.971494356398935
4254.0,4.253999999999998,6.9739943563989115
4254.5,4.2545,6.965862029186134
4255.0,4.255000000000003,6.968362029186146
4255.5,4.255499999999998,6.970862029186122
4256.0,4.256,6.96268636590375
4256.5,4.256500000000003,6.965186365903762
4257.0,4.256999999999998,6.967686365903738
4257.5,4.2575,6.959420671446246
4258.0,4.258000000000003,6.961920671446258
4258.5,4.258499999999998,6.964420671446234
4259.0,4.259,6.9560190716044445
4259.5,4.259500000000003,6.9585190716044565
4260.0,4.259999999999998,6.961019071604433
4260.5,4.2605,6.9524816064704
4261.0,4.261000000000003,6.954981606470412
4261.5,4.261499999999998,6.957481606470388
4262.0,4.2620000000000005,6.9487923769487026
4262.5,4.262500000000003,6.9512923769487145
4263.0,4.262999999999998,6.953792376948691
4263.5,4.2635000000000005,6.944956194003282
4264.0,4.264000000000003,6.947456194003294
4264.5,4.264499999999998,6.949956194003271
4265.0,4.265000000000001,6.940978947392047
4265.5,4.265500000000003,6.943478947392059
4266.0,4.265999999999998,6.945978947392035
4266.5,4.266500000000001,6.936871931176931
4267.0,4.267000000000003,6.939371931176943
4267.5,4.267499999999998,6.9418719311769195
4268.0,4.268000000000001,6.932640686529297
4268.5,4.268500000000003,6.935140686529309
4269.0,4.268999999999998,6.937640686529285
4269.5,4.269500000000001,6.928284685705393
4270.0,4.270000000000003,6.9307846857054045
4270.5,4.270499999999998,6.933284685705381
4271.0,4.271000000000001,6.9238390254599125
4271.5,4.271500000000003,6.926339025459924
4272.0,4.2719999999999985,6.928839025459901
4272.5,4.272500000000001,6.9193314504190795
4273.0,4.273000000000003,6.921831450419091
4273.5,4.2734999999999985,6.924331450419068
4274.0,4.274000000000001,6.91480150821679
4274.5,4.274499999999996,6.917301508216767
4275.0,4.274999999999999,6.9198015082167785
4275.5,4.275500000000001,6.910288167384806
4276.0,4.276000000000003,6.912788167384818
4276.5,4.276499999999999,6.915288167384794
4277.0,4.277000000000001,6.905834891531875
4277.5,4.277499999999996,6.908334891531851
4278.0,4.277999999999999,6.910834891531863
4278.5,4.278500000000001,6.9014732759520925
4279.0,4.2790000000000035,6.903973275952104
4279.5,4.279499999999999,6.906473275952081
4280.0,4.280000000000001,6.897212442183687
4280.5,4.280499999999996,6.899712442183663
4281.0,4.280999999999999,6.902212442183675
4281.5,4.281500000000001,6.89306091916059
4282.0,4.282000000000004,6.8955609191606015
4282.5,4.282499999999999,6.898060919160578
4283.0,4.283000000000001,6.889022332795278
4283.5,4.2834999999999965,6.891522332795255
4284.0,4.283999999999999,6.8940223327952665
4284.5,4.284500000000001,6.885105384479786
4285.0,4.285000000000004,6.887605384479798
4285.5,4.285499999999999,6.890105384479774
4286.0,4.286000000000001,6.881289756171611
4286.5,4.286499999999997,6.883789756171588
4287.0,4.286999999999999,6.8862897561716
4287.5,4.287500000000001,6.87760256386742
4288.0,4.288000000000004,6.880102563867432
4288.5,4.288499999999999,6.882602563867408
4289.0,4.2890000000000015,6.874029819972236
4289.5,4.289499999999997,6.8765298199722125
4290.0,4.289999999999999,6.879029819972224
4290.5,4.2905000000000015,6.870526245090041
4291.0,4.291000000000004,6.8730262450900526
4291.5,4.291499999999999,6.875526245090029
4292.0,4.292000000000002,6.867045105698857
4292.5,4.292499999999997,6.869545105698833
4293.0,4.292999999999999,6.872045105698845
4293.5,4.293500000000002,6.863521413152576
4294.0,4.294000000000004,6.866021413152588
4294.5,4.294499999999999,6.868521413152564
4295.0,4.295000000000002,6.859889564927535
4295.5,4.295499999999997,6.862389564927511
4296.0,4.295999999999999,6.864889564927523
4296.5,4.296500000000002,6.856099655339207
4297.0,4.296999999999997,6.858599655339184
4297.5,4.297499999999999,6.861099655339196
4298.0,4.298000000000002,6.852118931480398
4298.5,4.298499999999997,6.854618931480374
4299.0,4.2989999999999995,6.857118931480386
4299.5,4.299500000000002,6.8479361946381445
4300.0,4.299999999999997,6.850436194638121
4300.5,4.3004999999999995,6.852936194638133
4301.0,4.301000000000002,6.843554791009758
4301.5,4.301499999999997,6.846054791009735
4302.0,4.302,6.848554791009747
4302.5,4.302500000000002,6.839009559537992
4303.0,4.302999999999997,6.841509559537968
4303.5,4.3035,6.84400955953798
4304.0,4.304000000000002,6.846509559537992
4304.5,4.304499999999997,6.836853499501316
4305.0,4.305,6.839353499501328
4305.5,4.305500000000002,6.84185349950134
4306.0,4.305999999999997,6.832136663682782
4306.5,4.3065,6.834636663682794
4307.0,4.307000000000002,6.837136663682806
4307.5,4.307499999999997,6.82740598490021
4308.0,4.308,6.829905984900222
4308.5,4.308500000000002,6.832405984900234
4309.0,4.3089999999999975,6.822692930863177
4309.5,4.3095,6.825192930863189
4310.0,4.310000000000002,6.827692930863201
4310.5,4.3104999999999976,6.818047445589741
4311.0,4.311,6.820547445589753
4311.5,4.311500000000002,6.823047445589765
4312.0,4.311999999999998,6.813505529706703
4312.5,4.3125,6.816005529706715
4313.0,4.313000000000002,6.8185055297067265
4313.5,4.313499999999998,6.8090989361094145
4314.0,4.314,6.8115989361094265
4314.5,4.3145000000000024,6.814098936109438
4315.0,4.314999999999998,6.804868747617938
4315.5,4.3155,6.80736874761795
4316.0,4.3160000000000025,6.809868747617962
4316.5,4.316499999999998,6.800858502322811
4317.0,4.317,6.803358502322823
4317.5,4.317500000000003,6.805858502322835
4318.0,4.317999999999998,6.797065748366862
4318.5,4.3185,6.799565748366874
4319.0,4.319000000000003,6.802065748366886
4319.5,4.319499999999998,6.793447531079124
4320.0,4.32,6.795947531079136
4320.5,4.320500000000003,6.798447531079148
4321.0,4.320999999999998,6.789970182466689
4321.5,4.3215,6.792470182466701
4322.0,4.322000000000003,6.794970182466713
4322.5,4.322499999999998,6.786578191134112
4323.0,4.323,6.789078191134124
4323.5,4.323500000000003,6.7915781911341355
4324.0,4.323999999999998,6.783221493758944
4324.5,4.3245000000000005,6.785721493758956
4325.0,4.325000000000003,6.788221493758968
4325.5,4.325499999999998,6.779854920548658
4326.0,4.3260000000000005,6.78235492054867
4326.5,4.326500000000003,6.784854920548682
4327.0,4.326999999999998,6.776447548679485
4327.5,4.327500000000001,6.778947548679497
4328.0,4.328000000000003,6.781447548679509
4328.5,4.328499999999998,6.772973795873902
4329.0,4.329000000000001,6.775473795873914
4329.5,4.329500000000003,6.777973795873926
4330.0,4.329999999999998,6.7694071832267255
4330.5,4.330500000000001,6.7719071832267375
4331.0,4.331000000000003,6.774407183226749
4331.5,4.331499999999998,6.76571662425399
4332.0,4.332000000000001,6.768216624254002
4332.5,4.332500000000003,6.770716624254014
4333.0,4.332999999999998,6.761898819793863
4333.5,4.333500000000001,6.764398819793875
4334.0,4.334000000000003,6.766898819793887
4334.5,4.3344999999999985,6.757980048565422
4335.0,4.335000000000001,6.760480048565434
4335.5,4.335500000000003,6.762980048565446
4336.0,4.3359999999999985,6.75399773997281
4336.5,4.336500000000001,6.756497739972822
4337.0,4.336999999999996,6.7589977399727985
4337.5,4.337499999999999,6.750005499312728
4338.0,4.338000000000001,6.75250549931274
4338.5,4.338500000000003,6.755005499312752
4339.0,4.338999999999999,6.746046957808112
4339.5,4.339500000000001,6.748546957808124
4340.0,4.339999999999996,6.7510469578081
4340.5,4.340499999999999,6.742167394117686
4341.0,4.341000000000001,6.744667394117698
4341.5,4.3415000000000035,6.74716739411771
4342.0,4.341999999999999,6.738394738562512
4342.5,4.342500000000001,6.740894738562524
4343.0,4.342999999999996,6.7433947385625
4343.5,4.343499999999999,6.73475287160727
4344.0,4.344000000000001,6.737252871607282
4344.5,4.344500000000004,6.739752871607294
4345.0,4.344999999999999,6.73123785960879
4345.5,4.345500000000001,6.733737859608802
4346.0,4.3459999999999965,6.736237859608778
4346.5,4.346499999999999,6.727836145555273
4347.0,4.347000000000001,6.730336145555285
4347.5,4.347500000000004,6.7328361455552965
4348.0,4.347999999999999,6.724503464018383
4348.5,4.348500000000001,6.727003464018395
4349.0,4.348999999999997,6.7295034640183715
4349.5,4.349499999999999,6.721208526974216
4350.0,4.350000000000001,6.723708526974228
4350.5,4.350500000000004,6.72620852697424
4351.0,4.350999999999999,6.717915342186487
4351.5,4.3515000000000015,6.720415342186499
4352.0,4.351999999999997,6.722915342186475
4352.5,4.352499999999999,6.714590155209947
4353.0,4.3530000000000015,6.717090155209959
4353.5,4.353500000000004,6.719590155209971
4354.0,4.353999999999999,6.711212469777763
4354.5,4.354500000000002,6.713712469777775
4355.0,4.354999999999997,6.716212469777751
4355.5,4.355499999999999,6.707786092949064
4356.0,4.356000000000002,6.710286092949076
4356.5,4.356500000000004,6.712786092949088
4357.0,4.356999999999999,6.7042813837462845
4357.5,4.357500000000002,6.706781383746296
4358.0,4.357999999999997,6.709281383746273
4358.5,4.358499999999999,6.7006950421273
4359.0,4.359000000000002,6.703195042127312
4359.5,4.359499999999997,6.705695042127289
4360.0,4.359999999999999,6.69705614672143
4360.5,4.360500000000002,6.6995561467214415
4361.0,4.360999999999997,6.702056146721418
4361.5,4.3614999999999995,6.6933850798269745
4362.0,4.362000000000002,6.695885079826986
4362.5,4.362499999999997,6.698385079826963
4363.0,4.3629999999999995,6.689677966797589
4363.5,4.363500000000002,6.692177966797601
4364.0,4.363999999999997,6.6946779667975775
4364.5,4.3645,6.685952003914117
4365.0,4.365000000000002,6.688452003914129
4365.5,4.365499999999997,6.690952003914106
4366.0,4.366,6.68217960336893
4366.5,4.366500000000002,6.6846796033689415
4367.0,4.366999999999997,6.687179603368918
4367.5,4.3675,6.678350408826965
4368.0,4.368000000000002,6.680850408826977
4368.5,4.368499999999997,6.6833504088269535
4369.0,4.369,6.674466987060583
4369.5,4.369500000000002,6.676966987060595
4370.0,4.369999999999997,6.679466987060572
4370.5,4.3705,6.670561113254756
4371.0,4.371000000000002,6.673061113254768
4371.5,4.3714999999999975,6.675561113254744
4372.0,4.372,6.666647923709519
4372.5,4.372500000000002,6.669147923709531
4373.0,4.3729999999999976,6.671647923709507
4373.5,4.3735,6.662710160762302
4374.0,4.374000000000002,6.665210160762314
4374.5,4.374499999999998,6.66771016076229
4375.0,4.375,6.658752307121105
4375.5,4.375500000000002,6.661252307121117
4376.0,4.375999999999998,6.663752307121094
4376.5,4.3765,6.654776293334912
4377.0,4.3770000000000024,6.657276293334924
4377.5,4.377499999999998,6.6597762933349
4378.0,4.378,6.650797132729451
4378.5,4.3785000000000025,6.653297132729463
4379.0,4.378999999999998,6.65579713272944
4379.5,4.3795,6.658297132729452
4380.0,4.380000000000003,6.649303720836173
4380.5,4.380499999999998,6.651803720836149
4381.0,4.381,6.654303720836161
4381.5,4.381500000000003,6.6452821239739635
4382.0,4.381999999999998,6.64778212397394
4382.5,4.3825,6.650282123973952
4383.0,4.383000000000003,6.641238780048511
4383.5,4.383499999999998,6.643738780048487
4384.0,4.384,6.646238780048499
4384.5,4.384500000000003,6.637174461988948
4385.0,4.384999999999998,6.639674461988925
4385.5,4.3855,6.642174461988937
4386.0,4.386000000000003,6.63311745583826
4386.5,4.386499999999998,6.635617455838236
4387.0,4.3870000000000005,6.638117455838248
4387.5,4.387500000000003,6.629072573472321
4388.0,4.387999999999998,6.6315725734722974
4388.5,4.3885000000000005,6.634072573472309
4389.0,4.389000000000003,6.625032960586346
4389.5,4.389499999999998,6.627532960586322
4390.0,4.390000000000001,6.630032960586334
4390.5,4.390500000000003,6.621028402301405
4391.0,4.390999999999998,6.623528402301382
4391.5,4.391500000000001,6.626028402301394
4392.0,4.392000000000003,6.617085491751347
4392.5,4.392499999999998,6.619585491751323
4393.0,4.393000000000001,6.622085491751335
4393.5,4.393500000000003,6.613224576290726
4394.0,4.393999999999998,6.615724576290702
4394.5,4.394500000000001,6.618224576290714
4395.0,4.395000000000003,6.609427609012428
4395.5,4.395499999999998,6.611927609012405
4396.0,4.396000000000001,6.6144276090124166
4396.5,4.396500000000003,6.605657810740375
4397.0,4.3969999999999985,6.608157810740352
4397.5,4.397500000000001,6.6106578107403635
4398.0,4.398000000000003,6.601867063237599
4398.5,4.3984999999999985,6.604367063237575
4399.0,4.399000000000001,6.606867063237587
4399.5,4.399499999999996,6.598028910148521
4400.0,4.399999999999999,6.600528910148533
4400.5,4.400500000000001,6.603028910148545
4401.0,4.401000000000003,6.594124640980503
4401.5,4.401499999999999,6.59662464098048
4402.0,4.402000000000001,6.599124640980492
4402.5,4.402499999999996,6.590110393666855
4403.0,4.402999999999999,6.592610393666867
4403.5,4.403500000000001,6.595110393666879
4404.0,4.4040000000000035,6.5859741890637835
4404.5,4.404499999999999,6.58847418906376
4405.0,4.405000000000001,6.590974189063772
4405.5,4.405499999999996,6.581724341857367
4406.0,4.405999999999999,6.584224341857379
4406.5,4.406500000000001,6.586724341857391
4407.0,4.407000000000004,6.577392191656699
4407.5,4.407499999999999,6.5798921916566755
4408.0,4.408000000000001,6.582392191656687
4408.5,4.4084999999999965,6.573001412500616
4409.0,4.408999999999999,6.575501412500628
4409.5,4.409500000000001,6.57800141250064
4410.0,4.410000000000004,6.568583854682792
4410.5,4.410499999999999,6.571083854682769
4411.0,4.411000000000001,6.573583854682781
4411.5,4.411499999999997,6.56419260914145
4412.0,4.411999999999999,6.566692609141462
4412.5,4.412500000000001,6.569192609141474
4413.0,4.413000000000004,6.559853683947168
4413.5,4.413499999999999,6.562353683947144
4414.0,4.4140000000000015,6.564853683947156
4414.5,4.414499999999997,6.555586308829042
4415.0,4.414999999999999,6.558086308829054
4415.5,4.4155000000000015,6.560586308829066
4416.0,4.416000000000004,6.551385385794077
4416.5,4.416499999999999,6.553885385794054
4417.0,4.417000000000002,6.556385385794066
4417.5,4.417499999999997,6.547252856757844
4418.0,4.417999999999999,6.549752856757856
4418.5,4.418500000000002,6.5522528567578675
4419.0,4.419000000000004,6.5431968656805495
4419.5,4.419499999999999,6.545696865680526
4420.0,4.420000000000002,6.548196865680538
4420.5,4.420499999999997,6.539240567000952
4421.0,4.420999999999999,6.541740567000964
4421.5,4.421500000000002,6.544240567000976
4422.0,4.421999999999997,6.535382330320765
4422.5,4.422499999999999,6.537882330320777
4423.0,4.423000000000002,6.540382330320789
4423.5,4.423499999999997,6.531601551096351
4424.0,4.4239999999999995,6.534101551096363
4424.5,4.424500000000002,6.536601551096375
4425.0,4.424999999999997,6.527861125601042
4425.5,4.4254999999999995,6.530361125601054
4426.0,4.426000000000002,6.532861125601066
4426.5,4.426499999999997,6.5241502717545075
4427.0,4.427,6.526650271754519
4427.5,4.427500000000002,6.529150271754531
4428.0,4.427999999999997,6.520437224249527
4428.5,4.4285,6.522937224249539
4429.0,4.429000000000002,6.525437224249551
4429.5,4.429499999999997,6.516680897636284
4430.0,4.43,6.519180897636296
4430.5,4.430500000000002,6.521680897636308
4431.0,4.430999999999997,6.5128489863455385
4431.5,4.4315,6.5153489863455505
4432.0,4.432000000000002,6.517848986345562
4432.5,4.432499999999997,6.508909289815641
4433.0,4.433,6.511409289815653
4433.5,4.433500000000002,6.513909289815665
4434.0,4.4339999999999975,6.50487396356592
4434.5,4.4345,6.507373963565932
4435.0,4.435000000000002,6.509873963565944
4435.5,4.4354999999999976,6.500762545658283
4436.0,4.436,6.503262545658295
4436.5,4.436500000000002,6.505762545658307
4437.0,4.436999999999998,6.49661519426914
4437.5,4.4375,6.499115194269152
4438.0,4.438000000000002,6.501615194269164
4438.5,4.438499999999998,6.4924541190426766
4439.0,4.439,6.4949541190426885
4439.5,4.4395000000000024,6.4974541190427
4440.0,4.439999999999998,6.488308521223765
4440.5,4.4405,6.4908085212237765
4441.0,4.4410000000000025,6.493308521223788
4441.5,4.441499999999998,6.484199271478488
4442.0,4.442,6.4866992714785
4442.5,4.442500000000003,6.489199271478512
4443.0,4.442999999999998,6.480144303750457
4443.5,4.4435,6.482644303750469
4444.0,4.444000000000003,6.485144303750481
4444.5,4.444499999999998,6.476161834127616
4445.0,4.445,6.478661834127628
4445.5,4.445500000000003,6.48116183412764
4446.0,4.445999999999998,6.472275388844793
4446.5,4.4465,6.4747753888448045
4447.0,4.447000000000003,6.4772753888448165
4447.5,4.447499999999998,6.468492056969808
4448.0,4.448,6.47099205696982
4448.5,4.448500000000003,6.473492056969832
4449.0,4.448999999999998,6.464789601774257
4449.5,4.4495000000000005,6.467289601774269
4450.0,4.450000000000003,6.469789601774281
4450.5,4.450499999999998,6.461148588186134
4451.0,4.4510000000000005,6.463648588186146
4451.5,4.451500000000003,6.466148588186158
4452.0,4.451999999999998,6.457532303186149
4452.5,4.452500000000001,6.460032303186161
4453.0,4.453000000000003,6.4625323031861726
4453.5,4.453499999999998,6.453849010408064
4454.0,4.454000000000001,6.456349010408076
4454.5,4.454500000000003,6.458849010408088
4455.0,4.454999999999998,6.461349010408064
4455.5,4.455500000000001,6.452545722522451
4456.0,4.456000000000003,6.455045722522463
4456.5,4.456499999999998,6.45754572252244
4457.0,4.457000000000001,6.448596674912466
4457.5,4.457500000000003,6.451096674912478
4458.0,4.457999999999998,6.453596674912454
4458.5,4.458500000000001,6.444487197448119
4459.0,4.459000000000003,6.446987197448131
4459.5,4.4594999999999985,6.449487197448107
4460.0,4.460000000000001,6.440195655204057
4460.5,4.460500000000003,6.442695655204069
4461.0,4.4609999999999985,6.445195655204046
4461.5,4.461500000000001,6.435722748670116
4462.0,4.461999999999996,6.438222748670093
4462.5,4.462499999999999,6.440722748670105
4463.0,4.463000000000001,6.43107516597567
4463.5,4.463500000000003,6.433575165975682
4464.0,4.463999999999999,6.436075165975659
4464.5,4.464500000000001,6.426291281097178
4465.0,4.464999999999996,6.428791281097155
4465.5,4.465499999999999,6.431291281097167
4466.0,4.466000000000001,6.421400389276002
4466.5,4.4665000000000035,6.423900389276014
4467.0,4.466999999999999,6.42640038927599
4467.5,4.467500000000001,6.416435627067152
4468.0,4.467999999999996,6.418935627067128
4468.5,4.468499999999999,6.42143562706714
4469.0,4.469000000000001,6.4114486420994865
4469.5,4.469500000000004,6.413948642099498
4470.0,4.469999999999999,6.416448642099475
4470.5,4.470500000000001,6.406497906066804
4471.0,4.4709999999999965,6.40899790606678
4471.5,4.471499999999999,6.411497906066792
4472.0,4.472000000000001,6.401582373666592
4472.5,4.472500000000004,6.404082373666604
4473.0,4.472999999999999,6.406582373666581
4473.5,4.473500000000001,6.3967231222249765
4474.0,4.473999999999997,6.399223122224953
4474.5,4.474499999999999,6.401723122224965
4475.0,4.475000000000001,6.391948650427359
4475.5,4.475500000000004,6.394448650427371
4476.0,4.475999999999999,6.396948650427348
4476.5,4.4765000000000015,6.387273301316654
4477.0,4.476999999999997,6.38977330131663
4477.5,4.477499999999999,6.392273301316642
4478.0,4.4780000000000015,6.38269467772119
4478.5,4.478500000000004,6.385194677721202
4479.0,4.478999999999999,6.3876946777211785
4479.5,4.479500000000002,6.378174826255432
4480.0,4.479999999999997,6.380674826255408
4480.5,4.480499999999999,6.38317482625542
4481.0,4.481000000000002,6.3736742623317255
4481.5,4.481500000000004,6.3761742623317375
4482.0,4.481999999999999,6.378674262331714
4482.5,4.482500000000002,6.369202587792202
4483.0,4.482999999999997,6.3717025877921785
4483.5,4.483499999999999,6.37420258779219
4484.0,4.484000000000002,6.364724143826486
4484.5,4.484499999999997,6.367224143826462
4485.0,4.484999999999999,6.369724143826474
4485.5,4.485500000000002,6.360233266138167
4486.0,4.485999999999997,6.362733266138143
4486.5,4.4864999999999995,6.365233266138155
4487.0,4.487000000000002,6.355732909399592
4487.5,4.487499999999997,6.358232909399568
4488.0,4.4879999999999995,6.36073290939958
4488.5,4.488500000000002,6.351223601627787
4489.0,4.488999999999997,6.353723601627763
4489.5,4.4895,6.356223601627775
4490.0,4.490000000000002,6.3467110294156726
4490.5,4.490499999999997,6.349211029415649
4491.0,4.491,6.351711029415661
4491.5,4.491500000000002,6.342215428958298
4492.0,4.491999999999997,6.344715428958274
4492.5,4.4925,6.347215428958286
4493.0,4.493000000000002,6.337754749682425
4493.5,4.493499999999997,6.340254749682401
4494.0,4.494,6.342754749682413
4494.5,4.494500000000002,6.333344428188248
4495.0,4.494999999999997,6.335844428188224
4495.5,4.4955,6.338344428188236
4496.0,4.496000000000002,6.328993648870487
4496.5,4.4964999999999975,6.331493648870463
4497.0,4.497,6.333993648870475
4497.5,4.497500000000002,6.32472540027436
4498.0,4.4979999999999976,6.327225400274337
4498.5,4.4985,6.329725400274349
4499.0,4.499000000000002,6.320546649136425
4499.5,4.499499999999998,6.323046649136401
4500.0,4.5,6.325546649136413
4500.5,4.500500000000002,6.316463128133805
4501.0,4.500999999999998,6.318963128133781
4501.5,4.5015,6.321463128133793
4502.0,4.5020000000000024,6.312503648617991
4502.5,4.502499999999998,6.315003648617967
4503.0,4.503,6.317503648617979
4503.5,4.5035000000000025,6.308682040037894
4504.0,4.503999999999998,6.31118204003787
4504.5,4.5045,6.313682040037882
4505.0,4.505000000000003,6.3050063324172
4505.5,4.505499999999998,6.3075063324171765
4506.0,4.506,6.3100063324171884
4506.5,4.506500000000003,6.30146829256919
4507.0,4.506999999999998,6.3039682925691665
4507.5,4.5075,6.306468292569178
4508.0,4.508000000000003,6.298021223052679
4508.5,4.508499999999998,6.300521223052655
4509.0,4.509,6.303021223052667
4509.5,4.509500000000003,6.294617185662688
4510.0,4.509999999999998,6.297117185662664
4510.5,4.5105,6.299617185662676
4511.0,4.511000000000003,6.291263385597148
4511.5,4.511499999999998,6.293763385597124
4512.0,4.5120000000000005,6.296263385597136
4512.5,4.512500000000003,6.287955014107176
4513.0,4.512999999999998,6.2904550141071525
4513.5,4.5135000000000005,6.292955014107164
4514.0,4.514000000000003,6.284653949420154
4514.5,4.514499999999998,6.28715394942013
4515.0,4.515000000000001,6.289653949420142
4515.5,4.515500000000003,6.281351083587161
4516.0,4.515999999999998,6.2838510835871375
4516.5,4.516500000000001,6.2863510835871494
4517.0,4.517000000000003,6.278055995498981
4517.5,4.517499999999998,6.280555995498958
4518.0,4.518000000000001,6.2830559954989695
4518.5,4.518500000000003,6.274774885991761
4519.0,4.518999999999998,6.277274885991737
4519.5,4.519500000000001,6.279774885991749
4520.0,4.520000000000003,6.271540955398223
4520.5,4.520499999999998,6.274040955398199
4521.0,4.521000000000001,6.276540955398211
4521.5,4.521500000000003,6.268361090594965
4522.0,4.5219999999999985,6.270861090594941
4522.5,4.522500000000001,6.273361090594953
4523.0,4.523000000000003,6.265234983700836
4523.5,4.5234999999999985,6.267734983700812
4524.0,4.524000000000001,6.270234983700824
4524.5,4.524499999999996,6.262134303634035
4525.0,4.524999999999999,6.264634303634047
4525.5,4.525500000000001,6.267134303634059
4526.0,4.526000000000003,6.259024448908264
4526.5,4.526499999999999,6.26152444890824
4527.0,4.527000000000001,6.264024448908252
4527.5,4.527499999999996,6.255887525533765
4528.0,4.527999999999999,6.258387525533777
4528.5,4.528500000000001,6.260887525533789
4529.0,4.5290000000000035,6.252698305918045
4529.5,4.529499999999999,6.255198305918022
4530.0,4.530000000000001,6.2576983059180336
4530.5,4.530499999999996,6.26019830591801
4531.0,4.530999999999999,6.2519439703921975
4531.5,4.531500000000001,6.2544439703922095
4532.0,4.532000000000004,6.256943970392221
4532.5,4.532499999999999,6.248596295622519
4533.0,4.533000000000001,6.251096295622531
4533.5,4.5334999999999965,6.253596295622508
4534.0,4.533999999999999,6.245111233617209
4534.5,4.534500000000001,6.247611233617221
4535.0,4.535000000000004,6.250111233617233
4535.5,4.535499999999999,6.241441703429693
4536.0,4.536000000000001,6.243941703429705
4536.5,4.536499999999997,6.2464417034296815
4537.0,4.536999999999999,6.237581906056313
4537.5,4.537500000000001,6.240081906056325
4538.0,4.538000000000004,6.242581906056337
4538.5,4.538499999999999,6.233543305548537
4539.0,4.5390000000000015,6.236043305548549
4539.5,4.539499999999997,6.238543305548525
4540.0,4.539999999999999,6.229356109561124
4540.5,4.5405000000000015,6.231856109561136
4541.0,4.541000000000004,6.234356109561148
4541.5,4.541499999999999,6.225067521954841
4542.0,4.542000000000002,6.227567521954853
4542.5,4.542499999999997,6.23006752195483
4543.0,4.542999999999999,6.220740691446629
4543.5,4.543500000000002,6.223240691446641
4544.0,4.544000000000004,6.225740691446653
4544.5,4.544499999999999,6.2164543724989585
4545.0,4.545000000000002,6.21895437249897
4545.5,4.545499999999997,6.221454372498947
4546.0,4.545999999999999,6.212241239536169
4546.5,4.546500000000002,6.214741239536181
4547.0,4.546999999999997,6.217241239536158
4547.5,4.547499999999999,6.208090255078815
4548.0,4.548000000000002,6.210590255078827
4548.5,4.548499999999997,6.213090255078804
4549.0,4.5489999999999995,6.204013237186814
4549.5,4.549500000000002,6.206513237186826
4550.0,4.549999999999997,6.209013237186802
4550.5,4.5504999999999995,6.199997656341907
4551.0,4.551000000000002,6.202497656341919
4551.5,4.551499999999997,6.204997656341895
4552.0,4.552,6.196045723325945
4552.5,4.552500000000002,6.198545723325957
4553.0,4.552999999999997,6.201045723325933
4553.5,4.5535,6.19214932619645
4554.0,4.554000000000002,6.194649326196462
4554.5,4.554499999999997,6.197149326196438
4555.0,4.555,6.188281640755058
4555.5,4.555500000000002,6.19078164075507
4556.0,4.555999999999997,6.193281640755046
4556.5,4.5565,6.184434424228478
4557.0,4.557000000000002,6.18693442422849
4557.5,4.557499999999997,6.189434424228466
4558.0,4.558,6.180581689021167
4558.5,4.558500000000002,6.183081689021179
4559.0,4.5589999999999975,6.185581689021156
4559.5,4.5595,6.1766624969981265
4560.0,4.560000000000002,6.1791624969981385
4560.5,4.5604999999999976,6.181662496998115
4561.0,4.561,6.17260699848309
4561.5,4.561500000000002,6.175106998483102
4562.0,4.561999999999998,6.177606998483078
4562.5,4.5625,6.168333008629467
4563.0,4.563000000000002,6.170833008629479
4563.5,4.563499999999998,6.173333008629456
4564.0,4.564,6.163805680277115
4564.5,4.5645000000000024,6.1663056802771266
4565.0,4.564999999999998,6.168805680277103
4565.5,4.5655,6.15899467814085
4566.0,4.5660000000000025,6.161494678140862
4566.5,4.566499999999998,6.163994678140838
4567.0,4.567,6.153916060541533
4567.5,4.567500000000003,6.156416060541545
4568.0,4.567999999999998,6.158916060541522
4568.5,4.5685,6.148597377534841
4569.0,4.569000000000003,6.151097377534853
4569.5,4.569499999999998,6.15359737753483
4570.0,4.57,6.143100477241461
4570.5,4.570500000000003,6.145600477241473
4571.0,4.570999999999998,6.148100477241449
4571.5,4.5715,6.137504917930556
4572.0,4.572000000000003,6.140004917930568
4572.5,4.572499999999998,6.142504917930545
4573.0,4.573,6.131899799283573
4573.5,4.573500000000003,6.134399799283585
4574.0,4.573999999999998,6.136899799283562
4574.5,4.5745000000000005,6.126362236934284
4575.0,4.575000000000003,6.128862236934296
4575.5,4.575499999999998,6.131362236934272
4576.0,4.5760000000000005,6.120964838984797
4576.5,4.576500000000003,6.123464838984809
4577.0,4.576999999999998,6.125964838984785
4577.5,4.577500000000001,6.115762095919202
4578.0,4.578000000000003,6.1182620959192136
4578.5,4.578499999999998,6.12076209591919
4579.0,4.579000000000001,6.110798492913716
4579.5,4.579500000000003,6.113298492913728
4580.0,4.579999999999998,6.115798492913704
4580.5,4.580500000000001,6.106089448589991
4581.0,4.581000000000003,6.108589448590003
4581.5,4.581499999999998,6.111089448589979
4582.0,4.582000000000001,6.1016429778793935
4582.5,4.582500000000003,6.104142977879405
4583.0,4.582999999999998,6.106642977879382
4583.5,4.583500000000001,6.097469253091816
4584.0,4.584000000000003,6.099969253091828
4584.5,4.5844999999999985,6.1024692530918045
4585.0,4.585000000000001,6.093570303321236
4585.5,4.585500000000003,6.096070303321248
4586.0,4.5859999999999985,6.098570303321225
4586.5,4.586500000000001,6.089910155992868
4587.0,4.586999999999996,6.0924101559928445
4587.5,4.587499999999999,6.0949101559928565
4588.0,4.588000000000001,6.086430903681723
4588.5,4.588500000000003,6.088930903681735
4589.0,4.588999999999999,6.091430903681712
4589.5,4.589500000000001,6.0830682463207
4590.0,4.589999999999996,6.085568246320676
4590.5,4.590499999999999,6.088068246320688
4591.0,4.591000000000001,6.079747399987774
4591.5,4.5915000000000035,6.082247399987786
4592.0,4.591999999999999,6.084747399987762
4592.5,4.592500000000001,6.076387946168005
4593.0,4.592999999999996,6.078887946167981
4593.5,4.593499999999999,6.081387946167993
4594.0,4.594000000000001,6.072960247333725
4594.5,4.594500000000004,6.075460247333737
4595.0,4.594999999999999,6.0779602473337135
4595.5,4.595500000000001,6.0694495158124795
4596.0,4.5959999999999965,6.071949515812456
4596.5,4.596499999999999,6.074449515812468
4597.0,4.597000000000001,6.065837158670888
4597.5,4.597500000000004,6.0683371586709
4598.0,4.597999999999999,6.0708371586708765
4598.5,4.598500000000001,6.062101913505451
4599.0,4.598999999999997,6.064601913505427
4599.5,4.599499999999999,6.067101913505439
4600.0,4.600000000000001,6.058235538781496
4600.5,4.600500000000004,6.060735538781508
4601.0,4.600999999999999,6.063235538781484
4601.5,4.6015000000000015,6.0542475712246
4602.0,4.601999999999997,6.056747571224577
4602.5,4.602499999999999,6.059247571224589
4603.0,4.6030000000000015,6.050185878121539
4603.5,4.603500000000004,6.052685878121551
4604.0,4.603999999999999,6.055185878121527
4604.5,4.604500000000002,6.046092495231576
4605.0,4.604999999999997,6.048592495231553
4605.5,4.605499999999999,6.051092495231565
4606.0,4.606000000000002,6.053592495231577
4606.5,4.606500000000004,6.044519401586648
4607.0,4.606999999999999,6.047019401586624
4607.5,4.607500000000002,6.049519401586636
4608.0,4.607999999999997,6.040543834223904
4608.5,4.608499999999999,6.043043834223916
4609.0,4.609000000000002,6.045543834223928
4609.5,4.609499999999997,6.036736624401655
4610.0,4.609999999999999,6.039236624401667
4610.5,4.610500000000002,6.041736624401679
4611.0,4.610999999999997,6.033133375292294
4611.5,4.6114999999999995,6.035633375292306
4612.0,4.612000000000002,6.038133375292318
4612.5,4.612499999999997,6.029753258923556
4613.0,4.6129999999999995,6.032253258923568
4613.5,4.613500000000002,6.03475325892358
4614.0,4.613999999999997,6.02657141348498
4614.5,4.6145,6.029071413484992
4615.0,4.615000000000002,6.031571413485004
4615.5,4.615499999999997,6.023564916388011
4616.0,4.616,6.026064916388023
4616.5,4.616500000000002,6.028564916388035
4617.0,4.616999999999997,6.020702219567049
4617.5,4.6175,6.023202219567061
4618.0,4.618000000000002,6.025702219567073
4618.5,4.618499999999997,6.017964881186408
4619.0,4.619,6.02046488118642
4619.5,4.619500000000002,6.022964881186432
4620.0,4.619999999999997,6.015300913498827
4620.5,4.6205,6.017800913498839
4621.0,4.621000000000002,6.0203009134988505
4621.5,4.6214999999999975,6.012673173977845
4622.0,4.622,6.015173173977857
4622.5,4.622500000000002,6.017673173977869
4623.0,4.6229999999999976,6.010048492750677
4623.5,4.6235,6.012548492750689
4624.0,4.624000000000002,6.015048492750701
4624.5,4.624499999999998,6.007398631205625
4625.0,4.625,6.009898631205637
4625.5,4.625500000000002,6.012398631205649
4626.0,4.625999999999998,6.004679413409484
4626.5,4.6265,6.007179413409496
4627.0,4.6270000000000024,6.009679413409508
4627.5,4.627499999999998,6.001851757173071
4628.0,4.628,6.004351757173083
4628.5,4.6285000000000025,6.006851757173095
4629.0,4.628999999999998,5.998865560294284
4629.5,4.6295,6.001365560294296
4630.0,4.630000000000003,6.003865560294308
4630.5,4.630499999999998,5.995665381674868
4631.0,4.631,5.99816538167488
4631.5,4.631500000000003,6.000665381674892
4632.0,4.631999999999998,5.992223063409412
4632.5,4.6325,5.994723063409424
4633.0,4.633000000000003,5.997223063409436
4633.5,4.633499999999998,5.988536128844331
4634.0,4.634,5.991036128844343
4634.5,4.634500000000003,5.9935361288443545
4635.0,4.634999999999998,5.984648592928821
4635.5,4.6355,5.987148592928833
4636.0,4.636000000000003,5.9896485929288446
4636.5,4.636499999999998,5.980611325991987
4637.0,4.6370000000000005,5.983111325991999
4637.5,4.637500000000003,5.985611325992011
4638.0,4.637999999999998,5.976478955845295
4638.5,4.6385000000000005,5.978978955845307
4639.0,4.639000000000003,5.9814789558453185
4639.5,4.639499999999998,5.972297173028487
4640.0,4.640000000000001,5.974797173028499
4640.5,4.640500000000003,5.977297173028511
4641.0,4.640999999999998,5.9681024319928255
4641.5,4.641500000000001,5.9706024319928375
4642.0,4.642000000000003,5.973102431992849
4642.5,4.642499999999998,5.963914630134575
4643.0,4.643000000000001,5.966414630134587
4643.5,4.643500000000003,5.9689146301345986
4644.0,4.643999999999998,5.959734190366213
4644.5,4.644500000000001,5.962234190366225
4645.0,4.645000000000003,5.9647341903662365
4645.5,4.645499999999998,5.955577822796663
4646.0,4.646000000000001,5.958077822796675
4646.5,4.646500000000003,5.960577822796687
4647.0,4.6469999999999985,5.951438040518013
4647.5,4.647500000000001,5.953938040518025
4648.0,4.648000000000003,5.956438040518037
4648.5,4.6484999999999985,5.947299059241189
4649.0,4.649000000000001,5.949799059241201
4649.5,4.649499999999996,5.952299059241177
4650.0,4.649999999999999,5.9431660169842715
4650.5,4.650500000000001,5.945666016984283
4651.0,4.651000000000003,5.948166016984295
4651.5,4.651499999999999,5.939057940881511
4652.0,4.652000000000001,5.941557940881523
4652.5,4.652499999999996,5.9440579408815
4653.0,4.652999999999999,5.934996782361033
4653.5,4.653500000000001,5.937496782361045
4654.0,4.6540000000000035,5.939996782361057
4654.5,4.654499999999999,5.930984177627039
4655.0,4.655000000000001,5.933484177627051
4655.5,4.655499999999996,5.935984177627027
4656.0,4.655999999999999,5.927012237155864
4656.5,4.656500000000001,5.929512237155876
4657.0,4.657000000000004,5.932012237155888
4657.5,4.657499999999999,5.923045034793937
4658.0,4.658000000000001,5.925545034793949
4658.5,4.6584999999999965,5.928045034793925
4659.0,4.658999999999999,5.919038123083027
4659.5,4.659500000000001,5.921538123083039
4660.0,4.660000000000004,5.924038123083051
4660.5,4.660499999999999,5.914969554138878
4661.0,4.661000000000001,5.91746955413889
4661.5,4.661499999999997,5.919969554138866
4662.0,4.661999999999999,5.910818804316662
4662.5,4.662500000000001,5.913318804316674
4663.0,4.663000000000004,5.915818804316686
4663.5,4.663499999999999,5.906565347574002
4664.0,4.6640000000000015,5.909065347574014
4664.5,4.664499999999997,5.91156534757399
4665.0,4.664999999999999,5.902160732938846
4665.5,4.6655000000000015,5.904660732938858
4666.0,4.666000000000004,5.90716073293887
4666.5,4.666499999999999,5.897607518366428
4667.0,4.667000000000002,5.90010751836644
4667.5,4.667499999999997,5.902607518366416
4668.0,4.667999999999999,5.89289706569101
4668.5,4.668500000000002,5.8953970656910215
4669.0,4.669000000000004,5.8978970656910334
4669.5,4.669499999999999,5.888017767289178
4670.0,4.670000000000002,5.8905177672891895
4670.5,4.670499999999997,5.893017767289166
4671.0,4.670999999999999,5.882992989233244
4671.5,4.671500000000002,5.885492989233256
4672.0,4.671999999999997,5.887992989233233
4672.5,4.672499999999999,5.877833000162305
4673.0,4.673000000000002,5.880333000162317
4673.5,4.673499999999997,5.882833000162293
4674.0,4.6739999999999995,5.8725645718488195
4674.5,4.674500000000002,5.8750645718488315
4675.0,4.674999999999997,5.877564571848808
4675.5,4.6754999999999995,5.867230156689587
4676.0,4.676000000000002,5.869730156689599
4676.5,4.676499999999997,5.872230156689575
4677.0,4.677,5.861882046520321
4677.5,4.677500000000002,5.864382046520333
4678.0,4.677999999999997,5.86688204652031
4678.5,4.6785,5.856576462385874
4679.0,4.679000000000002,5.859076462385886
4679.5,4.679499999999997,5.861576462385862
4680.0,4.68,5.851395118063927
4680.5,4.680500000000002,5.853895118063939
4681.0,4.680999999999997,5.856395118063915
4681.5,4.6815,5.858895118063927
4682.0,4.682000000000002,5.848924324166376
4682.5,4.682499999999997,5.851424324166352
4683.0,4.683,5.853924324166364
4683.5,4.683500000000002,5.844231434735363
4684.0,4.6839999999999975,5.846731434735339
4684.5,4.6845,5.849231434735351
4685.0,4.685000000000002,5.839857942930564
4685.5,4.6854999999999976,5.842357942930541
4686.0,4.686,5.8448579429305525
4686.5,4.686500000000002,5.835821836480477
4687.0,4.686999999999998,5.838321836480453
4687.5,4.6875,5.840821836480465
4688.0,4.688000000000002,5.832126262038315
4688.5,4.688499999999998,5.834626262038292
4689.0,4.689,5.8371262620383035
4689.5,4.6895000000000024,5.8287719108331615
4690.0,4.689999999999998,5.831271910833138
4690.5,4.6905,5.83377191083315
4691.0,4.6910000000000025,5.825719323600893
4691.5,4.691499999999998,5.8282193236008695
4692.0,4.692,5.830719323600881
4692.5,4.692500000000003,5.822930949301899
4693.0,4.692999999999998,5.825430949301875
4693.5,4.6935,5.827930949301887
4694.0,4.694000000000003,5.820342791439224
4694.5,4.694499999999998,5.8228427914392
4695.0,4.695,5.825342791439212
4695.5,4.695500000000003,5.817887710906398
4696.0,4.695999999999998,5.820387710906374
4696.5,4.6965,5.822887710906386
4697.0,4.697000000000003,5.815477769987432
4697.5,4.697499999999998,5.817977769987408
4698.0,4.698,5.82047776998742
4698.5,4.698500000000003,5.813056413054198
4699.0,4.698999999999998,5.815556413054175
4699.5,4.6995000000000005,5.818056413054187
4700.0,4.700000000000003,5.810551212938044
4700.5,4.700499999999998,5.813051212938021
4701.0,4.7010000000000005,5.815551212938033
4701.5,4.701500000000003,5.80790419730576
4702.0,4.701999999999998,5.810404197305736
4702.5,4.702500000000001,5.812904197305748
4703.0,4.703000000000003,5.8050677687571195
4703.5,4.703499999999998,5.807567768757096
4704.0,4.704000000000001,5.810067768757108
4704.5,4.704500000000003,5.802035174516824
4705.0,4.704999999999998,5.804535174516801
4705.5,4.705500000000001,5.8070351745168125
4706.0,4.706000000000003,5.798804526956687
4706.5,4.706499999999998,5.801304526956663
4707.0,4.707000000000001,5.803804526956675
4707.5,4.707500000000003,5.795394186349654
4708.0,4.707999999999998,5.79789418634963
4708.5,4.708500000000001,5.800394186349642
4709.0,4.709000000000003,5.791846593909504
4709.5,4.7094999999999985,5.794346593909481
4710.0,4.710000000000001,5.796846593909493
4710.5,4.710500000000003,5.78820883105486
4711.0,4.7109999999999985,5.790708831054836
4711.5,4.711500000000001,5.793208831054848
4712.0,4.711999999999996,5.784533696658656
4712.5,4.712499999999999,5.787033696658668
4713.0,4.713000000000001,5.78953369665868
4713.5,4.713500000000003,5.780847915778438
4714.0,4.713999999999999,5.783347915778414
4714.5,4.714500000000001,5.785847915778426
4715.0,4.714999999999996,5.777181635215101
4715.5,4.715499999999999,5.779681635215113
4716.0,4.716000000000001,5.7821816352151245
4716.5,4.7165000000000035,5.773586671278785
4717.0,4.716999999999999,5.776086671278762
4717.5,4.717500000000001,5.778586671278774
4718.0,4.717999999999996,5.770105987066998
4718.5,4.718499999999999,5.77260598706701
4719.0,4.719000000000001,5.775105987067022
4719.5,4.719500000000004,5.766778080281156
4720.0,4.719999999999999,5.769278080281133
4720.5,4.720500000000001,5.771778080281145
4721.0,4.7209999999999965,5.763629729352822
4721.5,4.721499999999999,5.7661297293528335
4722.0,4.722000000000001,5.7686297293528455
4722.5,4.722500000000004,5.760655511699504
4723.0,4.722999999999999,5.76315551169948
4723.5,4.723500000000001,5.765655511699492
4724.0,4.723999999999997,5.75785256581991
4724.5,4.724499999999999,5.760352565819922
4725.0,4.725000000000001,5.762852565819934
4725.5,4.725500000000004,5.7552063389501384
4726.0,4.725999999999999,5.757706338950115
4726.5,4.7265000000000015,5.760206338950127
4727.0,4.726999999999997,5.752642242369319
4727.5,4.727499999999999,5.755142242369331
4728.0,4.7280000000000015,5.757642242369343
4728.5,4.728500000000004,5.750088258405022
4729.0,4.728999999999999,5.752588258404998
4729.5,4.729500000000002,5.75508825840501
4730.0,4.729999999999997,5.747474528334919
4730.5,4.730499999999999,5.749974528334931
4731.0,4.731000000000002,5.752474528334943
4731.5,4.731500000000004,5.744717169160758
4732.0,4.731999999999999,5.747217169160734
4732.5,4.732500000000002,5.749717169160746
4733.0,4.732999999999997,5.741750313832341
4733.5,4.733499999999999,5.744250313832353
4734.0,4.734000000000002,5.746750313832365
4734.5,4.734499999999997,5.738525382547763
4735.0,4.734999999999999,5.741025382547775
4735.5,4.735500000000002,5.743525382547787
4736.0,4.735999999999997,5.735059554128306
4736.5,4.7364999999999995,5.7375595541283175
4737.0,4.737000000000002,5.7400595541283295
4737.5,4.737499999999997,5.731349120582792
4738.0,4.7379999999999995,5.7338491205828035
4738.5,4.738500000000002,5.736349120582815
4739.0,4.738999999999997,5.727423634041742
4739.5,4.7395,5.729923634041754
4740.0,4.740000000000002,5.732423634041766
4740.5,4.740499999999997,5.72331813620746
4741.0,4.741,5.725818136207472
4741.5,4.741500000000002,5.728318136207484
4742.0,4.741999999999997,5.7190910098074355
4742.5,4.7425,5.721591009807447
4743.0,4.743000000000002,5.724091009807459
4743.5,4.743499999999997,5.714767449751257
4744.0,4.744,5.717267449751269
4744.5,4.744500000000002,5.719767449751281
4745.0,4.744999999999997,5.710370124748252
4745.5,4.7455,5.712870124748264
4746.0,4.746000000000002,5.715370124748276
4746.5,4.7464999999999975,5.705911914598509
4747.0,4.747,5.708411914598521
4747.5,4.747500000000002,5.710911914598533
4748.0,4.7479999999999976,5.701393868013334
4748.5,4.7485,5.7038938680133455
4749.0,4.749000000000002,5.7063938680133575
4749.5,4.749499999999998,5.69685076731826
4750.0,4.75,5.699350767318272
4750.5,4.750500000000002,5.701850767318284
4751.0,4.750999999999998,5.692320764515308
4751.5,4.7515,5.69482076451532
4752.0,4.7520000000000024,5.697320764515332
4752.5,4.752499999999998,5.68784155598582
4753.0,4.753,5.690341555985832
4753.5,4.7535000000000025,5.692841555985844
4754.0,4.753999999999998,5.683445748396885
4754.5,4.7545,5.685945748396897
4755.0,4.755000000000003,5.688445748396909
4755.5,4.755499999999998,5.67913440595472
4756.0,4.756,5.681634405954732
4756.5,4.756500000000003,5.684134405954744
4757.0,4.756999999999998,5.68663440595472
4757.5,4.7575,5.677431528519854
4758.0,4.758000000000003,5.679931528519866
4758.5,4.758499999999998,5.682431528519842
4759.0,4.759,5.673334046715652
4759.5,4.759500000000003,5.675834046715664
4760.0,4.759999999999998,5.678334046715641
4760.5,4.7605,5.669304119929848
4761.0,4.761000000000003,5.67180411992986
4761.5,4.761499999999998,5.674304119929836
4762.0,4.7620000000000005,5.665315555959403
4762.5,4.762500000000003,5.6678155559594146
4763.0,4.762999999999998,5.670315555959391
4763.5,4.7635000000000005,5.661360108801112
4764.0,4.764000000000003,5.663860108801124
4764.5,4.764499999999998,5.666360108801101
4765.0,4.765000000000001,5.657405507690001
4765.5,4.765500000000003,5.659905507690013
4766.0,4.765999999999998,5.662405507689989
4766.5,4.766500000000001,5.6534609248310375
4767.0,4.767000000000003,5.655960924831049
4767.5,4.767499999999998,5.658460924831026
4768.0,4.768000000000001,5.649540857772308
4768.5,4.768500000000003,5.65204085777232
4769.0,4.768999999999998,5.654540857772297
4769.5,4.769500000000001,5.6456160695832125
4770.0,4.770000000000003,5.648116069583224
4770.5,4.770499999999998,5.650616069583201
4771.0,4.771000000000001,5.641683349279383
4771.5,4.771500000000003,5.644183349279395
4772.0,4.7719999999999985,5.646683349279371
4772.5,4.772500000000001,5.63768827544866
4773.0,4.773000000000003,5.640188275448672
4773.5,4.7734999999999985,5.6426882754486485
4774.0,4.774000000000001,5.633622775786478
4774.5,4.774499999999996,5.636122775786454
4775.0,4.774999999999999,5.638622775786466
4775.5,4.775500000000001,5.62948658330761
4776.0,4.776000000000003,5.631986583307622
4776.5,4.776499999999999,5.6344865833075986
4777.0,4.777000000000001,5.625270584919377
4777.5,4.777499999999996,5.627770584919354
4778.0,4.777999999999999,5.630270584919366
4778.5,4.778500000000001,5.620996606066591
4779.0,4.7790000000000035,5.6234966060666025
4779.5,4.779499999999999,5.625996606066579
4780.0,4.780000000000001,5.616666297900217
4780.5,4.780499999999996,5.619166297900193
4781.0,4.780999999999999,5.621666297900205
4781.5,4.781500000000001,5.612306432720686
4782.0,4.782000000000004,5.614806432720698
4782.5,4.782499999999999,5.6173064327206745
4783.0,4.783000000000001,5.607964948916049
4783.5,4.7834999999999965,5.610464948916025
4784.0,4.783999999999999,5.612964948916037
4784.5,4.784500000000001,5.603706944326667
4785.0,4.785000000000004,5.606206944326679
4785.5,4.785499999999999,5.608706944326656
4786.0,4.786000000000001,5.599591051985087
4786.5,4.786499999999997,5.602091051985063
4787.0,4.786999999999999,5.604591051985075
4787.5,4.787500000000001,5.595650733425792
4788.0,4.788000000000004,5.598150733425804
4788.5,4.788499999999999,5.6006507334257805
4789.0,4.7890000000000015,5.591929974356269
4789.5,4.789499999999997,5.594429974356245
4790.0,4.789999999999999,5.596929974356257
4790.5,4.7905000000000015,5.58845406280831
4791.0,4.791000000000004,5.590954062808322
4791.5,4.791499999999999,5.5934540628082985
4792.0,4.792000000000002,5.585219016369507
4792.5,4.792499999999997,5.587719016369483
4793.0,4.792999999999999,5.590219016369495
4793.5,4.793500000000002,5.582224995339544
4794.0,4.794000000000004,5.584724995339556
4794.5,4.794499999999999,5.5872249953395325
4795.0,4.795000000000002,5.579447654137972
4795.5,4.795499999999997,5.581947654137949
4796.0,4.795999999999999,5.584447654137961
4796.5,4.796500000000002,5.576854859719411
4797.0,4.796999999999997,5.579354859719388
4797.5,4.797499999999999,5.5818548597193995
4798.0,4.798000000000002,5.574386284010764
4798.5,4.798499999999997,5.57688628401074
4799.0,4.7989999999999995,5.579386284010752
4799.5,4.799500000000002,5.57198055782969
4800.0,4.799999999999997,5.574480557829666
4800.5,4.8004999999999995,5.576980557829678
4801.0,4.801000000000002,5.569555081225488
4801.5,4.801499999999997,5.572055081225464
4802.0,4.802,5.574555081225476
4802.5,4.802500000000002,5.567039045720499
4803.0,4.802999999999997,5.569539045720475
4803.5,4.8035,5.572039045720487
4804.0,4.804000000000002,5.564380382998699
4804.5,4.804499999999997,5.566880382998676
4805.0,4.805,5.569380382998688
4805.5,4.805500000000002,5.561519737497207
4806.0,4.805999999999997,5.564019737497183
4806.5,4.8065,5.566519737497195
4807.0,4.807000000000002,5.5584199419454094
4807.5,4.807499999999997,5.560919941945386
4808.0,4.808,5.563419941945398
4808.5,4.808500000000002,5.555064022434806
4809.0,4.8089999999999975,5.557564022434782
4809.5,4.8095,5.560064022434794
4810.0,4.810000000000002,5.551460946818949
4810.5,4.8104999999999976,5.5539609468189255
4811.0,4.811,5.556460946818937
4811.5,4.811500000000002,5.5476456272454655
4812.0,4.811999999999998,5.550145627245442
4812.5,4.8125,5.552645627245454
4813.0,4.813000000000002,5.543663483023202
4813.5,4.813499999999998,5.546163483023179
4814.0,4.814,5.548663483023191
4814.5,4.8145000000000024,5.539541651978155
4815.0,4.814999999999998,5.542041651978131
4815.5,4.8155,5.544541651978143
4816.0,4.8160000000000025,5.535309416720153
4816.5,4.816499999999998,5.53780941672013
4817.0,4.817,5.540309416720142
4817.5,4.817500000000003,5.5310119624989085
4818.0,4.817999999999998,5.533511962498885
4818.5,4.8185,5.536011962498897
4819.0,4.819000000000003,5.526687678085906
4819.5,4.819499999999998,5.529187678085883
4820.0,4.82,5.531687678085895
4820.5,4.820500000000003,5.522385785715684
4821.0,4.820999999999998,5.524885785715661
4821.5,4.8215,5.527385785715673
4822.0,4.822000000000003,5.5181380642953215
4822.5,4.822499999999998,5.520638064295298
4823.0,4.823,5.52313806429531
4823.5,4.823500000000003,5.513967109968867
4824.0,4.823999999999998,5.516467109968843
4824.5,4.8245000000000005,5.518967109968855
4825.0,4.825000000000003,5.509860055330726
4825.5,4.825499999999998,5.512360055330703
4826.0,4.8260000000000005,5.514860055330715
4826.5,4.826500000000003,5.505764130829718
4827.0,4.826999999999998,5.508264130829694
4827.5,4.827500000000001,5.510764130829706
4828.0,4.828000000000003,5.501641924589755
4828.5,4.828499999999998,5.504141924589732
4829.0,4.829000000000001,5.5066419245897436
4829.5,4.829500000000003,5.497452728493286
4830.0,4.829999999999998,5.4999527284932626
4830.5,4.830500000000001,5.5024527284932745
4831.0,4.831000000000003,5.493166518989767
4831.5,4.831499999999998,5.495666518989744
4832.0,4.832000000000001,5.4981665189897555
4832.5,4.832500000000003,5.500666518989767
4833.0,4.832999999999998,5.491251689045065
4833.5,4.833500000000001,5.493751689045077
4834.0,4.834000000000003,5.4962516890450885
4834.5,4.8344999999999985,5.486700300666243
4835.0,4.835000000000001,5.489200300666255
4835.5,4.835500000000003,5.491700300666267
4836.0,4.8359999999999985,5.482034720333289
4836.5,4.836500000000001,5.484534720333301
4837.0,4.836999999999996,5.487034720333277
4837.5,4.837499999999999,5.477260264776547
4838.0,4.838000000000001,5.479760264776559
4838.5,4.838500000000003,5.482260264776571
4839.0,4.838999999999999,5.472386654867236
4839.5,4.839500000000001,5.474886654867248
4840.0,4.839999999999996,5.4773866548672245
4840.5,4.840499999999999,5.46742347969154
4841.0,4.841000000000001,5.469923479691552
4841.5,4.8415000000000035,5.472423479691564
4842.0,4.841999999999999,5.462386224386968
4842.5,4.842500000000001,5.46488622438698
4843.0,4.842999999999996,5.467386224386956
4843.5,4.843499999999999,5.457296948246686
4844.0,4.844000000000001,5.459796948246698
4844.5,4.844500000000004,5.46229694824671
4845.0,4.844999999999999,5.4521841861028975
4845.5,4.845500000000001,5.454684186102909
4846.0,4.8459999999999965,5.457184186102886
4846.5,4.846499999999999,5.4470595814761325
4847.0,4.847000000000001,5.449559581476144
4847.5,4.847500000000004,5.452059581476156
4848.0,4.847999999999999,5.441954788215071
4848.5,4.848500000000001,5.444454788215083
4849.0,4.848999999999997,5.446954788215059
4849.5,4.849499999999999,5.43689670184083
4850.0,4.850000000000001,5.439396701840842
4850.5,4.850500000000004,5.441896701840854
4851.0,4.850999999999999,5.431895842875676
4851.5,4.8515000000000015,5.434395842875688
4852.0,4.851999999999997,5.436895842875664
4852.5,4.852499999999999,5.426975783198564
4853.0,4.8530000000000015,5.429475783198576
4853.5,4.853500000000004,5.431975783198588
4854.0,4.853999999999999,5.422146964444714
4854.5,4.854500000000002,5.424646964444726
4855.0,4.854999999999997,5.427146964444702
4855.5,4.855499999999999,5.417391524087769
4856.0,4.856000000000002,5.419891524087781
4856.5,4.856500000000004,5.422391524087793
4857.0,4.856999999999999,5.412713072433952
4857.5,4.857500000000002,5.415213072433964
4858.0,4.857999999999997,5.417713072433941
4858.5,4.858499999999999,5.408095756518456
4859.0,4.859000000000002,5.410595756518468
4859.5,4.859499999999997,5.4130957565184445
4860.0,4.859999999999999,5.40352835745896
4860.5,4.860500000000002,5.406028357458972
4861.0,4.860999999999997,5.408528357458948
4861.5,4.8614999999999995,5.399014166618485
4862.0,4.862000000000002,5.401514166618497
4862.5,4.862499999999997,5.404014166618474
4863.0,4.8629999999999995,5.3945456156138505
4863.5,4.863500000000002,5.397045615613862
4864.0,4.863999999999997,5.399545615613839
4864.5,4.8645,5.390115606369292
4865.0,4.865000000000002,5.392615606369304
4865.5,4.865499999999997,5.395115606369281
4866.0,4.866,5.3857181843687485
4866.5,4.866500000000002,5.38821818436876
4867.0,4.866999999999997,5.390718184368737
4867.5,4.8675,5.381350527257851
4868.0,4.868000000000002,5.383850527257863
4868.5,4.868499999999997,5.386350527257839
4869.0,4.869,5.377039251344442
4869.5,4.869500000000002,5.379539251344454
4870.0,4.869999999999997,5.38203925134443
4870.5,4.8705,5.372828277838622
4871.0,4.871000000000002,5.3753282778386335
4871.5,4.8714999999999975,5.37782827783861
4872.0,4.872,5.368765365601185
4872.5,4.872500000000002,5.371265365601197
4873.0,4.8729999999999976,5.373765365601173
4873.5,4.8735,5.364887596807613
4874.0,4.874000000000002,5.367387596807625
4874.5,4.874499999999998,5.369887596807601
4875.0,4.875,5.36119968490695
4875.5,4.875500000000002,5.363699684906962
4876.0,4.875999999999998,5.366199684906938
4876.5,4.8765,5.357654917811274
4877.0,4.8770000000000024,5.360154917811286
4877.5,4.877499999999998,5.362654917811263
4878.0,4.878,5.354216263803693
4878.5,4.8785000000000025,5.356716263803705
4879.0,4.878999999999998,5.359216263803681
4879.5,4.8795,5.3508614279197175
4880.0,4.880000000000003,5.3533614279197295
4880.5,4.880499999999998,5.355861427919706
4881.0,4.881,5.347548776449926
4881.5,4.881500000000003,5.350048776449938
4882.0,4.881999999999998,5.352548776449915
4882.5,4.8825,5.344278957106994
4883.0,4.883000000000003,5.346778957107006
4883.5,4.883499999999998,5.349278957106982
4884.0,4.884,5.341038483176206
4884.5,4.884500000000003,5.343538483176218
4885.0,4.884999999999998,5.346038483176194
4885.5,4.8855,5.337844432888872
4886.0,4.886000000000003,5.340344432888884
4886.5,4.886499999999998,5.34284443288886
4887.0,4.8870000000000005,5.3347126903797815
4887.5,4.887500000000003,5.337212690379793
4888.0,4.887999999999998,5.33971269037977
4888.5,4.8885000000000005,5.331675924915658
4889.0,4.889000000000003,5.3341759249156695
4889.5,4.889499999999998,5.336675924915646
4890.0,4.890000000000001,5.328729986707188
4890.5,4.890500000000003,5.3312299867072
4891.0,4.890999999999998,5.333729986707176
4891.5,4.891500000000001,5.325869475162968
4892.0,4.892000000000003,5.3283694751629795
4892.5,4.892499999999998,5.330869475162956
4893.0,4.893000000000001,5.323077612664342
4893.5,4.893500000000003,5.325577612664354
4894.0,4.893999999999998,5.32807761266433
4894.5,4.894500000000001,5.320326020565709
4895.0,4.895000000000003,5.322826020565721
4895.5,4.895499999999998,5.325326020565697
4896.0,4.896000000000001,5.317605194461024
4896.5,4.896500000000003,5.320105194461036
4897.0,4.8969999999999985,5.322605194461012
4897.5,4.897500000000001,5.314881888137002
4898.0,4.898000000000003,5.317381888137014
4898.5,4.8984999999999985,5.31988188813699
4899.0,4.899000000000001,5.312117937613259
4899.5,4.899499999999996,5.314617937613235
4900.0,4.899999999999999,5.317117937613247
4900.5,4.900500000000001,5.309291648250962
4901.0,4.901000000000003,5.311791648250974
4901.5,4.901499999999999,5.314291648250951
4902.0,4.902000000000001,5.306391974105473
4902.5,4.902499999999996,5.30889197410545
4903.0,4.902999999999999,5.311391974105462
4903.5,4.903500000000001,5.30337910661828
4904.0,4.9040000000000035,5.305879106618292
4904.5,4.904499999999999,5.308379106618268
4905.0,4.905000000000001,5.300239846813639
4905.5,4.905499999999996,5.3027398468136155
4906.0,4.905999999999999,5.3052398468136275
4906.5,4.906500000000001,5.296944091694371
4907.0,4.907000000000004,5.299444091694383
4907.5,4.907499999999999,5.301944091694359
4908.0,4.908000000000001,5.304444091694371
4908.5,4.9084999999999965,5.295961566555505
4909.0,4.908999999999999,5.298461566555517
4909.5,4.909500000000001,5.300961566555529
4910.0,4.910000000000004,5.292262933976595
4910.5,4.910499999999999,5.294762933976571
4911.0,4.911000000000001,5.297262933976583
4911.5,4.911499999999997,5.2883389945198545
4912.0,4.911999999999999,5.290838994519866
4912.5,4.912500000000001,5.293338994519878
4913.0,4.913000000000004,5.284169970739079
4913.5,4.913499999999999,5.286669970739055
4914.0,4.9140000000000015,5.289169970739067
4914.5,4.914499999999997,5.279772124245632
4915.0,4.914999999999999,5.282272124245644
4915.5,4.9155000000000015,5.284772124245656
4916.0,4.916000000000004,5.275148669500744
4916.5,4.916499999999999,5.277648669500721
4917.0,4.917000000000002,5.280148669500733
4917.5,4.917499999999997,5.270333012770898
4918.0,4.917999999999999,5.27283301277091
4918.5,4.918500000000002,5.275333012770922
4919.0,4.919000000000004,5.265349329761797
4919.5,4.919499999999999,5.2678493297617734
4920.0,4.920000000000002,5.270349329761785
4920.5,4.920499999999997,5.260235070458812
4921.0,4.920999999999999,5.262735070458824
4921.5,4.921500000000002,5.265235070458836
4922.0,4.921999999999997,5.255065160656187
4922.5,4.922499999999999,5.257565160656199
4923.0,4.923000000000002,5.260065160656211
4923.5,4.923499999999997,5.249884576159012
4924.0,4.9239999999999995,5.252384576159024
4924.5,4.924500000000002,5.254884576159036
4925.0,4.924999999999997,5.244745328061882
4925.5,4.9254999999999995,5.247245328061894
4926.0,4.926000000000002,5.2497453280619055
4926.5,4.926499999999997,5.239665046476603
4927.0,4.927,5.2421650464766145
4927.5,4.927500000000002,5.2446650464766265
4928.0,4.927999999999997,5.234646808590355
4928.5,4.9285,5.237146808590367
4929.0,4.929000000000002,5.239646808590379
4929.5,4.929499999999997,5.229651877532788
4930.0,4.93,5.2321518775328
4930.5,4.930500000000002,5.234651877532812
4931.0,4.930999999999997,5.224641882123713
4931.5,4.9315,5.227141882123725
4932.0,4.932000000000002,5.229641882123737
4932.5,4.932499999999997,5.21959479679694
4933.0,4.933,5.222094796796952
4933.5,4.933500000000002,5.224594796796964
4934.0,4.9339999999999975,5.21450514255509
4934.5,4.9345,5.217005142555102
4935.0,4.935000000000002,5.219505142555114
4935.5,4.9354999999999976,5.209356208315263
4936.0,4.936,5.211856208315275
4936.5,4.936500000000002,5.214356208315287
4937.0,4.936999999999998,5.204132581838188
4937.5,4.9375,5.2066325818382
4938.0,4.938000000000002,5.209132581838212
4938.5,4.938499999999998,5.1988329036431224
4939.0,4.939,5.201332903643134
4939.5,4.9395000000000024,5.203832903643146
4940.0,4.939999999999998,5.193474499408985
4940.5,4.9405,5.195974499408997
4941.0,4.9410000000000025,5.198474499409009
4941.5,4.941499999999998,5.188085303592267
4942.0,4.942,5.190585303592279
4942.5,4.942500000000003,5.193085303592291
4943.0,4.942999999999998,5.182682689568097
4943.5,4.9435,5.185182689568109
4944.0,4.944000000000003,5.1876826895681205
4944.5,4.944499999999998,5.177290199778568
4945.0,4.945,5.17979019977858
4945.5,4.945500000000003,5.182290199778592
4946.0,4.945999999999998,5.171901358261479
4946.5,4.9465,5.174401358261491
4947.0,4.947000000000003,5.176901358261503
4947.5,4.947499999999998,5.1665430260107215
4948.0,4.948,5.169043026010733
4948.5,4.948500000000003,5.171543026010745
4949.0,4.948999999999998,5.161238244673427
4949.5,4.9495000000000005,5.163738244673439
4950.0,4.950000000000003,5.166238244673451
4950.5,4.950499999999998,5.156005467624141
4951.0,4.9510000000000005,5.158505467624153
4951.5,4.951500000000003,5.161005467624165
4952.0,4.951999999999998,5.150866552713005
4952.5,4.952500000000001,5.153366552713017
4953.0,4.953000000000003,5.155866552713029
4953.5,4.953499999999998,5.145850776280234
4954.0,4.954000000000001,5.148350776280246
4954.5,4.954500000000003,5.150850776280258
4955.0,4.954999999999998,5.140978707023471
4955.5,4.955500000000001,5.143478707023483
4956.0,4.956000000000003,5.145978707023495
4956.5,4.956499999999998,5.136281734346291
4957.0,4.957000000000001,5.138781734346303
4957.5,4.957500000000003,5.141281734346315
4958.0,4.957999999999998,5.131763324937069
4958.5,4.958500000000001,5.134263324937081
4959.0,4.959000000000003,5.1367633249370925
4959.5,4.9594999999999985,5.127423872130166
4960.0,4.960000000000001,5.129923872130178
4960.5,4.960500000000003,5.13242387213019
4961.0,4.9609999999999985,5.123253438532522
4961.5,4.961500000000001,5.125753438532534
4962.0,4.961999999999996,5.128253438532511
4962.5,4.962499999999999,5.119239853238646
4963.0,4.963000000000001,5.121739853238658
4963.5,4.963500000000003,5.12423985323867
4964.0,4.963999999999999,5.11537550795083
4964.5,4.964500000000001,5.117875507950842
4965.0,4.964999999999996,5.120375507950818
4965.5,4.965499999999999,5.111610153800825
4966.0,4.966000000000001,5.114110153800837
4966.5,4.9665000000000035,5.116610153800849
4967.0,4.966999999999999,5.107926308519026
4967.5,4.967500000000001,5.110426308519038
4968.0,4.967999999999996,5.112926308519015
4968.5,4.968499999999999,5.104315016089487
4969.0,4.969000000000001,5.106815016089499
4969.5,4.969500000000004,5.109315016089511
4970.0,4.969999999999999,5.1007535513347335
4970.5,4.970500000000001,5.1032535513347455
4971.0,4.9709999999999965,5.105753551334722
4971.5,4.971499999999999,5.097227278186622
4972.0,4.972000000000001,5.099727278186634
4972.5,4.972500000000004,5.102227278186646
4973.0,4.972999999999999,5.093728015265704
4973.5,4.973500000000001,5.096228015265716
4974.0,4.973999999999997,5.098728015265692
4974.5,4.974499999999999,5.090262218814665
4975.0,4.975000000000001,5.092762218814677
4975.5,4.975500000000004,5.095262218814689
4976.0,4.975999999999999,5.086826292481952
4976.5,4.9765000000000015,5.089326292481964
4977.0,4.976999999999997,5.09182629248194
4977.5,4.977499999999999,5.08342010829633
4978.0,4.9780000000000015,5.085920108296342
4978.5,4.978500000000004,5.088420108296354
4979.0,4.978999999999999,5.08003853837284
4979.5,4.979500000000002,5.082538538372852
4980.0,4.979999999999997,5.085038538372828
4980.5,4.980499999999999,5.076711356911794
4981.0,4.981000000000002,5.079211356911806
4981.5,4.981500000000004,5.081711356911818
4982.0,4.981999999999999,5.073441791866742
4982.5,4.982500000000002,5.075941791866754
4983.0,4.982999999999997,5.07844179186673
4983.5,4.983499999999999,5.080941791866742
4984.0,4.984000000000002,5.0726990761309665
4984.5,4.984499999999997,5.075199076130943
4985.0,4.984999999999999,5.077699076130955
4985.5,4.985500000000002,5.069477377289822
4986.0,4.985999999999997,5.071977377289798
4986.5,4.9864999999999995,5.07447737728981
4987.0,4.987000000000002,5.066252998790048
4987.5,4.987499999999997,5.068752998790025
4988.0,4.9879999999999995,5.071252998790037
4988.5,4.988500000000002,5.062995686365319
4989.0,4.988999999999997,5.065495686365296
4989.5,4.9895,5.0679956863653075
4990.0,4.990000000000002,5.059697765779916
4990.5,4.990499999999997,5.062197765779892
4991.0,4.991,5.064697765779904
4991.5,4.991500000000002,5.056341636443875
4992.0,4.991999999999997,5.0588416364438515
4992.5,4.9925,5.0613416364438635
4993.0,4.993000000000002,5.052938397178863
4993.5,4.993499999999997,5.05543839717884
4994.0,4.994,5.057938397178852
4994.5,4.994500000000002,5.049465744053485
4995.0,4.994999999999997,5.0519657440534615
4995.5,4.9955,5.0544657440534735
4996.0,4.996000000000002,5.045909226548417
4996.5,4.9964999999999975,5.048409226548394
4997.0,4.997,5.050909226548406
4997.5,4.997500000000002,5.042259566589848
4998.0,4.9979999999999976,5.044759566589825
4998.5,4.9985,5.047259566589837
4999.0,4.999000000000002,5.03849124732902
4999.5,4.999499999999998,5.040991247328996
5000.0,5.0,5.043491247329008
5000.5,5.000500000000002,5.034591681663123
5001.0,5.000999999999998,5.0370916816630995
5001.5,5.0015,5.0395916816631114
5002.0,5.0020000000000024,5.030560427300905
5002.5,5.002499999999998,5.033060427300882
5003.0,5.003,5.035560427300894
5003.5,5.0035000000000025,5.026396839964136
5004.0,5.003999999999998,5.028896839964112
5004.5,5.0045,5.031396839964124
5005.0,5.005000000000003,5.022087596155984
5005.5,5.005499999999998,5.0245875961559605
5006.0,5.006,5.0270875961559724
5006.5,5.006500000000003,5.017621289222838
5007.0,5.006999999999998,5.020121289222814
5007.5,5.0075,5.022621289222826
5008.0,5.008000000000003,5.012988512504606
5008.5,5.008499999999998,5.015488512504582
5009.0,5.009,5.017988512504594
5009.5,5.009500000000003,5.00819733664752
5010.0,5.009999999999998,5.010697336647496
5010.5,5.0105,5.013197336647508
5011.0,5.011000000000003,5.003244966909968
5011.5,5.011499999999998,5.005744966909944
5012.0,5.0120000000000005,5.008244966909956
5012.5,5.012500000000003,4.9981272489744555
5013.0,5.012999999999998,5.000627248974432
5013.5,5.0135000000000005,5.003127248974444
5014.0,5.014000000000003,4.992854006180529
5014.5,5.014499999999998,4.995354006180506
5015.0,5.015000000000001,4.997854006180518
5015.5,5.015500000000003,4.987448708810049
5016.0,5.015999999999998,4.989948708810026
5016.5,5.016500000000001,4.992448708810038
5017.0,5.017000000000003,4.981914859002927
5017.5,5.017499999999998,4.984414859002904
5018.0,5.018000000000001,4.9869148590029155
5018.5,5.018500000000003,4.976296343500657
5019.0,5.018999999999998,4.978796343500633
5019.5,5.019500000000001,4.981296343500645
5020.0,5.020000000000003,4.970633554123474
5020.5,5.020499999999998,4.97313355412345
5021.0,5.021000000000001,4.975633554123462
5021.5,5.021500000000003,4.964975307743238
5022.0,5.0219999999999985,4.967475307743214
5022.5,5.022500000000001,4.969975307743226
5023.0,5.023000000000003,4.959370766862996
5023.5,5.0234999999999985,4.9618707668629725
5024.0,5.024000000000001,4.964370766862984
5024.5,5.024499999999996,4.953853451973806
5025.0,5.024999999999999,4.956353451973818
5025.5,5.025500000000001,4.95885345197383
5026.0,5.026000000000003,4.948453126866994
5026.5,5.026499999999999,4.95095312686697
5027.0,5.027000000000001,4.953453126866982
5027.5,5.027499999999996,4.94318536067464
5028.0,5.027999999999999,4.945685360674652
5028.5,5.028500000000001,4.948185360674664
5029.0,5.0290000000000035,4.938047368661778
5029.5,5.029499999999999,4.940547368661754
5030.0,5.030000000000001,4.943047368661766
5030.5,5.030499999999996,4.933032862357614
5031.0,5.030999999999999,4.935532862357626
5031.5,5.031500000000001,4.9380328623576375
5032.0,5.032000000000004,4.928113723663579
5032.5,5.032499999999999,4.930613723663555
5033.0,5.033000000000001,4.933113723663567
5033.5,5.0334999999999965,4.923266510966577
5034.0,5.033999999999999,4.925766510966589
5034.5,5.034500000000001,4.928266510966601
5035.0,5.035000000000004,4.918474430692257
5035.5,5.035499999999999,4.920974430692233
5036.0,5.036000000000001,4.923474430692245
5036.5,5.036499999999997,4.9137176116279235
5037.0,5.036999999999999,4.9162176116279355
5037.5,5.037500000000001,4.918717611627947
5038.0,5.038000000000004,4.9089805789810015
5038.5,5.038499999999999,4.911480578980978
5039.0,5.0390000000000015,4.91398057898099
5039.5,5.039499999999997,4.904243582849297
5040.0,5.039999999999999,4.906743582849309
5040.5,5.0405000000000015,4.909243582849321
5041.0,5.041000000000004,4.899526847537814
5041.5,5.041499999999999,4.90202684753779
5042.0,5.042000000000002,4.904526847537802
5042.5,5.042499999999997,4.894834428884458
5043.0,5.042999999999999,4.89733442888447
5043.5,5.043500000000002,4.899834428884482
5044.0,5.044000000000004,4.890157989697883
5044.5,5.044499999999999,4.8926579896978595
5045.0,5.045000000000002,4.895157989697871
5045.5,5.045499999999997,4.885519682768482
5046.0,5.045999999999999,4.888019682768494
5046.5,5.046500000000002,4.890519682768506
5047.0,5.046999999999997,4.880910997085053
5047.5,5.047499999999999,4.883410997085065
5048.0,5.048000000000002,4.885910997085077
5048.5,5.048499999999997,4.876362129508287
5049.0,5.0489999999999995,4.878862129508299
5049.5,5.049500000000002,4.881362129508311
5050.0,5.049999999999997,4.8718772357691975
5050.5,5.0504999999999995,4.8743772357692094
5051.0,5.051000000000002,4.876877235769221
5051.5,5.051499999999997,4.867489809960439
5052.0,5.052,4.869989809960451
5052.5,5.052500000000002,4.872489809960463
5053.0,5.052999999999997,4.863241893574077
5053.5,5.0535,4.865741893574089
5054.0,5.054000000000002,4.868241893574101
5054.5,5.054499999999997,4.859165008779023
5055.0,5.055,4.861665008779035
5055.5,5.055500000000002,4.864165008779047
5056.0,5.055999999999997,4.855279955610037
5056.5,5.0565,4.857779955610049
5057.0,5.057000000000002,4.860279955610061
5057.5,5.057499999999997,4.851601182756653
5058.0,5.058,4.854101182756665
5058.5,5.058500000000002,4.856601182756677
5059.0,5.0589999999999975,4.859101182756653
5059.5,5.0595,4.8506185754568065
5060.0,5.060000000000002,4.8531185754568185
5060.5,5.0604999999999976,4.855618575456795
5061.0,5.061,4.847310067022903
5061.5,5.061500000000002,4.849810067022915
5062.0,5.061999999999998,4.852310067022891
5062.5,5.0625,4.844148705905056
5063.0,5.063000000000002,4.846648705905068
5063.5,5.063499999999998,4.849148705905044
5064.0,5.064,4.841099354619018
5064.5,5.0645000000000024,4.84359935461903
5065.0,5.064999999999998,4.846099354619007
5065.5,5.0655,4.838086942359361
5066.0,5.0660000000000025,4.840586942359373
5066.5,5.066499999999998,4.843086942359349
5067.0,5.067,4.835053848099697
5067.5,5.067500000000003,4.837553848099709
5068.0,5.067999999999998,4.840053848099686
5068.5,5.0685,4.831952168157443
5069.0,5.069000000000003,4.834452168157455
5069.5,5.069499999999998,4.836952168157431
5070.0,5.07,4.828744463522874
5070.5,5.070500000000003,4.831244463522886
5071.0,5.070999999999998,4.833744463522862
5071.5,5.0715,4.825407256949923
5072.0,5.072000000000003,4.827907256949935
5072.5,5.072499999999998,4.830407256949911
5073.0,5.073,4.821936545645897
5073.5,5.073500000000003,4.824436545645909
5074.0,5.073999999999998,4.826936545645886
5074.5,5.0745000000000005,4.81833360803126
5075.0,5.075000000000003,4.820833608031272
5075.5,5.075499999999998,4.823333608031248
5076.0,5.0760000000000005,4.8146113409844205
5076.5,5.076500000000003,4.817111340984432
5077.0,5.076999999999998,4.819611340984409
5077.5,5.077500000000001,4.8107868583840485
5078.0,5.078000000000003,4.8132868583840605
5078.5,5.078499999999998,4.815786858384037
5079.0,5.079000000000001,4.806879144139238
5079.5,5.079500000000003,4.80937914413925
5080.0,5.079999999999998,4.811879144139226
5080.5,5.080500000000001,4.8029312860010265
5081.0,5.081000000000003,4.805431286001038
5081.5,5.081499999999998,4.807931286001015
5082.0,5.082000000000001,4.798983172601403
5082.5,5.082500000000003,4.801483172601415
5083.0,5.082999999999998,4.8039831726013915
5083.5,5.083500000000001,4.795090190312479
5084.0,5.084000000000003,4.797590190312491
5084.5,5.0844999999999985,4.800090190312467
5085.0,5.085000000000001,4.791270662370799
5085.5,5.085500000000003,4.793770662370811
5086.0,5.0859999999999985,4.796270662370787
5086.5,5.086500000000001,4.787537293723858
5087.0,5.086999999999996,4.7900372937238345
5087.5,5.087499999999999,4.792537293723846
5088.0,5.088000000000001,4.783874022349401
5088.5,5.088500000000003,4.786374022349413
5089.0,5.088999999999999,4.78887402234939
5089.5,5.089500000000001,4.780252197497141
5090.0,5.089999999999996,4.782752197497118
5090.5,5.090499999999999,4.78525219749713
5091.0,5.091000000000001,4.776646205432371
5091.5,5.0915000000000035,4.779146205432383
5092.0,5.091999999999999,4.781646205432359
5092.5,5.092500000000001,4.773029942403433
5093.0,5.092999999999996,4.775529942403409
5093.5,5.093499999999999,4.778029942403421
5094.0,5.094000000000001,4.7693739255101875
5094.5,5.094500000000004,4.771873925510199
5095.0,5.094999999999999,4.774373925510176
5095.5,5.095500000000001,4.765631600386229
5096.0,5.0959999999999965,4.768131600386205
5096.5,5.096499999999999,4.770631600386217
5097.0,5.097000000000001,4.761756731234144
5097.5,5.097500000000004,4.7642567312341555
5098.0,5.097999999999999,4.766756731234132
5098.5,5.098500000000001,4.757711366674435
5099.0,5.098999999999997,4.760211366674412
5099.5,5.099499999999999,4.762711366674424
5100.0,5.100000000000001,4.753455964148152
5100.5,5.100500000000004,4.755955964148164
5101.0,5.100999999999999,4.7584559641481405
5101.5,5.1015000000000015,4.748970816945928
5102.0,5.101999999999997,4.751470816945904
5102.5,5.102499999999999,4.753970816945916
5103.0,5.1030000000000015,4.744230317432567
5103.5,5.103500000000004,4.746730317432579
5104.0,5.103999999999999,4.749230317432556
5104.5,5.104500000000002,4.739231694879571
5105.0,5.104999999999997,4.741731694879547
5105.5,5.105499999999999,4.744231694879559
5106.0,5.106000000000002,4.733954870113983
5106.5,5.106500000000004,4.736454870113995
5107.0,5.106999999999999,4.738954870113972
5107.5,5.107500000000002,4.728414193550208
5108.0,5.107999999999997,4.730914193550184
5108.5,5.108499999999999,4.733414193550196
5109.0,5.109000000000002,4.722644882825016
5109.5,5.109499999999997,4.725144882824992
5110.0,5.109999999999999,4.727644882825004
5110.5,5.110500000000002,4.716713955106684
5111.0,5.110999999999997,4.71921395510666
5111.5,5.1114999999999995,4.721713955106672
5112.0,5.112000000000002,4.710711416703326
5112.5,5.112499999999997,4.713211416703302
5113.0,5.1129999999999995,4.715711416703314
5113.5,5.113500000000002,4.704682602628871
5114.0,5.113999999999997,4.707182602628848
5114.5,5.1145,4.70968260262886
5115.0,5.115000000000002,4.698688704263532
5115.5,5.115499999999997,4.701188704263508
5116.0,5.116,4.70368870426352
5116.5,5.116500000000002,4.692763306639129
5117.0,5.116999999999997,4.695263306639106
5117.5,5.1175,4.697763306639118
5118.0,5.118000000000002,4.686954580353735
5118.5,5.118499999999997,4.689454580353711
5119.0,5.119,4.691954580353723
5119.5,5.119500000000002,4.681308729508871
5120.0,5.119999999999997,4.683808729508847
5120.5,5.1205,4.686308729508859
5121.0,5.121000000000002,4.675824581326999
5121.5,5.1214999999999975,4.678324581326976
5122.0,5.122,4.680824581326988
5122.5,5.122500000000002,4.67051222661901
5123.0,5.1229999999999976,4.673012226618987
5123.5,5.1235,4.675512226618999
5124.0,5.124000000000002,4.665372629200206
5124.5,5.124499999999998,4.667872629200183
5125.0,5.125,4.670372629200195
5125.5,5.125500000000002,4.660377999902003
5126.0,5.125999999999998,4.66287799990198
5126.5,5.1265,4.665377999901992
5127.0,5.1270000000000024,4.655493453140167
5127.5,5.127499999999998,4.6579934531401435
5128.0,5.128,4.660493453140155
5128.5,5.1285000000000025,4.650675531010577
5129.0,5.128999999999998,4.653175531010554
5129.5,5.1295,4.655675531010566
5130.0,5.130000000000003,4.645890537366348
5130.5,5.130499999999998,4.648390537366325
5131.0,5.131,4.650890537366337
5131.5,5.131500000000003,4.641114428522215
5132.0,5.131999999999998,4.643614428522191
5132.5,5.1325,4.646114428522203
5133.0,5.133000000000003,4.636319382749008
5133.5,5.133499999999998,4.638819382748984
5134.0,5.134,4.641319382748996
5134.5,5.134500000000003,4.643819382749008
5135.0,5.134999999999998,4.633963530345753
5135.5,5.1355,4.636463530345765
5136.0,5.136000000000003,4.638963530345777
5136.5,5.136499999999998,4.6290111484880825
5137.0,5.1370000000000005,4.631511148488094
5137.5,5.137500000000003,4.634011148488106
5138.0,5.137999999999998,4.623969989055752
5138.5,5.1385000000000005,4.626469989055764
5139.0,5.139000000000003,4.628969989055776
5139.5,5.139499999999998,4.61885183190752
5140.0,5.140000000000001,4.621351831907532
5140.5,5.140500000000003,4.623851831907544
5141.0,5.140999999999998,4.613651587116507
5141.5,5.141500000000001,4.616151587116519
5142.0,5.142000000000003,4.618651587116531
5142.5,5.142499999999998,4.608399499523728
5143.0,5.143000000000001,4.61089949952374
5143.5,5.143500000000003,4.6133994995237515
5144.0,5.143999999999998,4.60311890593573
5144.5,5.144500000000001,4.605618905935742
5145.0,5.145000000000003,4.608118905935754
5145.5,5.145499999999998,4.597855807570497
5146.0,5.146000000000001,4.600355807570509
5146.5,5.146500000000003,4.602855807570521
5147.0,5.1469999999999985,4.592659121083109
5147.5,5.147500000000001,4.595159121083121
5148.0,5.148000000000003,4.597659121083133
5148.5,5.1484999999999985,4.587568877299795
5149.0,5.149000000000001,4.590068877299807
5149.5,5.149499999999996,4.592568877299783
5150.0,5.149999999999999,4.582621812698484
5150.5,5.150500000000001,4.585121812698496
5151.0,5.151000000000003,4.587621812698508
5151.5,5.151499999999999,4.577841675249914
5152.0,5.152000000000001,4.580341675249926
5152.5,5.152499999999996,4.582841675249902
5153.0,5.152999999999999,4.5732338285221275
5153.5,5.153500000000001,4.575733828522139
5154.0,5.1540000000000035,4.578233828522151
5154.5,5.154499999999999,4.568770797562927
5155.0,5.155000000000001,4.5712707975629385
5155.5,5.155499999999996,4.573770797562915
5156.0,5.155999999999999,4.5644434140143275
5156.5,5.156500000000001,4.5669434140143395
5157.0,5.157000000000004,4.569443414014351
5157.5,5.157499999999999,4.560278705810568
5158.0,5.158000000000001,4.5627787058105795
5158.5,5.1584999999999965,4.565278705810556
5159.0,5.158999999999999,4.556284949499023
5159.5,5.159500000000001,4.558784949499035
5160.0,5.160000000000004,4.561284949499047
5160.5,5.160499999999999,4.552448542456169
5161.0,5.161000000000001,4.554948542456181
5161.5,5.161499999999997,4.557448542456157
5162.0,5.161999999999999,4.548737189105196
5162.5,5.162500000000001,4.551237189105208
5163.0,5.163000000000004,4.55373718910522
5163.5,5.163499999999999,4.545104405676348
5164.0,5.1640000000000015,4.54760440567636
5164.5,5.164499999999997,4.550104405676336
5165.0,5.164999999999999,4.541508752847001
5165.5,5.1655000000000015,4.544008752847013
5166.0,5.166000000000004,4.546508752847025
5166.5,5.166499999999999,4.537906200983315
5167.0,5.167000000000002,4.540406200983327
5167.5,5.167499999999997,4.542906200983303
5168.0,5.167999999999999,4.534251164396004
5168.5,5.168500000000002,4.536751164396016
5169.0,5.169000000000004,4.539251164396028
5169.5,5.169499999999999,4.530509439296075
5170.0,5.170000000000002,4.533009439296087
5170.5,5.170499999999997,4.535509439296064
5171.0,5.170999999999999,4.526631257727729
5171.5,5.171500000000002,4.529131257727741
5172.0,5.171999999999997,4.531631257727717
5172.5,5.172499999999999,4.5225902576897425
5173.0,5.173000000000002,4.5250902576897545
5173.5,5.173499999999997,4.527590257689731
5174.0,5.1739999999999995,4.518368070690606
5174.5,5.174500000000002,4.520868070690618
5175.0,5.174999999999997,4.523368070690594
5175.5,5.1754999999999995,4.513961605239629
5176.0,5.176000000000002,4.516461605239641
5176.5,5.176499999999997,4.5189616052396175
5177.0,5.177,4.509399256241657
5177.5,5.177500000000002,4.511899256241669
5178.0,5.177999999999997,4.514399256241646
5178.5,5.1785,4.504725821631119
5179.0,5.179000000000002,4.507225821631131
5179.5,5.179499999999997,4.509725821631108
5180.0,5.18,4.499971240748621
5180.5,5.180500000000002,4.502471240748633
5181.0,5.180999999999997,4.50497124074861
5181.5,5.1815,4.495180285498606
5182.0,5.182000000000002,4.4976802854986175
5182.5,5.182499999999997,4.500180285498594
5183.0,5.183,4.4903651517003595
5183.5,5.183500000000002,4.4928651517003715
5184.0,5.1839999999999975,4.495365151700348
5184.5,5.1845,4.485579576868304
5185.0,5.185000000000002,4.488079576868316
5185.5,5.1854999999999976,4.490579576868292
5186.0,5.186,4.480883441648018
5186.5,5.186500000000002,4.48338344164803
5187.0,5.186999999999998,4.4858834416480065
5187.5,5.1875,4.476309149450586
5188.0,5.188000000000002,4.478809149450598
5188.5,5.188499999999998,4.481309149450574
5189.0,5.189,4.471879051912602
5189.5,5.1895000000000024,4.474379051912614
5190.0,5.189999999999998,4.47687905191259
5190.5,5.1905,4.467608671420891
5191.0,5.1910000000000025,4.470108671420903
5191.5,5.191499999999998,4.472608671420879
5192.0,5.192,4.463485349116034
5192.5,5.192500000000003,4.465985349116046
5193.0,5.192999999999998,4.468485349116023
5193.5,5.1935,4.459497451524115
5194.0,5.194000000000003,4.461997451524127
5194.5,5.194499999999998,4.464497451524103
5195.0,5.195,4.45560579021322
5195.5,5.195500000000003,4.4581057902132315
5196.0,5.195999999999998,4.460605790213208
5196.5,5.1965,4.451778928578847
5197.0,5.197000000000003,4.454278928578859
5197.5,5.197499999999998,4.456778928578835
5198.0,5.198,4.447966598020265
5198.5,5.198500000000003,4.450466598020277
5199.0,5.198999999999998,4.452966598020254
5199.5,5.1995000000000005,4.444128912583274
5200.0,5.200000000000003,4.446628912583286
5200.5,5.200499999999998,4.449128912583262
5201.0,5.2010000000000005,4.440228758508553
5201.5,5.201500000000003,4.442728758508565
5202.0,5.201999999999998,4.4452287585085415
5202.5,5.202500000000001,4.436258544338685
5203.0,5.203000000000003,4.438758544338697
5203.5,5.203499999999998,4.441258544338673
5204.0,5.204000000000001,4.432219593361708
5204.5,5.204500000000003,4.43471959336172
5205.0,5.204999999999998,4.4372195933616965
5205.5,5.205500000000001,4.428070082352242
5206.0,5.206000000000003,4.430570082352254
5206.5,5.206499999999998,4.433070082352231
5207.0,5.207000000000001,4.423810144109979
5207.5,5.207500000000003,4.426310144109991
5208.0,5.207999999999998,4.428810144109967
5208.5,5.208500000000001,4.419458222228911
5209.0,5.209000000000003,4.421958222228923
5209.5,5.2094999999999985,4.4244582222289
5210.0,5.210000000000001,4.426958222228912
5210.5,5.210500000000003,4.41754206146598
5211.0,5.2109999999999985,4.420042061465956
5211.5,5.211500000000001,4.422542061465968
5212.0,5.211999999999996,4.413087957393138
5212.5,5.212499999999999,4.41558795739315
5213.0,5.213000000000001,4.418087957393162
5213.5,5.213500000000003,4.4086543638715625
5214.0,5.213999999999999,4.411154363871539
5214.5,5.214500000000001,4.413654363871551
5215.0,5.214999999999996,4.404296208963778
5215.5,5.215499999999999,4.40679620896379
5216.0,5.216000000000001,4.409296208963802
5216.5,5.2165000000000035,4.400048648800023
5217.0,5.216999999999999,4.4025486488
5217.5,5.217500000000001,4.405048648800012
5218.0,5.217999999999996,4.395949688153706
5218.5,5.218499999999999,4.398449688153718
5219.0,5.219000000000001,4.40094968815373
5219.5,5.219500000000004,4.39202368006562
5220.0,5.219999999999999,4.394523680065596
5220.5,5.220500000000001,4.397023680065608
5221.0,5.2209999999999965,4.388261498475892
5221.5,5.221499999999999,4.390761498475904
5222.0,5.222000000000001,4.3932614984759155
5222.5,5.222500000000004,4.384646831594239
5223.0,5.222999999999999,4.387146831594215
5223.5,5.223500000000001,4.389646831594227
5224.0,5.223999999999997,4.381172807473277
5224.5,5.224499999999999,4.383672807473289
5225.0,5.225000000000001,4.386172807473301
5225.5,5.225500000000004,4.377810825618766
5226.0,5.225999999999999,4.380310825618743
5226.5,5.2265000000000015,4.382810825618755
5227.0,5.226999999999997,4.374516724136335
5227.5,5.227499999999999,4.377016724136347
5228.0,5.2280000000000015,4.379516724136359
5228.5,5.228500000000004,4.3712369561477615
5229.0,5.228999999999999,4.373736956147738
5229.5,5.229500000000002,4.37623695614775
5230.0,5.229999999999997,4.36794419756712
5230.5,5.230499999999999,4.3704441975671315
5231.0,5.231000000000002,4.3729441975671435
5231.5,5.231500000000004,4.364600969364254
5232.0,5.231999999999999,4.36710096936423
5232.5,5.232500000000002,4.369600969364242
5233.0,5.232999999999997,4.361173168505701
5233.5,5.233499999999999,4.363673168505713
5234.0,5.234000000000002,4.366173168505725
5234.5,5.234499999999997,4.357648418914799
5235.0,5.234999999999999,4.360148418914811
5235.5,5.235500000000002,4.362648418914823
5236.0,5.235999999999997,4.35401131342303
5236.5,5.2364999999999995,4.3565113134230415
5237.0,5.237000000000002,4.3590113134230535
5237.5,5.237499999999997,4.350271214307853
5238.0,5.2379999999999995,4.3527712143078645
5238.5,5.238500000000002,4.3552712143078764
5239.0,5.238999999999997,4.346440456483194
5239.5,5.2395,4.348940456483206
5240.0,5.240000000000002,4.351440456483218
5240.5,5.240499999999997,4.3425393975217474
5241.0,5.241,4.345039397521759
5241.5,5.241500000000002,4.347539397521771
5242.0,5.241999999999997,4.3385883383458435
5242.5,5.2425,4.341088338345855
5243.0,5.243000000000002,4.343588338345867
5243.5,5.243499999999997,4.3346127354359965
5244.0,5.244,4.337112735436008
5244.5,5.244500000000002,4.33961273543602
5245.0,5.244999999999997,4.330614763175973
5245.5,5.2455,4.333114763175985
5246.0,5.246000000000002,4.335614763175997
5246.5,5.2464999999999975,4.32659728573757
5247.0,5.247,4.329097285737582
5247.5,5.247500000000002,4.331597285737594
5248.0,5.2479999999999976,4.32255672866809
5248.5,5.2485,4.325056728668102
5249.0,5.249000000000002,4.327556728668114
5249.5,5.249499999999998,4.318509607244714
5250.0,5.25,4.321009607244726
5250.5,5.250500000000002,4.323509607244738
5251.0,5.250999999999998,4.314431153178404
5251.5,5.2515,4.316931153178416
5252.0,5.2520000000000024,4.319431153178428
5252.5,5.252499999999998,4.31031573380686
5253.0,5.253,4.312815733806872
5253.5,5.2535000000000025,4.315315733806884
5254.0,5.253999999999998,4.306145290806995
5254.5,5.2545,4.308645290807007
5255.0,5.255000000000003,4.311145290807019
5255.5,5.255499999999998,4.301901042017171
5256.0,5.256,4.304401042017183
5256.5,5.256500000000003,4.306901042017195
5257.0,5.256999999999998,4.297558460468345
5257.5,5.2575,4.300058460468357
5258.0,5.258000000000003,4.302558460468369
5258.5,5.258499999999998,4.293120050158521
5259.0,5.259,4.295620050158533
5259.5,5.259500000000003,4.298120050158545
5260.0,5.259999999999998,4.288597061787485
5260.5,5.2605,4.291097061787497
5261.0,5.261000000000003,4.2935970617875086
5261.5,5.261499999999998,4.283985847530083
5262.0,5.2620000000000005,4.286485847530095
5262.5,5.262500000000003,4.288985847530107
5263.0,5.262999999999998,4.27929816150403
5263.5,5.2635000000000005,4.281798161504042
5264.0,5.264000000000003,4.284298161504054
5264.5,5.264499999999998,4.274556834847019
5265.0,5.265000000000001,4.277056834847031
5265.5,5.265500000000003,4.2795568348470425
5266.0,5.265999999999998,4.269794438981016
5266.5,5.266500000000001,4.272294438981028
5267.0,5.267000000000003,4.27479443898104
5267.5,5.267499999999998,4.2650357139667605
5268.0,5.268000000000001,4.2675357139667724
5268.5,5.268500000000003,4.270035713966784
5269.0,5.268999999999998,4.260309592963409
5269.5,5.269500000000001,4.262809592963421
5270.0,5.270000000000003,4.265309592963433
5270.5,5.270499999999998,4.255647523563795
5271.0,5.271000000000001,4.258147523563807
5271.5,5.271500000000003,4.260647523563819
5272.0,5.2719999999999985,4.251082363224228
5272.5,5.272500000000001,4.25358236322424
5273.0,5.273000000000003,4.256082363224252
5273.5,5.2734999999999985,4.246634649473506
5274.0,5.274000000000001,4.249134649473518
5274.5,5.274499999999996,4.251634649473495
5275.0,5.274999999999999,4.242307255563951
5275.5,5.275500000000001,4.244807255563963
5276.0,5.276000000000003,4.247307255563975
5276.5,5.276499999999999,4.238098941122814
5277.0,5.277000000000001,4.240598941122826
5277.5,5.277499999999996,4.243098941122803
5278.0,5.277999999999999,4.234000831685449
5278.5,5.278500000000001,4.236500831685461
5279.0,5.2790000000000035,4.239000831685473
5279.5,5.279499999999999,4.229984010032446
5280.0,5.280000000000001,4.232484010032458
5280.5,5.280499999999996,4.234984010032434
5281.0,5.280999999999999,4.226026197792159
5281.5,5.281500000000001,4.228526197792171
5282.0,5.282000000000004,4.231026197792183
5282.5,5.282499999999999,4.222086951392967
5283.0,5.283000000000001,4.224586951392979
5283.5,5.2834999999999965,4.227086951392955
5284.0,5.283999999999999,4.218151354622783
5284.5,5.284500000000001,4.220651354622795
5285.0,5.285000000000004,4.223151354622807
5285.5,5.285499999999999,4.225651354622784
5286.0,5.286000000000001,4.216696565112592
5286.5,5.286499999999997,4.2191965651125685
5287.0,5.286999999999999,4.22169656511258
5287.5,5.287500000000001,4.212684873399404
5288.0,5.288000000000004,4.215184873399416
5288.5,5.288499999999999,4.217684873399392
5289.0,5.2890000000000015,4.208588124576238
5289.5,5.289499999999997,4.211088124576214
5290.0,5.289999999999999,4.213588124576226
5290.5,5.2905000000000015,4.204379302052459
5291.0,5.291000000000004,4.206879302052471
5291.5,5.291499999999999,4.209379302052447
5292.0,5.292000000000002,4.2000550227388445
5292.5,5.292499999999997,4.202555022738821
5293.0,5.292999999999999,4.205055022738833
5293.5,5.293500000000002,4.19560115526135
5294.0,5.294000000000004,4.198101155261362
5294.5,5.294499999999999,4.200601155261339
5295.0,5.295000000000002,4.191017919659821
5295.5,5.295499999999997,4.193517919659797
5296.0,5.295999999999999,4.196017919659809
5296.5,5.296500000000002,4.186311615379417
5297.0,5.296999999999997,4.188811615379393
5297.5,5.297499999999999,4.191311615379405
5298.0,5.298000000000002,4.1814877466653755
5298.5,5.298499999999997,4.183987746665352
5299.0,5.2989999999999995,4.186487746665364
5299.5,5.299500000000002,4.176613828885429
5300.0,5.299999999999997,4.179113828885406
5300.5,5.3004999999999995,4.181613828885418
5301.0,5.301000000000002,4.17171030579766
5301.5,5.301499999999997,4.1742103057976365
5302.0,5.302,4.1767103057976485
5302.5,5.302500000000002,4.166798869782475
5303.0,5.302999999999997,4.169298869782452
5303.5,5.3035,4.171798869782464
5304.0,5.304000000000002,4.161925947898233
5304.5,5.304499999999997,4.164425947898209
5305.0,5.305,4.166925947898221
5305.5,5.305500000000002,4.1571404156833225
5306.0,5.305999999999997,4.159640415683299
5306.5,5.3065,4.162140415683311
5307.0,5.307000000000002,4.152474792001719
5307.5,5.307499999999997,4.1549747920016955
5308.0,5.308,4.157474792001707
5308.5,5.308500000000002,4.147955297991288
5309.0,5.3089999999999975,4.150455297991265
5309.5,5.3095,4.1529552979912765
5310.0,5.310000000000002,4.1435813675619215
5310.5,5.3104999999999976,4.146081367561898
5311.0,5.311,4.14858136756191
5311.5,5.311500000000002,4.139331226285883
5312.0,5.311999999999998,4.141831226285859
5312.5,5.3125,4.144331226285871
5313.0,5.313000000000002,4.135169154096587
5313.5,5.313499999999998,4.137669154096564
5314.0,5.314,4.140169154096576
5314.5,5.3145000000000024,4.1310589271330755
5315.0,5.314999999999998,4.133558927133052
5315.5,5.3155,4.136058927133064
5316.0,5.3160000000000025,4.126984436275052
5316.5,5.316499999999998,4.129484436275028
5317.0,5.317,4.13198443627504
5317.5,5.317500000000003,4.122892389556654
5318.0,5.317999999999998,4.12539238955663
5318.5,5.3185,4.127892389556642
5319.0,5.319000000000003,4.118761859432816
5319.5,5.319499999999998,4.121261859432792
5320.0,5.32,4.123761859432804
5320.5,5.320500000000003,4.114582347343401
5321.0,5.320999999999998,4.117082347343377
5321.5,5.3215,4.119582347343389
5322.0,5.322000000000003,4.110339770941671
5322.5,5.322499999999998,4.1128397709416475
5323.0,5.323,4.1153397709416595
5323.5,5.323500000000003,4.106007377582195
5324.0,5.323999999999998,4.108507377582171
5324.5,5.3245000000000005,4.111007377582183
5325.0,5.325000000000003,4.101532645449879
5325.5,5.325499999999998,4.1040326454498555
5326.0,5.3260000000000005,4.106532645449867
5326.5,5.326500000000003,4.096885479749197
5327.0,5.326999999999998,4.0993854797491736
5327.5,5.327500000000001,4.1018854797491855
5328.0,5.328000000000003,4.092054660898121
5328.5,5.328499999999998,4.094554660898098
5329.0,5.329000000000001,4.0970546608981095
5329.5,5.329500000000003,4.087044879758395
5330.0,5.329999999999998,4.089544879758371
5330.5,5.330500000000001,4.092044879758383
5331.0,5.331000000000003,4.081871819249585
5331.5,5.331499999999998,4.0843718192495615
5332.0,5.332000000000001,4.086871819249573
5332.5,5.332500000000003,4.076590645525613
5333.0,5.332999999999998,4.079090645525589
5333.5,5.333500000000001,4.081590645525601
5334.0,5.334000000000003,4.071259807216379
5334.5,5.3344999999999985,4.073759807216355
5335.0,5.335000000000001,4.076259807216367
5335.5,5.335500000000003,4.0659552811602495
5336.0,5.3359999999999985,4.068455281160226
5336.5,5.336500000000001,4.070955281160238
5337.0,5.336999999999996,4.060732825873146
5337.5,5.337499999999999,4.063232825873158
5338.0,5.338000000000001,4.0657328258731695
5338.5,5.338500000000003,4.055655635935977
5339.0,5.338999999999999,4.058155635935954
5339.5,5.339500000000001,4.060655635935966
5340.0,5.339999999999996,4.050776518535173
5340.5,5.340499999999999,4.053276518535185
5341.0,5.341000000000001,4.055776518535197
5341.5,5.3415000000000035,4.0461018655363645
5342.0,5.341999999999999,4.048601865536341
5342.5,5.342500000000001,4.051101865536353
5343.0,5.342999999999996,4.041614731402525
5343.5,5.343499999999999,4.044114731402537
5344.0,5.344000000000001,4.046614731402549
5344.5,5.344500000000004,4.037292466012197
5345.0,5.344999999999999,4.039792466012173
5345.5,5.345500000000001,4.042292466012185
5346.0,5.3459999999999965,4.033096496226243
5346.5,5.346499999999999,4.035596496226255
5347.0,5.347000000000001,4.038096496226267
5347.5,5.347500000000004,4.028977138597334
5348.0,5.347999999999999,4.03147713859731
5348.5,5.348500000000001,4.033977138597322
5349.0,5.348999999999997,4.0248975590782265
5349.5,5.349499999999999,4.0273975590782385
5350.0,5.350000000000001,4.02989755907825
5350.5,5.350500000000004,4.020835192519527
5351.0,5.350999999999999,4.023335192519504
5351.5,5.3515000000000015,4.025835192519516
5352.0,5.351999999999997,4.016778749066816
5352.5,5.352499999999999,4.019278749066828
5353.0,5.3530000000000015,4.02177874906684
5353.5,5.353500000000004,4.012695547701668
5354.0,5.353999999999999,4.015195547701644
5354.5,5.354500000000002,4.017695547701656
5355.0,5.354999999999997,4.008571923953923
5355.5,5.355499999999999,4.011071923953935
5356.0,5.356000000000002,4.013571923953947
5356.5,5.356500000000004,4.00439818746527
5357.0,5.356999999999999,4.0068981874652465
5357.5,5.357500000000002,4.0093981874652584
5358.0,5.357999999999997,4.000141142665221
5358.5,5.358499999999999,4.002641142665233
5359.0,5.359000000000002,4.005141142665245
5359.5,5.359499999999997,3.9957854241338
5360.0,5.359999999999999,3.9982854241338117
5360.5,5.360500000000002,4.000785424133824
5361.0,5.360999999999997,4.0032854241338
5361.5,5.3614999999999995,3.9938236422373663
5362.0,5.362000000000002,3.9963236422373782
5362.5,5.362499999999997,3.9988236422373546
5363.0,5.3629999999999995,3.989250273522842
5363.5,5.363500000000002,3.991750273522854
5364.0,5.363999999999997,3.9942502735228302
5364.5,5.3645,3.9845990426003297
5365.0,5.365000000000002,3.9870990426003416
5365.5,5.365499999999997,3.989599042600318
5366.0,5.366,3.979906347164821
5366.5,5.366500000000002,3.982406347164833
5367.0,5.366999999999997,3.9849063471648094
5367.5,5.3675,3.975232036257701
5368.0,5.368000000000002,3.977732036257713
5368.5,5.368499999999997,3.9802320362576893
5369.0,5.369,3.97062413495906
5369.5,5.369500000000002,3.973124134959072
5370.0,5.369999999999997,3.975624134959048
5370.5,5.3705,3.96612808567145
5371.0,5.371000000000002,3.9686280856714617
5371.5,5.3714999999999975,3.971128085671438
5372.0,5.372,3.9617840881529176
5372.5,5.372500000000002,3.9642840881529295
5373.0,5.3729999999999976,3.966784088152906
5373.5,5.3735,3.957627254826903
5374.0,5.374000000000002,3.960127254826915
5374.5,5.374499999999998,3.9626272548268915
5375.0,5.375,3.953694645796979
5375.5,5.375500000000002,3.956194645796991
5376.0,5.375999999999998,3.9586946457969674
5376.5,5.3765,3.949984592596465
5377.0,5.3770000000000024,3.952484592596477
5377.5,5.377499999999998,3.9549845925964533
5378.0,5.378,3.9464708065778
5378.5,5.3785000000000025,3.9489708065778117
5379.0,5.378999999999998,3.951470806577788
5379.5,5.3795,3.943108371291686
5380.0,5.380000000000003,3.945608371291698
5380.5,5.380499999999998,3.9481083712916742
5381.0,5.381,3.9398080921860057
5381.5,5.381500000000003,3.9423080921860176
5382.0,5.381999999999998,3.944808092185994
5382.5,5.3825,3.936487486478235
5383.0,5.383000000000003,3.938987486478247
5383.5,5.383499999999998,3.9414874864782234
5384.0,5.384,3.933087197398706
5384.5,5.384500000000003,3.9355871973987178
5385.0,5.384999999999998,3.938087197398694
5385.5,5.3855,3.929551579636481
5386.0,5.386000000000003,3.932051579636493
5386.5,5.386499999999998,3.9345515796364694
5387.0,5.3870000000000005,3.925838017869978
5387.5,5.387500000000003,3.92833801786999
5388.0,5.387999999999998,3.9308380178699664
5388.5,5.3885000000000005,3.9219079593897277
5389.0,5.389000000000003,3.9244079593897396
5389.5,5.389499999999998,3.926907959389716
5390.0,5.390000000000001,3.9177536972895055
5390.5,5.390500000000003,3.9202536972895174
5391.0,5.390999999999998,3.922753697289494
5391.5,5.391500000000001,3.913337857578476
5392.0,5.392000000000003,3.915837857578488
5392.5,5.392499999999998,3.9183378575784644
5393.0,5.393000000000001,3.9086760505290385
5393.5,5.393500000000003,3.9111760505290505
5394.0,5.393999999999998,3.913676050529027
5394.5,5.394500000000001,3.9038011302924147
5395.0,5.395000000000003,3.9063011302924266
5395.5,5.395499999999998,3.908801130292403
5396.0,5.396000000000001,3.8987325575869747
5396.5,5.396500000000003,3.9012325575869866
5397.0,5.3969999999999985,3.903732557586963
5397.5,5.397500000000001,3.8935024090507753
5398.0,5.398000000000003,3.896002409050787
5398.5,5.3984999999999985,3.8985024090507636
5399.0,5.399000000000001,3.888170969368616
5399.5,5.399499999999996,3.8906709693685926
5400.0,5.399999999999999,3.8931709693686045
5400.5,5.400500000000001,3.882792927089511
5401.0,5.401000000000003,3.885292927089523
5401.5,5.401499999999999,3.8877929270894995
5402.0,5.402000000000001,3.877413255727973
5402.5,5.402499999999996,3.879913255727949
5403.0,5.402999999999999,3.882413255727961
5403.5,5.403500000000001,3.8720851786878896
5404.0,5.4040000000000035,3.8745851786879015
5404.5,5.404499999999999,3.877085178687878
5405.0,5.405000000000001,3.86683191861092
5405.5,5.405499999999996,3.8693319186108965
5406.0,5.405999999999999,3.8718319186109085
5406.5,5.406500000000001,3.8616665869042066
5407.0,5.407000000000004,3.8641665869042185
5407.5,5.407499999999999,3.866666586904195
5408.0,5.408000000000001,3.856560409280121
5408.5,5.4084999999999965,3.8590604092800973
5409.0,5.408999999999999,3.8615604092801092
5409.5,5.409500000000001,3.851474516602522
5410.0,5.410000000000004,3.853974516602534
5410.5,5.410499999999999,3.8564745166025105
5411.0,5.411000000000001,3.8463563190598293
5411.5,5.411499999999997,3.8488563190598057
5412.0,5.411999999999999,3.8513563190598177
5412.5,5.412500000000001,3.8411630746318437
5413.0,5.413000000000004,3.8436630746318556
5413.5,5.413499999999999,3.846163074631832
5414.0,5.4140000000000015,3.835829708891687
5414.5,5.414499999999997,3.8383297088916635
5415.0,5.414999999999999,3.8408297088916754
5415.5,5.4155000000000015,3.830304232256374
5416.0,5.416000000000004,3.832804232256386
5416.5,5.416499999999999,3.8353042322563624
5417.0,5.417000000000002,3.8245753582755526
5417.5,5.417499999999997,3.827075358275529
5418.0,5.417999999999999,3.829575358275541
5418.5,5.418500000000002,3.8186292609000816
5419.0,5.419000000000004,3.8211292609000935
5419.5,5.419499999999999,3.82362926090007
5420.0,5.420000000000002,3.812458572200619
5420.5,5.420499999999997,3.814958572200595
5421.0,5.420999999999999,3.817458572200607
5421.5,5.421500000000002,3.8060473221812074
5422.0,5.421999999999997,3.808547322181184
5422.5,5.422499999999999,3.811047322181196
5423.0,5.423000000000002,3.7994076119709774
5423.5,5.423499999999997,3.801907611970954
5424.0,5.4239999999999995,3.8044076119709658
5424.5,5.424500000000002,3.792592320529309
5425.0,5.424999999999997,3.7950923205292852
5425.5,5.4254999999999995,3.797592320529297
5426.0,5.426000000000002,3.785673677877206
5426.5,5.426499999999997,3.7881736778771824
5427.0,5.427,3.7906736778771943
5427.5,5.427500000000002,3.7787226557936293
5428.0,5.427999999999997,3.7812226557936057
5428.5,5.4285,3.7837226557936177
5429.0,5.429000000000002,3.7718278581419185
5429.5,5.429499999999997,3.774327858141895
5430.0,5.43,3.776827858141907
5430.5,5.430500000000002,3.7650752027942502
5431.0,5.430999999999997,3.7675752027942266
5431.5,5.4315,3.7700752027942386
5432.0,5.432000000000002,3.758551281545053
5432.5,5.432499999999997,3.761051281545029
5433.0,5.433,3.763551281545041
5433.5,5.433500000000002,3.752308725765623
5434.0,5.4339999999999975,3.7548087257655993
5434.5,5.4345,3.7573087257656113
5435.0,5.435000000000002,3.746343981904552
5435.5,5.4354999999999976,3.7488439819045283
5436.0,5.436,3.75134398190454
5436.5,5.436500000000002,3.753843981904552
5437.0,5.436999999999998,3.743177367517596
5437.5,5.4375,3.745677367517608
5438.0,5.438000000000002,3.74817736751762
5438.5,5.438499999999998,3.7377961463813136
5439.0,5.439,3.7402961463813256
5439.5,5.4395000000000024,3.7427961463813375
5440.0,5.439999999999998,3.7326437015082803
5440.5,5.4405,3.7351437015082922
5441.0,5.4410000000000025,3.737643701508304
5441.5,5.441499999999998,3.7276749060492165
5442.0,5.442,3.7301749060492284
5442.5,5.442500000000003,3.7326749060492403
5443.0,5.442999999999998,3.7228464800135797
5443.5,5.4435,3.7253464800135916
5444.0,5.444000000000003,3.7278464800136035
5444.5,5.444499999999998,3.718093386422794
5445.0,5.445,3.720593386422806
5445.5,5.445500000000003,3.7230933864228177
5446.0,5.445999999999998,3.7133718825608852
5446.5,5.4465,3.715871882560897
5447.0,5.447000000000003,3.718371882560909
5447.5,5.447499999999998,3.708632921473729
5448.0,5.448,3.711132921473741
5448.5,5.448500000000003,3.713632921473753
5449.0,5.448999999999998,3.7038440785384097
5449.5,5.4495000000000005,3.7063440785384216
5450.0,5.450000000000003,3.7088440785384336
5450.5,5.450499999999998,3.698998037890391
5451.0,5.4510000000000005,3.7014980378904028
5451.5,5.451500000000003,3.7039980378904147
5452.0,5.451999999999998,3.694125955567422
5452.5,5.452500000000001,3.696625955567434
5453.0,5.453000000000003,3.699125955567446
5453.5,5.453499999999998,3.689264993272907
5454.0,5.454000000000001,3.691764993272919
5454.5,5.454500000000003,3.694264993272931
5455.0,5.454999999999998,3.684448765320525
5455.5,5.455500000000001,3.686948765320537
5456.0,5.456000000000003,3.6894487653205488
5456.5,5.456499999999998,3.6797158735491564
5457.0,5.457000000000001,3.6822158735491684
5457.5,5.457500000000003,3.6847158735491803
5458.0,5.457999999999998,3.675103429355566
5458.5,5.458500000000001,3.677603429355578
5459.0,5.459000000000003,3.68010342935559
5459.5,5.4594999999999985,3.670648947773074
5460.0,5.460000000000001,3.673148947773086
5460.5,5.460500000000003,3.675648947773098
5461.0,5.4609999999999985,3.6663875355303333
5461.5,5.461500000000001,3.668887535530345
5462.0,5.461999999999996,3.6713875355303216
5462.5,5.462499999999999,3.6623142419544052
5463.0,5.463000000000001,3.664814241954417
5463.5,5.463500000000003,3.667314241954429
5464.0,5.463999999999999,3.658423806480755
5464.5,5.464500000000001,3.660923806480767
5465.0,5.464999999999996,3.6634238064807434
5465.5,5.465499999999999,3.6547137858885392
5466.0,5.466000000000001,3.657213785888551
5466.5,5.4665000000000035,3.659713785888563
5467.0,5.466999999999999,3.651190717993593
5467.5,5.467500000000001,3.653690717993605
5468.0,5.467999999999996,3.6561907179935815
5468.5,5.468499999999999,3.6478233402086957
5469.0,5.469000000000001,3.6503233402087076
5469.5,5.469500000000004,3.6528233402087196
5470.0,5.469999999999999,3.6445774978542644
5470.5,5.470500000000001,3.6470774978542764
5471.0,5.4709999999999965,3.649577497854253
5471.5,5.471499999999999,3.6414121539367272
5472.0,5.472000000000001,3.643912153936739
5472.5,5.472500000000004,3.646412153936751
5473.0,5.472999999999999,3.6382807187109023
5473.5,5.473500000000001,3.6407807187109142
5474.0,5.473999999999997,3.6432807187108907
5474.5,5.474499999999999,3.6351356594900963
5475.0,5.475000000000001,3.6376356594901083
5475.5,5.475500000000004,3.64013565949012
5476.0,5.475999999999999,3.631910316362621
5476.5,5.4765000000000015,3.634410316362633
5477.0,5.476999999999997,3.6369103163626093
5477.5,5.477499999999999,3.628532817329919
5478.0,5.4780000000000015,3.631032817329931
5478.5,5.478500000000004,3.633532817329943
5479.0,5.478999999999999,3.6249370564690153
5479.5,5.479500000000002,3.6274370564690273
5480.0,5.479999999999997,3.6299370564690037
5480.5,5.480499999999999,3.6210856632257915
5481.0,5.481000000000002,3.6235856632258034
5481.5,5.481500000000004,3.6260856632258154
5482.0,5.481999999999999,3.616937081662499
5482.5,5.482500000000002,3.619437081662511
5483.0,5.482999999999997,3.6219370816624874
5483.5,5.483499999999999,3.6124888940616273
5484.0,5.484000000000002,3.6149888940616393
5484.5,5.484499999999997,3.6174888940616157
5485.0,5.484999999999999,3.6077738429812456
5485.5,5.485500000000002,3.6102738429812575
5486.0,5.485999999999997,3.612773842981234
5486.5,5.4864999999999995,3.6028365327236855
5487.0,5.487000000000002,3.6053365327236975
5487.5,5.487499999999997,3.607836532723674
5488.0,5.4879999999999995,3.59773283747856
5488.5,5.488500000000002,3.600232837478572
5489.0,5.488999999999997,3.6027328374785483
5489.5,5.4895,3.592525655053116
5490.0,5.490000000000002,3.595025655053128
5490.5,5.490499999999997,3.5975256550531043
5491.0,5.491,3.5872524045339915
5491.5,5.491500000000002,3.5897524045340035
5492.0,5.491999999999997,3.59225240453398
5492.5,5.4925,3.5819420916858036
5493.0,5.493000000000002,3.5844420916858155
5493.5,5.493499999999997,3.586942091685792
5494.0,5.494,3.5766371576077916
5494.5,5.494500000000002,3.5791371576078035
5495.0,5.494999999999997,3.58163715760778
5495.5,5.4955,3.5713367774875238
5496.0,5.496000000000002,3.5738367774875357
5496.5,5.4964999999999975,3.576336777487512
5497.0,5.497,3.56603382212473
5497.5,5.497500000000002,3.568533822124742
5498.0,5.4979999999999976,3.5710338221247184
5498.5,5.4985,3.5607455199349047
5499.0,5.499000000000002,3.5632455199349167
5499.5,5.499499999999998,3.565745519934893
5500.0,5.5,3.555471781943318
5500.5,5.500500000000002,3.55797178194333
5501.0,5.500999999999998,3.5604717819433063
5501.5,5.5015,3.550218587583487
5502.0,5.5020000000000024,3.552718587583499
5502.5,5.502499999999998,3.555218587583475
5503.0,5.503,3.5449856831699833
5503.5,5.5035000000000025,3.5474856831699952
5504.0,5.503999999999998,3.5499856831699717
5504.5,5.5045,3.5397901312968116
5505.0,5.505000000000003,3.5422901312968236
5505.5,5.505499999999998,3.5447901312968
5506.0,5.506,3.534602079248117
5506.5,5.506500000000003,3.537102079248129
5507.0,5.506999999999998,3.5396020792481053
5507.5,5.5075,3.5294090791983734
5508.0,5.508000000000003,3.5319090791983854
5508.5,5.508499999999998,3.534409079198362
5509.0,5.509,3.5241994121809483
5509.5,5.509500000000003,3.5266994121809603
5510.0,5.509999999999998,3.5291994121809367
5510.5,5.5105,3.518960863794689
5511.0,5.511000000000003,3.521460863794701
5511.5,5.511499999999998,3.5239608637946773
5512.0,5.5120000000000005,3.5264608637946893
5512.5,5.512500000000003,3.516168122769514
5513.0,5.512999999999998,3.5186681227694905
5513.5,5.5135000000000005,3.5211681227695024
5514.0,5.514000000000003,3.5107976173160083
5514.5,5.514499999999998,3.5132976173159847
5515.0,5.515000000000001,3.5157976173159966
5515.5,5.515500000000003,3.505297889754324
5516.0,5.515999999999998,3.5077978897543005
5516.5,5.516500000000001,3.5102978897543125
5517.0,5.517000000000003,3.49964807875903
5517.5,5.517499999999998,3.5021480787590065
5518.0,5.518000000000001,3.5046480787590184
5518.5,5.518500000000003,3.493852828199948
5519.0,5.518999999999998,3.4963528281999245
5519.5,5.519500000000001,3.4988528281999365
5520.0,5.520000000000003,3.4879173884736048
5520.5,5.520499999999998,3.490417388473581
5521.0,5.521000000000001,3.492917388473593
5521.5,5.521500000000003,3.481861439991647
5522.0,5.5219999999999985,3.4843614399916234
5522.5,5.522500000000001,3.4868614399916353
5523.0,5.523000000000003,3.4757479495809207
5523.5,5.5234999999999985,3.478247949580897
5524.0,5.524000000000001,3.480747949580909
5524.5,5.524499999999996,3.4696443687069234
5525.0,5.524999999999999,3.4721443687069353
5525.5,5.525500000000001,3.4746443687069473
5526.0,5.526000000000003,3.4636188313735516
5526.5,5.526499999999999,3.466118831373528
5527.0,5.527000000000001,3.46861883137354
5527.5,5.527499999999996,3.4577435687161895
5528.0,5.527999999999999,3.4602435687162014
5528.5,5.528500000000001,3.4627435687162134
5529.0,5.5290000000000035,3.45208516012125
5529.5,5.529499999999999,3.4545851601212263
5530.0,5.530000000000001,3.4570851601212382
5530.5,5.530499999999996,3.4466873398159947
5531.0,5.530999999999999,3.4491873398160067
5531.5,5.531500000000001,3.4516873398160186
5532.0,5.532000000000004,3.441600186314915
5532.5,5.532499999999999,3.4441001863148912
5533.0,5.533000000000001,3.446600186314903
5533.5,5.5334999999999965,3.4368614670929887
5534.0,5.533999999999999,3.4393614670930006
5534.5,5.534500000000001,3.4418614670930125
5535.0,5.535000000000004,3.4324618653753802
5535.5,5.535499999999999,3.4349618653753566
5536.0,5.536000000000001,3.4374618653753686
5536.5,5.536499999999997,3.4283904366498064
5537.0,5.536999999999999,3.4308904366498183
5537.5,5.537500000000001,3.4333904366498302
5538.0,5.538000000000004,3.4246342261015528
5538.5,5.538499999999999,3.427134226101529
5539.0,5.5390000000000015,3.429634226101541
5539.5,5.539499999999997,3.421166118215453
5540.0,5.539999999999999,3.423666118215465
5540.5,5.5405000000000015,3.426166118215477
5541.0,5.541000000000004,3.4179301599006706
5541.5,5.541499999999999,3.420430159900647
5542.0,5.542000000000002,3.422930159900659
5542.5,5.542499999999997,3.4148378513160793
5543.0,5.542999999999999,3.4173378513160912
5543.5,5.543500000000002,3.419837851316103
5544.0,5.544000000000004,3.4118083231877705
5544.5,5.544499999999999,3.414308323187747
5545.0,5.545000000000002,3.416808323187759
5545.5,5.545499999999997,3.408764457702347
5546.0,5.545999999999999,3.4112644577023588
5546.5,5.546500000000002,3.4137644577023707
5547.0,5.546999999999997,3.405642536401956
5547.5,5.547499999999999,3.408142536401968
5548.0,5.548000000000002,3.41064253640198
5548.5,5.548499999999997,3.4023891418117103
5549.0,5.5489999999999995,3.404889141811722
5549.5,5.549500000000002,3.407389141811734
5550.0,5.549999999999997,3.398968101626494
5550.5,5.5504999999999995,3.401468101626506
5551.0,5.551000000000002,3.4039681016265178
5551.5,5.551499999999997,3.3953802221745377
5552.0,5.552,3.3978802221745497
5552.5,5.552500000000002,3.4003802221745616
5553.0,5.552999999999997,3.391610524235169
5553.5,5.5535,3.394110524235181
5554.0,5.554000000000002,3.396610524235193
5554.5,5.554499999999997,3.38768759635407
5555.0,5.555,3.3901875963540817
5555.5,5.555500000000002,3.3926875963540937
5556.0,5.555999999999997,3.3836395514392237
5556.5,5.5565,3.3861395514392356
5557.0,5.557000000000002,3.3886395514392476
5557.5,5.557499999999997,3.379507208385988
5558.0,5.558,3.3820072083859998
5558.5,5.558500000000002,3.3845072083860117
5559.0,5.5589999999999975,3.375328635025596
5559.5,5.5595,3.377828635025608
5560.0,5.560000000000002,3.38032863502562
5560.5,5.5604999999999976,3.3711504951076066
5561.0,5.561,3.3736504951076185
5561.5,5.561500000000002,3.3761504951076304
5562.0,5.561999999999998,3.367021222653719
5562.5,5.5625,3.3695212226537308
5563.0,5.563000000000002,3.3720212226537427
5563.5,5.563499999999998,3.3629769582539737
5564.0,5.564,3.3654769582539856
5564.5,5.5645000000000024,3.3679769582539976
5565.0,5.564999999999998,3.359046955717453
5565.5,5.5655,3.361546955717465
5566.0,5.5660000000000025,3.364046955717477
5566.5,5.566499999999998,3.3552507737243076
5567.0,5.567,3.3577507737243195
5567.5,5.567500000000003,3.3602507737243315
5568.0,5.567999999999998,3.3515781807059497
5568.5,5.5685,3.3540781807059616
5569.0,5.569000000000003,3.3565781807059736
5569.5,5.569499999999998,3.348010582005756
5570.0,5.57,3.350510582005768
5570.5,5.570500000000003,3.35301058200578
5571.0,5.570999999999998,3.3445100082782986
5571.5,5.5715,3.3470100082783105
5572.0,5.572000000000003,3.3495100082783225
5572.5,5.572499999999998,3.3410316146000696
5573.0,5.573,3.3435316146000815
5573.5,5.573500000000003,3.3460316146000935
5574.0,5.573999999999998,3.3375695952659257
5574.5,5.5745000000000005,3.3400695952659376
5575.0,5.575000000000003,3.3425695952659495
5575.5,5.575499999999998,3.3340970262206326
5576.0,5.5760000000000005,3.3365970262206446
5576.5,5.576500000000003,3.3390970262206565
5577.0,5.576999999999998,3.3305580796465506
5577.5,5.577500000000001,3.3330580796465625
5578.0,5.578000000000003,3.3355580796465745
5578.5,5.578499999999998,3.3269214141851577
5579.0,5.579000000000001,3.3294214141851697
5579.5,5.579500000000003,3.3319214141851816
5580.0,5.579999999999998,3.32315003099378
5580.5,5.580500000000001,3.325650030993792
5581.0,5.581000000000003,3.328150030993804
5581.5,5.581499999999998,3.3191748410813204
5582.0,5.582000000000001,3.3216748410813324
5582.5,5.582500000000003,3.3241748410813443
5583.0,5.582999999999998,3.3149318713125453
5583.5,5.583500000000001,3.3174318713125572
5584.0,5.584000000000003,3.319931871312569
5584.5,5.5844999999999985,3.310390026367962
5585.0,5.585000000000001,3.312890026367974
5585.5,5.585500000000003,3.315390026367986
5586.0,5.5859999999999985,3.3055346774867544
5586.5,5.586500000000001,3.3080346774867664
5587.0,5.586999999999996,3.310534677486743
5587.5,5.587499999999999,3.3130346774867547
5588.0,5.588000000000001,3.302864727219763
5588.5,5.588500000000003,3.305364727219775
5589.0,5.588999999999999,3.3078647272197514
5589.5,5.589500000000001,3.297406456529579
5590.0,5.589999999999996,3.2999064565295555
5590.5,5.590499999999999,3.3024064565295674
5591.0,5.591000000000001,3.2916984187652787
5591.5,5.5915000000000035,3.2941984187652906
5592.0,5.591999999999999,3.296698418765267
5592.5,5.592500000000001,3.2857953636261783
5593.0,5.592999999999996,3.2882953636261547
5593.5,5.593499999999999,3.2907953636261666
5594.0,5.594000000000001,3.2797397282655893
5594.5,5.594500000000004,3.2822397282656013
5595.0,5.594999999999999,3.2847397282655777
5595.5,5.595500000000001,3.2735648943822326
5596.0,5.5959999999999965,3.276064894382209
5596.5,5.596499999999999,3.278564894382221
5597.0,5.597000000000001,3.2673004171668296
5597.5,5.597500000000004,3.2698004171668416
5598.0,5.597999999999999,3.272300417166818
5598.5,5.598500000000001,3.2609820100906717
5599.0,5.598999999999997,3.263482010090648
5599.5,5.599499999999999,3.26598201009066
5600.0,5.600000000000001,3.2546747049338265
5600.5,5.600500000000004,3.2571747049338384
5601.0,5.600999999999999,3.259674704933815
5601.5,5.6015000000000015,3.2484212032855453
5602.0,5.601999999999997,3.2509212032855217
5602.5,5.602499999999999,3.2534212032855336
5603.0,5.6030000000000015,3.242292707778489
5603.5,5.603500000000004,3.244792707778501
5604.0,5.603999999999999,3.2472927077784774
5604.5,5.604500000000002,3.2363325395522935
5605.0,5.604999999999997,3.23883253955227
5605.5,5.605499999999999,3.241332539552282
5606.0,5.606000000000002,3.230581354658817
5606.5,5.606500000000004,3.233081354658829
5607.0,5.606999999999999,3.2355813546588053
5607.5,5.607500000000002,3.225072603848993
5608.0,5.607999999999997,3.2275726038489694
5608.5,5.608499999999999,3.2300726038489813
5609.0,5.609000000000002,3.2197922313780936
5609.5,5.609499999999997,3.22229223137807
5610.0,5.609999999999999,3.224792231378082
5610.5,5.610500000000002,3.2147007818867834
5611.0,5.610999999999997,3.21720078188676
5611.5,5.6114999999999995,3.219700781886772
5612.0,5.612000000000002,3.2097408457527266
5612.5,5.612499999999997,3.212240845752703
5613.0,5.6129999999999995,3.214740845752715
5613.5,5.613500000000002,3.2048384512107475
5614.0,5.613999999999997,3.207338451210724
5614.5,5.6145,3.209838451210736
5615.0,5.615000000000002,3.199923459337164
5615.5,5.615499999999997,3.2024234593371403
5616.0,5.616,3.2049234593371523
5616.5,5.616500000000002,3.194943824758454
5617.0,5.616999999999997,3.1974438247584303
5617.5,5.6175,3.199943824758442
5618.0,5.618000000000002,3.1898672214636647
5618.5,5.618499999999997,3.192367221463641
5619.0,5.619,3.194867221463653
5619.5,5.619500000000002,3.1846795219373547
5620.0,5.619999999999997,3.187179521937331
5620.5,5.6205,3.189679521937343
5621.0,5.621000000000002,3.179368280595831
5621.5,5.6214999999999975,3.1818682805958076
5622.0,5.622,3.1843682805958196
5622.5,5.622500000000002,3.173926367974751
5623.0,5.6229999999999976,3.1764263679747273
5623.5,5.6235,3.1789263679747393
5624.0,5.624000000000002,3.1683503881724207
5624.5,5.624499999999998,3.170850388172397
5625.0,5.625,3.173350388172409
5625.5,5.625500000000002,3.162652170004172
5626.0,5.625999999999998,3.1651521700041485
5626.5,5.6265,3.1676521700041604
5627.0,5.6270000000000024,3.1568481701111395
5627.5,5.627499999999998,3.159348170111116
5628.0,5.628,3.161848170111128
5628.5,5.6285000000000025,3.1509732348791175
5629.0,5.628999999999998,3.153473234879094
5629.5,5.6295,3.155973234879106
5630.0,5.630000000000003,3.145091418226116
5630.5,5.630499999999998,3.1475914182260922
5631.0,5.631,3.150091418226104
5631.5,5.631500000000003,3.1392369783323204
5632.0,5.631999999999998,3.141736978332297
5632.5,5.6325,3.1442369783323088
5633.0,5.633000000000003,3.1334622555793956
5633.5,5.633499999999998,3.135962255579372
5634.0,5.634,3.138462255579384
5634.5,5.634500000000003,3.127809018780745
5635.0,5.634999999999998,3.1303090187807214
5635.5,5.6355,3.1328090187807334
5636.0,5.636000000000003,3.122313706791431
5636.5,5.636499999999998,3.1248137067914072
5637.0,5.6370000000000005,3.127313706791419
5637.5,5.637500000000003,3.1169999605953436
5638.0,5.637999999999998,3.11949996059532
5638.5,5.6385000000000005,3.121999960595332
5639.0,5.639000000000003,3.1119121742136713
5639.5,5.639499999999998,3.1144121742136477
5640.0,5.640000000000001,3.1169121742136596
5640.5,5.640500000000003,3.1070465398663316
5641.0,5.640999999999998,3.109546539866308
5641.5,5.641500000000001,3.11204653986632
5642.0,5.642000000000003,3.1023891201143883
5642.5,5.642499999999998,3.1048891201143647
5643.0,5.643000000000001,3.1073891201143766
5643.5,5.643500000000003,3.0979219054825435
5644.0,5.643999999999998,3.10042190548252
5644.5,5.644500000000001,3.102921905482532
5645.0,5.645000000000003,3.093610609026456
5645.5,5.645499999999998,3.0961106090264323
5646.0,5.646000000000001,3.0986106090264443
5646.5,5.646500000000003,3.08941690681543
5647.0,5.6469999999999985,3.091916906815406
5647.5,5.647500000000001,3.094416906815418
5648.0,5.648000000000003,3.085298231002902
5648.5,5.6484999999999985,3.0877982310028784
5649.0,5.649000000000001,3.0902982310028904
5649.5,5.649499999999996,3.0811933671742153
5650.0,5.649999999999999,3.0836933671742273
5650.5,5.650500000000001,3.086193367174239
5651.0,5.651000000000003,3.0770351394523487
5651.5,5.651499999999999,3.079535139452325
5652.0,5.652000000000001,3.082035139452337
5652.5,5.652499999999996,3.0727852682298717
5653.0,5.652999999999999,3.0752852682298837
5653.5,5.653500000000001,3.0777852682298956
5654.0,5.6540000000000035,3.068398602554616
5654.5,5.654499999999999,3.0708986025545926
5655.0,5.655000000000001,3.0733986025546045
5655.5,5.655499999999996,3.063868580192377
5656.0,5.655999999999999,3.066368580192389
5656.5,5.656500000000001,3.068868580192401
5657.0,5.657000000000004,3.0592029772741114
5657.5,5.657499999999999,3.061702977274088
5658.0,5.658000000000001,3.0642029772740997
5658.5,5.6584999999999965,3.0544138258743914
5659.0,5.658999999999999,3.0569138258744033
5659.5,5.659500000000001,3.0594138258744152
5660.0,5.660000000000004,3.0495274235964587
5660.5,5.660499999999999,3.052027423596435
5661.0,5.661000000000001,3.054527423596447
5661.5,5.661499999999997,3.044567355148544
5662.0,5.661999999999999,3.047067355148556
5662.5,5.662500000000001,3.049567355148568
5663.0,5.663000000000004,3.05206735514858
5663.5,5.663499999999999,3.042064778456286
5664.0,5.6640000000000015,3.044564778456298
5664.5,5.664499999999997,3.0470647784562743
5665.0,5.664999999999999,3.0370392025782422
5665.5,5.6655000000000015,3.039539202578254
5666.0,5.666000000000004,3.042039202578266
5666.5,5.666499999999999,3.031998947794996
5667.0,5.667000000000002,3.034498947795008
5667.5,5.667499999999997,3.0369989477949844
5668.0,5.667999999999999,3.026962788408163
5668.5,5.668500000000002,3.029462788408175
5669.0,5.669000000000004,3.031962788408187
5669.5,5.669499999999999,3.0219380504214755
5670.0,5.670000000000002,3.0244380504214874
5670.5,5.670499999999997,3.026938050421464
5671.0,5.670999999999999,3.01692828339867
5671.5,5.671500000000002,3.019428283398682
5672.0,5.671999999999997,3.0219282833986583
5672.5,5.672499999999999,3.011920155163068
5673.0,5.673000000000002,3.01442015516308
5673.5,5.673499999999997,3.0169201551630564
5674.0,5.6739999999999995,3.006890730910534
5674.5,5.674500000000002,3.009390730910546
5675.0,5.674999999999997,3.0118907309105225
5675.5,5.6754999999999995,3.001796997392532
5676.0,5.676000000000002,3.0042969973925437
5676.5,5.676499999999997,3.00679699739252
5677.0,5.677,2.9966322798421885
5677.5,5.677500000000002,2.9991322798422004
5678.0,5.677999999999997,3.001632279842177
5678.5,5.6785,2.991372888670263
5679.0,5.679000000000002,2.993872888670275
5679.5,5.679499999999997,2.996372888670251
5680.0,5.68,2.985993054174294
5680.5,5.680500000000002,2.988493054174306
5681.0,5.680999999999997,2.9909930541742824
5681.5,5.6815,2.980502697853318
5682.0,5.682000000000002,2.9830026978533297
5682.5,5.682499999999997,2.985502697853306
5683.0,5.683,2.9749405523040906
5683.5,5.683500000000002,2.9774405523041025
5684.0,5.6839999999999975,2.979940552304079
5684.5,5.6845,2.9693197043842545
5685.0,5.685000000000002,2.9718197043842665
5685.5,5.6854999999999976,2.974319704384243
5686.0,5.686,2.963653933342023
5686.5,5.686500000000002,2.966153933342035
5687.0,5.686999999999998,2.9686539333420114
5687.5,5.6875,2.957959866029114
5688.0,5.688000000000002,2.960459866029126
5688.5,5.688499999999998,2.9629598660291023
5689.0,5.689,2.9522422606353516
5689.5,5.6895000000000024,2.9547422606353635
5690.0,5.689999999999998,2.95724226063534
5690.5,5.6905,2.946537818608057
5691.0,5.6910000000000025,2.949037818608069
5691.5,5.691499999999998,2.9515378186080454
5692.0,5.692,2.9408658550335076
5692.5,5.692500000000003,2.9433658550335196
5693.0,5.692999999999998,2.945865855033496
5693.5,5.6935,2.935233783349034
5694.0,5.694000000000003,2.937733783349046
5694.5,5.694499999999998,2.940233783349022
5695.0,5.695,2.92967632823391
5695.5,5.695500000000003,2.932176328233922
5696.0,5.695999999999998,2.9346763282338983
5696.5,5.6965,2.9242251152872
5697.0,5.697000000000003,2.926725115287212
5697.5,5.697499999999998,2.9292251152871884
5698.0,5.698,2.918901087638446
5698.5,5.698500000000003,2.9214010876384577
5699.0,5.698999999999998,2.923901087638434
5699.5,5.6995000000000005,2.9137175559716866
5700.0,5.700000000000003,2.9162175559716985
5700.5,5.700499999999998,2.918717555971675
5701.0,5.7010000000000005,2.9086793846121495
5701.5,5.701500000000003,2.9111793846121614
5702.0,5.701999999999998,2.913679384612138
5702.5,5.702500000000001,2.903756511313027
5703.0,5.703000000000003,2.906256511313039
5703.5,5.703499999999998,2.9087565113130154
5704.0,5.704000000000001,2.8988974693233516
5704.5,5.704500000000003,2.9013974693233635
5705.0,5.704999999999998,2.90389746932334
5705.5,5.705500000000001,2.89405319676721
5706.0,5.706000000000003,2.896553196767222
5706.5,5.706499999999998,2.8990531967671984
5707.0,5.707000000000001,2.889167597678046
5707.5,5.707500000000003,2.891667597678058
5708.0,5.707999999999998,2.8941675976780346
5708.5,5.708500000000001,2.8842012309676335
5709.0,5.709000000000003,2.8867012309676454
5709.5,5.7094999999999985,2.889201230967622
5710.0,5.710000000000001,2.8791014142117177
5710.5,5.710500000000003,2.8816014142117297
5711.0,5.7109999999999985,2.884101414211706
5711.5,5.711500000000001,2.8738416084377505
5712.0,5.711999999999996,2.876341608437727
5712.5,5.712499999999999,2.878841608437739
5713.0,5.713000000000001,2.868430196695435
5713.5,5.713500000000003,2.870930196695447
5714.0,5.713999999999999,2.8734301966954234
5714.5,5.714500000000001,2.862879907223075
5715.0,5.714999999999996,2.8653799072230512
5715.5,5.715499999999999,2.867879907223063
5716.0,5.716000000000001,2.8572186407651046
5716.5,5.7165000000000035,2.8597186407651165
5717.0,5.716999999999999,2.862218640765093
5717.5,5.717500000000001,2.8514760867219024
5718.0,5.717999999999996,2.853976086721879
5718.5,5.718499999999999,2.856476086721891
5719.0,5.719000000000001,2.845671857520742
5719.5,5.719500000000004,2.8481718575207537
5720.0,5.719999999999999,2.85067185752073
5720.5,5.720500000000001,2.839839924149743
5721.0,5.7209999999999965,2.8423399241497194
5721.5,5.721499999999999,2.8448399241497313
5722.0,5.722000000000001,2.834024224268461
5722.5,5.722500000000004,2.836524224268473
5723.0,5.722999999999999,2.8390242242684494
5723.5,5.723500000000001,2.828245404837517
5724.0,5.723999999999997,2.8307454048374936
5724.5,5.724499999999999,2.8332454048375055
5725.0,5.725000000000001,2.822542163735342
5725.5,5.725500000000004,2.825042163735354
5726.0,5.725999999999999,2.8275421637353304
5726.5,5.7265000000000015,2.8169335672997775
5727.0,5.726999999999997,2.819433567299754
5727.5,5.727499999999999,2.821933567299766
5728.0,5.7280000000000015,2.8114450280593317
5728.5,5.728500000000004,2.8139450280593437
5729.0,5.728999999999999,2.81644502805932
5729.5,5.729500000000002,2.806095161918627
5730.0,5.729999999999997,2.8085951619186034
5730.5,5.730499999999999,2.8110951619186153
5731.0,5.731000000000002,2.800890817706012
5731.5,5.731500000000004,2.803390817706024
5732.0,5.731999999999999,2.8058908177060005
5732.5,5.732500000000002,2.795848329979407
5733.0,5.732999999999997,2.798348329979383
5733.5,5.733499999999999,2.800848329979395
5734.0,5.734000000000002,2.7909712629676164
5734.5,5.734499999999997,2.793471262967593
5735.0,5.734999999999999,2.795971262967605
5735.5,5.735500000000002,2.7862338948190057
5736.0,5.735999999999997,2.788733894818982
5736.5,5.7364999999999995,2.791233894818994
5737.0,5.737000000000002,2.7815956367927086
5737.5,5.737499999999997,2.784095636792685
5738.0,5.7379999999999995,2.786595636792697
5738.5,5.738500000000002,2.789095636792709
5739.0,5.738999999999997,2.77951369759581
5739.5,5.7395,2.782013697595822
5740.0,5.740000000000002,2.784513697595834
5740.5,5.740499999999997,2.7749488441122594
5741.0,5.741,2.7774488441122713
5741.5,5.741500000000002,2.7799488441122833
5742.0,5.741999999999997,2.7703540498513135
5742.5,5.7425,2.7728540498513254
5743.0,5.743000000000002,2.7753540498513374
5743.5,5.743499999999997,2.7657083181271247
5744.0,5.744,2.7682083181271366
5744.5,5.744500000000002,2.7707083181271486
5745.0,5.744999999999997,2.7609747853377797
5745.5,5.7455,2.7634747853377917
5746.0,5.746000000000002,2.7659747853378036
5746.5,5.7464999999999975,2.7561538807330166
5747.0,5.747,2.7586538807330285
5747.5,5.747500000000002,2.7611538807330405
5748.0,5.7479999999999976,2.7512566106153358
5748.5,5.7485,2.7537566106153477
5749.0,5.749000000000002,2.7562566106153596
5749.5,5.749499999999998,2.7462613341127096
5750.0,5.75,2.7487613341127215
5750.5,5.750500000000002,2.7512613341127334
5751.0,5.750999999999998,2.7411936063170472
5751.5,5.7515,2.743693606317059
5752.0,5.7520000000000024,2.746193606317071
5752.5,5.752499999999998,2.736094166544625
5753.0,5.753,2.7385941665446367
5753.5,5.7535000000000025,2.7410941665446487
5754.0,5.753999999999998,2.7309854826460267
5754.5,5.7545,2.7334854826460386
5755.0,5.755000000000003,2.7359854826460506
5755.5,5.755499999999998,2.725876659364097
5756.0,5.756,2.728376659364109
5756.5,5.756500000000003,2.730876659364121
5757.0,5.756999999999998,2.7208217384585964
5757.5,5.7575,2.7233217384586084
5758.0,5.758000000000003,2.7258217384586203
5758.5,5.758499999999998,2.7158415506558953
5759.0,5.759,2.718341550655907
5759.5,5.759500000000003,2.720841550655919
5760.0,5.759999999999998,2.710956052937945
5760.5,5.7605,2.713456052937957
5761.0,5.761000000000003,2.715956052937969
5761.5,5.761499999999998,2.706171438905649
5762.0,5.7620000000000005,2.708671438905661
5762.5,5.762500000000003,2.711171438905673
5763.0,5.762999999999998,2.701491982904365
5763.5,5.7635000000000005,2.703991982904377
5764.0,5.764000000000003,2.7064919829043887
5764.5,5.764499999999998,2.6969329748585835
5765.0,5.765000000000001,2.6994329748585955
5765.5,5.765500000000003,2.7019329748586074
5766.0,5.765999999999998,2.692499997971005
5766.5,5.766500000000001,2.694999997971017
5767.0,5.767000000000003,2.697499997971029
5767.5,5.767499999999998,2.688173696563929
5768.0,5.768000000000001,2.690673696563941
5768.5,5.768500000000003,2.693173696563953
5769.0,5.768999999999998,2.683929172260555
5769.5,5.769500000000001,2.686429172260567
5770.0,5.770000000000003,2.688929172260579
5770.5,5.770499999999998,2.6797339894203276
5771.0,5.771000000000001,2.6822339894203395
5771.5,5.771500000000003,2.6847339894203515
5772.0,5.7719999999999985,2.675566037584538
5772.5,5.772500000000001,2.67806603758455
5773.0,5.773000000000003,2.680566037584562
5773.5,5.7734999999999985,2.671390194870078
5774.0,5.774000000000001,2.67389019487009
5774.5,5.774499999999996,2.6763901948700664
5775.0,5.774999999999999,2.667176049765594
5775.5,5.775500000000001,2.669676049765606
5776.0,5.776000000000003,2.6721760497656177
5776.5,5.776499999999999,2.662905100948585
5777.0,5.777000000000001,2.665405100948597
5777.5,5.777499999999996,2.6679051009485732
5778.0,5.777999999999999,2.6585580169184198
5778.5,5.778500000000001,2.6610580169184317
5779.0,5.7790000000000035,2.6635580169184436
5779.5,5.779499999999999,2.654126400555441
5780.0,5.780000000000001,2.656626400555453
5780.5,5.780499999999996,2.6591264005554294
5781.0,5.780999999999999,2.649583927471788
5781.5,5.781500000000001,2.6520839274718
5782.0,5.782000000000004,2.654583927471812
5782.5,5.782499999999999,2.644900782940418
5783.0,5.783000000000001,2.64740078294043
5783.5,5.7834999999999965,2.6499007829404064
5784.0,5.783999999999999,2.6400884727188867
5784.5,5.784500000000001,2.6425884727188986
5785.0,5.785000000000004,2.6450884727189106
5785.5,5.785499999999999,2.6351677162025666
5786.0,5.786000000000001,2.6376677162025786
5786.5,5.786499999999997,2.640167716202555
5787.0,5.786999999999999,2.6301648440368552
5787.5,5.787500000000001,2.632664844036867
5788.0,5.788000000000004,2.635164844036879
5788.5,5.788499999999999,2.625114046694925
5789.0,5.7890000000000015,2.627614046694937
5789.5,5.789499999999997,2.6301140466949136
5790.0,5.789999999999999,2.620036358133788
5790.5,5.7905000000000015,2.6225363581338
5791.0,5.791000000000004,2.625036358133812
5791.5,5.791499999999999,2.6149216037201484
5792.0,5.792000000000002,2.6174216037201603
5792.5,5.792499999999997,2.6199216037201367
5793.0,5.792999999999999,2.6097942722057255
5793.5,5.793500000000002,2.6122942722057374
5794.0,5.794000000000004,2.6147942722057493
5794.5,5.794499999999999,2.60465115041125
5795.0,5.795000000000002,2.607151150411262
5795.5,5.795499999999997,2.6096511504112385
5796.0,5.795999999999999,2.599494326322187
5796.5,5.796500000000002,2.601994326322199
5797.0,5.796999999999997,2.6044943263221754
5797.5,5.797499999999999,2.594330339366664
5798.0,5.798000000000002,2.596830339366676
5798.5,5.798499999999997,2.5993303393666523
5799.0,5.7989999999999995,2.589158960031064
5799.5,5.799500000000002,2.5916589600310758
5800.0,5.799999999999997,2.594158960031052
5800.5,5.8004999999999995,2.583968890514683
5801.0,5.801000000000002,2.586468890514695
5801.5,5.801499999999997,2.5889688905146713
5802.0,5.802,2.5787589464407645
5802.5,5.802500000000002,2.5812589464407765
5803.0,5.802999999999997,2.583758946440753
5803.5,5.8035,2.5735459006063977
5804.0,5.804000000000002,2.5760459006064096
5804.5,5.804499999999997,2.578545900606386
5805.0,5.805,2.5683220794153527
5805.5,5.805500000000002,2.5708220794153647
5806.0,5.805999999999997,2.573322079415341
5806.5,5.8065,2.563079506952448
5807.0,5.807000000000002,2.56557950695246
5807.5,5.807499999999997,2.5680795069524365
5808.0,5.808,2.5578290743814946
5808.5,5.808500000000002,2.5603290743815066
5809.0,5.8089999999999975,2.562829074381483
5809.5,5.8095,2.552556168854352
5810.0,5.810000000000002,2.555056168854364
5810.5,5.8104999999999976,2.5575561688543402
5811.0,5.811,2.5472511085557414
5811.5,5.811500000000002,2.5497511085557534
5812.0,5.811999999999998,2.55225110855573
5812.5,5.8125,2.541906507115499
5813.0,5.813000000000002,2.544406507115511
5813.5,5.813499999999998,2.5469065071154873
5814.0,5.814,2.549406507115499
5814.5,5.8145000000000024,2.5390239023600003
5815.0,5.814999999999998,2.5415239023599767
5815.5,5.8155,2.5440239023599887
5816.0,5.8160000000000025,2.5336132062404815
5816.5,5.816499999999998,2.536113206240458
5817.0,5.817,2.53861320624047
5817.5,5.817500000000003,2.5281862778740916
5818.0,5.817999999999998,2.530686277874068
5818.5,5.8185,2.53318627787408
5819.0,5.819000000000003,2.522772194083416
5819.5,5.819499999999998,2.525272194083392
5820.0,5.82,2.527772194083404
5820.5,5.820500000000003,2.5173624424538588
5821.0,5.820999999999998,2.519862442453835
5821.5,5.8215,2.522362442453847
5822.0,5.822000000000003,2.5119733594105043
5822.5,5.822499999999998,2.5144733594104807
5823.0,5.823,2.5169733594104926
5823.5,5.823500000000003,2.506609185560329
5824.0,5.823999999999998,2.5091091855603054
5824.5,5.8245000000000005,2.5116091855603173
5825.0,5.825000000000003,2.5012764360164397
5825.5,5.825499999999998,2.503776436016416
5826.0,5.8260000000000005,2.506276436016428
5826.5,5.826500000000003,2.496005944952593
5827.0,5.826999999999998,2.4985059449525693
5827.5,5.827500000000001,2.501005944952581
5828.0,5.828000000000003,2.49081906881937
5828.5,5.828499999999998,2.4933190688193463
5829.0,5.829000000000001,2.495819068819358
5829.5,5.829500000000003,2.4857142703456248
5830.0,5.829999999999998,2.488214270345601
5830.5,5.830500000000001,2.490714270345613
5831.0,5.831000000000003,2.480697057727035
5831.5,5.831499999999998,2.4831970577270113
5832.0,5.832000000000001,2.485697057727023
5832.5,5.832500000000003,2.4757658841984664
5833.0,5.832999999999998,2.478265884198443
5833.5,5.833500000000001,2.480765884198455
5834.0,5.834000000000003,2.4708956333221366
5834.5,5.8344999999999985,2.473395633322113
5835.0,5.835000000000001,2.475895633322125
5835.5,5.835500000000003,2.4660296363863665
5836.0,5.8359999999999985,2.468529636386343
5836.5,5.836500000000001,2.471029636386355
5837.0,5.836999999999996,2.4611532426641247
5837.5,5.837499999999999,2.4636532426641367
5838.0,5.838000000000001,2.4661532426641486
5838.5,5.838500000000003,2.45626445599612
5839.0,5.838999999999999,2.4587644559960964
5839.5,5.839500000000001,2.4612644559961083
5840.0,5.839999999999996,2.4514016330983424
5840.5,5.840499999999999,2.4539016330983543
5841.0,5.841000000000001,2.4564016330983662
5841.5,5.8415000000000035,2.4466160740110254
5842.0,5.841999999999999,2.449116074011002
5842.5,5.842500000000001,2.451616074011014
5843.0,5.842999999999996,2.441972680035853
5843.5,5.843499999999999,2.444472680035865
5844.0,5.844000000000001,2.446972680035877
5844.5,5.844500000000004,2.4375150737605367
5845.0,5.844999999999999,2.440015073760513
5845.5,5.845500000000001,2.442515073760525
5846.0,5.8459999999999965,2.4332474728362996
5846.5,5.846499999999999,2.4357474728363115
5847.0,5.847000000000001,2.4382474728363235
5847.5,5.847500000000004,2.4291579486877524
5848.0,5.847999999999999,2.4316579486877288
5848.5,5.848500000000001,2.4341579486877407
5849.0,5.848999999999997,2.4252207162440342
5849.5,5.849499999999999,2.427720716244046
5850.0,5.850000000000001,2.430220716244058
5850.5,5.850500000000004,2.4213990356171777
5851.0,5.850999999999999,2.423899035617154
5851.5,5.8515000000000015,2.426399035617166
5852.0,5.851999999999997,2.4176872653009696
5852.5,5.852499999999999,2.4201872653009815
5853.0,5.8530000000000015,2.4226872653009934
5853.5,5.853500000000004,2.414063317735433
5854.0,5.853999999999999,2.4165633177354096
5854.5,5.854500000000002,2.4190633177354215
5855.0,5.854999999999997,2.4105140765246347
5855.5,5.855499999999999,2.4130140765246466
5856.0,5.856000000000002,2.4155140765246585
5856.5,5.856500000000004,2.407029618327492
5857.0,5.856999999999999,2.4095296183274684
5857.5,5.857500000000002,2.4120296183274803
5858.0,5.857999999999997,2.4035692636796213
5858.5,5.858499999999999,2.4060692636796333
5859.0,5.859000000000002,2.408569263679645
5859.5,5.859499999999997,2.4001381661469523
5860.0,5.859999999999999,2.4026381661469642
5860.5,5.860500000000002,2.405138166146976
5861.0,5.860999999999997,2.3967029813663387
5861.5,5.8614999999999995,2.3992029813663507
5862.0,5.862000000000002,2.4017029813663626
5862.5,5.862499999999997,2.3932552314313327
5863.0,5.8629999999999995,2.3957552314313446
5863.5,5.863500000000002,2.3982552314313565
5864.0,5.863999999999997,2.389788288385688
5864.5,5.8645,2.3922882883857
5865.0,5.865000000000002,2.394788288385712
5865.5,5.865499999999997,2.386272888906973
5866.0,5.866,2.388772888906985
5866.5,5.866500000000002,2.3912728889069967
5867.0,5.866999999999997,2.382699597979645
5867.5,5.8675,2.385199597979657
5868.0,5.868000000000002,2.387699597979669
5868.5,5.868499999999997,2.3790478472596277
5869.0,5.869,2.3815478472596396
5869.5,5.869500000000002,2.3840478472596516
5870.0,5.869999999999997,2.375311564816762
5870.5,5.8705,2.377811564816774
5871.0,5.871000000000002,2.380311564816786
5871.5,5.8714999999999975,2.371468764991249
5872.0,5.872,2.373968764991261
5872.5,5.872500000000002,2.376468764991273
5873.0,5.8729999999999976,2.3675361409046047
5873.5,5.8735,2.3700361409046167
5874.0,5.874000000000002,2.3725361409046286
5874.5,5.874499999999998,2.3635265605216915
5875.0,5.875,2.3660265605217035
5875.5,5.875500000000002,2.3685265605217154
5876.0,5.875999999999998,2.3594611512486097
5876.5,5.8765,2.3619611512486216
5877.0,5.8770000000000024,2.3644611512486335
5877.5,5.877499999999998,2.3553540637264803
5878.0,5.878,2.357854063726492
5878.5,5.8785000000000025,2.360354063726504
5879.0,5.878999999999998,2.3512364008940523
5879.5,5.8795,2.353736400894064
5880.0,5.880000000000003,2.356236400894076
5880.5,5.880499999999998,2.3471192407279773
5881.0,5.881,2.3496192407279892
5881.5,5.881500000000003,2.352119240728001
5882.0,5.881999999999998,2.3430034281027545
5882.5,5.8825,2.3455034281027665
5883.0,5.883000000000003,2.3480034281027784
5883.5,5.883499999999998,2.338868780230783
5884.0,5.884,2.3413687802307948
5884.5,5.884500000000003,2.3438687802308067
5885.0,5.884999999999998,2.3347088287686546
5885.5,5.8855,2.3372088287686665
5886.0,5.886000000000003,2.3397088287686785
5886.5,5.886499999999998,2.3304842084369426
5887.0,5.8870000000000005,2.3329842084369545
5887.5,5.887500000000003,2.3354842084369665
5888.0,5.887999999999998,2.3261283272191946
5888.5,5.8885000000000005,2.3286283272192065
5889.0,5.889000000000003,2.3311283272192185
5889.5,5.889499999999998,2.333628327219195
5890.0,5.890000000000001,2.324089477622344
5890.5,5.890500000000003,2.326589477622356
5891.0,5.890999999999998,2.3290894776223325
5891.5,5.891500000000001,2.3193280766053093
5892.0,5.892000000000003,2.321828076605321
5892.5,5.892499999999998,2.3243280766052976
5893.0,5.893000000000001,2.31433941153373
5893.5,5.893500000000003,2.316839411533742
5894.0,5.893999999999998,2.3193394115337185
5894.5,5.894500000000001,2.3091065330381966
5895.0,5.895000000000003,2.3116065330382085
5895.5,5.895499999999998,2.314106533038185
5896.0,5.896000000000001,2.3036551018355667
5896.5,5.896500000000003,2.3061551018355786
5897.0,5.8969999999999985,2.308655101835555
5897.5,5.897500000000001,2.298022893229188
5898.0,5.898000000000003,2.3005228932292
5898.5,5.8984999999999985,2.3030228932291763
5899.0,5.899000000000001,2.2922280295535202
5899.5,5.899499999999996,2.2947280295534966
5900.0,5.899999999999999,2.2972280295535086
5900.5,5.900500000000001,2.2863178578419507
5901.0,5.901000000000003,2.2888178578419627
5901.5,5.901499999999999,2.291317857841939
5902.0,5.902000000000001,2.28033956368634
5902.5,5.902499999999996,2.2828395636863164
5903.0,5.902999999999999,2.2853395636863283
5903.5,5.903500000000001,2.274335624270769
5904.0,5.9040000000000035,2.276835624270781
5904.5,5.904499999999999,2.2793356242707574
5905.0,5.905000000000001,2.2683326234606582
5905.5,5.905499999999996,2.2708326234606346
5906.0,5.905999999999999,2.2733326234606466
5906.5,5.906500000000001,2.2623517036138097
5907.0,5.907000000000004,2.2648517036138216
5907.5,5.907499999999999,2.267351703613798
5908.0,5.908000000000001,2.256403649614711
5908.5,5.9084999999999965,2.2589036496146875
5909.0,5.908999999999999,2.2614036496146994
5909.5,5.909500000000001,2.250509983349076
5910.0,5.910000000000004,2.253009983349088
5910.5,5.910499999999999,2.2555099833490644
5911.0,5.911000000000001,2.244703620493951
5911.5,5.911499999999997,2.247203620493927
5912.0,5.911999999999999,2.249703620493939
5912.5,5.912500000000001,2.2390054185009944
5913.0,5.913000000000004,2.2415054185010064
5913.5,5.913499999999999,2.244005418500983
5914.0,5.9140000000000015,2.233422386451842
5914.5,5.914499999999997,2.2359223864518185
5915.0,5.914999999999999,2.2384223864518304
5915.5,5.9155000000000015,2.2279648529142904
5916.0,5.916000000000004,2.2304648529143023
5916.5,5.916499999999999,2.2329648529142787
5917.0,5.917000000000002,2.2226284842265898
5917.5,5.917499999999997,2.225128484226566
5918.0,5.917999999999999,2.227628484226578
5918.5,5.918500000000002,2.2174049646377725
5919.0,5.919000000000004,2.2199049646377844
5919.5,5.919499999999999,2.222404964637761
5920.0,5.920000000000002,2.212273859152667
5920.5,5.920499999999997,2.2147738591526434
5921.0,5.920999999999999,2.2172738591526553
5921.5,5.921500000000002,2.207227465461834
5922.0,5.921999999999997,2.2097274654618104
5922.5,5.922499999999999,2.2122274654618224
5923.0,5.923000000000002,2.202259156175188
5923.5,5.923499999999997,2.2047591561751645
5924.0,5.9239999999999995,2.2072591561751764
5924.5,5.924500000000002,2.197373269369862
5925.0,5.924999999999997,2.1998732693698386
5925.5,5.9254999999999995,2.2023732693698506
5926.0,5.926000000000002,2.1925492654189327
5926.5,5.926499999999997,2.195049265418909
5927.0,5.927,2.197549265418921
5927.5,5.927500000000002,2.187782260782285
5928.0,5.927999999999997,2.1902822607822614
5928.5,5.9285,2.1927822607822733
5929.0,5.929000000000002,2.183072116345244
5929.5,5.929499999999997,2.18557211634522
5930.0,5.93,2.188072116345232
5930.5,5.930500000000002,2.178438087974861
5931.0,5.930999999999997,2.1809380879748375
5931.5,5.9315,2.1834380879748494
5932.0,5.932000000000002,2.1738703276661653
5932.5,5.932499999999997,2.1763703276661417
5933.0,5.933,2.1788703276661536
5933.5,5.933500000000002,2.16938672079813
5934.0,5.9339999999999975,2.1718867207981063
5934.5,5.9345,2.1743867207981182
5935.0,5.935000000000002,2.1649908357912295
5935.5,5.9354999999999976,2.167490835791206
5936.0,5.936,2.169990835791218
5936.5,5.936500000000002,2.160688344708994
5937.0,5.936999999999998,2.1631883447089706
5937.5,5.9375,2.1656883447089825
5938.0,5.938000000000002,2.156496683471687
5938.5,5.938499999999998,2.1589966834716634
5939.0,5.939,2.1614966834716753
5939.5,5.9395000000000024,2.1524129688894433
5940.0,5.939999999999998,2.1549129688894197
5940.5,5.9405,2.1574129688894317
5941.0,5.9410000000000025,2.148439389652097
5941.5,5.941499999999998,2.1509393896520734
5942.0,5.942,2.1534393896520854
5942.5,5.942500000000003,2.144548173573746
5943.0,5.942999999999998,2.1470481735737224
5943.5,5.9435,2.1495481735737343
5944.0,5.944000000000003,2.140728815664694
5944.5,5.944499999999998,2.1432288156646706
5945.0,5.945,2.1457288156646825
5945.5,5.945500000000003,2.136994412777291
5946.0,5.945999999999998,2.1394944127772675
5946.5,5.9465,2.1419944127772794
5947.0,5.947000000000003,2.133347368330867
5947.5,5.947499999999998,2.135847368330843
5948.0,5.948,2.138347368330855
5948.5,5.948500000000003,2.129796933070942
5949.0,5.948999999999998,2.1322969330709185
5949.5,5.9495000000000005,2.1347969330709304
5950.0,5.950000000000003,2.1263450739877143
5950.5,5.950499999999998,2.1288450739876907
5951.0,5.9510000000000005,2.1313450739877027
5951.5,5.951500000000003,2.1229996888918734
5952.0,5.951999999999998,2.12549968889185
5952.5,5.952500000000001,2.1279996888918618
5953.0,5.953000000000003,2.1197658522807217
5953.5,5.953499999999998,2.122265852280698
5954.0,5.954000000000001,2.12476585228071
5954.5,5.954500000000003,2.11664880567092
5955.0,5.954999999999998,2.1191488056708963
5955.5,5.955500000000001,2.121648805670908
5956.0,5.956000000000003,2.1136525514824456
5956.5,5.956499999999998,2.116152551482422
5957.0,5.957000000000001,2.118652551482434
5957.5,5.957500000000003,2.110768489724606
5958.0,5.957999999999998,2.1132684897245824
5958.5,5.958500000000001,2.1157684897245943
5959.0,5.959000000000003,2.1079662640793018
5959.5,5.9594999999999985,2.110466264079278
5960.0,5.960000000000001,2.11296626407929
5960.5,5.960500000000003,2.1052138185528335
5961.0,5.9609999999999985,2.10771381855281
5961.5,5.961500000000001,2.110213818552822
5962.0,5.961999999999996,2.1024556405003025
5962.5,5.962499999999999,2.1049556405003145
5963.0,5.963000000000001,2.1074556405003264
5963.5,5.963500000000003,2.09963957587199
5964.0,5.963999999999999,2.1021395758719663
5964.5,5.964500000000001,2.1046395758719783
5965.0,5.964999999999996,2.1071395758719547
5965.5,5.965499999999999,2.0992355799975115
5966.0,5.966000000000001,2.1017355799975235
5966.5,5.9665000000000035,2.1042355799975354
5967.0,5.966999999999999,2.0961877156790365
5967.5,5.967500000000001,2.0986877156790484
5968.0,5.967999999999996,2.101187715679025
5968.5,5.968499999999999,2.0929415106264315
5969.0,5.969000000000001,2.0954415106264435
5969.5,5.969500000000004,2.0979415106264554
5970.0,5.969999999999999,2.0894593779507886
5970.5,5.970500000000001,2.0919593779508006
5971.0,5.9709999999999965,2.094459377950777
5971.5,5.971499999999999,2.0857202621196436
5972.0,5.972000000000001,2.0882202621196555
5972.5,5.972500000000004,2.0907202621196674
5973.0,5.972999999999999,2.0817155090018957
5973.5,5.973500000000001,2.0842155090019077
5974.0,5.973999999999997,2.086715509001884
5974.5,5.974499999999999,2.0774571682819243
5975.0,5.975000000000001,2.079957168281936
5975.5,5.975500000000004,2.082457168281948
5976.0,5.975999999999999,2.072962451852902
5976.5,5.9765000000000015,2.075462451852914
5977.0,5.976999999999997,2.0779624518528905
5977.5,5.977499999999999,2.0682891313062868
5978.0,5.9780000000000015,2.0707891313062987
5978.5,5.978500000000004,2.0732891313063107
5979.0,5.978999999999999,2.0634854221040655
5979.5,5.979500000000002,2.0659854221040774
5980.0,5.979999999999997,2.068485422104054
5980.5,5.980499999999999,2.058582656262722
5981.0,5.981000000000002,2.061082656262734
5981.5,5.981500000000004,2.0635826562627457
5982.0,5.981999999999999,2.053618159805559
5982.5,5.982500000000002,2.056118159805571
5983.0,5.982999999999997,2.0586181598055475
5983.5,5.983499999999999,2.048632376735142
5984.0,5.984000000000002,2.051132376735154
5984.5,5.984499999999997,2.0536323767351305
5985.0,5.984999999999999,2.0436652006557665
5985.5,5.985500000000002,2.0461652006557784
5986.0,5.985999999999997,2.048665200655755
5986.5,5.9864999999999995,2.038765934098201
5987.0,5.987000000000002,2.041265934098213
5987.5,5.987499999999997,2.0437659340981895
5988.0,5.9879999999999995,2.0339373830444174
5988.5,5.988500000000002,2.0364373830444293
5989.0,5.988999999999997,2.0389373830444057
5989.5,5.9895,2.029193734253454
5990.0,5.990000000000002,2.0316937342534658
5990.5,5.990499999999997,2.034193734253442
5991.0,5.991,2.024549409496572
5991.5,5.991500000000002,2.027049409496584
5992.0,5.991999999999997,2.0295494094965605
5992.5,5.9925,2.0199833408574364
5993.0,5.993000000000002,2.0224833408574483
5993.5,5.993499999999997,2.0249833408574247
5994.0,5.994,2.015490523495451
5994.5,5.994500000000002,2.017990523495463
5995.0,5.994999999999997,2.0204905234954396
5995.5,5.9955,2.0110452589760897
5996.0,5.996000000000002,2.0135452589761016
5996.5,5.9964999999999975,2.016045258976078
5997.0,5.997,2.0066027443604284
5997.5,5.997500000000002,2.0091027443604403
5998.0,5.9979999999999976,2.0116027443604168
5998.5,5.9985,2.002113794438287
5999.0,5.999000000000002,2.004613794438299
5999.5,5.999499999999998,2.0071137944382755
6000.0,6.0,1.9975594728004964
6000.5,6.000500000000002,2.0000594728005083
6001.0,6.000999999999998,2.0025594728004847
6001.5,6.0015,1.9929184940010813
6002.0,6.0020000000000024,1.9954184940010933
6002.5,6.002499999999998,1.9979184940010697
6003.0,6.003,1.9881580528570453
6003.5,6.0035000000000025,1.9906580528570572
6004.0,6.003999999999998,1.9931580528570336
6004.5,6.0045,1.9832514946798696
6005.0,6.005000000000003,1.9857514946798815
6005.5,6.005499999999998,1.988251494679858
6006.0,6.006,1.978178669609001
6006.5,6.006500000000003,1.9806786696090128
6007.0,6.006999999999998,1.9831786696089893
6007.5,6.0075,1.9729673075903165
6008.0,6.008000000000003,1.9754673075903284
6008.5,6.008499999999998,1.9779673075903048
6009.0,6.009,1.9676680182920947
6009.5,6.009500000000003,1.9701680182921066
6010.0,6.009999999999998,1.972668018292083
6010.5,6.0105,1.9623291510956875
6011.0,6.011000000000003,1.9648291510956994
6011.5,6.011499999999998,1.9673291510956759
6012.0,6.0120000000000005,1.9570075047518287
6012.5,6.012500000000003,1.9595075047518407
6013.0,6.012999999999998,1.962007504751817
6013.5,6.0135000000000005,1.9517495019298892
6014.0,6.014000000000003,1.954249501929901
6014.5,6.014499999999998,1.9567495019298775
6015.0,6.015000000000001,1.9465971501610113
6015.5,6.015500000000003,1.9490971501610233
6016.0,6.015999999999998,1.9515971501609997
6016.5,6.016500000000001,1.9416069682624482
6017.0,6.017000000000003,1.94410696826246
6017.5,6.017499999999998,1.9466069682624365
6018.0,6.018000000000001,1.936814876147075
6018.5,6.018500000000003,1.9393148761470869
6019.0,6.018999999999998,1.9418148761470633
6019.5,6.019500000000001,1.9322274171736709
6020.0,6.020000000000003,1.9347274171736828
6020.5,6.020499999999998,1.9372274171736592
6021.0,6.021000000000001,1.9278573119165898
6021.5,6.021500000000003,1.9303573119166018
6022.0,6.0219999999999985,1.9328573119165782
6022.5,6.022500000000001,1.9237120704178068
6023.0,6.023000000000003,1.9262120704178187
6023.5,6.0234999999999985,1.9287120704177951
6024.0,6.024000000000001,1.919769506276836
6024.5,6.024499999999996,1.9222695062768125
6025.0,6.024999999999999,1.9247695062768244
6025.5,6.025500000000001,1.9160326695336138
6026.0,6.026000000000003,1.9185326695336258
6026.5,6.026499999999999,1.9210326695336022
6027.0,6.027000000000001,1.9124982554796688
6027.5,6.027499999999996,1.9149982554796452
6028.0,6.027999999999999,1.9174982554796571
6028.5,6.028500000000001,1.9091623783842593
6029.0,6.0290000000000035,1.9116623783842712
6029.5,6.029499999999999,1.9141623783842476
6030.0,6.030000000000001,1.9060125554576146
6030.5,6.030499999999996,1.908512555457591
6031.0,6.030999999999999,1.911012555457603
6031.5,6.031500000000001,1.9030416069832512
6032.0,6.032000000000004,1.9055416069832631
6032.5,6.032499999999999,1.9080416069832395
6033.0,6.033000000000001,1.9002159787258321
6033.5,6.0334999999999965,1.9027159787258086
6034.0,6.033999999999999,1.9052159787258205
6034.5,6.034500000000001,1.8974979617767573
6035.0,6.035000000000004,1.8999979617767693
6035.5,6.035499999999999,1.9024979617767457
6036.0,6.036000000000001,1.8948423181840113
6036.5,6.036499999999997,1.8973423181839877
6037.0,6.036999999999999,1.8998423181839996
6037.5,6.037500000000001,1.892207679902178
6038.0,6.038000000000004,1.89470767990219
6038.5,6.038499999999999,1.8972076799021664
6039.0,6.0390000000000015,1.8895564032996859
6039.5,6.039499999999997,1.8920564032996623
6040.0,6.039999999999999,1.8945564032996742
