Time (fs),Displacement (A),Force (eV/A)
0.0,0.0,0.0
0.5,0.0005000000000023874,0.002500000000011937
1.0,0.0009999999999976694,0.00451935265015635
1.5,0.0015000000000000568,0.007019352650168287
2.0,0.0020000000000024443,0.009519352650180224
2.5,0.0024999999999977263,0.011629256491083595
3.0,0.0030000000000001137,0.014129256491095532
3.5,0.003500000000002501,0.01662925649110747
4.0,0.003999999999997783,0.018838320748812976
4.5,0.0045000000000001705,0.021338320748824913
5.0,0.005000000000002558,0.02383832074883685
5.5,0.00549999999999784,0.026137054548449612
6.0,0.006000000000000227,0.02863705454846155
6.5,0.006500000000002615,0.031137054548473486
7.0,0.006999999999997897,0.033512282547434324
7.5,0.007500000000000284,0.03601228254744626
8.0,0.008000000000002672,0.0385122825474582
8.5,0.008499999999997954,0.040935245302549106
9.0,0.009000000000000341,0.04343524530256104
9.5,0.009500000000002728,0.04593524530257298
10.0,0.00999999999999801,0.04840656090305373
10.5,0.010500000000000398,0.05090656090306567
11.0,0.011000000000002785,0.053406560903077605
11.5,0.011499999999998067,0.05591805314679732
12.0,0.012000000000000455,0.05841805314680926
12.5,0.012500000000002842,0.060918053146821194
13.0,0.012999999999998124,0.06344011564781482
13.5,0.013500000000000512,0.06594011564782676
14.0,0.014000000000002899,0.0684401156478387
14.5,0.014499999999998181,0.07096283995071673
15.0,0.015000000000000568,0.07346283995072866
15.5,0.015500000000002956,0.0759628399507406
16.0,0.015999999999998238,0.07848725586264038
16.5,0.016500000000000625,0.08098725586265232
17.0,0.017000000000003013,0.08348725586266426
17.5,0.017499999999998295,0.08599673894117643
18.0,0.018000000000000682,0.08849673894118837
18.5,0.01850000000000307,0.0909967389412003
19.0,0.01899999999999835,0.09350297035101818
19.5,0.01950000000000074,0.09600297035103011
20.0,0.020000000000003126,0.09850297035104205
20.5,0.02049999999999841,0.10101659436596577
21.0,0.021000000000000796,0.10351659436597771
21.5,0.021500000000003183,0.10601659436598965
22.0,0.021999999999998465,0.10852045341483318
22.5,0.022500000000000853,0.11102045341484512
23.0,0.02300000000000324,0.11352045341485706
23.5,0.023499999999998522,0.11604113446431086
24.0,0.02400000000000091,0.1185411344643228
24.5,0.024500000000003297,0.12104113446433473
25.0,0.02499999999999858,0.12359514779586078
25.5,0.025500000000000966,0.12609514779587272
26.0,0.026000000000003354,0.12859514779588466
26.5,0.026499999999998636,0.13121572041445262
27.0,0.027000000000001023,0.13371572041446456
27.5,0.02750000000000341,0.1362157204144765
28.0,0.027999999999998693,0.13891511264837675
28.5,0.02850000000000108,0.14141511264838869
29.0,0.029000000000003467,0.14391511264840062
29.5,0.02949999999999875,0.1467017968519002
30.0,0.030000000000001137,0.14920179685191215
30.5,0.030500000000003524,0.1517017968519241
31.0,0.030999999999998806,0.15457053030537793
31.5,0.031500000000001194,0.15707053030538987
32.0,0.031999999999996476,0.15957053030536628
32.5,0.03249999999999886,0.1625223084202787
33.0,0.03300000000000125,0.16502230842029064
33.5,0.03349999999999653,0.16752230842026705
34.0,0.03399999999999892,0.1705530585165249
34.5,0.03450000000000131,0.17305305851653685
35.0,0.03499999999999659,0.17555305851651326
35.5,0.03549999999999898,0.1786269080850289
36.0,0.036000000000001364,0.18112690808504084
36.5,0.036499999999996646,0.18362690808501725
37.0,0.036999999999999034,0.1867417179058961
37.5,0.03750000000000142,0.18924171790590805
38.0,0.0379999999999967,0.19174171790588446
38.5,0.03849999999999909,0.1948944496486149
39.0,0.03900000000000148,0.19739444964862685
39.5,0.03949999999999676,0.19989444964860326
40.0,0.03999999999999915,0.20308050217430207
40.5,0.040500000000001535,0.205580502174314
41.0,0.04099999999999682,0.20808050217429042
41.5,0.041499999999999204,0.21128956666707666
42.0,0.04200000000000159,0.2137895666670886
42.5,0.042499999999996874,0.216289566667065
43.0,0.04299999999999926,0.21951294500208718
43.5,0.04350000000000165,0.22201294500209912
44.0,0.04399999999999693,0.22451294500207553
44.5,0.04449999999999932,0.22775621096116083
45.0,0.045000000000001705,0.23025621096117277
45.5,0.04549999999999699,0.23275621096114918
46.0,0.045999999999999375,0.23604424655861322
46.5,0.04650000000000176,0.23854424655862516
47.0,0.046999999999997044,0.24104424655860157
47.5,0.04749999999999943,0.24437989949255723
48.0,0.04800000000000182,0.24687989949256917
48.5,0.0484999999999971,0.24937989949254558
49.0,0.04899999999999949,0.25273905405445163
49.5,0.049500000000001876,0.25523905405446357
50.0,0.04999999999999716,0.25773905405444
50.5,0.050499999999999545,0.2611004656350957
51.0,0.05100000000000193,0.26360046563510764
51.5,0.051499999999997215,0.26610046563508405
52.0,0.0519999999999996,0.2694387631516548
52.5,0.05250000000000199,0.27193876315166676
53.0,0.05299999999999727,0.2744387631516432
53.5,0.05349999999999966,0.27771815015622536
54.0,0.054000000000002046,0.2802181501562373
54.5,0.05449999999999733,0.2827181501562137
55.0,0.054999999999999716,0.28591065177696606
55.5,0.0555000000000021,0.288410651776978
56.0,0.055999999999997385,0.2909106517769544
56.5,0.05649999999999977,0.29398187193887537
57.0,0.05700000000000216,0.2964818719388873
57.5,0.05749999999999744,0.2989818719388637
58.0,0.05799999999999983,0.3019200528252952
58.5,0.05850000000000222,0.30442005282530715
59.0,0.0589999999999975,0.30692005282528356
59.5,0.059499999999999886,0.3097219879239077
60.0,0.060000000000002274,0.31222198792391964
60.5,0.060499999999997556,0.31472198792389605
61.0,0.06099999999999994,0.3173804621179599
61.5,0.06150000000000233,0.31988046211797183
62.0,0.06199999999999761,0.32238046211794824
62.5,0.0625,0.32489529756780655
63.0,0.06300000000000239,0.3273952975678185
63.5,0.06349999999999767,0.3298952975677949
64.0,0.06400000000000006,0.3322492602347893
64.5,0.06450000000000244,0.3347492602348012
65.0,0.06499999999999773,0.33724926023477764
65.5,0.06550000000000011,0.33947227532873825
66.0,0.0660000000000025,0.3419722753287502
66.5,0.06649999999999778,0.3444722753287266
67.0,0.06700000000000017,0.3465817774906199
67.5,0.06750000000000256,0.34908177749063185
68.0,0.06799999999999784,0.35158177749060826
68.5,0.06850000000000023,0.35361449638312337
69.0,0.06900000000000261,0.3561144963831353
69.5,0.0694999999999979,0.3586144963831117
70.0,0.07000000000000028,0.3605776871471633
70.5,0.07050000000000267,0.36307768714717525
71.0,0.07099999999999795,0.36557768714715166
71.5,0.07150000000000034,0.36748101048399207
72.0,0.07200000000000273,0.369981010484004
72.5,0.07249999999999801,0.3724810104839804
73.0,0.0730000000000004,0.3743364572611796
73.5,0.07350000000000279,0.3768364572611915
74.0,0.07399999999999807,0.37933645726116794
74.5,0.07450000000000045,0.3811361214428288
75.0,0.07500000000000284,0.38363612144284076
75.5,0.07549999999999812,0.38613612144281717
76.0,0.07600000000000051,0.3886361214428291
76.5,0.0765000000000029,0.39038758901448034
77.0,0.07699999999999818,0.39288758901445675
77.5,0.07750000000000057,0.3953875890144687
78.0,0.07800000000000296,0.3970993558897007
78.5,0.07849999999999824,0.3995993558896771
79.0,0.07900000000000063,0.40209935588968904
79.5,0.07950000000000301,0.4037770654250039
80.0,0.0799999999999983,0.4062770654249803
80.5,0.08050000000000068,0.40877706542499226
81.0,0.08100000000000307,0.4104207244369107
81.5,0.08149999999999835,0.4129207244368871
82.0,0.08200000000000074,0.41542072443689904
82.5,0.08250000000000313,0.4170437398946447
83.0,0.08299999999999841,0.4195437398946211
83.5,0.0835000000000008,0.42204373989463306
84.0,0.08400000000000318,0.42364815251797694
84.5,0.08449999999999847,0.42614815251795335
85.0,0.08500000000000085,0.4286481525179653
85.5,0.08550000000000324,0.43021695819607686
86.0,0.08599999999999852,0.43271695819605327
86.5,0.08650000000000091,0.4352169581960652
87.0,0.0870000000000033,0.4367298304549294
87.5,0.08749999999999858,0.4392298304549058
88.0,0.08800000000000097,0.44172983045491776
88.5,0.08850000000000335,0.44314431898659024
89.0,0.08899999999999864,0.44564431898656665
89.5,0.08950000000000102,0.4481443189865786
90.0,0.09000000000000341,0.4494649412361795
90.5,0.09049999999999869,0.45196494123615594
91.0,0.09100000000000108,0.4544649412361679
91.5,0.09150000000000347,0.4556863379152176
92.0,0.09199999999999875,0.45818633791519403
92.5,0.09250000000000114,0.46068633791520597
93.0,0.09300000000000352,0.4618510412029764
93.5,0.0934999999999988,0.4643510412029528
94.0,0.0940000000000012,0.4668510412029647
94.5,0.09449999999999648,0.4680070341385445
95.0,0.09499999999999886,0.47050703413855643
95.5,0.09550000000000125,0.47300703413856837
96.0,0.09599999999999653,0.47422813992909596
96.5,0.09649999999999892,0.4767281399291079
97.0,0.09700000000000131,0.47922813992911983
97.5,0.09749999999999659,0.4805597864218569
98.0,0.09799999999999898,0.48305978642186886
98.5,0.09850000000000136,0.4855597864218808
99.0,0.09899999999999665,0.4870669443745612
99.5,0.09949999999999903,0.48956694437457315
100.0,0.10000000000000142,0.4920669443745851
100.5,0.1004999999999967,0.4937874658937602
101.0,0.10099999999999909,0.49628746589377215
101.5,0.10150000000000148,0.4987874658937841
102.0,0.10199999999999676,0.5007295492032426
102.5,0.10249999999999915,0.5032295492032546
103.0,0.10300000000000153,0.5057295492032665
103.5,0.10349999999999682,0.5078977810804375
104.0,0.1039999999999992,0.5103977810804494
104.5,0.10450000000000159,0.5128977810804614
105.0,0.10499999999999687,0.5152574362823259
105.5,0.10549999999999926,0.5177574362823378
106.0,0.10600000000000165,0.5202574362823498
106.5,0.10649999999999693,0.5227816040283884
107.0,0.10699999999999932,0.5252816040284003
107.5,0.1075000000000017,0.5277816040284122
108.0,0.10799999999999699,0.5304373398024964
108.5,0.10849999999999937,0.5329373398025083
109.0,0.10900000000000176,0.5354373398025203
109.5,0.10949999999999704,0.5382084057038128
110.0,0.10999999999999943,0.5407084057038247
110.5,0.11050000000000182,0.5432084057038367
111.0,0.1109999999999971,0.5460528922573715
111.5,0.11149999999999949,0.5485528922573835
112.0,0.11200000000000188,0.5510528922573954
112.5,0.11249999999999716,0.5539422975530428
113.0,0.11299999999999955,0.5564422975530547
113.5,0.11350000000000193,0.5589422975530667
114.0,0.11399999999999721,0.5618414914473391
114.5,0.1144999999999996,0.564341491447351
115.0,0.11500000000000199,0.566841491447363
115.5,0.11549999999999727,0.5696885060631729
116.0,0.11599999999999966,0.5721885060631848
116.5,0.11650000000000205,0.5746885060631968
117.0,0.11699999999999733,0.5774679867665355
117.5,0.11749999999999972,0.5799679867665475
118.0,0.1180000000000021,0.5824679867665594
118.5,0.11849999999999739,0.5851518177236059
119.0,0.11899999999999977,0.5876518177236179
119.5,0.11950000000000216,0.5901518177236298
120.0,0.11999999999999744,0.5927089361665594
120.5,0.12049999999999983,0.5952089361665713
121.0,0.12100000000000222,0.5977089361665833
121.5,0.1214999999999975,0.6001639294173344
122.0,0.12199999999999989,0.6026639294173464
122.5,0.12250000000000227,0.6051639294173583
123.0,0.12299999999999756,0.6075557741425186
123.5,0.12349999999999994,0.6100557741425305
124.0,0.12400000000000233,0.6125557741425425
124.5,0.12449999999999761,0.6149203333487918
125.0,0.125,0.6174203333488038
125.5,0.1255000000000024,0.6199203333488157
126.0,0.12599999999999767,0.6223064736719053
126.5,0.12650000000000006,0.6248064736719172
127.0,0.12700000000000244,0.6273064736719292
127.5,0.12749999999999773,0.6297682743212363
128.0,0.1280000000000001,0.6322682743212482
128.5,0.1285000000000025,0.6347682743212602
129.0,0.12899999999999778,0.6373613554981361
129.5,0.12950000000000017,0.639861355498148
130.0,0.13000000000000256,0.64236135549816
130.5,0.13049999999999784,0.6450943561883093
131.0,0.13100000000000023,0.6475943561883213
131.5,0.13150000000000261,0.6500943561883332
132.0,0.1319999999999979,0.6529889148654888
132.5,0.13250000000000028,0.6554889148655008
133.0,0.13300000000000267,0.6579889148655127
133.5,0.13349999999999795,0.6610505511103426
134.0,0.13400000000000034,0.6635505511103545
134.5,0.13450000000000273,0.6660505511103665
135.0,0.134999999999998,0.6692653202750165
135.5,0.1355000000000004,0.6717653202750284
136.0,0.13600000000000279,0.6742653202750404
136.5,0.13649999999999807,0.6775960521176216
137.0,0.13700000000000045,0.6800960521176336
137.5,0.13750000000000284,0.6825960521176455
138.0,0.13799999999999812,0.6860002513387542
138.5,0.1385000000000005,0.6885002513387661
139.0,0.1390000000000029,0.6910002513387781
139.5,0.13949999999999818,0.6944416429560363
140.0,0.14000000000000057,0.6969416429560482
140.5,0.14050000000000296,0.6994416429560602
141.0,0.14099999999999824,0.7028830793209551
141.5,0.14150000000000063,0.705383079320967
142.0,0.142000000000003,0.7078830793209789
142.5,0.1424999999999983,0.7112616992896292
143.0,0.14300000000000068,0.7137616992896412
143.5,0.14350000000000307,0.7162616992896531
144.0,0.14399999999999835,0.719522418536549
144.5,0.14450000000000074,0.7220224185365609
145.0,0.14500000000000313,0.7245224185365728
145.5,0.1454999999999984,0.7276233640335406
146.0,0.1460000000000008,0.7301233640335525
146.5,0.14650000000000318,0.7326233640335644
147.0,0.14699999999999847,0.7355426315649893
147.5,0.14750000000000085,0.7380426315650013
148.0,0.14800000000000324,0.7405426315650132
148.5,0.14849999999999852,0.743278892306698
149.0,0.1490000000000009,0.7457788923067099
149.5,0.1495000000000033,0.7482788923067218
150.0,0.14999999999999858,0.7508278216523934
150.5,0.15050000000000097,0.7533278216524053
151.0,0.15100000000000335,0.7558278216524172
151.5,0.15149999999999864,0.7583278216523937
152.0,0.15200000000000102,0.7606973419722252
152.5,0.1525000000000034,0.7631973419722371
153.0,0.1529999999999987,0.7656973419722135
153.5,0.15350000000000108,0.7679139150261349
154.0,0.15400000000000347,0.7704139150261469
154.5,0.15449999999999875,0.7729139150261233
155.0,0.15500000000000114,0.775011831630934
155.5,0.15550000000000352,0.777511831630946
156.0,0.1559999999999988,0.7800118316309224
156.5,0.1565000000000012,0.7820220934653577
157.0,0.15699999999999648,0.7845220934653341
157.5,0.15749999999999886,0.787022093465346
158.0,0.15800000000000125,0.7889551527829752
158.5,0.15849999999999653,0.7914551527829516
159.0,0.15899999999999892,0.7939551527829636
159.5,0.1595000000000013,0.7958524886078422
160.0,0.1599999999999966,0.7983524886078186
160.5,0.16049999999999898,0.8008524886078305
161.0,0.16100000000000136,0.8027582435295599
161.5,0.16149999999999665,0.8052582435295363
162.0,0.16199999999999903,0.8077582435295483
162.5,0.16250000000000142,0.809694029571908
163.0,0.1629999999999967,0.8121940295718844
163.5,0.1634999999999991,0.8146940295718963
164.0,0.16400000000000148,0.816688812264772
164.5,0.16449999999999676,0.8191888122647484
165.0,0.16499999999999915,0.8216888122647603
165.5,0.16550000000000153,0.8237526587478428
166.0,0.16599999999999682,0.8262526587478192
166.5,0.1664999999999992,0.8287526587478311
167.0,0.1670000000000016,0.8308805226446481
167.5,0.16749999999999687,0.8333805226446245
168.0,0.16799999999999926,0.8358805226446364
168.5,0.16850000000000165,0.8380559652395903
169.0,0.16899999999999693,0.8405559652395667
169.5,0.16949999999999932,0.8430559652395786
170.0,0.1700000000000017,0.8452803237254614
170.5,0.170499999999997,0.8477803237254378
171.0,0.17099999999999937,0.8502803237254497
171.5,0.17150000000000176,0.8525515092608416
172.0,0.17199999999999704,0.855051509260818
172.5,0.17249999999999943,0.8575515092608299
173.0,0.17300000000000182,0.8598430400768464
173.5,0.1734999999999971,0.8623430400768228
174.0,0.1739999999999995,0.8648430400768348
174.5,0.17450000000000188,0.867150755485433
175.0,0.17499999999999716,0.8696507554854094
175.5,0.17549999999999955,0.8721507554854213
176.0,0.17600000000000193,0.8744624665134637
176.5,0.17649999999999721,0.8769624665134401
177.0,0.1769999999999996,0.8794624665134521
177.5,0.177500000000002,0.8817537964702993
178.0,0.17799999999999727,0.8842537964702757
178.5,0.17849999999999966,0.8867537964702876
179.0,0.17900000000000205,0.8890327417687516
179.5,0.17949999999999733,0.891532741768728
180.0,0.17999999999999972,0.8940327417687399
180.5,0.1805000000000021,0.8962912891071184
181.0,0.18099999999999739,0.8987912891070948
181.5,0.18149999999999977,0.9012912891071068
182.0,0.18200000000000216,0.9035428189470807
182.5,0.18249999999999744,0.9060428189470571
183.0,0.18299999999999983,0.908542818947069
183.5,0.18350000000000222,0.910774348582919
184.0,0.1839999999999975,0.9132743485828954
184.5,0.1844999999999999,0.9157743485829073
185.0,0.18500000000000227,0.9179850329321226
185.5,0.18549999999999756,0.920485032932099
186.0,0.18599999999999994,0.922985032932111
186.5,0.18650000000000233,0.9251773891241655
187.0,0.1869999999999976,0.9276773891241419
187.5,0.1875,0.9301773891241538
188.0,0.1880000000000024,0.9323316981307883
188.5,0.18849999999999767,0.9348316981307647
189.0,0.18900000000000006,0.9373316981307767
189.5,0.18950000000000244,0.9394394408385409
190.0,0.18999999999999773,0.9419394408385173
190.5,0.1905000000000001,0.9444394408385293
191.0,0.1910000000000025,0.9464910398195769
191.5,0.19149999999999778,0.9489910398195534
192.0,0.19200000000000017,0.9514910398195653
192.5,0.19250000000000256,0.9535091303161991
193.0,0.19299999999999784,0.9560091303161755
193.5,0.19350000000000023,0.9585091303161875
194.0,0.19400000000000261,0.9604906053964513
194.5,0.1944999999999979,0.9629906053964277
195.0,0.19500000000000028,0.9654906053964396
195.5,0.19550000000000267,0.9674505985951498
196.0,0.19599999999999795,0.9699505985951262
196.5,0.19650000000000034,0.9724505985951382
197.0,0.19700000000000273,0.9744278934148198
197.5,0.197499999999998,0.9769278934147962
198.0,0.1980000000000004,0.9794278934148082
198.5,0.19850000000000279,0.9814544050412621
199.0,0.19899999999999807,0.9839544050412385
199.5,0.19950000000000045,0.9864544050412505
200.0,0.20000000000000284,0.988551334544141
200.5,0.20049999999999812,0.9910513345441174
201.0,0.2010000000000005,0.9935513345441294
201.5,0.2015000000000029,0.9957332672740904
202.0,0.20199999999999818,0.9982332672740668
202.5,0.20250000000000057,1.0007332672740787
203.0,0.20300000000000296,1.0030428198913555
203.5,0.20349999999999824,1.0055428198913319
204.0,0.20400000000000063,1.0080428198913438
204.5,0.204500000000003,1.0104836570902265
205.0,0.2049999999999983,1.0129836570902029
205.5,0.20550000000000068,1.0154836570902148
206.0,0.20600000000000307,1.018040329114811
206.5,0.20649999999999835,1.0205403291147874
207.0,0.20700000000000074,1.0230403291147994
207.5,0.20750000000000313,1.0256959233390006
208.0,0.2079999999999984,1.028195923338977
208.5,0.2085000000000008,1.030695923338989
209.0,0.20900000000000318,1.03341597959826
209.5,0.20949999999999847,1.0359159795982364
210.0,0.21000000000000085,1.0384159795982484
210.5,0.21050000000000324,1.041185236756057
211.0,0.21099999999999852,1.0436852367560334
211.5,0.2115000000000009,1.0461852367560454
212.0,0.2120000000000033,1.0489542959775022
212.5,0.21249999999999858,1.0514542959774786
213.0,0.21300000000000097,1.0539542959774906
213.5,0.21350000000000335,1.056696057976474
214.0,0.21399999999999864,1.0591960579764503
214.5,0.21450000000000102,1.0616960579764623
215.0,0.2150000000000034,1.0644244273838765
215.5,0.2154999999999987,1.066924427383853
216.0,0.21600000000000108,1.069424427383865
216.5,0.21650000000000347,1.072124123635696
217.0,0.21699999999999875,1.0746241236356724
217.5,0.21750000000000114,1.0771241236356843
218.0,0.21800000000000352,1.079775270364678
218.5,0.2184999999999988,1.0822752703646543
219.0,0.2190000000000012,1.0847752703646663
219.5,0.21949999999999648,1.0873778242944354
220.0,0.21999999999999886,1.0898778242944474
220.5,0.22050000000000125,1.0923778242944593
221.0,0.22099999999999653,1.0949137999386949
221.5,0.22149999999999892,1.0974137999387068
222.0,0.2220000000000013,1.0999137999387187
222.5,0.2224999999999966,1.102379369016795
223.0,0.22299999999999898,1.1048793690168068
223.5,0.22350000000000136,1.1073793690168188
224.0,0.22399999999999665,1.1097603082337315
224.5,0.22449999999999903,1.1122603082337434
225.0,0.22500000000000142,1.1147603082337554
225.5,0.2254999999999967,1.1170766357364315
226.0,0.2259999999999991,1.1195766357364434
226.5,0.22650000000000148,1.1220766357364553
227.0,0.22699999999999676,1.1245766357364317
227.5,0.22749999999999915,1.1268269811676745
228.0,0.22800000000000153,1.1293269811676865
228.5,0.22849999999999682,1.131826981167663
229.0,0.2289999999999992,1.1340478267742427
229.5,0.2295000000000016,1.1365478267742546
230.0,0.22999999999999687,1.139047826774231
230.5,0.23049999999999926,1.1412313681186603
231.0,0.23100000000000165,1.1437313681186723
231.5,0.23149999999999693,1.1462313681186487
232.0,0.23199999999999932,1.1483825111833923
232.5,0.2325000000000017,1.1508825111834042
233.0,0.232999999999997,1.1533825111833806
233.5,0.23349999999999937,1.1555239660240346
234.0,0.23400000000000176,1.1580239660240466
234.5,0.23449999999999704,1.160523966024023
235.0,0.23499999999999943,1.1626583231979737
235.5,0.23550000000000182,1.1651583231979856
236.0,0.2359999999999971,1.167658323197962
236.5,0.2364999999999995,1.1697860619696954
237.0,0.23700000000000188,1.1722860619697073
237.5,0.23749999999999716,1.1747860619696837
238.0,0.23799999999999955,1.176903413161483
238.5,0.23850000000000193,1.179403413161495
239.0,0.23899999999999721,1.1819034131614714
239.5,0.2394999999999996,1.184025260493975
240.0,0.240000000000002,1.1865252604939869
240.5,0.24049999999999727,1.1890252604939633
241.0,0.24099999999999966,1.1911631981649506
241.5,0.24150000000000205,1.1936631981649626
242.0,0.24199999999999733,1.196163198164939
242.5,0.24249999999999972,1.19831541296481
243.0,0.2430000000000021,1.2008154129648219
243.5,0.24349999999999739,1.2033154129647983
244.0,0.24399999999999977,1.2054962727514251
244.5,0.24450000000000216,1.207996272751437
245.0,0.24499999999999744,1.2104962727514135
245.5,0.24549999999999983,1.2127083019089113
246.0,0.24600000000000222,1.2152083019089233
246.5,0.2464999999999975,1.2177083019088997
247.0,0.2469999999999999,1.2199693846989135
247.5,0.24750000000000227,1.2224693846989254
248.0,0.24799999999999756,1.2249693846989018
248.5,0.24849999999999994,1.22727978948312
249.0,0.24900000000000233,1.229779789483132
249.5,0.2494999999999976,1.2322797894831083
250.0,0.25,1.23464697333322
250.5,0.2505000000000024,1.2371469733332319
251.0,0.25099999999999767,1.2396469733332083
251.5,0.25150000000000006,1.2420619826713875
252.0,0.25200000000000244,1.2445619826713994
252.5,0.2524999999999977,1.2470619826713758
253.0,0.2530000000000001,1.24951256066403
253.5,0.2535000000000025,1.252012560664042
254.0,0.2539999999999978,1.2545125606640184
254.5,0.25450000000000017,1.2569702115533588
255.0,0.25500000000000256,1.2594702115533707
255.5,0.25549999999999784,1.261970211553347
256.0,0.2560000000000002,1.2644224351254607
256.5,0.2565000000000026,1.2669224351254726
257.0,0.2569999999999979,1.269422435125449
257.5,0.2575000000000003,1.2718469900272211
258.0,0.25800000000000267,1.274346990027233
258.5,0.25849999999999795,1.2768469900272095
259.0,0.25900000000000034,1.2792328340610482
259.5,0.25950000000000273,1.28173283406106
260.0,0.259999999999998,1.2842328340610365
260.5,0.2605000000000004,1.2866082036475035
261.0,0.2610000000000028,1.2891082036475154
261.5,0.26149999999999807,1.2916082036474918
262.0,0.26200000000000045,1.2939973736251176
262.5,0.26250000000000284,1.2964973736251295
263.0,0.2629999999999981,1.298997373625106
263.5,0.2635000000000005,1.3014061185294423
264.0,0.2640000000000029,1.3039061185294543
264.5,0.2644999999999982,1.3064061185294307
265.0,0.26500000000000057,1.3088647901026818
265.5,0.26550000000000296,1.3113647901026937
266.0,0.26599999999999824,1.31386479010267
266.5,0.2665000000000006,1.3163522509060854
267.0,0.267000000000003,1.3188522509060974
267.5,0.2674999999999983,1.3213522509060738
268.0,0.2680000000000007,1.323840800613425
268.5,0.26850000000000307,1.326340800613437
269.0,0.26899999999999835,1.3288408006134134
269.5,0.26950000000000074,1.3313303356367001
270.0,0.2700000000000031,1.333830335636712
270.5,0.2704999999999984,1.3363303356366885
271.0,0.2710000000000008,1.3388255490243495
271.5,0.2715000000000032,1.3413255490243614
272.0,0.27199999999999847,1.3438255490243378
272.5,0.27250000000000085,1.346324630738458
273.0,0.27300000000000324,1.34882463073847
273.5,0.2734999999999985,1.3513246307384463
274.0,0.2740000000000009,1.3538259273026654
274.5,0.2745000000000033,1.3563259273026773
275.0,0.2749999999999986,1.3588259273026537
275.5,0.27550000000000097,1.361345908011451
276.0,0.27600000000000335,1.3638459080114629
276.5,0.27649999999999864,1.3663459080114393
277.0,0.277000000000001,1.3689095318460431
277.5,0.2775000000000034,1.371409531846055
278.0,0.2779999999999987,1.3739095318460315
278.5,0.2785000000000011,1.3765146281583895
279.0,0.27900000000000347,1.3790146281584015
279.5,0.27949999999999875,1.3815146281583779
280.0,0.28000000000000114,1.3841692881352685
280.5,0.2805000000000035,1.3866692881352805
281.0,0.2809999999999988,1.3891692881352569
281.5,0.2815000000000012,1.3918619080052963
282.0,0.2820000000000036,1.3943619080053082
282.5,0.28249999999999886,1.3968619080052846
283.0,0.28300000000000125,1.3995788410771937
283.5,0.28349999999999653,1.40207884107717
284.0,0.2839999999999989,1.404578841077182
284.5,0.2845000000000013,1.4073027414803008
285.0,0.2849999999999966,1.4098027414802772
285.5,0.285499999999999,1.4123027414802891
286.0,0.28600000000000136,1.4150285484240754
286.5,0.28649999999999665,1.4175285484240518
287.0,0.28699999999999903,1.4200285484240638
287.5,0.2875000000000014,1.4227520401101401
288.0,0.2879999999999967,1.4252520401101165
288.5,0.2884999999999991,1.4277520401101285
289.0,0.2890000000000015,1.4304585988553242
289.5,0.28949999999999676,1.4329585988553006
290.0,0.28999999999999915,1.4354585988553126
290.5,0.29050000000000153,1.4381467203025622
291.0,0.2909999999999968,1.4406467203025386
291.5,0.2914999999999992,1.4431467203025505
292.0,0.2920000000000016,1.4458053153367345
292.5,0.2924999999999969,1.448305315336711
293.0,0.29299999999999926,1.4508053153367229
293.5,0.29350000000000165,1.4534274648609369
294.0,0.29399999999999693,1.4559274648609133
294.5,0.2944999999999993,1.4584274648609252
295.0,0.2950000000000017,1.4609966614006709
295.5,0.295499999999997,1.4634966614006473
296.0,0.2959999999999994,1.4659966614006592
296.5,0.29650000000000176,1.4684976093714752
297.0,0.29699999999999704,1.4709976093714516
297.5,0.29749999999999943,1.4734976093714636
298.0,0.2980000000000018,1.4759012213408695
298.5,0.2984999999999971,1.478401221340846
299.0,0.2989999999999995,1.4809012213408579
299.5,0.2995000000000019,1.483212749100602
300.0,0.29999999999999716,1.4857127491005784
300.5,0.30049999999999955,1.4882127491005903
301.0,0.30100000000000193,1.490448258859196
301.5,0.3014999999999972,1.4929482588591725
302.0,0.3019999999999996,1.4954482588591844
302.5,0.302500000000002,1.4979482588591964
303.0,0.30299999999999727,1.5001266372171074
303.5,0.30349999999999966,1.5026266372171193
304.0,0.30400000000000205,1.5051266372171312
304.5,0.30449999999999733,1.507256624174289
305.0,0.3049999999999997,1.509756624174301
305.5,0.3055000000000021,1.512256624174313
306.0,0.3059999999999974,1.5143346400881441
306.5,0.3064999999999998,1.516834640088156
307.0,0.30700000000000216,1.519334640088168
307.5,0.30749999999999744,1.5213582738955367
308.0,0.30799999999999983,1.5238582738955486
308.5,0.3085000000000022,1.5263582738955606
309.0,0.3089999999999975,1.528307991465212
309.5,0.3094999999999999,1.530807991465224
310.0,0.3100000000000023,1.5333079914652359
310.5,0.31049999999999756,1.5351964070501722
311.0,0.31099999999999994,1.5376964070501842
311.5,0.31150000000000233,1.5401964070501961
312.0,0.3119999999999976,1.542048080018219
312.5,0.3125,1.544548080018231
313.0,0.3130000000000024,1.547048080018243
313.5,0.31349999999999767,1.5488695413218778
314.0,0.31400000000000006,1.5513695413218898
314.5,0.31450000000000244,1.5538695413219017
315.0,0.3149999999999977,1.5556829590144616
315.5,0.3155000000000001,1.5581829590144736
316.0,0.3160000000000025,1.5606829590144855
316.5,0.3164999999999978,1.5625364098625738
317.0,0.31700000000000017,1.5650364098625857
317.5,0.31750000000000256,1.5675364098625977
318.0,0.31799999999999784,1.569486945366343
318.5,0.3185000000000002,1.5719869453663549
319.0,0.3190000000000026,1.5744869453663668
319.5,0.3194999999999979,1.5765687212094903
320.0,0.3200000000000003,1.5790687212095023
320.5,0.32050000000000267,1.5815687212095142
321.0,0.32099999999999795,1.5838071107418727
321.5,0.32150000000000034,1.5863071107418847
322.0,0.32200000000000273,1.5888071107418966
322.5,0.322499999999998,1.5911804391559414
323.0,0.3230000000000004,1.5936804391559534
323.5,0.3235000000000028,1.5961804391559653
324.0,0.32399999999999807,1.5986464229252917
324.5,0.32450000000000045,1.6011464229253036
325.0,0.32500000000000284,1.6036464229253156
325.5,0.3254999999999981,1.606187622349644
326.0,0.3260000000000005,1.608687622349656
326.5,0.3265000000000029,1.611187622349668
327.0,0.3269999999999982,1.613775712368053
327.5,0.32750000000000057,1.6162757123680649
328.0,0.32800000000000296,1.6187757123680768
328.5,0.32849999999999824,1.62138930054887
329.0,0.3290000000000006,1.623889300548882
329.5,0.329500000000003,1.6263893005488939
330.0,0.3299999999999983,1.629019418605715
330.5,0.3305000000000007,1.631519418605727
331.0,0.33100000000000307,1.6340194186057388
331.5,0.33149999999999835,1.6366619932426474
332.0,0.33200000000000074,1.6391619932426593
332.5,0.3325000000000031,1.6416619932426713
333.0,0.3329999999999984,1.6442947076845371
333.5,0.3335000000000008,1.646794707684549
334.0,0.3340000000000032,1.649294707684561
334.5,0.33449999999999847,1.6519387761017512
335.0,0.33500000000000085,1.6544387761017632
335.5,0.33550000000000324,1.656938776101775
336.0,0.3359999999999985,1.65959282343767
336.5,0.3365000000000009,1.662092823437682
337.0,0.3370000000000033,1.6645928234376939
337.5,0.3374999999999986,1.667243858333478
338.0,0.33800000000000097,1.66974385833349
338.5,0.33850000000000335,1.672243858333502
339.0,0.33899999999999864,1.6748860098504537
339.5,0.339500000000001,1.6773860098504656
340.0,0.3400000000000034,1.6798860098504775
340.5,0.3404999999999987,1.682502759034179
341.0,0.3410000000000011,1.685002759034191
341.5,0.34150000000000347,1.6875027590342029
342.0,0.34199999999999875,1.6900817634225263
342.5,0.34250000000000114,1.6925817634225382
343.0,0.3430000000000035,1.6950817634225501
343.5,0.3434999999999988,1.6976361540337592
344.0,0.3440000000000012,1.7001361540337712
344.5,0.3445000000000036,1.702636154033783
345.0,0.34499999999999886,1.705189906944895
345.5,0.34550000000000125,1.707689906944907
346.0,0.34599999999999653,1.7101899069448834
346.5,0.3464999999999989,1.7127637883226754
347.0,0.3470000000000013,1.7152637883226873
347.5,0.3474999999999966,1.7177637883226637
348.0,0.347999999999999,1.720391269037549
348.5,0.34850000000000136,1.7228912690375608
349.0,0.34899999999999665,1.7253912690375373
349.5,0.34949999999999903,1.7280731516195758
350.0,0.3500000000000014,1.7305731516195877
350.5,0.3504999999999967,1.733073151619564
351.0,0.3509999999999991,1.7358022029020859
351.5,0.3515000000000015,1.7383022029020978
352.0,0.35199999999999676,1.7408022029020742
352.5,0.35249999999999915,1.7435808446022705
353.0,0.35300000000000153,1.7460808446022824
353.5,0.3534999999999968,1.7485808446022588
354.0,0.3539999999999992,1.7514119030050779
354.5,0.3545000000000016,1.7539119030050898
355.0,0.3549999999999969,1.7564119030050662
355.5,0.35549999999999926,1.7593059111591103
356.0,0.35600000000000165,1.7618059111591222
356.5,0.35649999999999693,1.7643059111590986
357.0,0.3569999999999993,1.7672651089523939
357.5,0.3575000000000017,1.7697651089524058
358.0,0.357999999999997,1.7722651089523822
358.5,0.3584999999999994,1.7752938368948534
359.0,0.35900000000000176,1.7777938368948654
359.5,0.35949999999999704,1.7802938368948418
360.0,0.35999999999999943,1.7833759681040817
360.5,0.3605000000000018,1.7858759681040937
361.0,0.3609999999999971,1.78837596810407
361.5,0.3614999999999995,1.7914879451956267
362.0,0.3620000000000019,1.7939879451956386
362.5,0.36249999999999716,1.796487945195615
363.0,0.36299999999999955,1.7996019160170817
363.5,0.36350000000000193,1.8021019160170937
364.0,0.3639999999999972,1.80460191601707
364.5,0.3644999999999996,1.8076993015911924
365.0,0.365000000000002,1.8101993015912043
365.5,0.36549999999999727,1.8126993015911808
366.0,0.36599999999999966,1.81576614935949
366.5,0.36650000000000205,1.818266149359502
367.0,0.36699999999999733,1.8207661493594784
367.5,0.3674999999999997,1.823788267403721
368.0,0.3680000000000021,1.8262882674037328
368.5,0.3684999999999974,1.8287882674037093
369.0,0.3689999999999998,1.8317670796087526
369.5,0.36950000000000216,1.8342670796087646
370.0,0.36999999999999744,1.836767079608741
370.5,0.37049999999999983,1.8397322828313278
371.0,0.3710000000000022,1.8422322828313398
371.5,0.3714999999999975,1.8447322828313162
372.0,0.3719999999999999,1.8477062555747281
372.5,0.3725000000000023,1.85020625557474
373.0,0.37299999999999756,1.8527062555747165
373.5,0.37349999999999994,1.8557122051470998
374.0,0.37400000000000233,1.8582122051471117
374.5,0.3744999999999976,1.8607122051470881
375.0,0.375,1.8637567666503685
375.5,0.3755000000000024,1.8662567666503804
376.0,0.37599999999999767,1.8687567666503568
376.5,0.37650000000000006,1.8718083751484826
377.0,0.37700000000000244,1.8743083751484946
377.5,0.3774999999999977,1.876808375148471
378.0,0.3780000000000001,1.879308375148483
378.5,0.3785000000000025,1.8823543232144502
379.0,0.3789999999999978,1.8848543232144266
379.5,0.37950000000000017,1.8873543232144385
380.0,0.38000000000000256,1.8903819902847374
380.5,0.38049999999999784,1.8928819902847138
381.0,0.3810000000000002,1.8953819902847258
381.5,0.3815000000000026,1.898396947294323
382.0,0.3819999999999979,1.9008969472942994
382.5,0.3825000000000003,1.9033969472943113
383.0,0.38300000000000267,1.9064019628502038
383.5,0.38349999999999795,1.9089019628501802
384.0,0.38400000000000034,1.9114019628501921
384.5,0.38450000000000273,1.914418201330541
385.0,0.384999999999998,1.9169182013305175
385.5,0.3855000000000004,1.9194182013305294
386.0,0.3860000000000028,1.9224453380665807
386.5,0.38649999999999807,1.924945338066557
387.0,0.38700000000000045,1.927445338066569
387.5,0.38750000000000284,1.9304942741193187
388.0,0.3879999999999981,1.9329942741192951
388.5,0.3885000000000005,1.935494274119307
389.0,0.3890000000000029,1.9385545716013297
389.5,0.3894999999999982,1.9410545716013061
390.0,0.39000000000000057,1.943554571601318
390.5,0.39050000000000296,1.9466098089279882
391.0,0.39099999999999824,1.9491098089279646
391.5,0.3915000000000006,1.9516098089279765
392.0,0.392000000000003,1.9546538195086782
392.5,0.3924999999999983,1.9571538195086546
393.0,0.3930000000000007,1.9596538195086666
393.5,0.39350000000000307,1.9626921714834467
394.0,0.39399999999999835,1.965192171483423
394.5,0.39450000000000074,1.967692171483435
395.0,0.3950000000000031,1.9707147926467528
395.5,0.3954999999999984,1.9732147926467292
396.0,0.3960000000000008,1.975714792646741
396.5,0.3965000000000032,1.9787119052415392
397.0,0.39699999999999847,1.9812119052415156
397.5,0.39750000000000085,1.9837119052415275
398.0,0.39800000000000324,1.9866856183393722
398.5,0.3984999999999985,1.9891856183393486
399.0,0.3990000000000009,1.9916856183393605
399.5,0.3995000000000033,1.994659426011225
400.0,0.3999999999999986,1.9971594260112013
400.5,0.40050000000000097,1.9996594260112133
401.0,0.40100000000000335,2.0026191237417024
401.5,0.40149999999999864,2.0051191237416788
402.0,0.402000000000001,2.0076191237416907
402.5,0.4025000000000034,2.010549992558701
403.0,0.4029999999999987,2.0130499925586776
403.5,0.4035000000000011,2.0155499925586895
404.0,0.40400000000000347,2.018416603116613
404.5,0.40449999999999875,2.0209166031165893
405.0,0.40500000000000114,2.023416603116601
405.5,0.4055000000000035,2.026197557934637
406.0,0.4059999999999988,2.0286975579346134
406.5,0.4065000000000012,2.0311975579346253
407.0,0.4070000000000036,2.0338933336502762
407.5,0.40749999999999886,2.0363933336502527
408.0,0.40800000000000125,2.0388933336502646
408.5,0.40849999999999653,2.0415061337840967
409.0,0.4089999999999989,2.0440061337841087
409.5,0.4095000000000013,2.0465061337841206
410.0,0.4099999999999966,2.0490659463252214
410.5,0.410499999999999,2.0515659463252334
411.0,0.41100000000000136,2.0540659463252453
411.5,0.41149999999999665,2.056591373796657
412.0,0.41199999999999903,2.0590913737966687
412.5,0.4125000000000014,2.0615913737966807
413.0,0.4129999999999967,2.0640741207714797
413.5,0.4134999999999991,2.0665741207714916
414.0,0.4140000000000015,2.0690741207715035
414.5,0.41449999999999676,2.071519475226822
415.0,0.41499999999999915,2.0740194752268337
415.5,0.41550000000000153,2.0765194752268457
416.0,0.4159999999999968,2.0789440714812812
416.5,0.4164999999999992,2.081444071481293
417.0,0.4170000000000016,2.083944071481305
417.5,0.4174999999999969,2.086347869861349
418.0,0.41799999999999926,2.088847869861361
418.5,0.41850000000000165,2.091347869861373
419.0,0.41899999999999693,2.093736206040653
419.5,0.4194999999999993,2.0962362060406647
420.0,0.4200000000000017,2.0987362060406767
420.5,0.420499999999997,2.1011221909162714
421.0,0.4209999999999994,2.1036221909162833
421.5,0.42150000000000176,2.1061221909162953
422.0,0.42199999999999704,2.1085362167454846
422.5,0.42249999999999943,2.1110362167454966
423.0,0.4230000000000018,2.1135362167455085
423.5,0.4234999999999971,2.115998695404251
424.0,0.4239999999999995,2.118498695404263
424.5,0.4245000000000019,2.1209986954042748
425.0,0.42499999999999716,2.1235394753244563
425.5,0.42549999999999955,2.1260394753244682
426.0,0.42600000000000193,2.12853947532448
426.5,0.4264999999999972,2.1311780586566798
427.0,0.4269999999999996,2.1336780586566917
427.5,0.427500000000002,2.1361780586567036
428.0,0.42799999999999727,2.1388980809121705
428.5,0.42849999999999966,2.1413980809121824
429.0,0.42900000000000205,2.1438980809121944
429.5,0.42949999999999733,2.1466467053738114
430.0,0.4299999999999997,2.1491467053738234
430.5,0.4305000000000021,2.1516467053738353
431.0,0.4309999999999974,2.1543665792308175
431.5,0.4314999999999998,2.1568665792308295
432.0,0.43200000000000216,2.1593665792308414
432.5,0.43249999999999744,2.1620030165962234
433.0,0.43299999999999983,2.1645030165962353
433.5,0.4335000000000022,2.1670030165962473
434.0,0.4339999999999975,2.169533594645401
434.5,0.4344999999999999,2.172033594645413
435.0,0.4350000000000023,2.1745335946454247
435.5,0.43549999999999756,2.1769551851832247
436.0,0.43599999999999994,2.1794551851832367
436.5,0.43650000000000233,2.1819551851832486
437.0,0.4369999999999976,2.1842371622377144
437.5,0.4375,2.1867371622377263
438.0,0.4380000000000024,2.1892371622377382
438.5,0.43849999999999767,2.1913633016120926
439.0,0.43900000000000006,2.1938633016121045
439.5,0.43950000000000244,2.1963633016121165
440.0,0.4399999999999977,2.1983386137681293
440.5,0.4405000000000001,2.2008386137681413
441.0,0.4410000000000025,2.203338613768153
441.5,0.4414999999999978,2.2051641755719587
442.0,0.44200000000000017,2.2076641755719706
442.5,0.44250000000000256,2.2101641755719825
443.0,0.44299999999999784,2.211846979969536
443.5,0.4435000000000002,2.214346979969548
444.0,0.4440000000000026,2.21684697996956
444.5,0.4444999999999979,2.218389870392521
445.0,0.4450000000000003,2.220889870392533
445.5,0.44550000000000267,2.2233898703925448
446.0,0.44599999999999795,2.2248178913199723
446.5,0.44650000000000034,2.2273178913199843
447.0,0.44700000000000273,2.229817891319996
447.5,0.447499999999998,2.231162753787004
448.0,0.4480000000000004,2.2336627537870157
448.5,0.4485000000000028,2.2361627537870277
449.0,0.44899999999999807,2.237463085338476
449.5,0.44950000000000045,2.2399630853384878
450.0,0.45000000000000284,2.2424630853384997
450.5,0.4504999999999981,2.2437705832342303
451.0,0.4510000000000005,2.2462705832342422
451.5,0.4515000000000029,2.248770583234254
452.0,0.4519999999999982,2.250141677192552
452.5,0.45250000000000057,2.252641677192564
453.0,0.45300000000000296,2.255141677192576
453.5,0.45349999999999824,2.2576416771925523
454.0,0.4540000000000006,2.2591420320312494
454.5,0.454500000000003,2.2616420320312614
455.0,0.4549999999999983,2.2641420320312378
455.5,0.4555000000000007,2.2658011082936724
456.0,0.45600000000000307,2.2683011082936844
456.5,0.45649999999999835,2.2708011082936608
457.0,0.45700000000000074,2.272631582032325
457.5,0.4575000000000031,2.275131582032337
458.0,0.4579999999999984,2.2776315820323134
458.5,0.4585000000000008,2.27962280676401
459.0,0.4590000000000032,2.282122806764022
459.5,0.45949999999999847,2.2846228067639984
460.0,0.46000000000000085,2.2867517289854433
460.5,0.46050000000000324,2.2892517289854553
461.0,0.4609999999999985,2.2917517289854317
461.5,0.4615000000000009,2.293963627384983
462.0,0.4620000000000033,2.2964636273849948
462.5,0.4624999999999986,2.298963627384971
463.0,0.46300000000000097,2.301219234140426
463.5,0.46350000000000335,2.3037192341404378
464.0,0.46399999999999864,2.306219234140414
464.5,0.464500000000001,2.3084883675029744
465.0,0.4650000000000034,2.3109883675029863
465.5,0.4654999999999987,2.3134883675029627
466.0,0.4660000000000011,2.3157490629991173
466.5,0.46650000000000347,2.3182490629991293
467.0,0.46699999999999875,2.3207490629991057
467.5,0.46750000000000114,2.3229842239012655
468.0,0.4680000000000035,2.3254842239012774
468.5,0.4684999999999988,2.327984223901254
469.0,0.4690000000000012,2.33017491306331
469.5,0.4695000000000036,2.3326749130633218
470.0,0.46999999999999886,2.335174913063298
470.5,0.47050000000000125,2.3372996503189114
471.0,0.47099999999999653,2.339799650318888
471.5,0.4714999999999989,2.3422996503188998
472.0,0.4720000000000013,2.344347197946277
472.5,0.4724999999999966,2.3468471979462535
473.0,0.472999999999999,2.3493471979462655
473.5,0.47350000000000136,2.3512860183987883
474.0,0.47399999999999665,2.3537860183987647
474.5,0.47449999999999903,2.3562860183987766
475.0,0.4750000000000014,2.35812550042791
475.5,0.4754999999999967,2.3606255004278864
476.0,0.4759999999999991,2.3631255004278984
476.5,0.4765000000000015,2.3648777183349523
477.0,0.47699999999999676,2.3673777183349287
477.5,0.47749999999999915,2.3698777183349407
478.0,0.47800000000000153,2.3715651601882115
478.5,0.4784999999999968,2.374065160188188
479.0,0.4789999999999992,2.3765651601882
479.5,0.4795000000000016,2.3782157791785963
480.0,0.4799999999999969,2.3807157791785727
480.5,0.48049999999999926,2.3832157791785846
481.0,0.48100000000000165,2.3848532149094837
481.5,0.48149999999999693,2.38735321490946
482.0,0.4819999999999993,2.389853214909472
482.5,0.4825000000000017,2.3914943776807718
483.0,0.482999999999997,2.393994377680748
483.5,0.4834999999999994,2.39649437768076
484.0,0.48400000000000176,2.3981705895072736
484.5,0.48449999999999704,2.40067058950725
485.0,0.48499999999999943,2.403170589507262
485.5,0.4855000000000018,2.4049160235178135
486.0,0.4859999999999971,2.40741602351779
486.5,0.4864999999999995,2.409916023517802
487.0,0.4870000000000019,2.411776131078547
487.5,0.48749999999999716,2.4142761310785232
488.0,0.48799999999999955,2.416776131078535
488.5,0.48850000000000193,2.418769215271155
489.0,0.4889999999999972,2.4212692152711313
489.5,0.4894999999999996,2.423769215271143
490.0,0.490000000000002,2.4259164487576967
490.5,0.49049999999999727,2.428416448757673
491.0,0.49099999999999966,2.430916448757685
491.5,0.49150000000000205,2.4332185473098633
492.0,0.49199999999999733,2.4357185473098397
492.5,0.4924999999999997,2.4382185473098517
493.0,0.4930000000000021,2.440668547293967
493.5,0.4934999999999974,2.4431685472939435
494.0,0.4939999999999998,2.4456685472939554
494.5,0.49450000000000216,2.448266281611069
495.0,0.49499999999999744,2.4507662816110454
495.5,0.49549999999999983,2.4532662816110573
496.0,0.4960000000000022,2.4559695213354615
496.5,0.4964999999999975,2.458469521335438
497.0,0.4969999999999999,2.46096952133545
497.5,0.4975000000000023,2.46373448308411
498.0,0.49799999999999756,2.4662344830840865
498.5,0.49849999999999994,2.4687344830840985
499.0,0.49900000000000233,2.4715224826263693
499.5,0.4994999999999976,2.4740224826263457
500.0,0.5,2.4765224826263577
500.5,0.5005000000000024,2.479289810917358
501.0,0.5009999999999977,2.481789810917334
501.5,0.5015000000000001,2.484289810917346
502.0,0.5020000000000024,2.4869942500968634
502.5,0.5024999999999977,2.48949425009684
503.0,0.5030000000000001,2.4919942500968517
503.5,0.5035000000000025,2.4945799904226007
504.0,0.5039999999999978,2.497079990422577
504.5,0.5045000000000002,2.499579990422589
505.0,0.5050000000000026,2.502018920897129
505.5,0.5054999999999978,2.5045189208971053
506.0,0.5060000000000002,2.507018920897117
506.5,0.5065000000000026,2.5092886679146176
507.0,0.5069999999999979,2.511788667914594
507.5,0.5075000000000003,2.514288667914606
508.0,0.5080000000000027,2.516367023769206
508.5,0.508499999999998,2.5188670237691824
509.0,0.5090000000000003,2.5213670237691943
509.5,0.5095000000000027,2.5232611259895776
510.0,0.509999999999998,2.525761125989554
510.5,0.5105000000000004,2.528261125989566
511.0,0.5110000000000028,2.5299805051178126
511.5,0.5114999999999981,2.532480505117789
512.0,0.5120000000000005,2.534980505117801
512.5,0.5125000000000028,2.5365608626196234
513.0,0.5129999999999981,2.5390608626196
513.5,0.5135000000000005,2.541560862619612
514.0,0.5140000000000029,2.543028006218897
514.5,0.5144999999999982,2.5455280062188734
515.0,0.5150000000000006,2.5480280062188854
515.5,0.515500000000003,2.5494022965540353
516.0,0.5159999999999982,2.5519022965540117
516.5,0.5165000000000006,2.5544022965540236
517.0,0.517000000000003,2.555742260394709
517.5,0.5174999999999983,2.5582422603946853
518.0,0.5180000000000007,2.560742260394697
518.5,0.5185000000000031,2.5620971172032014
519.0,0.5189999999999984,2.564597117203178
519.5,0.5195000000000007,2.56709711720319
520.0,0.5200000000000031,2.5684978377761425
520.5,0.5204999999999984,2.570997837776119
521.0,0.5210000000000008,2.573497837776131
521.5,0.5215000000000032,2.574971321158799
522.0,0.5219999999999985,2.577471321158775
522.5,0.5225000000000009,2.579971321158787
523.0,0.5230000000000032,2.581529852792883
523.5,0.5234999999999985,2.5840298527928596
524.0,0.5240000000000009,2.5865298527928715
524.5,0.5245000000000033,2.5881775396514684
525.0,0.5249999999999986,2.5906775396514448
525.5,0.525500000000001,2.5931775396514567
526.0,0.5260000000000034,2.594913848366147
526.5,0.5264999999999986,2.5974138483661235
527.0,0.527000000000001,2.5999138483661355
527.5,0.5275000000000034,2.6017396143174665
528.0,0.5279999999999987,2.604239614317443
528.5,0.5285000000000011,2.606739614317455
529.0,0.5290000000000035,2.6092396143174668
529.5,0.5294999999999987,2.611143207479998
530.0,0.5300000000000011,2.61364320748001
530.5,0.5304999999999964,2.616143207479986
531.0,0.5309999999999988,2.6181137985510006
531.5,0.5315000000000012,2.6206137985510125
532.0,0.5320000000000036,2.6231137985510244
532.5,0.5324999999999989,2.6251549127739082
533.0,0.5330000000000013,2.62765491277392
533.5,0.5334999999999965,2.6301549127738966
534.0,0.5339999999999989,2.6322256276271006
534.5,0.5345000000000013,2.6347256276271125
535.0,0.5349999999999966,2.637225627627089
535.5,0.535499999999999,2.6393109269401194
536.0,0.5360000000000014,2.6418109269401313
536.5,0.5364999999999966,2.6443109269401077
537.0,0.536999999999999,2.646365403505513
537.5,0.5375000000000014,2.648865403505525
538.0,0.5379999999999967,2.651365403505501
538.5,0.5384999999999991,2.6533425809848055
539.0,0.5390000000000015,2.6558425809848174
539.5,0.5394999999999968,2.658342580984794
540.0,0.5399999999999991,2.6602104837946072
540.5,0.5405000000000015,2.662710483794619
541.0,0.5409999999999968,2.6652104837945956
541.5,0.5414999999999992,2.666986027516387
542.0,0.5420000000000016,2.669486027516399
542.5,0.5424999999999969,2.6719860275163754
543.0,0.5429999999999993,2.6736936718465643
543.5,0.5435000000000016,2.676193671846576
544.0,0.5439999999999969,2.6786936718465526
544.5,0.5444999999999993,2.6803758802986266
545.0,0.5450000000000017,2.6828758802986385
545.5,0.545499999999997,2.685375880298615
546.0,0.5459999999999994,2.687056424948686
546.5,0.5465000000000018,2.689556424948698
547.0,0.546999999999997,2.6920564249486745
547.5,0.5474999999999994,2.69374535346671
548.0,0.5480000000000018,2.696245353466722
548.5,0.5484999999999971,2.6987453534666983
549.0,0.5489999999999995,2.7004635560073353
549.5,0.5495000000000019,2.7029635560073473
550.0,0.5499999999999972,2.7054635560073237
550.5,0.5504999999999995,2.707244369837767
551.0,0.5510000000000019,2.7097443698377788
551.5,0.5514999999999972,2.712244369837755
552.0,0.5519999999999996,2.7140842808847054
552.5,0.552500000000002,2.7165842808847174
553.0,0.5529999999999973,2.719084280884694
553.5,0.5534999999999997,2.7210138482361756
554.0,0.554000000000002,2.7235138482361876
554.5,0.5544999999999973,2.726013848236164
555.0,0.5549999999999997,2.728045127150871
555.5,0.5555000000000021,2.730545127150883
556.0,0.5559999999999974,2.7330451271508593
556.5,0.5564999999999998,2.7351868070514485
557.0,0.5570000000000022,2.7376868070514604
557.5,0.5574999999999974,2.740186807051437
558.0,0.5579999999999998,2.7424583276241066
558.5,0.5585000000000022,2.7449583276241185
559.0,0.5589999999999975,2.747458327624095
559.5,0.5594999999999999,2.7498749658306565
560.0,0.5600000000000023,2.7523749658306684
560.5,0.5604999999999976,2.754874965830645
561.0,0.5609999999999999,2.757437300292871
561.5,0.5615000000000023,2.759937300292883
562.0,0.5619999999999976,2.7624373002928593
562.5,0.5625,2.765127021069844
563.0,0.5630000000000024,2.767627021069856
563.5,0.5634999999999977,2.7701270210698326
564.0,0.5640000000000001,2.7729129306686673
564.5,0.5645000000000024,2.7754129306686792
565.0,0.5649999999999977,2.7779129306686556
565.5,0.5655000000000001,2.780772651845105
566.0,0.5660000000000025,2.7832726518451167
566.5,0.5664999999999978,2.785772651845093
567.0,0.5670000000000002,2.788684733159279
567.5,0.5675000000000026,2.791184733159291
568.0,0.5679999999999978,2.7936847331592674
568.5,0.5685000000000002,2.7966077298301784
569.0,0.5690000000000026,2.7991077298301903
569.5,0.5694999999999979,2.8016077298301667
570.0,0.5700000000000003,2.804518450840483
570.5,0.5705000000000027,2.807018450840495
571.0,0.570999999999998,2.8095184508404714
571.5,0.5715000000000003,2.8123728464539255
572.0,0.5720000000000027,2.8148728464539374
572.5,0.572499999999998,2.817372846453914
573.0,0.5730000000000004,2.8201333470732237
573.5,0.5735000000000028,2.8226333470732357
574.0,0.5739999999999981,2.825133347073212
574.5,0.5745000000000005,2.8277536393440883
575.0,0.5750000000000028,2.8302536393441002
575.5,0.5754999999999981,2.8327536393440766
576.0,0.5760000000000005,2.835234232687931
576.5,0.5765000000000029,2.837734232687943
577.0,0.5769999999999982,2.8402342326879193
577.5,0.5775000000000006,2.842584287752139
578.0,0.578000000000003,2.845084287752151
578.5,0.5784999999999982,2.8475842877521274
579.0,0.5790000000000006,2.849826591561282
579.5,0.579500000000003,2.852326591561294
580.0,0.5799999999999983,2.8548265915612703
580.5,0.5805000000000007,2.8569713626334092
581.0,0.5810000000000031,2.859471362633421
581.5,0.5814999999999984,2.8619713626333976
582.0,0.5820000000000007,2.864036618223942
582.5,0.5825000000000031,2.866536618223954
583.0,0.5829999999999984,2.86903661822393
583.5,0.5835000000000008,2.8710171201566936
584.0,0.5840000000000032,2.8735171201567056
584.5,0.5844999999999985,2.876017120156682
585.0,0.5850000000000009,2.8779180770456136
585.5,0.5855000000000032,2.8804180770456256
586.0,0.5859999999999985,2.882918077045602
586.5,0.5865000000000009,2.8847681975172534
587.0,0.5870000000000033,2.8872681975172654
587.5,0.5874999999999986,2.889768197517242
588.0,0.588000000000001,2.891589404875603
588.5,0.5885000000000034,2.894089404875615
589.0,0.5889999999999986,2.8965894048755914
589.5,0.589500000000001,2.8984096273268634
590.0,0.5900000000000034,2.9009096273268753
590.5,0.5904999999999987,2.9034096273268517
591.0,0.5910000000000011,2.9052374144142235
591.5,0.5915000000000035,2.9077374144142354
592.0,0.5919999999999987,2.910237414414212
592.5,0.5925000000000011,2.912080306549072
593.0,0.5929999999999964,2.9145803065490483
593.5,0.5934999999999988,2.9170803065490603
594.0,0.5940000000000012,2.918970264511529
594.5,0.5945000000000036,2.921470264511541
595.0,0.5949999999999989,2.9239702645115173
595.5,0.5955000000000013,2.9259314645401346
596.0,0.5959999999999965,2.928431464540111
596.5,0.5964999999999989,2.930931464540123
597.0,0.5970000000000013,2.9329593248704455
597.5,0.5974999999999966,2.935459324870422
598.0,0.597999999999999,2.937959324870434
598.5,0.5985000000000014,2.940072392719877
599.0,0.5989999999999966,2.9425723927198533
599.5,0.599499999999999,2.945072392719865
600.0,0.6000000000000014,2.9472981528708786
600.5,0.6004999999999967,2.949798152870855
601.0,0.6009999999999991,2.952298152870867
601.5,0.6015000000000015,2.9546415731488906
602.0,0.6019999999999968,2.957141573148867
602.5,0.6024999999999991,2.959641573148879
603.0,0.6030000000000015,2.962065996399197
603.5,0.6034999999999968,2.9645659963991733
604.0,0.6039999999999992,2.9670659963991852
604.5,0.6045000000000016,2.969565996399197
605.0,0.6049999999999969,2.9720193374724246
605.5,0.6054999999999993,2.9745193374724366
606.0,0.6060000000000016,2.9770193374724485
606.5,0.6064999999999969,2.9794790775256175
607.0,0.6069999999999993,2.9819790775256294
607.5,0.6075000000000017,2.9844790775256413
608.0,0.607999999999997,2.9869351813455935
608.5,0.6084999999999994,2.9894351813456055
609.0,0.6090000000000018,2.9919351813456174
609.5,0.609499999999997,2.9943562574484517
610.0,0.6099999999999994,2.9968562574484636
610.5,0.6105000000000018,2.9993562574484756
611.0,0.6109999999999971,3.0017459456509243
611.5,0.6114999999999995,3.0042459456509363
612.0,0.6120000000000019,3.006745945650948
612.5,0.6124999999999972,3.0090953601609627
613.0,0.6129999999999995,3.0115953601609746
613.5,0.6135000000000019,3.0140953601609866
614.0,0.6139999999999972,3.0164013349411434
614.5,0.6144999999999996,3.0189013349411553
615.0,0.615000000000002,3.0214013349411672
615.5,0.6154999999999973,3.0236417523346404
616.0,0.6159999999999997,3.0261417523346523
616.5,0.616500000000002,3.0286417523346643
617.0,0.6169999999999973,3.0308227315936875
617.5,0.6174999999999997,3.0333227315936995
618.0,0.6180000000000021,3.0358227315937114
618.5,0.6184999999999974,3.037953559360531
619.0,0.6189999999999998,3.040453559360543
619.5,0.6195000000000022,3.042953559360555
620.0,0.6199999999999974,3.0450393097991224
620.5,0.6204999999999998,3.0475393097991343
621.0,0.6210000000000022,3.0500393097991463
621.5,0.6214999999999975,3.052103455321493
622.0,0.6219999999999999,3.054603455321505
622.5,0.6225000000000023,3.057103455321517
623.0,0.6229999999999976,3.059165353613018
623.5,0.6234999999999999,3.06166535361303
624.0,0.6240000000000023,3.064165353613042
624.5,0.6244999999999976,3.066231815398588
625.0,0.625,3.0687318153986
625.5,0.6255000000000024,3.071231815398612
626.0,0.6259999999999977,3.0733001180055908
626.5,0.6265000000000001,3.0758001180056027
627.0,0.6270000000000024,3.0783001180056146
627.5,0.6274999999999977,3.0803773789392253
628.0,0.6280000000000001,3.082877378939237
628.5,0.6285000000000025,3.085377378939249
629.0,0.6289999999999978,3.087487309419217
629.5,0.6295000000000002,3.0899873094192287
630.0,0.6300000000000026,3.0924873094192407
630.5,0.6304999999999978,3.0946646973662695
631.0,0.6310000000000002,3.0971646973662814
631.5,0.6315000000000026,3.0996646973662934
632.0,0.6319999999999979,3.1019144529269838
632.5,0.6325000000000003,3.1044144529269957
633.0,0.6330000000000027,3.1069144529270076
633.5,0.633499999999998,3.109207324508816
634.0,0.6340000000000003,3.111707324508828
634.5,0.6345000000000027,3.1142073245088397
635.0,0.634999999999998,3.1165267736859903
635.5,0.6355000000000004,3.1190267736860022
636.0,0.6360000000000028,3.121526773686014
636.5,0.6364999999999981,3.1238332445551364
637.0,0.6370000000000005,3.1263332445551484
637.5,0.6375000000000028,3.1288332445551603
638.0,0.6379999999999981,3.1310747967143726
638.5,0.6385000000000005,3.1335747967143845
639.0,0.6390000000000029,3.1360747967143965
639.5,0.6394999999999982,3.138221506069314
640.0,0.6400000000000006,3.140721506069326
640.5,0.640500000000003,3.143221506069338
641.0,0.6409999999999982,3.145241320092147
641.5,0.6415000000000006,3.147741320092159
642.0,0.642000000000003,3.150241320092171
642.5,0.6424999999999983,3.1521219373540177
643.0,0.6430000000000007,3.1546219373540296
643.5,0.6435000000000031,3.1571219373540416
644.0,0.6439999999999984,3.1588661420083852
644.5,0.6445000000000007,3.161366142008397
645.0,0.6450000000000031,3.163866142008409
645.5,0.6454999999999984,3.1654831361220914
646.0,0.6460000000000008,3.1679831361221034
646.5,0.6465000000000032,3.1704831361221153
647.0,0.6469999999999985,3.171988881079102
647.5,0.6475000000000009,3.174488881079114
648.0,0.6480000000000032,3.176988881079126
648.5,0.6484999999999985,3.178442286723211
649.0,0.6490000000000009,3.180942286723223
649.5,0.6495000000000033,3.183442286723235
650.0,0.6499999999999986,3.184892139773403
650.5,0.650500000000001,3.187392139773415
651.0,0.6510000000000034,3.189892139773427
651.5,0.6514999999999986,3.1913630109371383
652.0,0.652000000000001,3.19386301093715
652.5,0.6525000000000034,3.196363010937162
653.0,0.6529999999999987,3.1978794078888484
653.5,0.6535000000000011,3.2003794078888603
654.0,0.6540000000000035,3.2028794078888723
654.5,0.6544999999999987,3.204437455404623
655.0,0.6550000000000011,3.206937455404635
655.5,0.6554999999999964,3.2094374554046112
656.0,0.6559999999999988,3.2110271714895333
656.5,0.6565000000000012,3.2135271714895453
657.0,0.6570000000000036,3.216027171489557
657.5,0.6574999999999989,3.217623846260267
658.0,0.6580000000000013,3.220123846260279
658.5,0.6584999999999965,3.222623846260255
659.0,0.6589999999999989,3.224208588009141
659.5,0.6595000000000013,3.226708588009153
660.0,0.6599999999999966,3.2292085880091292
660.5,0.660499999999999,3.2307583541565776
661.0,0.6610000000000014,3.2332583541565896
661.5,0.6614999999999966,3.235758354156566
662.0,0.661999999999999,3.237266152708216
662.5,0.6625000000000014,3.2397661527082278
663.0,0.6629999999999967,3.242266152708204
663.5,0.6634999999999991,3.243722132522997
664.0,0.6640000000000015,3.246222132523009
664.5,0.6644999999999968,3.2487221325229854
665.0,0.6649999999999991,3.250112514494141
665.5,0.6655000000000015,3.252612514494153
666.0,0.6659999999999968,3.2551125144941295
666.5,0.6664999999999992,3.2564271181791327
667.0,0.6670000000000016,3.2589271181791446
667.5,0.6674999999999969,3.261427118179121
668.0,0.6679999999999993,3.262637694546946
668.5,0.6685000000000016,3.265137694546958
669.0,0.6689999999999969,3.2676376945469343
669.5,0.6694999999999993,3.2687098201166265
670.0,0.6700000000000017,3.2712098201166384
670.5,0.670499999999997,3.273709820116615
671.0,0.6709999999999994,3.2746177166980672
671.5,0.6715000000000018,3.277117716698079
672.0,0.671999999999997,3.2796177166980556
672.5,0.6724999999999994,3.280346058053567
673.0,0.6730000000000018,3.282846058053579
673.5,0.6734999999999971,3.2853460580535554
674.0,0.6739999999999995,3.2858844101962603
674.5,0.6745000000000019,3.2883844101962723
675.0,0.6749999999999972,3.2908844101962487
675.5,0.6754999999999995,3.291240980511745
676.0,0.6760000000000019,3.293740980511757
676.5,0.6764999999999972,3.296240980511733
677.0,0.6769999999999996,3.2964364717211936
677.5,0.677500000000002,3.2989364717212055
678.0,0.6779999999999973,3.301436471721182
678.5,0.6784999999999997,3.3015101004128766
679.0,0.679000000000002,3.3040101004128886
679.5,0.6794999999999973,3.306510100412865
680.0,0.6799999999999997,3.309010100412877
680.5,0.6805000000000021,3.3090156327981646
681.0,0.6809999999999974,3.311515632798141
681.5,0.6814999999999998,3.314015632798153
682.0,0.6820000000000022,3.314017531845792
682.5,0.6824999999999974,3.3165175318457685
683.0,0.6829999999999998,3.3190175318457804
683.5,0.6835000000000022,3.319089147197758
684.0,0.6839999999999975,3.3215891471977343
684.5,0.6844999999999999,3.3240891471977463
685.0,0.6850000000000023,3.3242915905108816
685.5,0.6854999999999976,3.326791590510858
686.0,0.6859999999999999,3.32929159051087
686.5,0.6865000000000023,3.329684225405103
687.0,0.6869999999999976,3.3321842254050793
687.5,0.6875,3.3346842254050912
688.0,0.6880000000000024,3.3352971152911692
688.5,0.6884999999999977,3.3377971152911456
689.0,0.6890000000000001,3.3402971152911576
689.5,0.6895000000000024,3.3411346728618696
690.0,0.6899999999999977,3.343634672861846
690.5,0.6905000000000001,3.346134672861858
691.0,0.6910000000000025,3.3471765160115297
691.5,0.6914999999999978,3.349676516011506
692.0,0.6920000000000002,3.352176516011518
692.5,0.6925000000000026,3.3534098748538455
693.0,0.6929999999999978,3.355909874853822
693.5,0.6935000000000002,3.358409874853834
694.0,0.6940000000000026,3.3598155725060153
694.5,0.6944999999999979,3.3623155725059917
695.0,0.6950000000000003,3.3648155725060036
695.5,0.6955000000000027,3.366352632903471
696.0,0.695999999999998,3.3688526329034474
696.5,0.6965000000000003,3.3713526329034593
697.0,0.6970000000000027,3.372999802238752
697.5,0.697499999999998,3.3754998022387284
698.0,0.6980000000000004,3.3779998022387403
698.5,0.6985000000000028,3.379728343136108
699.0,0.6989999999999981,3.3822283431360844
699.5,0.6995000000000005,3.3847283431360964
700.0,0.7000000000000028,3.3864940660973986
700.5,0.7004999999999981,3.388994066097375
701.0,0.7010000000000005,3.391494066097387
701.5,0.7015000000000029,3.393258868884601
702.0,0.7019999999999982,3.3957588688845775
702.5,0.7025000000000006,3.3982588688845894
703.0,0.703000000000003,3.400008112069166
703.5,0.7034999999999982,3.4025081120691425
704.0,0.7040000000000006,3.4050081120691544
704.5,0.704500000000003,3.406725135136881
705.0,0.7049999999999983,3.4092251351368574
705.5,0.7055000000000007,3.4117251351368694
706.0,0.7060000000000031,3.413417622325241
706.5,0.7064999999999984,3.4159176223252175
707.0,0.7070000000000007,3.4184176223252294
707.5,0.7075000000000031,3.4200771278061026
708.0,0.7079999999999984,3.422577127806079
708.5,0.7085000000000008,3.425077127806091
709.0,0.7090000000000032,3.4267037187682803
709.5,0.7094999999999985,3.4292037187682567
710.0,0.7100000000000009,3.4317037187682686
710.5,0.7105000000000032,3.4333068608582806
711.0,0.7109999999999985,3.435806860858257
711.5,0.7115000000000009,3.438306860858269
712.0,0.7120000000000033,3.439917513483941
712.5,0.7124999999999986,3.4424175134839174
713.0,0.713000000000001,3.4449175134839294
713.5,0.7135000000000034,3.4465839663600306
714.0,0.7139999999999986,3.449083966360007
714.5,0.714500000000001,3.451583966360019
715.0,0.7150000000000034,3.453355728924663
715.5,0.7154999999999987,3.4558557289246394
716.0,0.7160000000000011,3.4583557289246514
716.5,0.7165000000000035,3.460283357717877
717.0,0.7169999999999987,3.4627833577178535
717.5,0.7175000000000011,3.4652833577178654
718.0,0.7179999999999964,3.4674046647387513
718.5,0.7184999999999988,3.4699046647387632
719.0,0.7190000000000012,3.472404664738775
719.5,0.7195000000000036,3.4747550247565684
720.0,0.7199999999999989,3.477255024756545
720.5,0.7205000000000013,3.4797550247565567
721.0,0.7209999999999965,3.4823463679988365
721.5,0.7214999999999989,3.4848463679988484
722.0,0.7220000000000013,3.4873463679988603
722.5,0.7224999999999966,3.490161229651143
723.0,0.722999999999999,3.492661229651155
723.5,0.7235000000000014,3.495161229651167
724.0,0.7239999999999966,3.4981606769649076
724.5,0.724499999999999,3.5006606769649196
725.0,0.7250000000000014,3.5031606769649315
725.5,0.7254999999999967,3.506304274467844
726.0,0.7259999999999991,3.508804274467856
726.5,0.7265000000000015,3.511304274467868
727.0,0.7269999999999968,3.5145459188735373
727.5,0.7274999999999991,3.5170459188735492
728.0,0.7280000000000015,3.519545918873561
728.5,0.7284999999999968,3.522812837550049
729.0,0.7289999999999992,3.525312837550061
729.5,0.7295000000000016,3.527812837550073
730.0,0.7299999999999969,3.531050998133196
730.5,0.7304999999999993,3.533550998133208
731.0,0.7310000000000016,3.53605099813322
731.5,0.7314999999999969,3.5391979824009567
732.0,0.7319999999999993,3.5416979824009687
732.5,0.7325000000000017,3.5441979824009806
733.0,0.732999999999997,3.547216421388235
733.5,0.7334999999999994,3.549716421388247
734.0,0.7340000000000018,3.552216421388259
734.5,0.734499999999997,3.555084899096066
735.0,0.7349999999999994,3.557584899096078
735.5,0.7355000000000018,3.56008489909609
736.0,0.7359999999999971,3.562793703915119
736.5,0.7364999999999995,3.565293703915131
737.0,0.7370000000000019,3.567793703915143
737.5,0.7374999999999972,3.5703352416082623
738.0,0.7379999999999995,3.5728352416082743
738.5,0.7385000000000019,3.575335241608286
739.0,0.7389999999999972,3.577705097283186
739.5,0.7394999999999996,3.580205097283198
740.0,0.740000000000002,3.5827050972832097
740.5,0.7404999999999973,3.5849226347227514
741.0,0.7409999999999997,3.5874226347227633
741.5,0.741500000000002,3.5899226347227753
742.0,0.7419999999999973,3.592042107974578
742.5,0.7424999999999997,3.59454210797459
743.0,0.7430000000000021,3.5970421079746018
743.5,0.7434999999999974,3.5991008108707234
744.0,0.7439999999999998,3.6016008108707354
744.5,0.7445000000000022,3.6041008108707473
745.0,0.7449999999999974,3.6061316415961997
745.5,0.7454999999999998,3.6086316415962116
746.0,0.7460000000000022,3.6111316415962236
746.5,0.7464999999999975,3.6131549193051526
747.0,0.7469999999999999,3.6156549193051646
747.5,0.7475000000000023,3.6181549193051765
748.0,0.7479999999999976,3.6201865038477976
748.5,0.7484999999999999,3.6226865038478095
749.0,0.7490000000000023,3.6251865038478215
749.5,0.7494999999999976,3.627241403990986
750.0,0.75,3.629741403990998
750.5,0.7505000000000024,3.63224140399101
751.0,0.7509999999999977,3.6343178159515688
751.5,0.7515000000000001,3.6368178159515807
752.0,0.7520000000000024,3.6393178159515926
752.5,0.7524999999999977,3.641408057374953
753.0,0.7530000000000001,3.643908057374965
753.5,0.7535000000000025,3.646408057374977
754.0,0.7539999999999978,3.6485008388077844
754.5,0.7545000000000002,3.6510008388077964
755.0,0.7550000000000026,3.6535008388078083
755.5,0.7554999999999978,3.6560008388077847
756.0,0.7560000000000002,3.6580819562279387
756.5,0.7565000000000026,3.6605819562279507
757.0,0.7569999999999979,3.663081956227927
757.5,0.7575000000000003,3.6651161642621233
758.0,0.7580000000000027,3.667616164262135
758.5,0.758499999999998,3.6701161642621116
759.0,0.7590000000000003,3.6720798127339904
759.5,0.7595000000000027,3.6745798127340024
760.0,0.759999999999998,3.6770798127339788
760.5,0.7605000000000004,3.6789677823156097
761.0,0.7610000000000028,3.6814677823156217
761.5,0.7614999999999981,3.683967782315598
762.0,0.7620000000000005,3.68575641644437
762.5,0.7625000000000028,3.688256416444382
763.0,0.7629999999999981,3.6907564164443585
763.5,0.7635000000000005,3.6924306359869163
764.0,0.7640000000000029,3.6949306359869283
764.5,0.7644999999999982,3.6974306359869047
765.0,0.7650000000000006,3.6989971412247513
765.5,0.765500000000003,3.7014971412247633
766.0,0.7659999999999982,3.7039971412247397
766.5,0.7665000000000006,3.7054794947029634
767.0,0.767000000000003,3.7079794947029754
767.5,0.7674999999999983,3.710479494702952
768.0,0.7680000000000007,3.7118991420219416
768.5,0.7685000000000031,3.7143991420219535
769.0,0.7689999999999984,3.71689914202193
769.5,0.7695000000000007,3.718282821651222
770.0,0.7700000000000031,3.720782821651234
770.5,0.7704999999999984,3.7232828216512104
771.0,0.7710000000000008,3.724684079313043
771.5,0.7715000000000032,3.727184079313055
772.0,0.7719999999999985,3.7296840793130315
772.5,0.7725000000000009,3.731141913571925
773.0,0.7730000000000032,3.7336419135719368
773.5,0.7734999999999985,3.736141913571913
774.0,0.7740000000000009,3.737674438450682
774.5,0.7745000000000033,3.740174438450694
775.0,0.7749999999999986,3.7426744384506705
775.5,0.775500000000001,3.7442947038238827
776.0,0.7760000000000034,3.7467947038238947
776.5,0.7764999999999986,3.749294703823871
777.0,0.777000000000001,3.750971936146641
777.5,0.7775000000000034,3.753471936146653
778.0,0.7779999999999987,3.7559719361466293
778.5,0.7785000000000011,3.7576563179747424
779.0,0.7790000000000035,3.7601563179747544
779.5,0.7794999999999987,3.7626563179747308
780.0,0.7800000000000011,3.764302322392581
780.5,0.7804999999999964,3.7668023223925573
781.0,0.7809999999999988,3.7693023223925692
781.5,0.7815000000000012,3.770857826804175
782.0,0.7820000000000036,3.7733578268041867
782.5,0.7824999999999989,3.775857826804163
783.0,0.7830000000000013,3.7772889657638586
783.5,0.7834999999999965,3.779788965763835
784.0,0.7839999999999989,3.782288965763847
784.5,0.7845000000000013,3.783580215524509
785.0,0.7849999999999966,3.7860802155244855
785.5,0.785499999999999,3.7885802155244974
786.0,0.7860000000000014,3.7897065162163557
786.5,0.7864999999999966,3.792206516216332
787.0,0.786999999999999,3.794706516216344
787.5,0.7875000000000014,3.795657868966309
788.0,0.7879999999999967,3.7981578689662854
788.5,0.7884999999999991,3.8006578689662973
789.0,0.7890000000000015,3.801417339242441
789.5,0.7894999999999968,3.8039173392424175
790.0,0.7899999999999991,3.8064173392424294
790.5,0.7905000000000015,3.8069850519513437
791.0,0.7909999999999968,3.80948505195132
791.5,0.7914999999999992,3.811985051951332
792.0,0.7920000000000016,3.812372874015324
792.5,0.7924999999999969,3.8148728740153004
793.0,0.7929999999999993,3.8173728740153123
793.5,0.7935000000000016,3.817600066045479
794.0,0.7939999999999969,3.8201000660454554
794.5,0.7944999999999993,3.8226000660454673
795.0,0.7950000000000017,3.8227329702678503
795.5,0.795499999999997,3.8252329702678267
796.0,0.7959999999999994,3.8277329702678387
796.5,0.7965000000000018,3.827825750033149
797.0,0.796999999999997,3.8303257500331256
797.5,0.7974999999999994,3.8328257500331375
798.0,0.7980000000000018,3.8329454474668623
798.5,0.7984999999999971,3.8354454474668387
799.0,0.7989999999999995,3.8379454474668506
799.5,0.7995000000000019,3.8381480633169573
800.0,0.7999999999999972,3.8406480633169338
800.5,0.8004999999999995,3.8431480633169457
801.0,0.8010000000000019,3.8434848814265266
801.5,0.8014999999999972,3.845984881426503
802.0,0.8019999999999996,3.848484881426515
802.5,0.802500000000002,3.8489782775385706
803.0,0.8029999999999973,3.851478277538547
803.5,0.8034999999999997,3.853978277538559
804.0,0.804000000000002,3.8546355278396405
804.5,0.8044999999999973,3.857135527839617
805.0,0.8049999999999997,3.859635527839629
805.5,0.8055000000000021,3.8604059691576964
806.0,0.8059999999999974,3.862905969157673
806.5,0.8064999999999998,3.8654059691576848
807.0,0.8070000000000022,3.866241574587299
807.5,0.8074999999999974,3.8687415745872755
808.0,0.8079999999999998,3.8712415745872875
808.5,0.8085000000000022,3.8721316074831336
809.0,0.8089999999999975,3.87463160748311
809.5,0.8094999999999999,3.877131607483122
810.0,0.8100000000000023,3.8780256417602033
810.5,0.8104999999999976,3.8805256417601797
811.0,0.8109999999999999,3.8830256417601916
811.5,0.8115000000000023,3.883902548811342
812.0,0.8119999999999976,3.8864025488113185
812.5,0.8125,3.8889025488113305
813.0,0.8130000000000024,3.889750638876528
813.5,0.8134999999999977,3.8922506388765044
814.0,0.8140000000000001,3.8947506388765163
814.5,0.8145000000000024,3.8955638027114503
815.0,0.8149999999999977,3.8980638027114267
815.5,0.8155000000000001,3.9005638027114387
816.0,0.8160000000000025,3.9013525985906483
816.5,0.8164999999999978,3.9038525985906247
817.0,0.8170000000000002,3.9063525985906367
817.5,0.8175000000000026,3.9071432738924727
818.0,0.8179999999999978,3.909643273892449
818.5,0.8185000000000002,3.912143273892461
819.0,0.8190000000000026,3.912974215868026
819.5,0.8194999999999979,3.9154742158680023
820.0,0.8200000000000003,3.917974215868014
820.5,0.8205000000000027,3.9189025881170636
821.0,0.820999999999998,3.92140258811704
821.5,0.8215000000000003,3.923902588117052
822.0,0.8220000000000027,3.924948156861241
822.5,0.822499999999998,3.9274481568612174
823.0,0.8230000000000004,3.9299481568612293
823.5,0.8235000000000028,3.931151081162625
824.0,0.8239999999999981,3.9336510811626013
824.5,0.8245000000000005,3.9361510811626133
825.0,0.8250000000000028,3.9375328298094203
825.5,0.8254999999999981,3.9400328298093967
826.0,0.8260000000000005,3.9425328298094087
826.5,0.8265000000000029,3.944135306613461
827.0,0.8269999999999982,3.9466353066134374
827.5,0.8275000000000006,3.9491353066134494
828.0,0.828000000000003,3.9509570031574626
828.5,0.8284999999999982,3.953457003157439
829.0,0.8290000000000006,3.955957003157451
829.5,0.829500000000003,3.9579808922158577
830.0,0.8299999999999983,3.960480892215834
830.5,0.8305000000000007,3.962980892215846
831.0,0.8310000000000031,3.965480892215858
831.5,0.8314999999999984,3.9676767753946507
832.0,0.8320000000000007,3.9701767753946626
832.5,0.8325000000000031,3.9726767753946746
833.0,0.8329999999999984,3.9749907334472567
833.5,0.8335000000000008,3.9774907334472687
834.0,0.8340000000000032,3.9799907334472806
834.5,0.8344999999999985,3.9823509233046295
835.0,0.8350000000000009,3.9848509233046414
835.5,0.8355000000000032,3.9873509233046533
836.0,0.8359999999999985,3.989707274357599
836.5,0.8365000000000009,3.992207274357611
837.0,0.8370000000000033,3.994707274357623
837.5,0.8374999999999986,3.997010890122148
838.0,0.838000000000001,3.99951089012216
838.5,0.8385000000000034,4.002010890122172
839.0,0.8389999999999986,4.004217821443881
839.5,0.839500000000001,4.0067178214438925
840.0,0.8400000000000034,4.0092178214439045
840.5,0.8404999999999987,4.011332784507218
841.0,0.8410000000000011,4.01383278450723
841.5,0.8415000000000035,4.016332784507242
842.0,0.8419999999999987,4.018352346410232
842.5,0.8425000000000011,4.020852346410244
843.0,0.8429999999999964,4.0233523464102205
843.5,0.8434999999999988,4.025294943964894
844.0,0.8440000000000012,4.027794943964906
844.5,0.8445000000000036,4.030294943964918
845.0,0.8449999999999989,4.032193862432365
845.5,0.8455000000000013,4.034693862432377
846.0,0.8459999999999965,4.037193862432353
846.5,0.8464999999999989,4.039099398376251
847.0,0.8470000000000013,4.041599398376263
847.5,0.8474999999999966,4.04409939837624
848.0,0.847999999999999,4.046038565661192
848.5,0.8485000000000014,4.048538565661204
849.0,0.8489999999999966,4.05103856566118
849.5,0.849499999999999,4.053040017057299
850.0,0.8500000000000014,4.055540017057311
850.5,0.8504999999999967,4.058040017057287
851.0,0.8509999999999991,4.060133956399561
851.5,0.8515000000000015,4.062633956399573
852.0,0.8519999999999968,4.065133956399549
852.5,0.8524999999999991,4.0673460194268785
853.0,0.8530000000000015,4.06984601942689
853.5,0.8534999999999968,4.072346019426867
854.0,0.8539999999999992,4.074663841080479
854.5,0.8545000000000016,4.077163841080491
855.0,0.8549999999999969,4.0796638410804675
855.5,0.8554999999999993,4.082096308367085
856.0,0.8560000000000016,4.084596308367097
856.5,0.8564999999999969,4.087096308367073
857.0,0.8569999999999993,4.0896389531537025
857.5,0.8575000000000017,4.0921389531537145
858.0,0.857999999999997,4.094638953153691
858.5,0.8584999999999994,4.09728459034195
859.0,0.8590000000000018,4.099784590341962
859.5,0.859499999999997,4.102284590341938
860.0,0.8599999999999994,4.104998470592456
860.5,0.8605000000000018,4.107498470592468
861.0,0.8609999999999971,4.109998470592444
861.5,0.8614999999999995,4.112745609085771
862.0,0.8620000000000019,4.1152456090857825
862.5,0.8624999999999972,4.117745609085759
863.0,0.8629999999999995,4.120473654735974
863.5,0.8635000000000019,4.122973654735986
864.0,0.8639999999999972,4.125473654735963
864.5,0.8644999999999996,4.128124424623643
865.0,0.865000000000002,4.1306244246236545
865.5,0.8654999999999973,4.133124424623631
866.0,0.8659999999999997,4.135611499041367
866.5,0.866500000000002,4.138111499041379
867.0,0.8669999999999973,4.140611499041356
867.5,0.8674999999999997,4.142880560402595
868.0,0.8680000000000021,4.145380560402607
868.5,0.8684999999999974,4.147880560402584
869.0,0.8689999999999998,4.149880469948428
869.5,0.8695000000000022,4.15238046994844
870.0,0.8699999999999974,4.1548804699484165
870.5,0.8704999999999998,4.156562678101672
871.0,0.8710000000000022,4.159062678101684
871.5,0.8714999999999975,4.16156267810166
872.0,0.8719999999999999,4.162913738712284
872.5,0.8725000000000023,4.165413738712296
873.0,0.8729999999999976,4.167913738712272
873.5,0.8734999999999999,4.168957280824976
874.0,0.8740000000000023,4.171457280824988
874.5,0.8744999999999976,4.173957280824965
875.0,0.875,4.174744549118294
875.5,0.8755000000000024,4.177244549118306
876.0,0.8759999999999977,4.179744549118283
876.5,0.8765000000000001,4.180344373252822
877.0,0.8770000000000024,4.182844373252834
877.5,0.8774999999999977,4.185344373252811
878.0,0.8780000000000001,4.18581720001157
878.5,0.8785000000000025,4.188317200011582
879.0,0.8789999999999978,4.190817200011558
879.5,0.8795000000000002,4.191197046400141
880.0,0.8800000000000026,4.193697046400153
880.5,0.8804999999999978,4.19619704640013
881.0,0.8810000000000002,4.196547739313736
881.5,0.8815000000000026,4.199047739313748
882.0,0.8819999999999979,4.201547739313725
882.5,0.8825000000000003,4.2019496305924875
883.0,0.8830000000000027,4.204449630592499
883.5,0.883499999999998,4.206949630592476
884.0,0.8840000000000003,4.20744652658982
884.5,0.8845000000000027,4.209946526589832
885.0,0.884999999999998,4.212446526589808
885.5,0.8855000000000004,4.213065487622352
886.0,0.8860000000000028,4.215565487622364
886.5,0.8864999999999981,4.21806548762234
887.0,0.8870000000000005,4.2188412914891416
887.5,0.8875000000000028,4.2213412914891535
888.0,0.8879999999999981,4.22384129148913
888.5,0.8885000000000005,4.224773674797966
889.0,0.8890000000000029,4.227273674797978
889.5,0.8894999999999982,4.229773674797954
890.0,0.8900000000000006,4.230840953407373
890.5,0.890500000000003,4.233340953407385
891.0,0.8909999999999982,4.2358409534073616
891.5,0.8915000000000006,4.237000731684368
892.0,0.892000000000003,4.23950073168438
892.5,0.8924999999999983,4.242000731684357
893.0,0.8930000000000007,4.24322400157191
893.5,0.8935000000000031,4.245724001571922
894.0,0.8939999999999984,4.248224001571899
894.5,0.8945000000000007,4.249457918133004
895.0,0.8950000000000031,4.251957918133016
895.5,0.8954999999999984,4.254457918132992
896.0,0.8960000000000008,4.255653694864243
896.5,0.8965000000000032,4.258153694864255
897.0,0.8969999999999985,4.2606536948642315
897.5,0.8975000000000009,4.261781769154318
898.0,0.8980000000000032,4.26428176915433
898.5,0.8984999999999985,4.266781769154306
899.0,0.8990000000000009,4.267811497980141
899.5,0.8995000000000033,4.270311497980153
900.0,0.8999999999999986,4.272811497980129
900.5,0.900500000000001,4.2737119707832605
901.0,0.9010000000000034,4.276211970783272
901.5,0.9014999999999986,4.278711970783249
902.0,0.902000000000001,4.279465709558785
902.5,0.9025000000000034,4.281965709558797
903.0,0.9029999999999987,4.2844657095587735
903.5,0.9035000000000011,4.285084406794866
904.0,0.9040000000000035,4.287584406794878
904.5,0.9044999999999987,4.290084406794854
905.0,0.9050000000000011,4.290607804003592
905.5,0.9054999999999964,4.293107804003569
906.0,0.9059999999999988,4.2956078040035806
906.5,0.9065000000000012,4.2981078040035925
907.0,0.9070000000000036,4.2985584291114876
907.5,0.9074999999999989,4.301058429111464
908.0,0.9080000000000013,4.303558429111476
908.5,0.9084999999999965,4.303985361183287
909.0,0.9089999999999989,4.306485361183299
909.5,0.9095000000000013,4.308985361183311
910.0,0.9099999999999966,4.309436665323538
910.5,0.910499999999999,4.31193666532355
911.0,0.9110000000000014,4.314436665323562
911.5,0.9114999999999966,4.314944621737347
912.0,0.911999999999999,4.3174446217373585
912.5,0.9125000000000014,4.3199446217373705
913.0,0.9129999999999967,4.320524664457714
913.5,0.9134999999999991,4.323024664457726
914.0,0.9140000000000015,4.325524664457738
914.5,0.9144999999999968,4.3262067652191405
915.0,0.9149999999999991,4.328706765219152
915.5,0.9155000000000015,4.331206765219164
916.0,0.9159999999999968,4.332012754871037
916.5,0.9164999999999992,4.334512754871049
917.0,0.9170000000000016,4.337012754871061
917.5,0.9174999999999969,4.337956918333354
918.0,0.9179999999999993,4.340456918333366
918.5,0.9185000000000016,4.342956918333378
919.0,0.9189999999999969,4.344046889063868
919.5,0.9194999999999993,4.34654688906388
920.0,0.9200000000000017,4.349046889063892
920.5,0.920499999999997,4.35031375428764
921.0,0.9209999999999994,4.352813754287652
921.5,0.9215000000000018,4.355313754287664
922.0,0.921999999999997,4.356757403687759
922.5,0.9224999999999994,4.359257403687771
923.0,0.9230000000000018,4.361757403687783
923.5,0.9234999999999971,4.3633850823162845
924.0,0.9239999999999995,4.3658850823162965
924.5,0.9245000000000019,4.368385082316308
925.0,0.9249999999999972,4.37018092841555
925.5,0.9254999999999995,4.372680928415562
926.0,0.9260000000000019,4.375180928415574
926.5,0.9264999999999972,4.377125261612349
927.0,0.9269999999999996,4.379625261612361
927.5,0.927500000000002,4.382125261612373
928.0,0.9279999999999973,4.384196160357696
928.5,0.9284999999999997,4.386696160357708
929.0,0.929000000000002,4.38919616035772
929.5,0.9294999999999973,4.391359412144702
930.0,0.9299999999999997,4.393859412144714
930.5,0.9305000000000021,4.396359412144726
931.0,0.9309999999999974,4.398545840930339
931.5,0.9314999999999998,4.401045840930351
932.0,0.9320000000000022,4.403545840930363
932.5,0.9324999999999974,4.405724449456798
933.0,0.9329999999999998,4.40822444945681
933.5,0.9335000000000022,4.410724449456822
934.0,0.9339999999999975,4.412868823221601
934.5,0.9344999999999999,4.415368823221613
935.0,0.9350000000000023,4.4178688232216246
935.5,0.9354999999999976,4.419954034243894
936.0,0.9359999999999999,4.422454034243906
936.5,0.9365000000000023,4.4249540342439175
937.0,0.9369999999999976,4.4269987625694185
937.5,0.9375,4.42949876256943
938.0,0.9380000000000024,4.431998762569442
938.5,0.9384999999999977,4.4340169870172375
939.0,0.9390000000000001,4.436516987017249
939.5,0.9395000000000024,4.439016987017261
940.0,0.9399999999999977,4.441009552016446
940.5,0.9405000000000001,4.443509552016458
941.0,0.9410000000000025,4.44600955201647
941.5,0.9414999999999978,4.447956298525462
942.0,0.9420000000000002,4.450456298525474
942.5,0.9425000000000026,4.452956298525486
943.0,0.9429999999999978,4.4548561635296835
943.5,0.9435000000000002,4.457356163529695
944.0,0.9440000000000026,4.459856163529707
944.5,0.9444999999999979,4.4616846012521805
945.0,0.9450000000000003,4.464184601252192
945.5,0.9455000000000027,4.466684601252204
946.0,0.945999999999998,4.468439884721995
946.5,0.9465000000000003,4.470939884722007
947.0,0.9470000000000027,4.473439884722019
947.5,0.947499999999998,4.475125616432827
948.0,0.9480000000000004,4.477625616432839
948.5,0.9485000000000028,4.480125616432851
949.0,0.9489999999999981,4.4817500808461475
949.5,0.9495000000000005,4.484250080846159
950.0,0.9500000000000028,4.486750080846171
950.5,0.9504999999999981,4.4883486883889745
951.0,0.9510000000000005,4.490848688388986
951.5,0.9515000000000029,4.493348688388998
952.0,0.9519999999999982,4.4949441275757
952.5,0.9525000000000006,4.4974441275757115
953.0,0.953000000000003,4.4999441275757235
953.5,0.9534999999999982,4.501584029973458
954.0,0.9540000000000006,4.50408402997347
954.5,0.954500000000003,4.506584029973482
955.0,0.9549999999999983,4.508295260477944
955.5,0.9555000000000007,4.5107952604779555
956.0,0.9560000000000031,4.5132952604779675
956.5,0.9564999999999984,4.515092399019949
957.0,0.9570000000000007,4.517592399019961
957.5,0.9575000000000031,4.520092399019973
958.0,0.9579999999999984,4.521997849309436
958.5,0.9585000000000008,4.524497849309448
959.0,0.9590000000000032,4.52699784930946
959.5,0.9594999999999985,4.5289878135484685
960.0,0.9600000000000009,4.53148781354848
960.5,0.9605000000000032,4.533987813548492
961.0,0.9609999999999985,4.536038073289035
961.5,0.9615000000000009,4.538538073289047
962.0,0.9620000000000033,4.541038073289059
962.5,0.9624999999999986,4.543128011310387
963.0,0.963000000000001,4.545628011310399
963.5,0.9635000000000034,4.548128011310411
964.0,0.9639999999999986,4.550247219028805
964.5,0.964500000000001,4.5527472190288165
965.0,0.9650000000000034,4.5552472190288285
965.5,0.9654999999999987,4.557382214015107
966.0,0.9660000000000011,4.5598822140151185
966.5,0.9665000000000035,4.56238221401513
967.0,0.9669999999999987,4.564513558048979
967.5,0.9675000000000011,4.567013558048991
968.0,0.9679999999999964,4.569513558048968
968.5,0.9684999999999988,4.571639520134916
969.0,0.9690000000000012,4.574139520134928
969.5,0.9695000000000036,4.57663952013494
970.0,0.9699999999999989,4.578706989168424
970.5,0.9705000000000013,4.581206989168436
971.0,0.9709999999999965,4.583706989168412
971.5,0.9714999999999989,4.585680551447915
972.0,0.9720000000000013,4.588180551447927
972.5,0.9724999999999966,4.590680551447903
973.0,0.972999999999999,4.5925267539931625
973.5,0.9735000000000014,4.595026753993174
974.0,0.9739999999999966,4.597526753993151
974.5,0.974499999999999,4.599206829028901
975.0,0.9750000000000014,4.601706829028913
975.5,0.9754999999999967,4.60420682902889
976.0,0.9759999999999991,4.605682838361638
976.5,0.9765000000000015,4.60818283836165
977.0,0.9769999999999968,4.610682838361626
977.5,0.9774999999999991,4.6119293008073825
978.0,0.9780000000000015,4.614429300807394
978.5,0.9784999999999968,4.616929300807371
979.0,0.9789999999999992,4.617953254831448
979.5,0.9795000000000016,4.62045325483146
980.0,0.9799999999999969,4.622953254831437
980.5,0.9804999999999993,4.62377365820803
981.0,0.9810000000000016,4.626273658208042
981.5,0.9814999999999969,4.628773658208019
982.0,0.9819999999999993,4.6312736582080305
982.5,0.9825000000000017,4.6319307240105445
983.0,0.982999999999997,4.634430724010521
983.5,0.9834999999999994,4.636930724010533
984.0,0.9840000000000018,4.63747605600485
984.5,0.984499999999997,4.639976056004826
985.0,0.9849999999999994,4.642476056004838
985.5,0.9855000000000018,4.642953041309177
986.0,0.9859999999999971,4.645453041309153
986.5,0.9864999999999995,4.647953041309165
987.0,0.9870000000000019,4.648414114072885
987.5,0.9874999999999972,4.650914114072862
988.0,0.9879999999999995,4.6534141140728735
988.5,0.9885000000000019,4.6538750965248
989.0,0.9889999999999972,4.656375096524776
989.5,0.9894999999999996,4.658875096524788
990.0,0.990000000000002,4.6593415931920035
990.5,0.9904999999999973,4.66184159319198
991.0,0.9909999999999997,4.664341593191992
991.5,0.991500000000002,4.664838881403099
992.0,0.9919999999999973,4.667338881403076
992.5,0.9924999999999997,4.669838881403088
993.0,0.9930000000000021,4.6704078983340125
993.5,0.9934999999999974,4.672907898333989
994.0,0.9939999999999998,4.675407898334001
994.5,0.9945000000000022,4.676100870987945
995.0,0.9949999999999974,4.678600870987921
995.5,0.9954999999999998,4.681100870987933
996.0,0.9960000000000022,4.681956068708111
996.5,0.9964999999999975,4.684456068708087
997.0,0.9969999999999999,4.686956068708099
997.5,0.9975000000000023,4.687982408799769
998.0,0.9979999999999976,4.690482408799745
998.5,0.9984999999999999,4.692982408799757
999.0,0.9990000000000023,4.694159485816307
999.5,0.9994999999999976,4.696659485816284
1000.0,1.0,4.6991594858162955
1000.5,1.0005000000000024,4.70048355497255
1001.0,1.0009999999999977,4.702983554972526
1001.5,1.0015,4.705483554972538
1002.0,1.0020000000000024,4.706936077355479
1002.5,1.0024999999999977,4.7094360773554556
1003.0,1.0030000000000001,4.7119360773554675
1003.5,1.0035000000000025,4.713485468631404
1004.0,1.0039999999999978,4.715985468631381
1004.5,1.0045000000000002,4.718485468631393
1005.0,1.0050000000000026,4.7200995601618345
1005.5,1.0054999999999978,4.722599560161811
1006.0,1.0060000000000002,4.725099560161823
1006.5,1.0065000000000026,4.7267411295788975
1007.0,1.006999999999998,4.729241129578874
1007.5,1.0075000000000003,4.731741129578886
1008.0,1.0080000000000027,4.733359337931162
1008.5,1.008499999999998,4.735859337931139
1009.0,1.0090000000000003,4.738359337931151
1009.5,1.0095000000000027,4.739890873015717
1010.0,1.009999999999998,4.742390873015694
1010.5,1.0105000000000004,4.744890873015706
1011.0,1.0110000000000028,4.7462919710830676
1011.5,1.011499999999998,4.748791971083044
1012.0,1.0120000000000005,4.751291971083056
1012.5,1.0125000000000028,4.752543827045734
1013.0,1.0129999999999981,4.755043827045711
1013.5,1.0135000000000005,4.757543827045723
1014.0,1.014000000000003,4.758635512132443
1014.5,1.0144999999999982,4.7611355121324195
1015.0,1.0150000000000006,4.763635512132431
1015.5,1.015500000000003,4.764569801730225
1016.0,1.0159999999999982,4.767069801730202
1016.5,1.0165000000000006,4.7695698017302135
1017.0,1.017000000000003,4.770339651215529
1017.5,1.0174999999999983,4.772839651215506
1018.0,1.0180000000000007,4.775339651215518
1018.5,1.018500000000003,4.77598406213211
1019.0,1.0189999999999984,4.778484062132087
1019.5,1.0195000000000007,4.780984062132099
1020.0,1.0200000000000031,4.78155267205068
1020.5,1.0204999999999984,4.784052672050656
1021.0,1.0210000000000008,4.786552672050668
1021.5,1.0215000000000032,4.787074800393931
1022.0,1.0219999999999985,4.789574800393908
1022.5,1.0225000000000009,4.7920748003939195
1023.0,1.0230000000000032,4.792597794853819
1023.5,1.0234999999999985,4.795097794853795
1024.0,1.024000000000001,4.797597794853807
1024.5,1.0245000000000033,4.798160101688502
1025.0,1.0249999999999986,4.800660101688479
1025.5,1.025500000000001,4.803160101688491
1026.0,1.0260000000000034,4.803790608079304
1026.5,1.0264999999999986,4.80629060807928
1027.0,1.027000000000001,4.808790608079292
1027.5,1.0275000000000034,4.8095264768124935
1028.0,1.0279999999999987,4.81202647681247
1028.5,1.028500000000001,4.814526476812482
1029.0,1.0290000000000035,4.815385950610178
1029.5,1.0294999999999987,4.817885950610155
1030.0,1.0300000000000011,4.8203859506101665
1030.5,1.0304999999999964,4.8213899042369235
1031.0,1.0309999999999988,4.823889904236935
1031.5,1.0315000000000012,4.826389904236947
1032.0,1.0320000000000036,4.827565959212237
1032.5,1.0324999999999989,4.830065959212213
1033.0,1.0330000000000013,4.832565959212225
1033.5,1.0334999999999965,4.833923328066483
1034.0,1.033999999999999,4.836423328066495
1034.5,1.0345000000000013,4.838923328066507
1035.0,1.0349999999999966,4.8404538685018395
1035.5,1.035499999999999,4.842953868501851
1036.0,1.0360000000000014,4.845453868501863
1036.5,1.0364999999999966,4.847125019806526
1037.0,1.036999999999999,4.849625019806538
1037.5,1.0375000000000014,4.85212501980655
1038.0,1.0379999999999967,4.853860784577613
1038.5,1.038499999999999,4.856360784577625
1039.0,1.0390000000000015,4.858860784577637
1039.5,1.0394999999999968,4.860618120278417
1040.0,1.0399999999999991,4.863118120278429
1040.5,1.0405000000000015,4.865618120278441
1041.0,1.0409999999999968,4.867339134997906
1041.5,1.0414999999999992,4.8698391349979175
1042.0,1.0420000000000016,4.8723391349979295
1042.5,1.0424999999999969,4.8739492247896266
1043.0,1.0429999999999993,4.8764492247896385
1043.5,1.0435000000000016,4.87894922478965
1044.0,1.043999999999997,4.8804007040680375
1044.5,1.0444999999999993,4.882900704068049
1045.0,1.0450000000000017,4.885400704068061
1045.5,1.045499999999997,4.886661277451196
1046.0,1.0459999999999994,4.889161277451208
1046.5,1.0465000000000018,4.89166127745122
1047.0,1.046999999999997,4.892716014760694
1047.5,1.0474999999999994,4.895216014760706
1048.0,1.0480000000000018,4.897716014760718
1048.5,1.048499999999997,4.898572493896438
1049.0,1.0489999999999995,4.90107249389645
1049.5,1.0495000000000019,4.903572493896462
1050.0,1.0499999999999972,4.904231472663838
1050.5,1.0504999999999995,4.90673147266385
1051.0,1.051000000000002,4.909231472663862
1051.5,1.0514999999999972,4.909723886152335
1052.0,1.0519999999999996,4.912223886152347
1052.5,1.052500000000002,4.914723886152359
1053.0,1.0529999999999973,4.915089238995556
1053.5,1.0534999999999997,4.917589238995568
1054.0,1.054000000000002,4.92008923899558
1054.5,1.0544999999999973,4.920376866493896
1055.0,1.0549999999999997,4.922876866493908
1055.5,1.055500000000002,4.92537686649392
1056.0,1.0559999999999974,4.925629490208436
1056.5,1.0564999999999998,4.928129490208448
1057.0,1.0570000000000022,4.93062949020846
1057.5,1.0574999999999974,4.933129490208437
1058.0,1.0579999999999998,4.933384878885647
1058.5,1.0585000000000022,4.935884878885659
1059.0,1.0589999999999975,4.9383848788856355
1059.5,1.0594999999999999,4.938681145719954
1060.0,1.0600000000000023,4.941181145719966
1060.5,1.0604999999999976,4.9436811457199425
1061.0,1.061,4.944071606368077
1061.5,1.0615000000000023,4.946571606368089
1062.0,1.0619999999999976,4.949071606368065
1062.5,1.0625,4.9496063925380795
1063.0,1.0630000000000024,4.9521063925380915
1063.5,1.0634999999999977,4.954606392538068
1064.0,1.064,4.955310214262347
1064.5,1.0645000000000024,4.957810214262359
1065.0,1.0649999999999977,4.960310214262336
1065.5,1.0655000000000001,4.961206735999895
1066.0,1.0660000000000025,4.9637067359999065
1066.5,1.0664999999999978,4.966206735999883
1067.0,1.0670000000000002,4.967289865628999
1067.5,1.0675000000000026,4.969789865629011
1068.0,1.0679999999999978,4.972289865628987
1068.5,1.0685000000000002,4.973546093511132
1069.0,1.0690000000000026,4.976046093511144
1069.5,1.069499999999998,4.97854609351112
1070.0,1.0700000000000003,4.979980995808511
1070.5,1.0705000000000027,4.9824809958085226
1071.0,1.070999999999998,4.984980995808499
1071.5,1.0715000000000003,4.986572863248142
1072.0,1.0720000000000027,4.989072863248154
1072.5,1.072499999999998,4.99157286324813
1073.0,1.0730000000000004,4.993267661372549
1073.5,1.0735000000000028,4.995767661372561
1074.0,1.073999999999998,4.998267661372537
1074.5,1.0745000000000005,5.000051762374227
1075.0,1.0750000000000028,5.002551762374239
1075.5,1.0754999999999981,5.005051762374215
1076.0,1.0760000000000005,5.0068758600941266
1076.5,1.076500000000003,5.0093758600941385
1077.0,1.0769999999999982,5.011875860094115
1077.5,1.0775000000000006,5.0136710681345065
1078.0,1.078000000000003,5.016171068134518
1078.5,1.0784999999999982,5.018671068134495
1079.0,1.0790000000000006,5.020397380212636
1079.5,1.079500000000003,5.0228973802126475
1080.0,1.0799999999999983,5.025397380212624
1080.5,1.0805000000000007,5.02700704386335
1081.0,1.081000000000003,5.029507043863362
1081.5,1.0814999999999984,5.032007043863338
1082.0,1.0820000000000007,5.033484866764368
1082.5,1.0825000000000031,5.03598486676438
1083.0,1.0829999999999984,5.038484866764357
1083.5,1.0835000000000008,5.0398371652410034
1084.0,1.0840000000000032,5.042337165241015
1084.5,1.0844999999999985,5.044837165240992
1085.0,1.0850000000000009,5.046045693823196
1085.5,1.0855000000000032,5.048545693823208
1086.0,1.0859999999999985,5.051045693823184
1086.5,1.086500000000001,5.052118483318324
1087.0,1.0870000000000033,5.054618483318336
1087.5,1.0874999999999986,5.0571184833183125
1088.0,1.088000000000001,5.058075003977756
1088.5,1.0885000000000034,5.0605750039777675
1089.0,1.0889999999999986,5.063075003977744
1089.5,1.089500000000001,5.063937520043993
1090.0,1.0900000000000034,5.066437520044005
1090.5,1.0904999999999987,5.068937520043981
1091.0,1.091000000000001,5.06973548365611
1091.5,1.0915000000000035,5.072235483656122
1092.0,1.0919999999999987,5.074735483656099
1092.5,1.0925000000000011,5.07548677883964
1093.0,1.0929999999999964,5.077986778839616
1093.5,1.0934999999999988,5.080486778839628
1094.0,1.0940000000000012,5.08119209023608
1094.5,1.0945000000000036,5.083692090236092
1095.0,1.0949999999999989,5.086192090236068
1095.5,1.0955000000000013,5.086863305087768
1096.0,1.0959999999999965,5.089363305087744
1096.5,1.096499999999999,5.091863305087756
1097.0,1.0970000000000013,5.092508867217518
1097.5,1.0974999999999966,5.095008867217494
1098.0,1.097999999999999,5.097508867217506
1098.5,1.0985000000000014,5.098126664487168
1099.0,1.0989999999999966,5.1006266644871445
1099.5,1.099499999999999,5.1031266644871565
1100.0,1.1000000000000014,5.103733608063017
1100.5,1.1004999999999967,5.106233608062993
1101.0,1.100999999999999,5.108733608063005
1101.5,1.1015000000000015,5.109377669106472
1102.0,1.1019999999999968,5.111877669106448
1102.5,1.1024999999999991,5.11437766910646
1103.0,1.1030000000000015,5.115071572025407
1103.5,1.1034999999999968,5.117571572025383
1104.0,1.1039999999999992,5.120071572025395
1104.5,1.1045000000000016,5.1208177739825445
1105.0,1.1049999999999969,5.123317773982521
1105.5,1.1054999999999993,5.125817773982533
1106.0,1.1060000000000016,5.126650201633254
1106.5,1.106499999999997,5.12915020163323
1107.0,1.1069999999999993,5.131650201633242
1107.5,1.1075000000000017,5.132566327863195
1108.0,1.107999999999997,5.135066327863171
1108.5,1.1084999999999994,5.137566327863183
1109.0,1.1090000000000018,5.138530502963405
1109.5,1.109499999999997,5.141030502963382
1110.0,1.1099999999999994,5.143530502963394
1110.5,1.1105000000000018,5.144505803464092
1111.0,1.110999999999997,5.147005803464069
1111.5,1.1114999999999995,5.149505803464081
1112.0,1.1120000000000019,5.150457240032367
1112.5,1.1124999999999972,5.152957240032343
1113.0,1.1129999999999995,5.155457240032355
1113.5,1.113500000000002,5.156351771992753
1114.0,1.1139999999999972,5.15885177199273
1114.5,1.1144999999999996,5.1613517719927415
1115.0,1.115000000000002,5.162177760424171
1115.5,1.1154999999999973,5.164677760424148
1116.0,1.1159999999999997,5.16717776042416
1116.5,1.116500000000002,5.16793572695029
1117.0,1.1169999999999973,5.1704357269502665
1117.5,1.1174999999999997,5.1729357269502785
1118.0,1.118000000000002,5.173636037327718
1118.5,1.1184999999999974,5.176136037327694
1119.0,1.1189999999999998,5.178636037327706
1119.5,1.1195000000000022,5.179299675276141
1120.0,1.1199999999999974,5.1817996752761175
1120.5,1.1204999999999998,5.1842996752761294
1121.0,1.1210000000000022,5.184944580371322
1121.5,1.1214999999999975,5.187444580371299
1122.0,1.1219999999999999,5.189944580371311
1122.5,1.1225000000000023,5.190574573846405
1123.0,1.1229999999999976,5.193074573846381
1123.5,1.1235,5.195574573846393
1124.0,1.1240000000000023,5.1961750597008916
1124.5,1.1244999999999976,5.198675059700868
1125.0,1.125,5.20117505970088
1125.5,1.1255000000000024,5.201727851584792
1126.0,1.1259999999999977,5.204227851584768
1126.5,1.1265,5.20672785158478
1127.0,1.1270000000000024,5.20722046005762
1127.5,1.1274999999999977,5.209720460057596
1128.0,1.1280000000000001,5.212220460057608
1128.5,1.1285000000000025,5.212647553668965
1129.0,1.1289999999999978,5.215147553668942
1129.5,1.1295000000000002,5.217647553668954
1130.0,1.1300000000000026,5.218020930833198
1130.5,1.1304999999999978,5.220520930833175
1131.0,1.1310000000000002,5.2230209308331865
1131.5,1.1315000000000026,5.2233233426346715
1132.0,1.131999999999998,5.225823342634648
1132.5,1.1325000000000003,5.22832334263466
1133.0,1.1330000000000027,5.230823342634672
1133.5,1.133499999999998,5.23106557293282
1134.0,1.1340000000000003,5.233565572932832
1134.5,1.1345000000000027,5.236065572932844
1135.0,1.134999999999998,5.236295233631907
1135.5,1.1355000000000004,5.238795233631919
1136.0,1.1360000000000028,5.241295233631931
1136.5,1.136499999999998,5.241542819731748
1137.0,1.1370000000000005,5.24404281973176
1137.5,1.1375000000000028,5.246542819731772
1138.0,1.1379999999999981,5.246821583180683
1138.5,1.1385000000000005,5.249321583180695
1139.0,1.139000000000003,5.251821583180707
1139.5,1.1394999999999982,5.252132390841808
1140.0,1.1400000000000006,5.25463239084182
1140.5,1.140500000000003,5.257132390841832
1141.0,1.1409999999999982,5.257505707923293
1141.5,1.1415000000000006,5.260005707923305
1142.0,1.142000000000003,5.262505707923317
1142.5,1.1424999999999983,5.262942691871011
1143.0,1.1430000000000007,5.265442691871023
1143.5,1.143500000000003,5.267942691871035
1144.0,1.1439999999999984,5.268443708245876
1144.5,1.1445000000000007,5.270943708245888
1145.0,1.1450000000000031,5.2734437082459
1145.5,1.1454999999999984,5.273997880012615
1146.0,1.1460000000000008,5.276497880012627
1146.5,1.1465000000000032,5.278997880012639
1147.0,1.1469999999999985,5.279624863523544
1147.5,1.1475000000000009,5.282124863523556
1148.0,1.1480000000000032,5.284624863523568
1148.5,1.1484999999999985,5.285342775556359
1149.0,1.149000000000001,5.287842775556371
1149.5,1.1495000000000033,5.2903427755563825
1150.0,1.1499999999999986,5.291147447306095
1150.5,1.150500000000001,5.293647447306107
1151.0,1.1510000000000034,5.296147447306119
1151.5,1.1514999999999986,5.2970554305831286
1152.0,1.152000000000001,5.2995554305831405
1152.5,1.1525000000000034,5.302055430583152
1153.0,1.1529999999999987,5.3030676599151505
1153.5,1.153500000000001,5.305567659915162
1154.0,1.1540000000000035,5.308067659915174
1154.5,1.1544999999999987,5.309152461872593
1155.0,1.1550000000000011,5.311652461872605
1155.5,1.1554999999999964,5.314152461872581
1156.0,1.1559999999999988,5.3152586366169885
1156.5,1.1565000000000012,5.317758636617
1157.0,1.1570000000000036,5.320258636617012
1157.5,1.1574999999999989,5.321353205209505
1158.0,1.1580000000000013,5.323853205209517
1158.5,1.1584999999999965,5.326353205209493
1159.0,1.158999999999999,5.3274455121183095
1159.5,1.1595000000000013,5.3299455121183215
1160.0,1.1599999999999966,5.332445512118298
1160.5,1.160499999999999,5.3335109013317705
1161.0,1.1610000000000014,5.3360109013317825
1161.5,1.1614999999999966,5.338510901331759
1162.0,1.161999999999999,5.339540854171041
1162.5,1.1625000000000014,5.342040854171053
1163.0,1.1629999999999967,5.344540854171029
1163.5,1.163499999999999,5.3455146508525075
1164.0,1.1640000000000015,5.3480146508525195
1164.5,1.1644999999999968,5.350514650852496
1165.0,1.1649999999999991,5.3514130434614415
1165.5,1.1655000000000015,5.3539130434614535
1166.0,1.1659999999999968,5.35641304346143
1166.5,1.1664999999999992,5.357225569372837
1167.0,1.1670000000000016,5.3597255693728485
1167.5,1.1674999999999969,5.362225569372825
1168.0,1.1679999999999993,5.362954670736961
1168.5,1.1685000000000016,5.365454670736973
1169.0,1.168999999999997,5.36795467073695
1169.5,1.1694999999999993,5.368610947549293
1170.0,1.1700000000000017,5.371110947549305
1170.5,1.170499999999997,5.373610947549281
1171.0,1.1709999999999994,5.374219866845493
1171.5,1.1715000000000018,5.376719866845505
1172.0,1.171999999999997,5.379219866845482
1172.5,1.1724999999999994,5.379816378635773
1173.0,1.1730000000000018,5.382316378635785
1173.5,1.173499999999997,5.384816378635762
1174.0,1.1739999999999995,5.38545146666177
1174.5,1.1745000000000019,5.387951466661782
1175.0,1.1749999999999972,5.390451466661759
1175.5,1.1754999999999995,5.391180108068667
1176.0,1.176000000000002,5.393680108068679
1176.5,1.1764999999999972,5.396180108068656
1177.0,1.1769999999999996,5.39706436166643
1177.5,1.177500000000002,5.399564361666442
1178.0,1.1779999999999973,5.402064361666419
1178.5,1.1784999999999997,5.403148165751723
1179.0,1.179000000000002,5.405648165751735
1179.5,1.1794999999999973,5.408148165751712
1180.0,1.1799999999999997,5.409445915569364
1180.5,1.180500000000002,5.411945915569376
1181.0,1.1809999999999974,5.4144459155693525
1181.5,1.1814999999999998,5.415933384082123
1182.0,1.1820000000000022,5.418433384082135
1182.5,1.1824999999999974,5.420933384082112
1183.0,1.1829999999999998,5.422571923682291
1183.5,1.1835000000000022,5.425071923682303
1184.0,1.1839999999999975,5.4275719236822795
1184.5,1.1844999999999999,5.429307776833099
1185.0,1.1850000000000023,5.431807776833111
1185.5,1.1854999999999976,5.434307776833087
1186.0,1.186,5.436104360030676
1186.5,1.1865000000000023,5.438604360030688
1187.0,1.1869999999999976,5.441104360030664
1187.5,1.1875,5.4429191706388735
1188.0,1.1880000000000024,5.4454191706388855
1188.5,1.1884999999999977,5.447919170638862
1189.0,1.189,5.44971806797129
1189.5,1.1895000000000024,5.452218067971302
1190.0,1.1899999999999977,5.454718067971278
1190.5,1.1905000000000001,5.456497941091527
1191.0,1.1910000000000025,5.458997941091539
1191.5,1.1914999999999978,5.461497941091515
1192.0,1.1920000000000002,5.463241904319176
1192.5,1.1925000000000026,5.465741904319188
1193.0,1.1929999999999978,5.468241904319164
1193.5,1.1935000000000002,5.469942670788122
1194.0,1.1940000000000026,5.4724426707881335
1194.5,1.194499999999998,5.47494267078811
1195.0,1.1950000000000003,5.476546580543449
1195.5,1.1955000000000027,5.479046580543461
1196.0,1.195999999999998,5.481546580543437
1196.5,1.1965000000000003,5.482997467698247
1197.0,1.1970000000000027,5.485497467698259
1197.5,1.197499999999998,5.487997467698236
1198.0,1.1980000000000004,5.489234297924455
1198.5,1.1985000000000028,5.4917342979244665
1199.0,1.198999999999998,5.494234297924443
1199.5,1.1995000000000005,5.49521799021452
1200.0,1.2000000000000028,5.497717990214532
1200.5,1.2004999999999981,5.500217990214509
1201.0,1.2010000000000005,5.500947312895335
1201.5,1.201500000000003,5.5034473128953465
1202.0,1.2019999999999982,5.505947312895323
1202.5,1.2025000000000006,5.50648831303711
1203.0,1.203000000000003,5.508988313037122
1203.5,1.2034999999999982,5.511488313037098
1204.0,1.2040000000000006,5.511938359171644
1204.5,1.204500000000003,5.514438359171656
1205.0,1.2049999999999983,5.5169383591716326
1205.5,1.2055000000000007,5.517398469298342
1206.0,1.206000000000003,5.519898469298354
1206.5,1.2064999999999984,5.522398469298331
1207.0,1.2070000000000007,5.522946270647999
1207.5,1.2075000000000031,5.525446270648011
1208.0,1.2079999999999984,5.527946270647988
1208.5,1.2085000000000008,5.5304462706479995
1209.0,1.2090000000000032,5.531136979618374
1209.5,1.2094999999999985,5.53363697961835
1210.0,1.2100000000000009,5.536136979618362
1210.5,1.2105000000000032,5.536993498551617
1211.0,1.2109999999999985,5.539493498551593
1211.5,1.211500000000001,5.541993498551605
1212.0,1.2120000000000033,5.543046722406402
1212.5,1.2124999999999986,5.545546722406378
1213.0,1.213000000000001,5.54804672240639
1213.5,1.2135000000000034,5.549311646452857
1214.0,1.2139999999999986,5.551811646452833
1214.5,1.214500000000001,5.554311646452845
1215.0,1.2150000000000034,5.555779853772016
1215.5,1.2154999999999987,5.558279853771992
1216.0,1.216000000000001,5.560779853772004
1216.5,1.2165000000000035,5.562427624227375
1217.0,1.2169999999999987,5.5649276242273515
1217.5,1.2175000000000011,5.5674276242273635
1218.0,1.2179999999999964,5.5692060581941405
1218.5,1.2184999999999988,5.571706058194152
1219.0,1.2190000000000012,5.574206058194164
1219.5,1.2195000000000036,5.57608951004589
1220.0,1.2199999999999989,5.578589510045866
1220.5,1.2205000000000013,5.581089510045878
1221.0,1.2209999999999965,5.583047939069097
1221.5,1.221499999999999,5.585547939069109
1222.0,1.2220000000000013,5.588047939069121
1222.5,1.2224999999999966,5.590066846700985
1223.0,1.222999999999999,5.592566846700997
1223.5,1.2235000000000014,5.595066846701009
1224.0,1.2239999999999966,5.597113580395607
1224.5,1.224499999999999,5.599613580395619
1225.0,1.2250000000000014,5.602113580395631
1225.5,1.2254999999999967,5.604121003083868
1226.0,1.225999999999999,5.60662100308388
1226.5,1.2265000000000015,5.609121003083892
1227.0,1.2269999999999968,5.610993092687586
1227.5,1.2274999999999991,5.613493092687598
1228.0,1.2280000000000015,5.61599309268761
1228.5,1.2284999999999968,5.617628590983905
1229.0,1.2289999999999992,5.620128590983917
1229.5,1.2295000000000016,5.622628590983929
1230.0,1.2299999999999969,5.623943266154043
1230.5,1.2304999999999993,5.626443266154055
1231.0,1.2310000000000016,5.628943266154067
1231.5,1.231499999999997,5.62991175092165
1232.0,1.2319999999999993,5.632411750921662
1232.5,1.2325000000000017,5.634911750921674
1233.0,1.232999999999997,5.635557542107357
1233.5,1.2334999999999994,5.638057542107369
1234.0,1.2340000000000018,5.640557542107381
1234.5,1.234499999999997,5.640917323664318
1235.0,1.2349999999999994,5.64341732366433
1235.5,1.2355000000000018,5.645917323664342
1236.0,1.235999999999997,5.6460465812526905
1236.5,1.2364999999999995,5.6485465812527025
1237.0,1.2370000000000019,5.651046581252714
1237.5,1.2374999999999972,5.651014999288755
1238.0,1.2379999999999995,5.653514999288767
1238.5,1.238500000000002,5.656014999288779
1239.0,1.2389999999999972,5.655911048504159
1239.5,1.2394999999999996,5.6584110485041705
1240.0,1.240000000000002,5.6609110485041825
1240.5,1.2404999999999973,5.660805172802554
1241.0,1.2409999999999997,5.663305172802566
1241.5,1.241500000000002,5.665805172802578
1242.0,1.2419999999999973,5.665737868509133
1242.5,1.2424999999999997,5.668237868509145
1243.0,1.243000000000002,5.670737868509157
1243.5,1.2434999999999974,5.6707512024419415
1244.0,1.2439999999999998,5.6732512024419535
1244.5,1.2445000000000022,5.675751202441965
1245.0,1.2449999999999974,5.6758592486024995
1245.5,1.2454999999999998,5.678359248602511
1246.0,1.2460000000000022,5.680859248602523
1246.5,1.2464999999999975,5.681078990711939
1247.0,1.2469999999999999,5.6835789907119505
1247.5,1.2475000000000023,5.686078990711962
1248.0,1.2479999999999976,5.686428110466153
1248.5,1.2485,5.688928110466165
1249.0,1.2490000000000023,5.691428110466177
1249.5,1.2494999999999976,5.691935675953275
1250.0,1.25,5.694435675953287
1250.5,1.2505000000000024,5.6969356759532985
1251.0,1.2509999999999977,5.6976031792438775
1251.5,1.2515,5.700103179243889
1252.0,1.2520000000000024,5.702603179243901
1252.5,1.2524999999999977,5.703428975332194
1253.0,1.2530000000000001,5.705928975332206
1253.5,1.2535000000000025,5.708428975332218
1254.0,1.2539999999999978,5.709376464020011
1254.5,1.2545000000000002,5.711876464020023
1255.0,1.2550000000000026,5.7143764640200345
1255.5,1.2554999999999978,5.715379441910784
1256.0,1.2560000000000002,5.717879441910796
1256.5,1.2565000000000026,5.720379441910808
1257.0,1.256999999999998,5.721322302119631
1257.5,1.2575000000000003,5.723822302119643
1258.0,1.2580000000000027,5.726322302119655
1258.5,1.258499999999998,5.727112937225414
1259.0,1.2590000000000003,5.729612937225426
1259.5,1.2595000000000027,5.732112937225438
1260.0,1.259999999999998,5.732688320376411
1260.5,1.2605000000000004,5.735188320376423
1261.0,1.2610000000000028,5.737688320376435
1261.5,1.261499999999998,5.738028880985411
1262.0,1.2620000000000005,5.740528880985423
1262.5,1.2625000000000028,5.743028880985435
1263.0,1.2629999999999981,5.743141561548413
1263.5,1.2635000000000005,5.745641561548425
1264.0,1.264000000000003,5.748141561548437
1264.5,1.2644999999999982,5.748051143652013
1265.0,1.2650000000000006,5.750551143652025
1265.5,1.265500000000003,5.753051143652037
1266.0,1.2659999999999982,5.752793669568241
1266.5,1.2665000000000006,5.755293669568253
1267.0,1.267000000000003,5.757793669568265
1267.5,1.2674999999999983,5.75740672838883
1268.0,1.2680000000000007,5.759906728388842
1268.5,1.268500000000003,5.762406728388854
1269.0,1.2689999999999984,5.7619391404526965
1269.5,1.2695000000000007,5.764439140452708
1270.0,1.2700000000000031,5.76693914045272
1270.5,1.2704999999999984,5.766412202624807
1271.0,1.2710000000000008,5.7689122026248185
1271.5,1.2715000000000032,5.7714122026248305
1272.0,1.2719999999999985,5.770838042563753
1272.5,1.2725000000000009,5.773338042563765
1273.0,1.2730000000000032,5.775838042563777
1273.5,1.2734999999999985,5.77523501642446
1274.0,1.274000000000001,5.777735016424472
1274.5,1.2745000000000033,5.780235016424484
1275.0,1.2749999999999986,5.779631790953452
1275.5,1.275500000000001,5.782131790953464
1276.0,1.2760000000000034,5.784631790953476
1276.5,1.2764999999999986,5.784056843697201
1277.0,1.277000000000001,5.786556843697213
1277.5,1.2775000000000034,5.7890568436972245
1278.0,1.2779999999999987,5.78856401006469
1278.5,1.278500000000001,5.7910640100647015
1279.0,1.2790000000000035,5.793564010064713
1279.5,1.2794999999999987,5.793192454535259
1280.0,1.2800000000000011,5.795692454535271
1280.5,1.2804999999999964,5.798192454535247
1281.0,1.2809999999999988,5.797975011971275
1281.5,1.2815000000000012,5.800475011971287
1282.0,1.2820000000000036,5.802975011971299
1282.5,1.2824999999999989,5.802949102551125
1283.0,1.2830000000000013,5.805449102551137
1283.5,1.2834999999999965,5.807949102551113
1284.0,1.283999999999999,5.810449102551125
1284.5,1.2845000000000013,5.810644743939051
1285.0,1.2849999999999966,5.813144743939027
1285.5,1.285499999999999,5.815644743939039
1286.0,1.2860000000000014,5.816042535843096
1286.5,1.2864999999999966,5.818542535843072
1287.0,1.286999999999999,5.821042535843084
1287.5,1.2875000000000014,5.821574091759132
1288.0,1.2879999999999967,5.824074091759108
1288.5,1.288499999999999,5.82657409175912
1289.0,1.2890000000000015,5.827182560471051
1289.5,1.2894999999999968,5.829682560471028
1290.0,1.2899999999999991,5.83218256047104
1290.5,1.2905000000000015,5.832818341578516
1291.0,1.2909999999999968,5.835318341578493
1291.5,1.2914999999999992,5.8378183415785045
1292.0,1.2920000000000016,5.838481733748608
1292.5,1.2924999999999969,5.840981733748585
1293.0,1.2929999999999993,5.843481733748597
1293.5,1.2935000000000016,5.844195347581618
1294.0,1.293999999999997,5.846695347581594
1294.5,1.2944999999999993,5.849195347581606
1295.0,1.2950000000000017,5.8499725903818245
1295.5,1.295499999999997,5.852472590381801
1296.0,1.2959999999999994,5.854972590381813
1296.5,1.2965000000000018,5.855812181641369
1297.0,1.296999999999997,5.858312181641345
1297.5,1.2974999999999994,5.860812181641357
1298.0,1.2980000000000018,5.861695152871675
1298.5,1.298499999999997,5.864195152871652
1299.0,1.2989999999999995,5.866695152871664
1299.5,1.2995000000000019,5.867600654490381
1300.0,1.2999999999999972,5.870100654490358
1300.5,1.3004999999999995,5.87260065449037
1301.0,1.301000000000002,5.873507127047475
1301.5,1.3014999999999972,5.876007127047451
1302.0,1.3019999999999996,5.878507127047463
1302.5,1.302500000000002,5.87938682799841
1303.0,1.3029999999999973,5.881886827998386
1303.5,1.3034999999999997,5.884386827998398
1304.0,1.304000000000002,5.885228875890682
1304.5,1.3044999999999973,5.887728875890659
1305.0,1.3049999999999997,5.890228875890671
1305.5,1.305500000000002,5.891031397310407
1306.0,1.3059999999999974,5.893531397310383
1306.5,1.3064999999999998,5.896031397310395
1307.0,1.3070000000000022,5.896814957614822
1307.5,1.3074999999999974,5.8993149576147985
1308.0,1.3079999999999998,5.9018149576148105
1308.5,1.3085000000000022,5.902601028943373
1309.0,1.3089999999999975,5.905101028943349
1309.5,1.3094999999999999,5.907601028943361
1310.0,1.3100000000000023,5.9084098496854764
1310.5,1.3104999999999976,5.910909849685453
1311.0,1.311,5.913409849685465
1311.5,1.3115000000000023,5.914280118258368
1312.0,1.3119999999999976,5.916780118258345
1312.5,1.3125,5.9192801182583565
1313.0,1.3130000000000024,5.920219711862842
1313.5,1.3134999999999977,5.922719711862818
1314.0,1.314,5.92521971186283
1314.5,1.3145000000000024,5.926226375760528
1315.0,1.3149999999999977,5.928726375760505
1315.5,1.3155000000000001,5.931226375760517
1316.0,1.3160000000000025,5.932270644857027
1316.5,1.3164999999999978,5.934770644857004
1317.0,1.3170000000000002,5.937270644857016
1317.5,1.3175000000000026,5.938325837585197
1318.0,1.3179999999999978,5.940825837585173
1318.5,1.3185000000000002,5.943325837585185
1319.0,1.3190000000000026,5.944370819396134
1319.5,1.319499999999998,5.946870819396111
1320.0,1.3200000000000003,5.949370819396123
1320.5,1.3205000000000027,5.950429135516195
1321.0,1.320999999999998,5.952929135516172
1321.5,1.3215000000000003,5.955429135516184
1322.0,1.3220000000000027,5.9565228708312645
1322.5,1.322499999999998,5.959022870831241
1323.0,1.3230000000000004,5.961522870831253
1323.5,1.3235000000000028,5.962677017244289
1324.0,1.323999999999998,5.965177017244265
1324.5,1.3245000000000005,5.967677017244277
1325.0,1.3250000000000028,5.96890919753811
1325.5,1.3254999999999981,5.971409197538087
1326.0,1.3260000000000005,5.973909197538099
1326.5,1.326500000000003,5.975209692032131
1327.0,1.3269999999999982,5.977709692032107
1327.5,1.3275000000000006,5.980209692032119
1328.0,1.328000000000003,5.9815689179404785
1328.5,1.3284999999999982,5.984068917940455
1329.0,1.3290000000000006,5.986568917940467
1329.5,1.329500000000003,5.987939887848235
1330.0,1.3299999999999983,5.990439887848211
1330.5,1.3305000000000007,5.992939887848223
1331.0,1.331000000000003,5.99427529342794
1331.5,1.3314999999999984,5.996775293427916
1332.0,1.3320000000000007,5.999275293427928
1332.5,1.3325000000000031,6.000541390927587
1333.0,1.3329999999999984,6.003041390927564
1333.5,1.3335000000000008,6.005541390927576
1334.0,1.3340000000000032,6.006687667697825
1334.5,1.3344999999999985,6.009187667697802
1335.0,1.3350000000000009,6.011687667697814
1335.5,1.3355000000000032,6.012682929562523
1336.0,1.3359999999999985,6.015182929562499
1336.5,1.336500000000001,6.017682929562511
1337.0,1.3370000000000033,6.018494586897205
1337.5,1.3374999999999986,6.0209945868971815
1338.0,1.338000000000001,6.023494586897193
1338.5,1.3385000000000034,6.0240964000694674
1339.0,1.3389999999999986,6.026596400069444
1339.5,1.339500000000001,6.029096400069456
1340.0,1.3400000000000034,6.029468054188314
1340.5,1.3404999999999987,6.03196805418829
1341.0,1.341000000000001,6.034468054188302
1341.5,1.3415000000000035,6.0346010664982686
1342.0,1.3419999999999987,6.037101066498245
1342.5,1.3425000000000011,6.039601066498257
1343.0,1.3429999999999964,6.039521902963081
1343.5,1.3434999999999988,6.042021902963093
1344.0,1.3440000000000012,6.044521902963105
1344.5,1.3445000000000036,6.044264378982938
1345.0,1.3449999999999989,6.046764378982914
1345.5,1.3455000000000013,6.049264378982926
1346.0,1.3459999999999965,6.048830505596676
1346.5,1.346499999999999,6.051330505596688
1347.0,1.3470000000000013,6.0538305055967
1347.5,1.3474999999999966,6.0532646760314535
1348.0,1.347999999999999,6.055764676031465
1348.5,1.3485000000000014,6.058264676031477
1349.0,1.3489999999999966,6.0576393801374095
1349.5,1.349499999999999,6.0601393801374215
1350.0,1.3500000000000014,6.062639380137433
1350.5,1.3504999999999967,6.0620139319958
1351.0,1.350999999999999,6.064513931995812
1351.5,1.3515000000000015,6.067013931995824
1352.0,1.3519999999999968,6.0664395697885
1352.5,1.3524999999999991,6.068939569788512
1353.0,1.3530000000000015,6.071439569788524
1353.5,1.3534999999999968,6.070978152647903
1354.0,1.3539999999999992,6.073478152647915
1354.5,1.3545000000000016,6.075978152647927
1355.0,1.3549999999999969,6.075648651818
1355.5,1.3554999999999993,6.078148651818012
1356.0,1.3560000000000016,6.080648651818024
1356.5,1.356499999999997,6.0804670907539204
1357.0,1.3569999999999993,6.082967090753932
1357.5,1.3575000000000017,6.085467090753944
1358.0,1.357999999999997,6.085424015567398
1358.5,1.3584999999999994,6.08792401556741
1359.0,1.3590000000000018,6.090424015567422
1359.5,1.359499999999997,6.092924015567398
1360.0,1.3599999999999994,6.093000248107181
1360.5,1.3605000000000018,6.095500248107193
1361.0,1.360999999999997,6.098000248107169
1361.5,1.3614999999999995,6.098183352179305
1362.0,1.3620000000000019,6.100683352179317
1362.5,1.3624999999999972,6.103183352179293
1363.0,1.3629999999999995,6.103425938178404
1363.5,1.363500000000002,6.105925938178416
1364.0,1.3639999999999972,6.108425938178392
1364.5,1.3644999999999996,6.10870097910766
1365.0,1.365000000000002,6.111200979107672
1365.5,1.3654999999999973,6.113700979107648
1366.0,1.3659999999999997,6.113982138247245
1366.5,1.366500000000002,6.116482138247257
1367.0,1.3669999999999973,6.118982138247233
1367.5,1.3674999999999997,6.119238300335397
1368.0,1.368000000000002,6.121738300335409
1368.5,1.3684999999999974,6.124238300335385
1369.0,1.3689999999999998,6.12442757754696
1369.5,1.3695000000000022,6.126927577546972
1370.0,1.3699999999999974,6.129427577546949
1370.5,1.3704999999999998,6.129524793381691
1371.0,1.3710000000000022,6.132024793381703
1371.5,1.3714999999999975,6.134524793381679
1372.0,1.3719999999999999,6.134523296147378
1372.5,1.3725000000000023,6.13702329614739
1373.0,1.3729999999999976,6.139523296147367
1373.5,1.3735,6.139436904696147
1374.0,1.3740000000000023,6.141936904696159
1374.5,1.3744999999999976,6.144436904696136
1375.0,1.375,6.144274205814142
1375.5,1.3755000000000024,6.146774205814154
1376.0,1.3759999999999977,6.14927420581413
1376.5,1.3765,6.1490361869996235
1377.0,1.3770000000000024,6.1515361869996354
1377.5,1.3774999999999977,6.154036186999612
1378.0,1.3780000000000001,6.15375639689649
1378.5,1.3785000000000025,6.156256396896502
1379.0,1.3789999999999978,6.158756396896479
1379.5,1.3795000000000002,6.1585026170491375
1380.0,1.3800000000000026,6.161002617049149
1380.5,1.3804999999999978,6.163502617049126
1381.0,1.3810000000000002,6.163342427555705
1381.5,1.3815000000000026,6.165842427555717
1382.0,1.381999999999998,6.168342427555693
1382.5,1.3825000000000003,6.1683004540802955
1383.0,1.3830000000000027,6.170800454080307
1383.5,1.383499999999998,6.173300454080284
1384.0,1.3840000000000003,6.173378019383122
1384.5,1.3845000000000027,6.175878019383134
1385.0,1.384999999999998,6.178378019383111
1385.5,1.3855000000000004,6.178569525064113
1386.0,1.3860000000000028,6.1810695250641245
1386.5,1.386499999999998,6.183569525064101
1387.0,1.3870000000000005,6.183854364033898
1387.5,1.3875000000000028,6.18635436403391
1388.0,1.3879999999999981,6.188854364033887
1388.5,1.3885000000000005,6.1892011931428925
1389.0,1.389000000000003,6.1917011931429045
1389.5,1.3894999999999982,6.194201193142881
1390.0,1.3900000000000006,6.194599536845367
1390.5,1.390500000000003,6.1970995368453785
1391.0,1.3909999999999982,6.199599536845355
1391.5,1.3915000000000006,6.200052526570623
1392.0,1.392000000000003,6.202552526570635
1392.5,1.3924999999999983,6.205052526570611
1393.0,1.3930000000000007,6.205552739995497
1393.5,1.393500000000003,6.208052739995509
1394.0,1.3939999999999984,6.210552739995485
1394.5,1.3945000000000007,6.2110842283927425
1395.0,1.3950000000000031,6.2135842283927545
1395.5,1.3954999999999984,6.216084228392731
1396.0,1.3960000000000008,6.216625205340094
1396.5,1.3965000000000032,6.219125205340106
1397.0,1.3969999999999985,6.221625205340082
1397.5,1.3975000000000009,6.222167069926918
1398.0,1.3980000000000032,6.22466706992693
1398.5,1.3984999999999985,6.227167069926907
1399.0,1.399000000000001,6.2276992013864785
1399.5,1.3995000000000033,6.23019920138649
1400.0,1.3999999999999986,6.232699201386467
1400.5,1.400500000000001,6.233232452976374
1401.0,1.4010000000000034,6.235732452976386
1401.5,1.4014999999999986,6.238232452976362
1402.0,1.402000000000001,6.238782454368312
1402.5,1.4025000000000034,6.241282454368324
1403.0,1.4029999999999987,6.243782454368301
1403.5,1.403500000000001,6.244347511291082
1404.0,1.4040000000000035,6.246847511291094
1404.5,1.4044999999999987,6.24934751129107
1405.0,1.4050000000000011,6.249921791611683
1405.5,1.4054999999999964,6.25242179161166
1406.0,1.4059999999999988,6.254921791611672
1406.5,1.4065000000000012,6.255514261027102
1407.0,1.4070000000000036,6.258014261027114
1407.5,1.4074999999999989,6.26051426102709
1408.0,1.4080000000000013,6.261155847897548
1408.5,1.4084999999999965,6.263655847897525
1409.0,1.408999999999999,6.2661558478975365
1409.5,1.4095000000000013,6.26684456904524
1410.0,1.4099999999999966,6.2693445690452165
1410.5,1.410499999999999,6.2718445690452285
1411.0,1.4110000000000014,6.272600690432242
1411.5,1.4114999999999966,6.275100690432218
1412.0,1.411999999999999,6.27760069043223
1412.5,1.4125000000000014,6.278423663601274
1413.0,1.4129999999999967,6.28092366360125
1413.5,1.413499999999999,6.283423663601262
1414.0,1.4140000000000015,6.284291929986665
1414.5,1.4144999999999968,6.2867919299866415
1415.0,1.4149999999999991,6.289291929986653
1415.5,1.4155000000000015,6.290156207902733
1416.0,1.4159999999999968,6.292656207902709
1416.5,1.4164999999999992,6.295156207902721
1417.0,1.4170000000000016,6.295957631536524
1417.5,1.4174999999999969,6.2984576315365
1418.0,1.4179999999999993,6.300957631536512
1418.5,1.4185000000000016,6.30164125103299
1419.0,1.418999999999997,6.304141251032966
1419.5,1.4194999999999993,6.306641251032978
1420.0,1.4200000000000017,6.30717789029589
1420.5,1.420499999999997,6.309677890295866
1421.0,1.4209999999999994,6.312177890295878
1421.5,1.4215000000000018,6.312545867907389
1422.0,1.421999999999997,6.315045867907365
1422.5,1.4224999999999994,6.317545867907377
1423.0,1.4230000000000018,6.317731814100931
1423.5,1.423499999999997,6.320231814100907
1424.0,1.4239999999999995,6.322731814100919
1424.5,1.4245000000000019,6.322739793716039
1425.0,1.4249999999999972,6.325239793716015
1425.5,1.4254999999999995,6.327739793716027
1426.0,1.426000000000002,6.327588194730112
1426.5,1.4264999999999972,6.330088194730088
1427.0,1.4269999999999996,6.3325881947301
1427.5,1.427500000000002,6.332293218116156
1428.0,1.4279999999999973,6.334793218116133
1428.5,1.4284999999999997,6.3372932181161445
1429.0,1.429000000000002,6.336888671140706
1429.5,1.4294999999999973,6.339388671140682
1430.0,1.4299999999999997,6.341888671140694
1430.5,1.430500000000002,6.341447783006942
1431.0,1.4309999999999974,6.343947783006918
1431.5,1.4314999999999998,6.34644778300693
1432.0,1.4320000000000022,6.34601434292513
1432.5,1.4324999999999974,6.348514342925107
1433.0,1.4329999999999998,6.351014342925119
1433.5,1.4335000000000022,6.350603565375934
1434.0,1.4339999999999975,6.3531035653759105
1434.5,1.4344999999999999,6.355603565375922
1435.0,1.4350000000000023,6.358103565375934
1435.5,1.4354999999999976,6.3577517961548935
1436.0,1.436,6.360251796154905
1436.5,1.4365000000000023,6.362751796154917
1437.0,1.4369999999999976,6.362495200820497
1437.5,1.4375,6.364995200820509
1438.0,1.4380000000000024,6.367495200820521
1438.5,1.4384999999999977,6.3673802893692155
1439.0,1.439,6.3698802893692275
1439.5,1.4395000000000024,6.372380289369239
1440.0,1.4399999999999977,6.372424562812782
1440.5,1.4405000000000001,6.374924562812794
1441.0,1.4410000000000025,6.377424562812806
1441.5,1.4414999999999978,6.377622125867681
1442.0,1.4420000000000002,6.380122125867693
1442.5,1.4425000000000026,6.382622125867705
1443.0,1.4429999999999978,6.382924632115632
1443.5,1.4435000000000002,6.385424632115644
1444.0,1.4440000000000026,6.387924632115656
1444.5,1.444499999999998,6.388289705549219
1445.0,1.4450000000000003,6.390789705549231
1445.5,1.4455000000000027,6.393289705549243
1446.0,1.445999999999998,6.393651427497957
1446.5,1.4465000000000003,6.396151427497969
1447.0,1.4470000000000027,6.398651427497981
1447.5,1.447499999999998,6.398945101361342
1448.0,1.4480000000000004,6.401445101361354
1448.5,1.4485000000000028,6.403945101361366
1449.0,1.448999999999998,6.404131915194284
1449.5,1.4495000000000005,6.406631915194296
1450.0,1.4500000000000028,6.409131915194308
1450.5,1.4504999999999981,6.409177381597395
1451.0,1.4510000000000005,6.411677381597407
1451.5,1.451500000000003,6.414177381597419
1452.0,1.4519999999999982,6.414055598523873
1452.5,1.4525000000000006,6.416555598523885
1453.0,1.453000000000003,6.419055598523897
1453.5,1.4534999999999982,6.418750042355796
1454.0,1.4540000000000006,6.421250042355808
1454.5,1.454500000000003,6.42375004235582
1455.0,1.4549999999999983,6.423264556176527
1455.5,1.4555000000000007,6.425764556176539
1456.0,1.456000000000003,6.428264556176551
1456.5,1.4564999999999984,6.427647994866099
1457.0,1.4570000000000007,6.430147994866111
1457.5,1.4575000000000031,6.432647994866123
1458.0,1.4579999999999984,6.431954760206864
1458.5,1.4585000000000008,6.434454760206876
1459.0,1.4590000000000032,6.436954760206888
1459.5,1.4594999999999985,6.436218302181977
1460.0,1.4600000000000009,6.438718302181989
1460.5,1.4605000000000032,6.441218302182001
1461.0,1.4609999999999985,6.440447192143175
1461.5,1.461500000000001,6.442947192143187
1462.0,1.4620000000000033,6.445447192143199
1462.5,1.4624999999999986,6.44465821676274
1463.0,1.463000000000001,6.447158216762752
1463.5,1.4635000000000034,6.449658216762764
1464.0,1.4639999999999986,6.448877123977681
1464.5,1.464500000000001,6.451377123977693
1465.0,1.4650000000000034,6.453877123977705
1465.5,1.4654999999999987,6.453154106524437
1466.0,1.466000000000001,6.455654106524449
1466.5,1.4665000000000035,6.458154106524461
1467.0,1.4669999999999987,6.457541644591274
1467.5,1.4675000000000011,6.460041644591286
1468.0,1.4679999999999964,6.462541644591262
1468.5,1.4684999999999988,6.462107974875018
1469.0,1.4690000000000012,6.46460797487503
1469.5,1.4695000000000036,6.4671079748750415
1470.0,1.4699999999999989,6.46691883705099
1470.5,1.4705000000000013,6.469418837051002
1471.0,1.4709999999999965,6.471918837050978
1471.5,1.471499999999999,6.471984289554342
1472.0,1.4720000000000013,6.474484289554354
1472.5,1.4724999999999966,6.476984289554331
1473.0,1.472999999999999,6.477301517537271
1473.5,1.4735000000000014,6.4798015175372825
1474.0,1.4739999999999966,6.482301517537259
1474.5,1.474499999999999,6.482824156382314
1475.0,1.4750000000000014,6.485324156382326
1475.5,1.4754999999999967,6.4878241563823025
1476.0,1.475999999999999,6.4884930629443005
1476.5,1.4765000000000015,6.490993062944312
1477.0,1.4769999999999968,6.493493062944289
1477.5,1.4774999999999991,6.494249106959025
1478.0,1.4780000000000015,6.496749106959037
1478.5,1.4784999999999968,6.499249106959013
1479.0,1.4789999999999992,6.500023308735372
1479.5,1.4795000000000016,6.502523308735384
1480.0,1.4799999999999969,6.50502330873536
1480.5,1.4804999999999993,6.5057698668064745
1481.0,1.4810000000000016,6.5082698668064864
1481.5,1.481499999999997,6.510769866806463
1482.0,1.4819999999999993,6.51144894253985
1482.5,1.4825000000000017,6.513948942539862
1483.0,1.482999999999997,6.516448942539839
1483.5,1.4834999999999994,6.5170013051371
1484.0,1.4840000000000018,6.519501305137112
1484.5,1.484499999999997,6.522001305137088
1485.0,1.4849999999999994,6.522392397578933
1485.5,1.4855000000000018,6.524892397578945
1486.0,1.485999999999997,6.527392397578922
1486.5,1.4864999999999995,6.527608762963055
1487.0,1.4870000000000019,6.530108762963067
1487.5,1.4874999999999972,6.532608762963044
1488.0,1.4879999999999995,6.532644671358128
1488.5,1.488500000000002,6.53514467135814
1489.0,1.4889999999999972,6.537644671358116
1489.5,1.4894999999999996,6.537487959110138
1490.0,1.490000000000002,6.5399879591101495
1490.5,1.4904999999999973,6.542487959110126
1491.0,1.4909999999999997,6.542168242924298
1491.5,1.491500000000002,6.54466824292431
1492.0,1.4919999999999973,6.547168242924286
1492.5,1.4924999999999997,6.5467172961398035
1493.0,1.493000000000002,6.549217296139815
1493.5,1.4934999999999974,6.551717296139792
1494.0,1.4939999999999998,6.551157804823582
1494.5,1.4945000000000022,6.553657804823594
1495.0,1.4949999999999974,6.55615780482357
1495.5,1.4954999999999998,6.555530172182351
1496.0,1.4960000000000022,6.558030172182363
1496.5,1.4964999999999975,6.5605301721823395
1497.0,1.4969999999999999,6.559880850250437
1497.5,1.4975000000000023,6.562380850250449
1498.0,1.4979999999999976,6.564880850250425
1498.5,1.4985,6.5642677053159915
1499.0,1.4990000000000023,6.566767705316003
1499.5,1.4994999999999976,6.56926770531598
1500.0,1.5,6.568736557405188
1500.5,1.5005000000000024,6.5712365574052
1501.0,1.5009999999999977,6.5737365574051765
1501.5,1.5015,6.573326370514181
1502.0,1.5020000000000024,6.575826370514193
1502.5,1.5024999999999977,6.578326370514169
1503.0,1.5030000000000001,6.578045750319355
1503.5,1.5035000000000025,6.5805457503193665
1504.0,1.5039999999999978,6.583045750319343
1504.5,1.5045000000000002,6.582898586213233
1505.0,1.5050000000000026,6.585398586213245
1505.5,1.5054999999999978,6.587898586213221
1506.0,1.5060000000000002,6.587867154418028
1506.5,1.5065000000000026,6.59036715441804
1507.0,1.506999999999998,6.592867154418016
1507.5,1.5075000000000003,6.592928931688711
1508.0,1.5080000000000027,6.595428931688723
1508.5,1.508499999999998,6.597928931688699
1509.0,1.5090000000000003,6.5980424278181715
1509.5,1.5095000000000027,6.6005424278181835
1510.0,1.509999999999998,6.60304242781816
1510.5,1.5105000000000004,6.605542427818172
1511.0,1.5110000000000028,6.605665061163748
1511.5,1.511499999999998,6.608165061163724
1512.0,1.5120000000000005,6.610665061163736
1512.5,1.5125000000000028,6.610773715654723
1513.0,1.5129999999999981,6.6132737156546995
1513.5,1.5135000000000005,6.615773715654711
1514.0,1.514000000000003,6.615825287912003
1514.5,1.5144999999999982,6.618325287911979
1515.0,1.5150000000000006,6.620825287911991
1515.5,1.515500000000003,6.62078185137041
1516.0,1.5159999999999982,6.623281851370386
1516.5,1.5165000000000006,6.625781851370398
1517.0,1.517000000000003,6.62563774083285
1517.5,1.5174999999999983,6.628137740832827
1518.0,1.5180000000000007,6.630637740832839
1518.5,1.518500000000003,6.630377414897204
1519.0,1.5189999999999984,6.63287741489718
1519.5,1.5195000000000007,6.635377414897192
1520.0,1.5200000000000031,6.634995147838616
1520.5,1.5204999999999984,6.637495147838592
1521.0,1.5210000000000008,6.639995147838604
1521.5,1.5215000000000032,6.639501029687125
1522.0,1.5219999999999985,6.642001029687101
1522.5,1.5225000000000009,6.644501029687113
1523.0,1.5230000000000032,6.643898017768208
1523.5,1.5234999999999985,6.646398017768185
1524.0,1.524000000000001,6.648898017768197
1524.5,1.5245000000000033,6.648181966272091
1525.0,1.5249999999999986,6.650681966272067
1525.5,1.525500000000001,6.653181966272079
1526.0,1.5260000000000034,6.652380565683345
1526.5,1.5264999999999986,6.654880565683321
1527.0,1.527000000000001,6.657380565683333
1527.5,1.5275000000000034,6.656554867822315
1528.0,1.5279999999999987,6.659054867822292
1528.5,1.528500000000001,6.6615548678223035
1529.0,1.5290000000000035,6.660771522533793
1529.5,1.5294999999999987,6.663271522533769
1530.0,1.5300000000000011,6.665771522533781
1530.5,1.5304999999999964,6.6650531142953895
1531.0,1.5309999999999988,6.667553114295401
1531.5,1.5315000000000012,6.670053114295413
1532.0,1.5320000000000036,6.669445339674738
1532.5,1.5324999999999989,6.671945339674714
1533.0,1.5330000000000013,6.674445339674726
1533.5,1.5334999999999965,6.673981525508097
1534.0,1.533999999999999,6.676481525508109
1534.5,1.5345000000000013,6.678981525508121
1535.0,1.5350000000000037,6.67866599204018
1535.5,1.535499999999999,6.681165992040157
1536.0,1.5360000000000014,6.683665992040169
1536.5,1.5364999999999966,6.68348358932338
1537.0,1.536999999999999,6.685983589323392
1537.5,1.5375000000000014,6.688483589323404
1538.0,1.5379999999999967,6.688433755767917
1538.5,1.538499999999999,6.690933755767929
1539.0,1.5390000000000015,6.693433755767941
1539.5,1.5394999999999968,6.693501037691263
1540.0,1.5399999999999991,6.696001037691275
1540.5,1.5405000000000015,6.698501037691287
1541.0,1.5409999999999968,6.698658263436492
1541.5,1.5414999999999992,6.701158263436504
1542.0,1.5420000000000016,6.703658263436516
1542.5,1.5424999999999969,6.7038836505213695
1543.0,1.5429999999999993,6.706383650521381
1543.5,1.5435000000000016,6.708883650521393
1544.0,1.543999999999997,6.70913590548377
1544.5,1.5444999999999993,6.7116359054837815
1545.0,1.5450000000000017,6.7141359054837935
1545.5,1.545499999999997,6.714388784155396
1546.0,1.5459999999999994,6.716888784155408
1546.5,1.5465000000000018,6.71938878415542
1547.0,1.546999999999997,6.719633019619025
1547.5,1.5474999999999994,6.7221330196190365
1548.0,1.5480000000000018,6.7246330196190485
1548.5,1.548499999999997,6.724856061821818
1549.0,1.5489999999999995,6.72735606182183
1549.5,1.5495000000000019,6.729856061821842
1550.0,1.5499999999999972,6.730040884995638
1550.5,1.5504999999999995,6.73254088499565
1551.0,1.551000000000002,6.735040884995662
1551.5,1.5514999999999972,6.735156675806486
1552.0,1.5519999999999996,6.737656675806498
1552.5,1.552500000000002,6.74015667580651
1553.0,1.5529999999999973,6.740176864303393
1553.5,1.5534999999999997,6.742676864303405
1554.0,1.554000000000002,6.745176864303417
1554.5,1.5544999999999973,6.745109027572376
1555.0,1.5549999999999997,6.747609027572388
1555.5,1.555500000000002,6.7501090275724
1556.0,1.5559999999999974,6.749974856575136
1556.5,1.5564999999999998,6.752474856575148
1557.0,1.5570000000000022,6.75497485657516
1557.5,1.5574999999999974,6.75479151166261
1558.0,1.5579999999999998,6.757291511662622
1558.5,1.5585000000000022,6.759791511662634
1559.0,1.5589999999999975,6.759609559158832
1559.5,1.5594999999999999,6.762109559158844
1560.0,1.5600000000000023,6.764609559158856
1560.5,1.5604999999999976,6.764461008064835
1561.0,1.561,6.766961008064847
1561.5,1.5615000000000023,6.769461008064859
1562.0,1.5619999999999976,6.769369817504298
1562.5,1.5625,6.77186981750431
1563.0,1.5630000000000024,6.774369817504322
1563.5,1.5634999999999977,6.7743324133058636
1564.0,1.564,6.7768324133058755
1564.5,1.5645000000000024,6.779332413305887
1565.0,1.5649999999999977,6.779339685502634
1565.5,1.5655000000000001,6.781839685502646
1566.0,1.5660000000000025,6.784339685502658
1566.5,1.5664999999999978,6.784391735029658
1567.0,1.5670000000000002,6.78689173502967
1567.5,1.5675000000000026,6.789391735029682
1568.0,1.5679999999999978,6.789472124323659
1568.5,1.5685000000000002,6.791972124323671
1569.0,1.5690000000000026,6.794472124323683
1569.5,1.569499999999998,6.794580371348999
1570.0,1.5700000000000003,6.797080371349011
1570.5,1.5705000000000027,6.799580371349023
1571.0,1.570999999999998,6.799723004731106
1571.5,1.5715000000000003,6.802223004731118
1572.0,1.5720000000000027,6.80472300473113
1572.5,1.572499999999998,6.804900547687716
1573.0,1.5730000000000004,6.8074005476877275
1573.5,1.5735000000000028,6.8099005476877394
1574.0,1.573999999999998,6.810103325924857
1574.5,1.5745000000000005,6.812603325924869
1575.0,1.5750000000000028,6.8151033259248806
1575.5,1.5754999999999981,6.815300767239449
1576.0,1.5760000000000005,6.817800767239461
1576.5,1.576500000000003,6.820300767239473
1577.0,1.5769999999999982,6.820466725190428
1577.5,1.5775000000000006,6.82296672519044
1578.0,1.578000000000003,6.825466725190452
1578.5,1.5784999999999982,6.825553499050905
1579.0,1.5790000000000006,6.828053499050917
1579.5,1.579500000000003,6.830553499050929
1580.0,1.5799999999999983,6.830499306463373
1580.5,1.5805000000000007,6.832999306463385
1581.0,1.581000000000003,6.835499306463397
1581.5,1.5814999999999984,6.835261047441428
1582.0,1.5820000000000007,6.83776104744144
1582.5,1.5825000000000031,6.840261047441452
1583.0,1.5829999999999984,6.839840505094585
1583.5,1.5835000000000008,6.842340505094597
1584.0,1.5840000000000032,6.844840505094609
1584.5,1.5844999999999985,6.844276738449189
1585.0,1.5850000000000009,6.846776738449201
1585.5,1.5855000000000032,6.849276738449213
1586.0,1.5859999999999985,6.851776738449189
1586.5,1.586500000000001,6.851087546410355
1587.0,1.5870000000000033,6.853587546410367
1587.5,1.5874999999999986,6.856087546410343
1588.0,1.588000000000001,6.855313502634424
1588.5,1.5885000000000034,6.857813502634436
1589.0,1.5889999999999986,6.860313502634412
1589.5,1.589500000000001,6.859494287199972
1590.0,1.5900000000000034,6.861994287199984
1590.5,1.5904999999999987,6.86449428719996
1591.0,1.591000000000001,6.86366574560239
1591.5,1.5915000000000035,6.866165745602402
1592.0,1.5919999999999987,6.868665745602378
1592.5,1.5925000000000011,6.86784345043673
1593.0,1.5929999999999964,6.870343450436707
1593.5,1.5934999999999988,6.872843450436719
1594.0,1.5940000000000012,6.872047531159815
1594.5,1.5945000000000036,6.874547531159827
1595.0,1.5949999999999989,6.877047531159803
1595.5,1.5955000000000013,6.876264964031371
1596.0,1.5959999999999965,6.8787649640313475
1596.5,1.596499999999999,6.8812649640313595
1597.0,1.5970000000000013,6.8804804509025175
1597.5,1.5975000000000037,6.882980450902529
1598.0,1.597999999999999,6.885480450902506
1598.5,1.5985000000000014,6.884708734662404
1599.0,1.5989999999999966,6.88720873466238
1599.5,1.599499999999999,6.889708734662392
1600.0,1.6000000000000014,6.888959015281948
1600.5,1.6004999999999967,6.891459015281924
1601.0,1.600999999999999,6.893959015281936
1601.5,1.6015000000000015,6.8932426762430055
1602.0,1.6019999999999968,6.895742676242982
1602.5,1.6024999999999991,6.898242676242994
1603.0,1.6030000000000015,6.8975773403317575
1603.5,1.6034999999999968,6.900077340331734
1604.0,1.6039999999999992,6.902577340331746
1604.5,1.6045000000000016,6.901949393152975
1605.0,1.6049999999999969,6.904449393152952
1605.5,1.6054999999999993,6.9069493931529635
1606.0,1.6060000000000016,6.906341632613078
1606.5,1.606499999999997,6.908841632613054
1607.0,1.6069999999999993,6.911341632613066
1607.5,1.6075000000000017,6.910769324241421
1608.0,1.607999999999997,6.913269324241398
1608.5,1.6084999999999994,6.91576932424141
1609.0,1.6090000000000018,6.915209944854901
1609.5,1.609499999999997,6.917709944854877
1610.0,1.6099999999999994,6.920209944854889
1610.5,1.6105000000000018,6.919635523084793
1611.0,1.610999999999997,6.922135523084769
1611.5,1.6114999999999995,6.924635523084781
1612.0,1.6120000000000019,6.924037371147875
1612.5,1.6124999999999972,6.926537371147852
1613.0,1.6129999999999995,6.929037371147864
1613.5,1.613500000000002,6.9283902791571705
1614.0,1.6139999999999972,6.930890279157147
1614.5,1.6144999999999996,6.933390279157159
1615.0,1.615000000000002,6.932675564130335
1615.5,1.6154999999999973,6.935175564130311
1616.0,1.6159999999999997,6.937675564130323
1616.5,1.616500000000002,6.936867661315276
1617.0,1.6169999999999973,6.939367661315252
1617.5,1.6174999999999997,6.941867661315264
1618.0,1.618000000000002,6.940952859067231
1618.5,1.6184999999999974,6.943452859067207
1619.0,1.6189999999999998,6.945952859067219
1619.5,1.6195000000000022,6.9449318222550005
1620.0,1.6199999999999974,6.947431822254977
1620.5,1.6204999999999998,6.949931822254989
1621.0,1.6210000000000022,6.94883690799081
1621.5,1.6214999999999975,6.951336907990786
1622.0,1.6219999999999999,6.953836907990798
1622.5,1.6225000000000023,6.952715383547634
1623.0,1.6229999999999976,6.9552153835476105
1623.5,1.6235,6.957715383547622
1624.0,1.6240000000000023,6.956590617632052
1624.5,1.6244999999999976,6.959090617632029
1625.0,1.625,6.961590617632041
1625.5,1.6255000000000024,6.960488215938163
1626.0,1.6259999999999977,6.9629882159381395
1626.5,1.6265,6.9654882159381515
1627.0,1.6270000000000024,6.964423787570411
1627.5,1.6274999999999977,6.966923787570387
1628.0,1.6280000000000001,6.969423787570399
1628.5,1.6285000000000025,6.968418416601274
1629.0,1.6289999999999978,6.9709184166012506
1629.5,1.6295000000000002,6.9734184166012625
1630.0,1.6300000000000026,6.972464225594237
1630.5,1.6304999999999978,6.9749642255942135
1631.0,1.6310000000000002,6.977464225594225
1631.5,1.6315000000000026,6.976575988977274
1632.0,1.631999999999998,6.97907598897725
1632.5,1.6325000000000003,6.981575988977262
1633.0,1.6330000000000027,6.980782881164984
1633.5,1.633499999999998,6.9832828811649605
1634.0,1.6340000000000003,6.9857828811649725
1634.5,1.6345000000000027,6.985119865978717
1635.0,1.634999999999998,6.987619865978694
1635.5,1.6355000000000004,6.990119865978706
1636.0,1.6360000000000028,6.989592287989019
1636.5,1.636499999999998,6.992092287988996
1637.0,1.6370000000000005,6.994592287989008
1637.5,1.6375000000000028,6.994220201281607
1638.0,1.6379999999999981,6.996720201281583
1638.5,1.6385000000000005,6.999220201281595
1639.0,1.639000000000003,6.999006521344349
1639.5,1.6394999999999982,7.001506521344325
1640.0,1.6400000000000006,7.004006521344337
1640.5,1.640500000000003,7.003944976221419
1641.0,1.6409999999999982,7.006444976221395
1641.5,1.6415000000000006,7.008944976221407
1642.0,1.642000000000003,7.009002521461127
1642.5,1.6424999999999983,7.011502521461104
1643.0,1.6430000000000007,7.014002521461116
1643.5,1.643500000000003,7.014153815945576
1644.0,1.6439999999999984,7.016653815945553
1644.5,1.6445000000000007,7.019153815945565
1645.0,1.6450000000000031,7.0193442967701
1645.5,1.6454999999999984,7.021844296770077
1646.0,1.6460000000000008,7.024344296770089
1646.5,1.6465000000000032,7.024501415639968
1647.0,1.6469999999999985,7.027001415639944
1647.5,1.6475000000000009,7.029501415639956
1648.0,1.6480000000000032,7.029589087619819
1648.5,1.6484999999999985,7.032089087619795
1649.0,1.649000000000001,7.034589087619807
1649.5,1.6495000000000033,7.0345686598671975
1650.0,1.6499999999999986,7.037068659867174
1650.5,1.650500000000001,7.039568659867186
1651.0,1.6510000000000034,7.0393997833734545
1651.5,1.6514999999999986,7.041899783373431
1652.0,1.652000000000001,7.044399783373443
1652.5,1.6525000000000034,7.0440819908397145
1653.0,1.6529999999999987,7.046581990839691
1653.5,1.653500000000001,7.049081990839703
1654.0,1.6540000000000035,7.048624450094287
1654.5,1.6544999999999987,7.051124450094264
1655.0,1.6550000000000011,7.053624450094276
1655.5,1.6554999999999964,7.053035228017421
1656.0,1.6559999999999988,7.055535228017433
1656.5,1.6565000000000012,7.058035228017445
1657.0,1.6570000000000036,7.057305592241647
1657.5,1.6574999999999989,7.059805592241624
1658.0,1.6580000000000013,7.062305592241636
1658.5,1.6584999999999965,7.06145037302484
1659.0,1.658999999999999,7.063950373024852
1659.5,1.6595000000000013,7.066450373024864
1660.0,1.6600000000000037,7.06549549033241
1660.5,1.660499999999999,7.067995490332386
1661.0,1.6610000000000014,7.070495490332398
1661.5,1.6614999999999966,7.072995490332374
1662.0,1.661999999999999,7.071988795174455
1662.5,1.6625000000000014,7.074488795174467
1663.0,1.6629999999999967,7.076988795174444
1663.5,1.663499999999999,7.075975356299047
1664.0,1.6640000000000015,7.078475356299059
1664.5,1.6644999999999968,7.080975356299035
1665.0,1.6649999999999991,7.080022362223133
1665.5,1.6655000000000015,7.082522362223145
1666.0,1.6659999999999968,7.085022362223121
1666.5,1.6664999999999992,7.084166836154999
1667.0,1.6670000000000016,7.086666836155011
1667.5,1.6674999999999969,7.0891668361549875
1668.0,1.6679999999999993,7.088446122126761
1668.5,1.6685000000000016,7.090946122126773
1669.0,1.668999999999997,7.09344612212675
1669.5,1.6694999999999993,7.092864315574374
1670.0,1.6700000000000017,7.095364315574386
1670.5,1.670499999999997,7.097864315574363
1671.0,1.6709999999999994,7.097418420252453
1671.5,1.6715000000000018,7.099918420252465
1672.0,1.671999999999997,7.102418420252441
1672.5,1.6724999999999994,7.102054308784815
1673.0,1.6730000000000018,7.104554308784827
1673.5,1.673499999999997,7.107054308784804
1674.0,1.6739999999999995,7.10672200198001
1674.5,1.6745000000000019,7.109222001980022
1675.0,1.6749999999999972,7.111722001979999
1675.5,1.6754999999999995,7.111359775111943
1676.0,1.676000000000002,7.113859775111955
1676.5,1.6764999999999972,7.116359775111931
1677.0,1.6769999999999996,7.115913699428127
1677.5,1.677500000000002,7.118413699428139
1678.0,1.6779999999999973,7.120913699428115
1678.5,1.6784999999999997,7.120344106692507
1679.0,1.679000000000002,7.1228441066925186
1679.5,1.6794999999999973,7.125344106692495
1680.0,1.6799999999999997,7.124631496826304
1680.5,1.680500000000002,7.1271314968263155
1681.0,1.6809999999999974,7.129631496826292
1681.5,1.6814999999999998,7.128771773634597
1682.0,1.6820000000000022,7.131271773634609
1682.5,1.6824999999999974,7.133771773634585
1683.0,1.6829999999999998,7.13272241648049
1683.5,1.6835000000000022,7.135222416480502
1684.0,1.6839999999999975,7.137722416480479
1684.5,1.6844999999999999,7.136501272882434
1685.0,1.6850000000000023,7.139001272882446
1685.5,1.6854999999999976,7.141501272882422
1686.0,1.686,7.140122932532513
1686.5,1.6865000000000023,7.142622932532525
1687.0,1.6869999999999976,7.145122932532502
1687.5,1.6875,7.143603949256523
1688.0,1.6880000000000024,7.146103949256535
1688.5,1.6884999999999977,7.148603949256511
1689.0,1.689,7.146956354729284
1689.5,1.6895000000000024,7.1494563547292955
1690.0,1.6899999999999977,7.151956354729272
1690.5,1.6905000000000001,7.150225064861395
1691.0,1.6910000000000025,7.152725064861407
1691.5,1.6914999999999978,7.1552250648613835
1692.0,1.6920000000000002,7.153454894780005
1692.5,1.6925000000000026,7.155954894780017
1693.0,1.6929999999999978,7.158454894779993
1693.5,1.6935000000000002,7.156701567105692
1694.0,1.6940000000000026,7.159201567105704
1694.5,1.694499999999998,7.1617015671056805
1695.0,1.6950000000000003,7.160024268004257
1695.5,1.6955000000000027,7.162524268004269
1696.0,1.695999999999998,7.165024268004245
1696.5,1.6965000000000003,7.163453118337237
1697.0,1.6970000000000027,7.165953118337249
1697.5,1.697499999999998,7.168453118337226
1698.0,1.6980000000000004,7.1670197974438565
1698.5,1.6985000000000028,7.1695197974438685
1699.0,1.698999999999998,7.172019797443845
1699.5,1.6995000000000005,7.170725005683032
1700.0,1.7000000000000028,7.173225005683044
1700.5,1.7004999999999981,7.17572500568302
1701.0,1.7010000000000005,7.174545178149536
1701.5,1.701500000000003,7.177045178149548
1702.0,1.7019999999999982,7.1795451781495245
1702.5,1.7025000000000006,7.178451437179447
1703.0,1.703000000000003,7.180951437179459
1703.5,1.7034999999999982,7.183451437179436
1704.0,1.7040000000000006,7.1824030588139465
1704.5,1.704500000000003,7.184903058813958
1705.0,1.7049999999999983,7.187403058813935
1705.5,1.7055000000000007,7.186326163486889
1706.0,1.706000000000003,7.188826163486901
1706.5,1.7064999999999984,7.1913261634868775
1707.0,1.7070000000000007,7.19014643365508
1707.5,1.7075000000000031,7.192646433655092
1708.0,1.7079999999999984,7.195146433655069
1708.5,1.7085000000000008,7.193846075364938
1709.0,1.7090000000000032,7.19634607536495
1709.5,1.7094999999999985,7.198846075364926
1710.0,1.7100000000000009,7.19740420419825
1710.5,1.7105000000000032,7.199904204198262
1711.0,1.7109999999999985,7.202404204198238
1711.5,1.711500000000001,7.200825015204657
1712.0,1.7120000000000033,7.203325015204669
1712.5,1.7124999999999986,7.2058250152046455
1713.0,1.713000000000001,7.204087192985966
1713.5,1.7135000000000034,7.206587192985978
1714.0,1.7139999999999986,7.209087192985955
1714.5,1.714500000000001,7.207203611552444
1715.0,1.7150000000000034,7.209703611552456
1715.5,1.7154999999999987,7.212203611552432
1716.0,1.716000000000001,7.210202261002188
1716.5,1.7165000000000035,7.2127022610022
1717.0,1.7169999999999987,7.215202261002176
1717.5,1.7175000000000011,7.213134248817354
1718.0,1.7179999999999964,7.215634248817331
1718.5,1.7184999999999988,7.218134248817343
1719.0,1.7190000000000012,7.2160470781019725
1719.5,1.7195000000000036,7.2185470781019845
1720.0,1.7199999999999989,7.221047078101961
1720.5,1.7205000000000013,7.218988310001926
1721.0,1.7209999999999965,7.221488310001902
1721.5,1.721499999999999,7.223988310001914
1722.0,1.7220000000000013,7.222028075693068
1722.5,1.7225000000000037,7.22452807569308
1723.0,1.722999999999999,7.227028075693056
1723.5,1.7235000000000014,7.225223539549752
1724.0,1.7239999999999966,7.227723539549729
1724.5,1.724499999999999,7.2302235395497405
1725.0,1.7250000000000014,7.228628189402677
1725.5,1.7254999999999967,7.231128189402654
1726.0,1.725999999999999,7.2336281894026655
1726.5,1.7265000000000015,7.232279200417082
1727.0,1.7269999999999968,7.234779200417059
1727.5,1.7274999999999991,7.2372792004170705
1728.0,1.7280000000000015,7.236173137975399
1728.5,1.7284999999999968,7.2386731379753755
1729.0,1.7289999999999992,7.241173137975387
1729.5,1.7295000000000016,7.24031242283111
1730.0,1.7299999999999969,7.242812422831086
1730.5,1.7304999999999993,7.245312422831098
1731.0,1.7310000000000016,7.24467497442955
1731.5,1.731499999999997,7.247174974429527
1732.0,1.7319999999999993,7.249674974429539
1732.5,1.7325000000000017,7.249215608431285
1733.0,1.732999999999997,7.251715608431262
1733.5,1.7334999999999994,7.254215608431274
1734.0,1.7340000000000018,7.253906174085785
1734.5,1.734499999999997,7.256406174085761
1735.0,1.7349999999999994,7.258906174085773
1735.5,1.7355000000000018,7.25869424711739
1736.0,1.735999999999997,7.261194247117366
1736.5,1.7364999999999995,7.263694247117378
1737.0,1.7370000000000019,7.26619424711739
1737.5,1.7374999999999972,7.266053738910898
1738.0,1.7379999999999995,7.26855373891091
1738.5,1.738500000000002,7.271053738910922
1739.0,1.7389999999999972,7.270954696994707
1739.5,1.7394999999999996,7.273454696994719
1740.0,1.740000000000002,7.275954696994731
1740.5,1.7404999999999973,7.275865076884891
1741.0,1.7409999999999997,7.278365076884903
1741.5,1.741500000000002,7.280865076884915
1742.0,1.7419999999999973,7.280740131622103
1742.5,1.7424999999999997,7.283240131622115
1743.0,1.743000000000002,7.285740131622127
1743.5,1.7434999999999974,7.285540958810373
1744.0,1.7439999999999998,7.2880409588103845
1744.5,1.7445000000000022,7.290540958810396
1745.0,1.7449999999999974,7.290247512308916
1745.5,1.7454999999999998,7.292747512308928
1746.0,1.7460000000000022,7.29524751230894
1746.5,1.7464999999999975,7.294829239321601
1747.0,1.7469999999999999,7.297329239321613
1747.5,1.7475000000000023,7.299829239321625
1748.0,1.7479999999999976,7.299265762372329
1748.5,1.7485,7.301765762372341
1749.0,1.7490000000000023,7.304265762372353
1749.5,1.7494999999999976,7.303567539100619
1750.0,1.75,7.306067539100631
1750.5,1.7505000000000024,7.308567539100643
1751.0,1.7509999999999977,7.307736512363974
1751.5,1.7515,7.310236512363986
1752.0,1.7520000000000024,7.312736512363998
1752.5,1.7524999999999977,7.311790818003665
1753.0,1.7530000000000001,7.314290818003677
1753.5,1.7535000000000025,7.316790818003689
1754.0,1.7539999999999978,7.315758406921482
1754.5,1.7545000000000002,7.318258406921494
1755.0,1.7550000000000026,7.320758406921506
1755.5,1.7554999999999978,7.319672031708819
1756.0,1.7560000000000002,7.322172031708831
1756.5,1.7565000000000026,7.324672031708843
1757.0,1.756999999999998,7.323585422259846
1757.5,1.7575000000000003,7.326085422259858
1758.0,1.7580000000000027,7.32858542225987
1758.5,1.758499999999998,7.327527846560997
1759.0,1.7590000000000003,7.330027846561009
1759.5,1.7595000000000027,7.332527846561021
1760.0,1.759999999999998,7.331514050018271
1760.5,1.7605000000000004,7.334014050018283
1761.0,1.7610000000000028,7.336514050018295
1761.5,1.761499999999998,7.3355368685007605
1762.0,1.7620000000000005,7.338036868500772
1762.5,1.7625000000000028,7.340536868500784
1763.0,1.7629999999999981,7.339582409570262
1763.5,1.7635000000000005,7.342082409570274
1764.0,1.764000000000003,7.344582409570286
1764.5,1.7644999999999982,7.343627756868081
1765.0,1.7650000000000006,7.346127756868093
1765.5,1.765500000000003,7.348627756868105
1766.0,1.7659999999999982,7.347665382964905
1766.5,1.7665000000000006,7.350165382964917
1767.0,1.767000000000003,7.352665382964929
1767.5,1.7674999999999983,7.351687773771403
1768.0,1.7680000000000007,7.3541877737714145
1768.5,1.768500000000003,7.3566877737714265
1769.0,1.7689999999999984,7.35565517607462
1769.5,1.7695000000000007,7.358155176074632
1770.0,1.7700000000000031,7.360655176074644
1770.5,1.7704999999999984,7.359562919138725
1771.0,1.7710000000000008,7.362062919138737
1771.5,1.7715000000000032,7.3645629191387485
1772.0,1.7719999999999985,7.363393285730062
1772.5,1.7725000000000009,7.365893285730074
1773.0,1.7730000000000032,7.368393285730086
1773.5,1.7734999999999985,7.367100622956002
1774.0,1.774000000000001,7.369600622956014
1774.5,1.7745000000000033,7.372100622956026
1775.0,1.7749999999999986,7.37067749918527
1775.5,1.775500000000001,7.373177499185282
1776.0,1.7760000000000034,7.375677499185294
1776.5,1.7764999999999986,7.374116498963268
1777.0,1.777000000000001,7.37661649896328
1777.5,1.7775000000000034,7.379116498963292
1778.0,1.7779999999999987,7.377387725017002
1778.5,1.778500000000001,7.379887725017014
1779.0,1.7790000000000035,7.382387725017026
1779.5,1.7794999999999987,7.3804963950421865
1780.0,1.7800000000000011,7.382996395042198
1780.5,1.7804999999999964,7.385496395042175
1781.0,1.7809999999999988,7.383481253977244
1781.5,1.7815000000000012,7.385981253977256
1782.0,1.7820000000000036,7.388481253977268
1782.5,1.7824999999999989,7.386359926589776
1783.0,1.7830000000000013,7.388859926589788
1783.5,1.7834999999999965,7.3913599265897645
1784.0,1.783999999999999,7.389159456703318
1784.5,1.7845000000000013,7.39165945670333
1785.0,1.7850000000000037,7.394159456703342
1785.5,1.785499999999999,7.391907051917883
1786.0,1.7860000000000014,7.394407051917895
1786.5,1.7864999999999966,7.3969070519178715
1787.0,1.786999999999999,7.394622488293798
1787.5,1.7875000000000014,7.39712248829381
1788.0,1.7879999999999967,7.399622488293787
1788.5,1.788499999999999,7.397302791149443
1789.0,1.7890000000000015,7.399802791149455
1789.5,1.7894999999999968,7.402302791149431
1790.0,1.7899999999999991,7.399954151012018
1790.5,1.7905000000000015,7.40245415101203
1791.0,1.7909999999999968,7.4049541510120065
1791.5,1.7914999999999992,7.402585953533389
1792.0,1.7920000000000016,7.405085953533401
1792.5,1.7924999999999969,7.407585953533378
1793.0,1.7929999999999993,7.405200069494313
1793.5,1.7935000000000016,7.407700069494325
1794.0,1.793999999999997,7.4102000694943015
1794.5,1.7944999999999993,7.407775247160089
1795.0,1.7950000000000017,7.410275247160101
1795.5,1.795499999999997,7.412775247160077
1796.0,1.7959999999999994,7.41031681301255
1796.5,1.7965000000000018,7.412816813012562
1797.0,1.796999999999997,7.415316813012538
1797.5,1.7974999999999994,7.412828648475838
1798.0,1.7980000000000018,7.41532864847585
1798.5,1.798499999999997,7.417828648475826
1799.0,1.7989999999999995,7.4153184130645755
1799.5,1.7995000000000019,7.4178184130645874
1800.0,1.7999999999999972,7.420318413064564
1800.5,1.8004999999999995,7.417838316358534
1801.0,1.801000000000002,7.420338316358546
1801.5,1.8014999999999972,7.422838316358522
1802.0,1.8019999999999996,7.420408373066749
1802.5,1.802500000000002,7.422908373066761
1803.0,1.8029999999999973,7.4254083730667375
1803.5,1.8034999999999997,7.423028767122446
1804.0,1.804000000000002,7.425528767122458
1804.5,1.8044999999999973,7.428028767122434
1805.0,1.8049999999999997,7.425689674524918
1805.5,1.805500000000002,7.42818967452493
1806.0,1.8059999999999974,7.430689674524906
1806.5,1.8064999999999998,7.4283662657747485
1807.0,1.8070000000000022,7.43086626577476
1807.5,1.8074999999999974,7.433366265774737
1808.0,1.8079999999999998,7.431040866793204
1808.5,1.8085000000000022,7.433540866793216
1809.0,1.8089999999999975,7.436040866793192
1809.5,1.8094999999999999,7.433694646092839
1810.0,1.8100000000000023,7.436194646092851
1810.5,1.8104999999999976,7.438694646092827
1811.0,1.811,7.436327730277235
1811.5,1.8115000000000023,7.4388277302772465
1812.0,1.8119999999999976,7.441327730277223
1812.5,1.8125,7.443827730277235
1813.0,1.8130000000000024,7.441437190381173
1813.5,1.8134999999999977,7.443937190381149
1814.0,1.814,7.446437190381161
1814.5,1.8145000000000024,7.4440255780293185
1815.0,1.8149999999999977,7.446525578029295
1815.5,1.8155000000000001,7.449025578029307
1816.0,1.8160000000000025,7.446608346153809
1816.5,1.8164999999999978,7.4491083461537855
1817.0,1.8170000000000002,7.451608346153797
1817.5,1.8175000000000026,7.449218305983081
1818.0,1.8179999999999978,7.451718305983057
1818.5,1.8185000000000002,7.454218305983069
1819.0,1.8190000000000026,7.451884279358403
1819.5,1.819499999999998,7.454384279358379
1820.0,1.8200000000000003,7.456884279358391
1820.5,1.8205000000000027,7.454624170854736
1821.0,1.820999999999998,7.457124170854712
1821.5,1.8215000000000003,7.459624170854724
1822.0,1.8220000000000027,7.457445661048503
1822.5,1.822499999999998,7.459945661048479
1823.0,1.8230000000000004,7.462445661048491
1823.5,1.8235000000000028,7.460351397200604
1824.0,1.823999999999998,7.4628513972005805
1824.5,1.8245000000000005,7.4653513972005925
1825.0,1.8250000000000028,7.46334052590381
1825.5,1.8254999999999981,7.465840525903786
1826.0,1.8260000000000005,7.468340525903798
1826.5,1.826500000000003,7.466405576539508
1827.0,1.8269999999999982,7.468905576539484
1827.5,1.8275000000000006,7.471405576539496
1828.0,1.828000000000003,7.469546996759426
1828.5,1.8284999999999982,7.472046996759403
1829.0,1.8290000000000006,7.474546996759415
1829.5,1.829500000000003,7.4727511886999665
1830.0,1.8299999999999983,7.475251188699943
1830.5,1.8305000000000007,7.477751188699955
1831.0,1.831000000000003,7.476032823621281
1831.5,1.8314999999999984,7.478532823621258
1832.0,1.8320000000000007,7.48103282362127
1832.5,1.8325000000000031,7.479411062795798
1833.0,1.8329999999999984,7.481911062795774
1833.5,1.8335000000000008,7.484411062795786
1834.0,1.8340000000000032,7.482876620458185
1834.5,1.8344999999999985,7.485376620458162
1835.0,1.8350000000000009,7.487876620458174
1835.5,1.8355000000000032,7.486440459535224
1836.0,1.8359999999999985,7.4889404595352005
1836.5,1.836500000000001,7.491440459535212
1837.0,1.8370000000000033,7.49010544942422
1837.5,1.8374999999999986,7.492605449424197
1838.0,1.838000000000001,7.495105449424209
1838.5,1.8385000000000034,7.493854162068168
1839.0,1.8389999999999986,7.496354162068144
1839.5,1.839500000000001,7.498854162068156
1840.0,1.8400000000000034,7.49769688151698
1840.5,1.8404999999999987,7.500196881516956
1841.0,1.841000000000001,7.502696881516968
1841.5,1.8415000000000035,7.501597720331432
1842.0,1.8419999999999987,7.5040977203314085
1842.5,1.8425000000000011,7.5065977203314205
1843.0,1.8429999999999964,7.5054944994177575
1843.5,1.8434999999999988,7.507994499417769
1844.0,1.8440000000000012,7.510494499417781
1844.5,1.8445000000000036,7.509359298735809
1845.0,1.8449999999999989,7.511859298735786
1845.5,1.8455000000000013,7.514359298735798
1846.0,1.8459999999999965,7.513193611432207
1846.5,1.846499999999999,7.515693611432219
1847.0,1.8470000000000013,7.518193611432231
1847.5,1.8475000000000037,7.5169844915695805
1848.0,1.847999999999999,7.519484491569557
1848.5,1.8485000000000014,7.521984491569569
1849.0,1.8489999999999966,7.520737872151919
1849.5,1.849499999999999,7.523237872151931
1850.0,1.8500000000000014,7.525737872151943
1850.5,1.8504999999999967,7.524453305570127
1851.0,1.850999999999999,7.526953305570139
1851.5,1.8515000000000015,7.529453305570151
1852.0,1.8519999999999968,7.528143142652972
1852.5,1.8524999999999991,7.530643142652984
1853.0,1.8530000000000015,7.533143142652996
1853.5,1.8534999999999968,7.531798540455732
1854.0,1.8539999999999992,7.534298540455744
1854.5,1.8545000000000016,7.536798540455756
1855.0,1.8549999999999969,7.5354153287131
1855.5,1.8554999999999993,7.537915328713112
1856.0,1.8560000000000016,7.540415328713124
1856.5,1.856499999999997,7.538981756128251
1857.0,1.8569999999999993,7.541481756128263
1857.5,1.8575000000000017,7.543981756128275
1858.0,1.857999999999997,7.5425030927941705
1858.5,1.8584999999999994,7.5450030927941825
1859.0,1.8590000000000018,7.547503092794194
1859.5,1.859499999999997,7.545981272893307
1860.0,1.8599999999999994,7.548481272893319
1860.5,1.8605000000000018,7.550981272893331
1861.0,1.860999999999997,7.5494354500914085
1861.5,1.8614999999999995,7.55193545009142
1862.0,1.8620000000000019,7.554435450091432
1862.5,1.8624999999999972,7.552879379327244
1863.0,1.8629999999999995,7.555379379327256
1863.5,1.863500000000002,7.557879379327268
1864.0,1.8639999999999972,7.556312804416052
1864.5,1.8644999999999996,7.558812804416064
1865.0,1.865000000000002,7.561312804416076
1865.5,1.8654999999999973,7.559762373754353
1866.0,1.8659999999999997,7.562262373754365
1866.5,1.866500000000002,7.564762373754377
1867.0,1.8669999999999973,7.563205743328538
1867.5,1.8674999999999997,7.56570574332855
1868.0,1.868000000000002,7.568205743328562
1868.5,1.8684999999999974,7.566612636185788
1869.0,1.8689999999999998,7.5691126361858
1869.5,1.8695000000000022,7.571612636185812
1870.0,1.8699999999999974,7.569958792093274
1870.5,1.8704999999999998,7.572458792093286
1871.0,1.8710000000000022,7.574958792093298
1871.5,1.8714999999999975,7.573190424703178
1872.0,1.8719999999999999,7.57569042470319
1872.5,1.8725000000000023,7.578190424703202
1873.0,1.8729999999999976,7.576289281309769
1873.5,1.8735,7.578789281309781
1874.0,1.8740000000000023,7.581289281309793
1874.5,1.8744999999999976,7.579241440033648
1875.0,1.875,7.58174144003366
1875.5,1.8755000000000024,7.584241440033672
1876.0,1.8759999999999977,7.5820279642623944
1876.5,1.8765,7.584527964262406
1877.0,1.8770000000000024,7.587027964262418
1877.5,1.8774999999999977,7.584661331175937
1878.0,1.8780000000000001,7.587161331175949
1878.5,1.8785000000000025,7.589661331175961
1879.0,1.8789999999999978,7.587141966894784
1879.5,1.8795000000000002,7.589641966894796
1880.0,1.8800000000000026,7.592141966894808
1880.5,1.8804999999999978,7.5894682244972245
1881.0,1.8810000000000002,7.591968224497236
1881.5,1.8815000000000026,7.594468224497248
1882.0,1.881999999999998,7.591652813488672
1882.5,1.8825000000000003,7.594152813488684
1883.0,1.8830000000000027,7.596652813488696
1883.5,1.883499999999998,7.593739593476165
1884.0,1.8840000000000003,7.596239593476177
1884.5,1.8845000000000027,7.598739593476189
1885.0,1.884999999999998,7.595751634700285
1885.5,1.8855000000000004,7.598251634700297
1886.0,1.8860000000000028,7.600751634700309
1886.5,1.886499999999998,7.597705543943256
1887.0,1.8870000000000005,7.600205543943268
1887.5,1.8875000000000028,7.60270554394328
1888.0,1.8879999999999981,7.605205543943256
1888.5,1.8885000000000005,7.602130632293154
1889.0,1.889000000000003,7.604630632293166
1889.5,1.8894999999999982,7.607130632293142
1890.0,1.8900000000000006,7.604050506778179
1890.5,1.890500000000003,7.606550506778191
1891.0,1.8909999999999982,7.609050506778168
1891.5,1.8915000000000006,7.605971176000246
1892.0,1.892000000000003,7.608471176000258
1892.5,1.8924999999999983,7.610971176000234
1893.0,1.8930000000000007,7.607899068592445
1893.5,1.893500000000003,7.610399068592457
1894.0,1.8939999999999984,7.612899068592434
1894.5,1.8945000000000007,7.6098546449658855
1895.0,1.8950000000000031,7.612354644965897
1895.5,1.8954999999999984,7.614854644965874
1896.0,1.8960000000000008,7.611856146009188
1896.5,1.8965000000000032,7.6143561460092
1897.0,1.8969999999999985,7.616856146009177
1897.5,1.8975000000000009,7.613934070170956
1898.0,1.8980000000000032,7.616434070170968
1898.5,1.8984999999999985,7.618934070170944
1899.0,1.899000000000001,7.6160991589845395
1899.5,1.8995000000000033,7.618599158984551
1900.0,1.8999999999999986,7.621099158984528
1900.5,1.900500000000001,7.618316623168511
1901.0,1.9010000000000034,7.620816623168523
1901.5,1.9014999999999986,7.623316623168499
1902.0,1.902000000000001,7.620587193467934
1902.5,1.9025000000000034,7.623087193467946
1903.0,1.9029999999999987,7.625587193467922
1903.5,1.903500000000001,7.62289233906845
1904.0,1.9040000000000035,7.625392339068462
1904.5,1.9044999999999987,7.627892339068438
1905.0,1.9050000000000011,7.62521440280743
1905.5,1.9054999999999964,7.627714402807406
1906.0,1.9059999999999988,7.630214402807418
1906.5,1.9065000000000012,7.627544360317984
1907.0,1.9070000000000036,7.630044360317996
1907.5,1.9074999999999989,7.632544360317972
1908.0,1.9080000000000013,7.629847288988714
1908.5,1.9084999999999965,7.63234728898869
1909.0,1.908999999999999,7.634847288988702
1909.5,1.9095000000000013,7.632086447011481
1910.0,1.9100000000000037,7.634586447011493
1910.5,1.910499999999999,7.63708644701147
1911.0,1.9110000000000014,7.634264463941776
1911.5,1.9114999999999966,7.636764463941752
1912.0,1.911999999999999,7.639264463941764
1912.5,1.9125000000000014,7.636416660853307
1913.0,1.9129999999999967,7.638916660853283
1913.5,1.913499999999999,7.641416660853295
1914.0,1.9140000000000015,7.63858453229961
1914.5,1.9144999999999968,7.641084532299587
1915.0,1.9149999999999991,7.643584532299599
1915.5,1.9155000000000015,7.640821851689417
1916.0,1.9159999999999968,7.643321851689393
1916.5,1.9164999999999992,7.645821851689405
1917.0,1.9170000000000016,7.643193639984922
1917.5,1.9174999999999969,7.6456936399848985
1918.0,1.9179999999999993,7.64819363998491
1918.5,1.9185000000000016,7.645759148489084
1919.0,1.918999999999997,7.6482591484890605
1919.5,1.9194999999999993,7.6507591484890725
1920.0,1.9200000000000017,7.648559617029491
1920.5,1.920499999999997,7.651059617029468
1921.0,1.9209999999999994,7.6535596170294795
1921.5,1.9215000000000018,7.651640120579799
1922.0,1.921999999999997,7.654140120579775
1922.5,1.9224999999999994,7.656640120579787
1923.0,1.9230000000000018,7.655057003429988
1923.5,1.923499999999997,7.6575570034299645
1924.0,1.9239999999999995,7.660057003429976
1924.5,1.9245000000000019,7.658826052302601
1925.0,1.9249999999999972,7.661326052302577
1925.5,1.9254999999999995,7.663826052302589
1926.0,1.926000000000002,7.66292295628535
1926.5,1.9264999999999972,7.665422956285326
1927.0,1.9269999999999996,7.667922956285338
1927.5,1.927500000000002,7.667313870586803
1928.0,1.9279999999999973,7.669813870586779
1928.5,1.9284999999999997,7.672313870586791
1929.0,1.929000000000002,7.671926698618954
1929.5,1.9294999999999973,7.67442669861893
1930.0,1.9299999999999997,7.676926698618942
1930.5,1.930500000000002,7.6766968274843705
1931.0,1.9309999999999974,7.679196827484347
1931.5,1.9314999999999998,7.681696827484359
1932.0,1.9320000000000022,7.681562331615126
1932.5,1.9324999999999974,7.684062331615102
1933.0,1.9329999999999998,7.686562331615114
1933.5,1.9335000000000022,7.686457926421397
1934.0,1.9339999999999975,7.688957926421374
1934.5,1.9344999999999999,7.691457926421386
1935.0,1.9350000000000023,7.691317631300194
1935.5,1.9354999999999976,7.6938176313001705
1936.0,1.936,7.696317631300182
1936.5,1.9365000000000023,7.696062656149181
1937.0,1.9369999999999976,7.698562656149157
1937.5,1.9375,7.701062656149169
1938.0,1.9380000000000024,7.700650421618178
1938.5,1.9384999999999977,7.7031504216181546
1939.0,1.939,7.7056504216181665
1939.5,1.9395000000000024,7.705060923888496
1940.0,1.9399999999999977,7.707560923888472
1940.5,1.9405000000000001,7.710060923888484
1941.0,1.9410000000000025,7.709283201808326
1941.5,1.9414999999999978,7.711783201808302
1942.0,1.9420000000000002,7.714283201808314
1942.5,1.9425000000000026,7.713307680650772
1943.0,1.9429999999999978,7.715807680650748
1943.5,1.9435000000000002,7.71830768065076
1944.0,1.9440000000000026,7.7171370762727065
1944.5,1.944499999999998,7.719637076272683
1945.0,1.9450000000000003,7.722137076272695
1945.5,1.9455000000000027,7.720797169979541
1946.0,1.945999999999998,7.723297169979517
1946.5,1.9465000000000003,7.725797169979529
1947.0,1.9470000000000027,7.724322674309221
1947.5,1.947499999999998,7.726822674309197
1948.0,1.9480000000000004,7.729322674309209
1948.5,1.9485000000000028,7.727748039541957
1949.0,1.948999999999998,7.730248039541934
1949.5,1.9495000000000005,7.732748039541946
1950.0,1.9500000000000028,7.731121894378283
1950.5,1.9504999999999981,7.73362189437826
1951.0,1.9510000000000005,7.736121894378272
1951.5,1.951500000000003,7.734500106067479
1952.0,1.9519999999999982,7.737000106067455
1952.5,1.9525000000000006,7.739500106067467
1953.0,1.953000000000003,7.737916197529415
1953.5,1.9534999999999982,7.740416197529392
1954.0,1.9540000000000006,7.742916197529404
1954.5,1.954500000000003,7.7413840247373145
1955.0,1.9549999999999983,7.743884024737291
1955.5,1.9555000000000007,7.746384024737303
1956.0,1.956000000000003,7.744924420291532
1956.5,1.9564999999999984,7.747424420291509
1957.0,1.9570000000000007,7.749924420291521
1957.5,1.9575000000000031,7.748507498030577
1958.0,1.9579999999999984,7.751007498030553
1958.5,1.9585000000000008,7.753507498030565
1959.0,1.9590000000000032,7.7521192564667984
1959.5,1.9594999999999985,7.754619256466775
1960.0,1.9600000000000009,7.757119256466787
1960.5,1.9605000000000032,7.755715728414572
1961.0,1.9609999999999985,7.758215728414548
1961.5,1.961500000000001,7.76071572841456
1962.0,1.9620000000000033,7.759251104498794
1962.5,1.9624999999999986,7.761751104498771
1963.0,1.963000000000001,7.764251104498783
1963.5,1.9635000000000034,7.766751104498795
1964.0,1.9639999999999986,7.765194580220829
1964.5,1.964500000000001,7.767694580220841
1965.0,1.9650000000000034,7.770194580220853
1965.5,1.9654999999999987,7.768524262991399
1966.0,1.966000000000001,7.771024262991411
1966.5,1.9665000000000035,7.7735242629914225
1967.0,1.9669999999999987,7.771697544741194
1967.5,1.9675000000000011,7.774197544741206
1968.0,1.9679999999999964,7.776697544741182
1968.5,1.9684999999999988,7.774718431966754
1969.0,1.9690000000000012,7.777218431966766
1969.5,1.9695000000000036,7.779718431966778
1970.0,1.9699999999999989,7.777587182441792
1970.5,1.9705000000000013,7.780087182441804
1971.0,1.9709999999999965,7.78258718244178
1971.5,1.971499999999999,7.780318345468054
1972.0,1.9720000000000013,7.7828183454680655
1972.5,1.9725000000000037,7.785318345468077
1973.0,1.972999999999999,7.782947145733914
1973.5,1.9735000000000014,7.785447145733926
1974.0,1.9739999999999966,7.787947145733902
1974.5,1.974499999999999,7.785491019553312
1975.0,1.9750000000000014,7.787991019553324
1975.5,1.9754999999999967,7.790491019553301
1976.0,1.975999999999999,7.787946603168265
1976.5,1.9765000000000015,7.790446603168277
1977.0,1.9769999999999968,7.792946603168254
1977.5,1.9774999999999991,7.790332574331131
1978.0,1.9780000000000015,7.792832574331143
1978.5,1.9784999999999968,7.79533257433112
1979.0,1.9789999999999992,7.792653036217274
1979.5,1.9795000000000016,7.795153036217286
1980.0,1.9799999999999969,7.7976530362172625
1980.5,1.9804999999999993,7.794937933081805
1981.0,1.9810000000000016,7.797437933081817
1981.5,1.981499999999997,7.799937933081793
1982.0,1.9819999999999993,7.797225350891921
1982.5,1.9825000000000017,7.799725350891933
1983.0,1.982999999999997,7.802225350891909
1983.5,1.9834999999999994,7.799524028310287
1984.0,1.9840000000000018,7.802024028310299
1984.5,1.984499999999997,7.804524028310276
1985.0,1.9849999999999994,7.801839080588131
1985.5,1.9855000000000018,7.804339080588143
1986.0,1.985999999999997,7.806839080588119
1986.5,1.9864999999999995,7.804179672629878
1987.0,1.9870000000000019,7.80667967262989
1987.5,1.9874999999999972,7.809179672629867
1988.0,1.9879999999999995,7.80655025493445
1988.5,1.988500000000002,7.809050254934462
1989.0,1.9889999999999972,7.811550254934438
1989.5,1.9894999999999996,7.80891802924387
1990.0,1.990000000000002,7.811418029243882
1990.5,1.9904999999999973,7.813918029243858
1991.0,1.9909999999999997,7.811266247952453
1991.5,1.991500000000002,7.813766247952465
1992.0,1.9919999999999973,7.816266247952441
1992.5,1.9924999999999997,7.813596227159394
1993.0,1.993000000000002,7.816096227159406
1993.5,1.9934999999999974,7.818596227159382
1994.0,1.9939999999999998,7.815899555887746
1994.5,1.9945000000000022,7.818399555887758
1995.0,1.9949999999999974,7.820899555887735
1995.5,1.9954999999999998,7.818166163764886
1996.0,1.9960000000000022,7.820666163764898
1996.5,1.9964999999999975,7.823166163764874
1997.0,1.9969999999999999,7.820410779740072
1997.5,1.9975000000000023,7.822910779740084
1998.0,1.9979999999999976,7.825410779740061
1998.5,1.9985,7.822656503718868
1999.0,1.9990000000000023,7.82515650371888
1999.5,1.9994999999999976,7.827656503718856
2000.0,2.0,7.824923786846156
2000.5,2.0005000000000024,7.827423786846168
2001.0,2.0009999999999977,7.829923786846145
2001.5,2.0015,7.827257126324234
2002.0,2.0020000000000024,7.829757126324246
2002.5,2.0024999999999977,7.832257126324222
2003.0,2.003,7.829674906475823
2003.5,2.0035000000000025,7.832174906475835
2004.0,2.003999999999998,7.834674906475811
2004.5,2.0045,7.832225108709601
2005.0,2.0050000000000026,7.834725108709613
2005.5,2.005499999999998,7.837225108709589
2006.0,2.0060000000000002,7.834930669189717
2006.5,2.0065000000000026,7.837430669189729
2007.0,2.006999999999998,7.839930669189705
2007.5,2.0075000000000003,7.83779684272961
2008.0,2.0080000000000027,7.840296842729622
2008.5,2.008499999999998,7.842796842729598
2009.0,2.0090000000000003,7.840817402168412
2009.5,2.0095000000000027,7.843317402168424
2010.0,2.009999999999998,7.8458174021684
2010.5,2.0105000000000004,7.843956368087284
2011.0,2.011000000000003,7.846456368087296
2011.5,2.011499999999998,7.848956368087272
2012.0,2.0120000000000005,7.847152252087035
2012.5,2.012500000000003,7.849652252087047
2013.0,2.012999999999998,7.8521522520870235
2013.5,2.0135000000000005,7.850342986506504
2014.0,2.014000000000003,7.852842986506516
2014.5,2.014499999999998,7.855342986506493
2015.0,2.0150000000000006,7.853499437653859
2015.5,2.015500000000003,7.855999437653871
2016.0,2.0159999999999982,7.8584994376538475
2016.5,2.0165000000000006,7.856585813727293
2017.0,2.017000000000003,7.8590858137273045
2017.5,2.0174999999999983,7.861585813727281
2018.0,2.0180000000000007,7.859608486755079
2018.5,2.018500000000003,7.8621084867550906
2019.0,2.0189999999999984,7.864608486755067
2019.5,2.0195000000000007,7.8626120302024205
2020.0,2.020000000000003,7.865112030202432
2020.5,2.0204999999999984,7.867612030202409
2021.0,2.021000000000001,7.86563505908898
2021.5,2.021500000000003,7.868135059088992
2022.0,2.0219999999999985,7.870635059088968
2022.5,2.022500000000001,7.868678859012377
2023.0,2.0230000000000032,7.871178859012389
2023.5,2.0234999999999985,7.873678859012365
2024.0,2.024000000000001,7.871750870360508
2024.5,2.0245000000000033,7.87425087036052
2025.0,2.0249999999999986,7.876750870360496
2025.5,2.025500000000001,7.874874409543331
2026.0,2.0260000000000034,7.877374409543343
2026.5,2.0264999999999986,7.879874409543319
2027.0,2.027000000000001,7.878052071179695
2027.5,2.0274999999999963,7.880552071179672
2028.0,2.0279999999999987,7.883052071179684
2028.5,2.028500000000001,7.881295433569164
2029.0,2.0290000000000035,7.883795433569176
2029.5,2.0294999999999987,7.886295433569153
2030.0,2.030000000000001,7.884609667680493
2030.5,2.0304999999999964,7.88710966768047
2031.0,2.030999999999999,7.889609667680482
2031.5,2.031500000000001,7.88800712075318
2032.0,2.0320000000000036,7.890507120753192
2032.5,2.032499999999999,7.893007120753168
2033.0,2.0330000000000013,7.891501508327217
2033.5,2.0334999999999965,7.894001508327193
2034.0,2.033999999999999,7.896501508327205
2034.5,2.0345000000000013,7.895115945110263
2035.0,2.0350000000000037,7.8976159451102745
2035.5,2.035499999999999,7.900115945110251
2036.0,2.0360000000000014,7.8988772149077136
2036.5,2.0364999999999966,7.90137721490769
2037.0,2.036999999999999,7.903877214907702
2037.5,2.0375000000000014,7.902769775490164
2038.0,2.038000000000004,7.905269775490176
2038.5,2.038499999999999,7.907769775490152
2039.0,2.0390000000000015,7.910269775490164
2039.5,2.0394999999999968,7.909249002163818
2040.0,2.039999999999999,7.91174900216383
2040.5,2.0405000000000015,7.914249002163842
2041.0,2.040999999999997,7.913275538195634
2041.5,2.041499999999999,7.915775538195646
2042.0,2.0420000000000016,7.918275538195658
2042.5,2.042499999999997,7.9173178223318175
2043.0,2.0429999999999993,7.919817822331829
2043.5,2.0435000000000016,7.922317822331841
2044.0,2.043999999999997,7.921338354357417
2044.5,2.0444999999999993,7.923838354357429
2045.0,2.0450000000000017,7.926338354357441
2045.5,2.045499999999997,7.9253149611340135
2046.0,2.0459999999999994,7.927814961134025
2046.5,2.0465000000000018,7.930314961134037
2047.0,2.046999999999997,7.929223324888284
2047.5,2.0474999999999994,7.931723324888296
2048.0,2.048000000000002,7.934223324888308
2048.5,2.048499999999997,7.933030994913821
2049.0,2.0489999999999995,7.935530994913833
2049.5,2.049500000000002,7.938030994913845
2050.0,2.049999999999997,7.936717250444865
2050.5,2.0504999999999995,7.939217250444877
2051.0,2.051000000000002,7.9417172504448885
2051.5,2.051499999999997,7.940314883517807
2052.0,2.0519999999999996,7.942814883517819
2052.5,2.052500000000002,7.945314883517831
2053.0,2.0529999999999973,7.943849827992118
2053.5,2.0534999999999997,7.94634982799213
2054.0,2.054000000000002,7.948849827992142
2054.5,2.0544999999999973,7.947356151676672
2055.0,2.0549999999999997,7.949856151676684
2055.5,2.055500000000002,7.952356151676696
2056.0,2.0559999999999974,7.950868036903422
2056.5,2.0564999999999998,7.953368036903434
2057.0,2.057000000000002,7.955868036903446
2057.5,2.0574999999999974,7.954413327904568
2058.0,2.058,7.95691332790458
2058.5,2.058500000000002,7.959413327904592
2059.0,2.0589999999999975,7.958005577390459
2059.5,2.0595,7.960505577390471
2060.0,2.0600000000000023,7.963005577390483
2060.5,2.0604999999999976,7.961656837033466
2061.0,2.061,7.964156837033478
2061.5,2.0615000000000023,7.96665683703349
2062.0,2.0619999999999976,7.965363177977345
2062.5,2.0625,7.967863177977357
2063.0,2.0630000000000024,7.970363177977369
2063.5,2.0634999999999977,7.969106364577101
2064.0,2.064,7.971606364577113
2064.5,2.0645000000000024,7.974106364577125
2065.0,2.0649999999999977,7.9728816544202274
2065.5,2.0655,7.975381654420239
2066.0,2.0660000000000025,7.977881654420251
2066.5,2.066499999999998,7.976679255556398
2067.0,2.067,7.97917925555641
2067.5,2.0675000000000026,7.981679255556422
2068.0,2.067999999999998,7.9804608519213005
2068.5,2.0685000000000002,7.982960851921312
2069.0,2.0690000000000026,7.985460851921324
2069.5,2.069499999999998,7.9841857664883165
2070.0,2.0700000000000003,7.986685766488328
2070.5,2.0705000000000027,7.98918576648834
2071.0,2.070999999999998,7.987817562133905
2071.5,2.0715000000000003,7.990317562133917
2072.0,2.0720000000000027,7.992817562133929
2072.5,2.072499999999998,7.991306651569907
2073.0,2.0730000000000004,7.993806651569919
2073.5,2.073500000000003,7.996306651569931
2074.0,2.073999999999998,7.994618001172036
2074.5,2.0745000000000005,7.997118001172048
2075.0,2.075000000000003,7.99961800117206
2075.5,2.075499999999998,7.997708982930405
2076.0,2.0760000000000005,8.000208982930417
2076.5,2.076500000000003,8.002708982930429
2077.0,2.076999999999998,8.000571505251024
2077.5,2.0775000000000006,8.003071505251036
2078.0,2.078000000000003,8.005571505251048
2078.5,2.0784999999999982,8.003188867964077
2079.0,2.0790000000000006,8.00568886796409
2079.5,2.079500000000003,8.008188867964101
2080.0,2.0799999999999983,8.005556498671282
2080.5,2.0805000000000007,8.008056498671294
2081.0,2.081000000000003,8.010556498671306
2081.5,2.0814999999999984,8.00770097104472
2082.0,2.0820000000000007,8.010200971044732
2082.5,2.082500000000003,8.012700971044744
2083.0,2.0829999999999984,8.00964450318606
2083.5,2.083500000000001,8.012144503186072
2084.0,2.084000000000003,8.014644503186084
2084.5,2.0844999999999985,8.01141265814362
2085.0,2.085000000000001,8.013912658143632
2085.5,2.0855000000000032,8.016412658143643
2086.0,2.0859999999999985,8.013049501696692
2086.5,2.086500000000001,8.015549501696704
2087.0,2.0870000000000033,8.018049501696716
2087.5,2.0874999999999986,8.014590966814943
2088.0,2.088000000000001,8.017090966814955
2088.5,2.0885000000000034,8.019590966814967
2089.0,2.0889999999999986,8.016115471653507
2089.5,2.089500000000001,8.018615471653519
2090.0,2.0899999999999963,8.021115471653495
2090.5,2.0904999999999987,8.01766869160172
2091.0,2.091000000000001,8.020168691601732
2091.5,2.0915000000000035,8.022668691601744
2092.0,2.0919999999999987,8.019256834322839
2092.5,2.092500000000001,8.02175683432285
2093.0,2.0929999999999964,8.024256834322827
2093.5,2.093499999999999,8.020908736900942
2094.0,2.094000000000001,8.023408736900954
2094.5,2.0945000000000036,8.025908736900966
2095.0,2.094999999999999,8.022657980936145
2095.5,2.0955000000000013,8.025157980936157
2096.0,2.0959999999999965,8.027657980936134
2096.5,2.096499999999999,8.024497042527265
2097.0,2.0970000000000013,8.026997042527277
2097.5,2.0975000000000037,8.02949704252729
2098.0,2.097999999999999,8.026419781112182
2098.5,2.0985000000000014,8.028919781112194
2099.0,2.0989999999999966,8.03141978111217
2099.5,2.099499999999999,8.028406051649313
2100.0,2.1000000000000014,8.030906051649325
2100.5,2.100500000000004,8.033406051649337
2101.0,2.100999999999999,8.030446525386878
2101.5,2.1015000000000015,8.03294652538689
2102.0,2.1019999999999968,8.035446525386867
2102.5,2.102499999999999,8.032527147577078
2103.0,2.1030000000000015,8.03502714757709
2103.5,2.103499999999997,8.037527147577066
2104.0,2.103999999999999,8.034613355752214
2104.5,2.1045000000000016,8.037113355752226
2105.0,2.104999999999997,8.039613355752202
2105.5,2.1054999999999993,8.036669778344603
2106.0,2.1060000000000016,8.039169778344615
2106.5,2.106499999999997,8.041669778344591
2107.0,2.1069999999999993,8.038685715130818
2107.5,2.1075000000000017,8.04118571513083
2108.0,2.107999999999997,8.043685715130806
2108.5,2.1084999999999994,8.040629305378495
2109.0,2.1090000000000018,8.043129305378507
2109.5,2.109499999999997,8.045629305378483
2110.0,2.1099999999999994,8.042506490172485
2110.5,2.110500000000002,8.045006490172497
2111.0,2.110999999999997,8.047506490172474
2111.5,2.1114999999999995,8.044293585872921
2112.0,2.112000000000002,8.046793585872933
2112.5,2.112499999999997,8.04929358587291
2113.0,2.1129999999999995,8.046007573330378
2113.5,2.113500000000002,8.04850757333039
2114.0,2.113999999999997,8.051007573330367
2114.5,2.1144999999999996,8.053507573330378
2115.0,2.115000000000002,8.050163991897179
2115.5,2.1154999999999973,8.052663991897155
2116.0,2.1159999999999997,8.055163991897167
2116.5,2.116500000000002,8.051778431648593
2117.0,2.1169999999999973,8.05427843164857
2117.5,2.1174999999999997,8.056778431648581
2118.0,2.118000000000002,8.053402841862969
2118.5,2.1184999999999974,8.055902841862945
2119.0,2.1189999999999998,8.058402841862957
2119.5,2.119500000000002,8.055065351961055
2120.0,2.1199999999999974,8.057565351961031
2120.5,2.1205,8.060065351961043
2121.0,2.121000000000002,8.05677848903457
2121.5,2.1214999999999975,8.059278489034547
2122.0,2.122,8.061778489034559
2122.5,2.1225000000000023,8.058570812928743
2123.0,2.1229999999999976,8.061070812928719
2123.5,2.1235,8.063570812928731
2124.0,2.1240000000000023,8.060469221798066
2124.5,2.1244999999999976,8.062969221798042
2125.0,2.125,8.065469221798054
2125.5,2.1255000000000024,8.06247742312653
2126.0,2.1259999999999977,8.064977423126507
2126.5,2.1265,8.067477423126519
2127.0,2.1270000000000024,8.064608253952237
2127.5,2.1274999999999977,8.067108253952213
2128.0,2.128,8.069608253952225
2128.5,2.1285000000000025,8.066852436059833
2129.0,2.128999999999998,8.069352436059809
2129.5,2.1295,8.071852436059821
2130.0,2.1300000000000026,8.069204470978768
2130.5,2.130499999999998,8.071704470978744
2131.0,2.1310000000000002,8.074204470978756
2131.5,2.1315000000000026,8.071689649275164
2132.0,2.131999999999998,8.07418964927514
2132.5,2.1325000000000003,8.076689649275153
2133.0,2.1330000000000027,8.074279911525686
2133.5,2.133499999999998,8.076779911525662
2134.0,2.1340000000000003,8.079279911525674
2134.5,2.1345000000000027,8.076963271756448
2135.0,2.134999999999998,8.079463271756424
2135.5,2.1355000000000004,8.081963271756436
2136.0,2.136000000000003,8.079712934240177
2136.5,2.136499999999998,8.082212934240154
2137.0,2.1370000000000005,8.084712934240166
2137.5,2.137500000000003,8.082468123444784
2138.0,2.137999999999998,8.08496812344476
2138.5,2.1385000000000005,8.087468123444772
2139.0,2.139000000000003,8.085180744487026
2139.5,2.139499999999998,8.087680744487002
2140.0,2.1400000000000006,8.090180744487014
2140.5,2.140500000000003,8.087794947560702
2141.0,2.1409999999999982,8.090294947560679
2141.5,2.1415000000000006,8.09279494756069
2142.0,2.142000000000003,8.09027544542218
2142.5,2.1424999999999983,8.092775445422156
2143.0,2.1430000000000007,8.095275445422168
2143.5,2.143500000000003,8.092630476884253
2144.0,2.1439999999999984,8.09513047688423
2144.5,2.1445000000000007,8.097630476884241
2145.0,2.145000000000003,8.094858035729686
2145.5,2.1454999999999984,8.097358035729663
2146.0,2.146000000000001,8.099858035729675
2146.5,2.146500000000003,8.096971686040284
2147.0,2.1469999999999985,8.09947168604026
2147.5,2.147500000000001,8.101971686040272
2148.0,2.1480000000000032,8.09902036530513
2148.5,2.1484999999999985,8.101520365305106
2149.0,2.149000000000001,8.104020365305118
2149.5,2.1495000000000033,8.101021207309387
2150.0,2.1499999999999986,8.103521207309363
2150.5,2.150500000000001,8.106021207309375
2151.0,2.1510000000000034,8.102992616595728
2151.5,2.1514999999999986,8.105492616595704
2152.0,2.152000000000001,8.107992616595716
2152.5,2.1524999999999963,8.104961660793997
2153.0,2.1529999999999987,8.107461660794009
2153.5,2.153500000000001,8.10996166079402
2154.0,2.1540000000000035,8.106918281383422
2154.5,2.1544999999999987,8.109418281383398
2155.0,2.155000000000001,8.11191828138341
2155.5,2.1554999999999964,8.10886503034176
2156.0,2.155999999999999,8.111365030341773
2156.5,2.156500000000001,8.113865030341785
2157.0,2.1570000000000036,8.110842032321486
2157.5,2.157499999999999,8.113342032321462
2158.0,2.1580000000000013,8.115842032321474
2158.5,2.1584999999999965,8.11285581879659
2159.0,2.158999999999999,8.115355818796601
2159.5,2.1595000000000013,8.117855818796613
2160.0,2.1600000000000037,8.11491991776272
2160.5,2.160499999999999,8.117419917762696
2161.0,2.1610000000000014,8.119919917762708
2161.5,2.1614999999999966,8.11706891810978
2162.0,2.161999999999999,8.119568918109792
2162.5,2.1625000000000014,8.122068918109804
2163.0,2.163000000000004,8.119316275430855
2163.5,2.163499999999999,8.121816275430831
2164.0,2.1640000000000015,8.124316275430843
2164.5,2.1644999999999968,8.121667999134488
2165.0,2.164999999999999,8.1241679991345
2165.5,2.1655000000000015,8.126667999134511
2166.0,2.165999999999997,8.124112015897751
2166.5,2.166499999999999,8.126612015897763
2167.0,2.1670000000000016,8.129112015897775
2167.5,2.167499999999997,8.126646117172243
2168.0,2.1679999999999993,8.129146117172255
2168.5,2.1685000000000016,8.131646117172266
2169.0,2.168999999999997,8.12924259790794
2169.5,2.1694999999999993,8.131742597907952
2170.0,2.1700000000000017,8.134242597907964
2170.5,2.170499999999997,8.131881625457815
2171.0,2.1709999999999994,8.134381625457827
2171.5,2.1715000000000018,8.136881625457839
2172.0,2.171999999999997,8.134549179487323
2172.5,2.1724999999999994,8.137049179487335
2173.0,2.173000000000002,8.139549179487346
2173.5,2.173499999999997,8.137219728155571
2174.0,2.1739999999999995,8.139719728155583
2174.5,2.174500000000002,8.142219728155595
2175.0,2.174999999999997,8.13989148725188
2175.5,2.1754999999999995,8.142391487251892
2176.0,2.176000000000002,8.144891487251904
2176.5,2.176499999999997,8.14254306110012
2177.0,2.1769999999999996,8.145043061100132
2177.5,2.177500000000002,8.147543061100144
2178.0,2.1779999999999973,8.14513950225951
2178.5,2.1784999999999997,8.147639502259523
2179.0,2.179000000000002,8.150139502259535
2179.5,2.1794999999999973,8.147666109072311
2180.0,2.1799999999999997,8.150166109072323
2180.5,2.180500000000002,8.152666109072335
2181.0,2.1809999999999974,8.150106898698155
2181.5,2.1814999999999998,8.152606898698167
2182.0,2.182000000000002,8.155106898698179
2182.5,2.1824999999999974,8.15242629014893
2183.0,2.183,8.154926290148943
2183.5,2.183500000000002,8.157426290148955
2184.0,2.1839999999999975,8.154622700718548
2184.5,2.1845,8.15712270071856
2185.0,2.1850000000000023,8.159622700718572
2185.5,2.1854999999999976,8.156686542386424
2186.0,2.186,8.159186542386436
2186.5,2.1865000000000023,8.161686542386448
2187.0,2.1869999999999976,8.158627572113524
2187.5,2.1875,8.161127572113536
2188.0,2.1880000000000024,8.163627572113548
2188.5,2.1884999999999977,8.160471296244971
2189.0,2.189,8.162971296244983
2189.5,2.1895000000000024,8.165471296244995
2190.0,2.1899999999999977,8.167971296244971
2190.5,2.1905,8.16474324252603
2191.0,2.1910000000000025,8.167243242526041
2191.5,2.191499999999998,8.169743242526017
2192.0,2.192,8.166449426938911
2192.5,2.1925000000000026,8.168949426938923
2193.0,2.192999999999998,8.1714494269389
2193.5,2.1935000000000002,8.168101350531849
2194.0,2.1940000000000026,8.17060135053186
2194.5,2.194499999999998,8.173101350531837
2195.0,2.1950000000000003,8.169717654457855
2195.5,2.1955000000000027,8.172217654457867
2196.0,2.195999999999998,8.174717654457844
2196.5,2.1965000000000003,8.171339198844585
2197.0,2.1970000000000027,8.173839198844597
2197.5,2.197499999999998,8.176339198844573
2198.0,2.1980000000000004,8.17299223782772
2198.5,2.198500000000003,8.175492237827733
2199.0,2.198999999999998,8.17799223782771
2199.5,2.1995000000000005,8.174671004693614
2200.0,2.200000000000003,8.177171004693626
2200.5,2.200499999999998,8.179671004693603
2201.0,2.2010000000000005,8.176388906647425
2201.5,2.201500000000003,8.178888906647437
2202.0,2.201999999999998,8.181388906647413
2202.5,2.2025000000000006,8.178156773398939
2203.0,2.203000000000003,8.180656773398951
2203.5,2.2034999999999982,8.183156773398927
2204.0,2.2040000000000006,8.180003382060548
2204.5,2.204500000000003,8.18250338206056
2205.0,2.2049999999999983,8.185003382060536
2205.5,2.2055000000000007,8.181919204052406
2206.0,2.206000000000003,8.184419204052418
2206.5,2.2064999999999984,8.186919204052394
2207.0,2.2070000000000007,8.183892759530913
2207.5,2.207500000000003,8.186392759530925
2208.0,2.2079999999999984,8.188892759530901
2208.5,2.208500000000001,8.185896938784794
2209.0,2.209000000000003,8.188396938784805
2209.5,2.2094999999999985,8.190896938784782
2210.0,2.210000000000001,8.18788617831295
2210.5,2.2105000000000032,8.190386178312963
2211.0,2.2109999999999985,8.19288617831294
2211.5,2.211500000000001,8.18983342768199
2212.0,2.2120000000000033,8.192333427682001
2212.5,2.2124999999999986,8.194833427681978
2213.0,2.213000000000001,8.191683249991755
2213.5,2.2135000000000034,8.194183249991767
2214.0,2.2139999999999986,8.196683249991743
2214.5,2.214500000000001,8.193398225807691
2215.0,2.2149999999999963,8.195898225807667
2215.5,2.2154999999999987,8.19839822580768
2216.0,2.216000000000001,8.194952035420435
2216.5,2.2165000000000035,8.197452035420447
2217.0,2.2169999999999987,8.199952035420424
2217.5,2.217500000000001,8.19634688391826
2218.0,2.2179999999999964,8.198846883918236
2218.5,2.218499999999999,8.201346883918248
2219.0,2.219000000000001,8.197615334577755
2219.5,2.2195000000000036,8.200115334577767
2220.0,2.219999999999999,8.202615334577743
2220.5,2.2205000000000013,8.19879294332587
2221.0,2.2209999999999965,8.201292943325846
2221.5,2.221499999999999,8.203792943325858
2222.0,2.2220000000000013,8.19991019716916
2222.5,2.2225000000000037,8.202410197169172
2223.0,2.222999999999999,8.204910197169148
2223.5,2.2235000000000014,8.20100389510067
2224.0,2.2239999999999966,8.203503895100646
2224.5,2.224499999999999,8.206003895100658
2225.0,2.2250000000000014,8.20209352982225
2225.5,2.225500000000004,8.204593529822262
2226.0,2.225999999999999,8.207093529822238
2226.5,2.2265000000000015,8.203194491175196
2227.0,2.2269999999999968,8.205694491175173
2227.5,2.227499999999999,8.208194491175185
2228.0,2.2280000000000015,8.2043283610043
2228.5,2.228499999999997,8.206828361004277
2229.0,2.228999999999999,8.209328361004289
2229.5,2.2295000000000016,8.205506478097497
2230.0,2.229999999999997,8.208006478097474
2230.5,2.2304999999999993,8.210506478097486
2231.0,2.2310000000000016,8.206787700550215
2231.5,2.231499999999997,8.209287700550192
2232.0,2.2319999999999993,8.211787700550204
2232.5,2.2325000000000017,8.208223557316856
2233.0,2.232999999999997,8.210723557316832
2233.5,2.2334999999999994,8.213223557316844
2234.0,2.2340000000000018,8.209856112041436
2234.5,2.234499999999997,8.212356112041412
2235.0,2.2349999999999994,8.214856112041424
2235.5,2.235500000000002,8.211742865357508
2236.0,2.235999999999997,8.214242865357484
2236.5,2.2364999999999995,8.216742865357496
2237.0,2.237000000000002,8.213901061114406
2237.5,2.237499999999997,8.216401061114382
2238.0,2.2379999999999995,8.218901061114394
2238.5,2.238500000000002,8.21633966572577
2239.0,2.238999999999997,8.218839665725746
2239.5,2.2394999999999996,8.221339665725758
2240.0,2.240000000000002,8.219024940343864
2240.5,2.2404999999999973,8.22152494034384
2241.0,2.2409999999999997,8.224024940343853
2241.5,2.241500000000002,8.221913827235348
2242.0,2.2419999999999973,8.224413827235324
2242.5,2.2424999999999997,8.226913827235336
2243.0,2.243000000000002,8.224950535021556
2243.5,2.2434999999999974,8.227450535021532
2244.0,2.2439999999999998,8.229950535021544
2244.5,2.244500000000002,8.228079196836298
2245.0,2.2449999999999974,8.230579196836274
2245.5,2.2455,8.233079196836286
2246.0,2.246000000000002,8.231253261358944
2246.5,2.2464999999999975,8.23375326135892
2247.0,2.247,8.236253261358932
2247.5,2.2475000000000023,8.234461076494348
2248.0,2.2479999999999976,8.236961076494325
2248.5,2.2485,8.239461076494337
2249.0,2.2490000000000023,8.237682049168633
2249.5,2.2494999999999976,8.24018204916861
2250.0,2.25,8.242682049168621
2250.5,2.2505000000000024,8.24088437475865
2251.0,2.2509999999999977,8.243384374758627
2251.5,2.2515,8.245884374758639
2252.0,2.2520000000000024,8.244032984095213
2252.5,2.2524999999999977,8.24653298409519
2253.0,2.253,8.249032984095201
2253.5,2.2535000000000025,8.247111320442038
2254.0,2.253999999999998,8.249611320442014
2254.5,2.2545,8.252111320442026
2255.0,2.2550000000000026,8.250095306724425
2255.5,2.255499999999998,8.252595306724402
2256.0,2.2560000000000002,8.255095306724414
2256.5,2.2565000000000026,8.25293875617664
2257.0,2.256999999999998,8.255438756176616
2257.5,2.2575000000000003,8.257938756176628
2258.0,2.2580000000000027,8.255609269109918
2258.5,2.258499999999998,8.258109269109895
2259.0,2.2590000000000003,8.260609269109906
2259.5,2.2595000000000027,8.258109675835072
2260.0,2.259999999999998,8.260609675835049
2260.5,2.2605000000000004,8.26310967583506
2261.0,2.261000000000003,8.260457236428884
2261.5,2.261499999999998,8.26295723642886
2262.0,2.2620000000000005,8.265457236428873
2262.5,2.262500000000003,8.26268380587333
2263.0,2.262999999999998,8.265183805873306
2263.5,2.2635000000000005,8.267683805873318
2264.0,2.264000000000003,8.264861455489978
2264.5,2.264499999999998,8.267361455489954
2265.0,2.2650000000000006,8.269861455489966
2265.5,2.265500000000003,8.272361455489978
2266.0,2.2659999999999982,8.269562098951937
2266.5,2.2665000000000006,8.272062098951949
2267.0,2.267000000000003,8.27456209895196
2267.5,2.2674999999999983,8.27185577668402
2268.0,2.2680000000000007,8.274355776684033
2268.5,2.268500000000003,8.276855776684044
2269.0,2.2689999999999984,8.274315041806233
2269.5,2.2695000000000007,8.276815041806245
2270.0,2.270000000000003,8.279315041806257
2270.5,2.2704999999999984,8.276992423370615
2271.0,2.271000000000001,8.279492423370627
2271.5,2.271500000000003,8.281992423370639
2272.0,2.2719999999999985,8.279907180313906
2272.5,2.272500000000001,8.282407180313918
2273.0,2.2730000000000032,8.28490718031393
2273.5,2.2734999999999985,8.283041072247208
2274.0,2.274000000000001,8.28554107224722
2274.5,2.2745000000000033,8.288041072247232
2275.0,2.2749999999999986,8.286370709148727
2275.5,2.275500000000001,8.288870709148739
2276.0,2.2760000000000034,8.291370709148751
2276.5,2.2764999999999986,8.289856595715257
2277.0,2.277000000000001,8.292356595715269
2277.5,2.2774999999999963,8.294856595715245
2278.0,2.2779999999999987,8.293426089785463
2278.5,2.278500000000001,8.295926089785475
2279.0,2.2790000000000035,8.298426089785487
2279.5,2.2794999999999987,8.297009795557209
2280.0,2.280000000000001,8.29950979555722
2280.5,2.2804999999999964,8.302009795557197
2281.0,2.280999999999999,8.300532539639427
2281.5,2.281500000000001,8.303032539639439
2282.0,2.2820000000000036,8.30553253963945
2282.5,2.282499999999999,8.303949640287662
2283.0,2.2830000000000013,8.306449640287674
2283.5,2.2834999999999965,8.30894964028765
2284.0,2.283999999999999,8.307211760129825
2284.5,2.2845000000000013,8.309711760129836
2285.0,2.2850000000000037,8.312211760129848
2285.5,2.285499999999999,8.310269073823413
2286.0,2.2860000000000014,8.312769073823425
2286.5,2.2864999999999966,8.315269073823401
2287.0,2.286999999999999,8.313102956188168
2287.5,2.2875000000000014,8.31560295618818
2288.0,2.288000000000004,8.318102956188191
2288.5,2.288499999999999,8.315707307506308
2289.0,2.2890000000000015,8.31820730750632
2289.5,2.2894999999999968,8.320707307506297
2290.0,2.289999999999999,8.318070451282509
2290.5,2.2905000000000015,8.32057045128252
2291.0,2.290999999999997,8.323070451282497
2291.5,2.291499999999999,8.32017655181101
2292.0,2.2920000000000016,8.322676551811021
2292.5,2.292499999999997,8.325176551810998
2293.0,2.2929999999999993,8.32203676250252
2293.5,2.2935000000000016,8.324536762502532
2294.0,2.293999999999997,8.327036762502509
2294.5,2.2944999999999993,8.323707807796552
2295.0,2.2950000000000017,8.326207807796564
2295.5,2.295499999999997,8.32870780779654
2296.0,2.2959999999999994,8.325253206542946
2296.5,2.2965000000000018,8.327753206542958
2297.0,2.296999999999997,8.330253206542935
2297.5,2.2974999999999994,8.326742302478252
2298.0,2.298000000000002,8.329242302478264
2298.5,2.298499999999997,8.33174230247824
2299.0,2.2989999999999995,8.328223464938773
2299.5,2.299500000000002,8.330723464938785
2300.0,2.299999999999997,8.333223464938762
2300.5,2.3004999999999995,8.329772233048836
2301.0,2.301000000000002,8.332272233048847
2301.5,2.301499999999997,8.334772233048824
2302.0,2.3019999999999996,8.33144437406105
2302.5,2.302500000000002,8.333944374061062
2303.0,2.3029999999999973,8.336444374061038
2303.5,2.3034999999999997,8.333276331991115
2304.0,2.304000000000002,8.335776331991127
2304.5,2.3044999999999973,8.338276331991104
2305.0,2.3049999999999997,8.335290213305093
2305.5,2.305500000000002,8.337790213305105
2306.0,2.3059999999999974,8.340290213305082
2306.5,2.3064999999999998,8.337505670512044
2307.0,2.307000000000002,8.340005670512056
2307.5,2.3074999999999974,8.342505670512033
2308.0,2.308,8.33991671932047
2308.5,2.308500000000002,8.342416719320482
2309.0,2.3089999999999975,8.344916719320459
2309.5,2.3095,8.342457517652058
2310.0,2.3100000000000023,8.34495751765207
2310.5,2.3104999999999976,8.347457517652046
2311.0,2.311,8.345048040639753
2311.5,2.3115000000000023,8.347548040639765
2312.0,2.3119999999999976,8.350048040639741
2312.5,2.3125,8.347604005110973
2313.0,2.3130000000000024,8.350104005110985
2313.5,2.3134999999999977,8.352604005110962
2314.0,2.314,8.350061164706908
2314.5,2.3145000000000024,8.35256116470692
2315.0,2.3149999999999977,8.355061164706896
2315.5,2.3155,8.35236017752301
2316.0,2.3160000000000025,8.354860177523022
2316.5,2.316499999999998,8.357360177522999
2317.0,2.317,8.354472585137351
2317.5,2.3175000000000026,8.356972585137363
2318.0,2.317999999999998,8.35947258513734
2318.5,2.3185000000000002,8.356371977120176
2319.0,2.3190000000000026,8.358871977120188
2319.5,2.319499999999998,8.361371977120164
2320.0,2.3200000000000003,8.358064653291954
2320.5,2.3205000000000027,8.360564653291966
2321.0,2.320999999999998,8.363064653291943
2321.5,2.3215000000000003,8.35955331239603
2322.0,2.3220000000000027,8.362053312396043
2322.5,2.322499999999998,8.36455331239602
2323.0,2.3230000000000004,8.360849478532693
2323.5,2.323500000000003,8.363349478532704
2324.0,2.323999999999998,8.365849478532681
2324.5,2.3245000000000005,8.361986506015988
2325.0,2.325000000000003,8.364486506016
2325.5,2.325499999999998,8.366986506015976
2326.0,2.3260000000000005,8.363010570963176
2326.5,2.326500000000003,8.365510570963188
2327.0,2.326999999999998,8.368010570963165
2327.5,2.3275000000000006,8.363962477622877
2328.0,2.328000000000003,8.366462477622889
2328.5,2.3284999999999982,8.368962477622865
2329.0,2.3290000000000006,8.364868160264862
2329.5,2.329500000000003,8.367368160264874
2330.0,2.3299999999999983,8.36986816026485
2330.5,2.3305000000000007,8.365755740048257
2331.0,2.331000000000003,8.36825574004827
2331.5,2.3314999999999984,8.370755740048246
2332.0,2.3320000000000007,8.366641673466795
2332.5,2.332500000000003,8.369141673466807
2333.0,2.3329999999999984,8.371641673466783
2333.5,2.333500000000001,8.367561222650224
2334.0,2.334000000000003,8.370061222650236
2334.5,2.3344999999999985,8.372561222650212
2335.0,2.335000000000001,8.368544145475134
2335.5,2.3355000000000032,8.371044145475146
2336.0,2.3359999999999985,8.373544145475122
2336.5,2.336500000000001,8.369605245153622
2337.0,2.3370000000000033,8.372105245153634
2337.5,2.3374999999999986,8.37460524515361
2338.0,2.338000000000001,8.370744372756214
2338.5,2.3385000000000034,8.373244372756226
2339.0,2.3389999999999986,8.375744372756202
2339.5,2.339500000000001,8.371955030333886
2340.0,2.3399999999999963,8.374455030333863
2340.5,2.3404999999999987,8.376955030333875
2341.0,2.341000000000001,8.379455030333887
2341.5,2.3415000000000035,8.375720406927734
2342.0,2.3419999999999987,8.37822040692771
2342.5,2.342500000000001,8.380720406927722
2343.0,2.3429999999999964,8.377003429433145
2343.5,2.343499999999999,8.379503429433157
2344.0,2.344000000000001,8.38200342943317
2344.5,2.3445000000000036,8.378257370659874
2345.0,2.344999999999999,8.38075737065985
2345.5,2.3455000000000013,8.383257370659862
2346.0,2.3459999999999965,8.379448734307786
2346.5,2.346499999999999,8.381948734307798
2347.0,2.3470000000000013,8.38444873430781
2347.5,2.3475000000000037,8.380552931907417
2348.0,2.347999999999999,8.383052931907393
2348.5,2.3485000000000014,8.385552931907405
2349.0,2.3489999999999966,8.381561804047806
2349.5,2.349499999999999,8.384061804047818
2350.0,2.3500000000000014,8.38656180404783
2350.5,2.350500000000004,8.382478874291657
2351.0,2.350999999999999,8.384978874291633
2351.5,2.3515000000000015,8.387478874291645
2352.0,2.3519999999999968,8.383313853624692
2352.5,2.352499999999999,8.385813853624704
2353.0,2.3530000000000015,8.388313853624716
2353.5,2.353499999999997,8.38412264018416
2354.0,2.353999999999999,8.386622640184171
2354.5,2.3545000000000016,8.389122640184183
2355.0,2.354999999999997,8.384952749637762
2355.5,2.3554999999999993,8.387452749637774
2356.0,2.3560000000000016,8.389952749637786
2356.5,2.356499999999997,8.385836322572189
2357.0,2.3569999999999993,8.3883363225722
2357.5,2.3575000000000017,8.390836322572213
2358.0,2.357999999999997,8.386831889004434
2358.5,2.3584999999999994,8.389331889004445
2359.0,2.3590000000000018,8.391831889004457
2359.5,2.359499999999997,8.387960438016897
2360.0,2.3599999999999994,8.390460438016909
2360.5,2.360500000000002,8.392960438016921
2361.0,2.360999999999997,8.389238797568801
2361.5,2.3614999999999995,8.391738797568813
2362.0,2.362000000000002,8.394238797568825
2362.5,2.362499999999997,8.390674816487618
2363.0,2.3629999999999995,8.39317481648763
2363.5,2.363500000000002,8.395674816487642
2364.0,2.363999999999997,8.392264063402237
2364.5,2.3644999999999996,8.39476406340225
2365.0,2.365000000000002,8.397264063402261
2365.5,2.3654999999999973,8.39396724317048
2366.0,2.3659999999999997,8.396467243170491
2366.5,2.366500000000002,8.398967243170503
2367.0,2.3669999999999973,8.395749765492901
2367.5,2.3674999999999997,8.398249765492913
2368.0,2.368000000000002,8.400749765492925
2368.5,2.3684999999999974,8.3975799193745
2369.0,2.3689999999999998,8.400079919374512
2369.5,2.369500000000002,8.402579919374524
2370.0,2.3699999999999974,8.399430280280669
2370.5,2.3705,8.40193028028068
2371.0,2.371000000000002,8.404430280280693
2371.5,2.3714999999999975,8.401279515514446
2372.0,2.372,8.403779515514458
2372.5,2.3725000000000023,8.40627951551447
2373.0,2.3729999999999976,8.403117414781534
2373.5,2.3735,8.405617414781545
2374.0,2.3740000000000023,8.408117414781557
2374.5,2.3744999999999976,8.404913684420023
2375.0,2.375,8.407413684420035
2375.5,2.3755000000000024,8.409913684420047
2376.0,2.3759999999999977,8.406667975346416
2376.5,2.3765,8.409167975346428
2377.0,2.3770000000000024,8.41166797534644
2377.5,2.3774999999999977,8.408394253427751
2378.0,2.378,8.410894253427763
2378.5,2.3785000000000025,8.413394253427775
2379.0,2.378999999999998,8.410092626986518
2379.5,2.3795,8.41259262698653
2380.0,2.3800000000000026,8.415092626986542
2380.5,2.380499999999998,8.411775702326842
2381.0,2.3810000000000002,8.414275702326854
2381.5,2.3815000000000026,8.416775702326866
2382.0,2.381999999999998,8.413458943075902
2382.5,2.3825000000000003,8.415958943075914
2383.0,2.3830000000000027,8.418458943075926
2383.5,2.383499999999998,8.415124756819985
2384.0,2.3840000000000003,8.417624756819997
2384.5,2.3845000000000027,8.420124756820009
2385.0,2.384999999999998,8.416778077205542
2385.5,2.3855000000000004,8.419278077205554
2386.0,2.386000000000003,8.421778077205566
2386.5,2.386499999999998,8.418418505321412
2387.0,2.3870000000000005,8.420918505321424
2387.5,2.387500000000003,8.423418505321436
2388.0,2.387999999999998,8.420043121795082
2388.5,2.3885000000000005,8.422543121795094
2389.0,2.389000000000003,8.425043121795106
2389.5,2.389499999999998,8.421677473491691
2390.0,2.3900000000000006,8.424177473491703
2390.5,2.390500000000003,8.426677473491715
2391.0,2.3909999999999982,8.423341836012064
2391.5,2.3915000000000006,8.425841836012076
2392.0,2.392000000000003,8.428341836012088
2392.5,2.3924999999999983,8.425055642625665
2393.0,2.3930000000000007,8.427555642625677
2393.5,2.393500000000003,8.430055642625689
2394.0,2.3939999999999984,8.426830869315793
2394.5,2.3945000000000007,8.429330869315805
2395.0,2.395000000000003,8.431830869315817
2395.5,2.3954999999999984,8.42865350354355
2396.0,2.396000000000001,8.431153503543563
2396.5,2.396500000000003,8.433653503543574
2397.0,2.3969999999999985,8.430488280564887
2397.5,2.397500000000001,8.4329882805649
2398.0,2.3980000000000032,8.435488280564911
2398.5,2.3984999999999985,8.432300429791475
2399.0,2.399000000000001,8.434800429791487
2399.5,2.3995000000000033,8.437300429791499
2400.0,2.3999999999999986,8.434042181232861
2400.5,2.400500000000001,8.436542181232873
2401.0,2.4010000000000034,8.439042181232885
2401.5,2.4014999999999986,8.435692683115334
2402.0,2.402000000000001,8.438192683115346
2402.5,2.4024999999999963,8.440692683115323
2403.0,2.4029999999999987,8.43722360567881
2403.5,2.403500000000001,8.439723605678822
2404.0,2.4040000000000035,8.442223605678834
2404.5,2.4044999999999987,8.438649998948549
2405.0,2.405000000000001,8.44114999894856
2405.5,2.4054999999999964,8.443649998948537
2406.0,2.405999999999999,8.439992474581608
2406.5,2.406500000000001,8.44249247458162
2407.0,2.4070000000000036,8.444992474581632
2407.5,2.407499999999999,8.441236217006036
2408.0,2.4080000000000013,8.443736217006048
2408.5,2.4084999999999965,8.446236217006025
2409.0,2.408999999999999,8.442401894396063
2409.5,2.4095000000000013,8.444901894396075
2410.0,2.4100000000000037,8.447401894396087
2410.5,2.410499999999999,8.44353074817608
2411.0,2.4110000000000014,8.446030748176092
2411.5,2.4114999999999966,8.448530748176069
2412.0,2.411999999999999,8.444649143084959
2412.5,2.4125000000000014,8.447149143084971
2413.0,2.413000000000004,8.449649143084983
2413.5,2.413499999999999,8.445794982854729
2414.0,2.4140000000000015,8.44829498285474
2414.5,2.4144999999999968,8.450794982854717
2415.0,2.414999999999999,8.446998079956103
2415.5,2.4155000000000015,8.449498079956115
2416.0,2.415999999999997,8.451998079956091
2416.5,2.416499999999999,8.454498079956103
2417.0,2.4170000000000016,8.450782934231711
2417.5,2.417499999999997,8.453282934231687
2418.0,2.4179999999999993,8.4557829342317
2418.5,2.4185000000000016,8.45215246133069
2419.0,2.418999999999997,8.454652461330667
2419.5,2.4194999999999993,8.45715246133068
2420.0,2.4200000000000017,8.453622623869421
2420.5,2.420499999999997,8.456122623869398
2421.0,2.4209999999999994,8.45862262386941
2421.5,2.4215000000000018,8.455202867336169
2422.0,2.421999999999997,8.457702867336145
2422.5,2.4224999999999994,8.460202867336157
2423.0,2.423000000000002,8.45689763976452
2423.5,2.423499999999997,8.459397639764497
2424.0,2.4239999999999995,8.461897639764508
2424.5,2.424500000000002,8.458703065573445
2425.0,2.424999999999997,8.461203065573422
2425.5,2.4254999999999995,8.463703065573434
2426.0,2.426000000000002,8.460580330475338
2426.5,2.426499999999997,8.463080330475314
2427.0,2.4269999999999996,8.465580330475326
2427.5,2.427500000000002,8.462492416373877
2428.0,2.4279999999999973,8.464992416373853
2428.5,2.4284999999999997,8.467492416373865
2429.0,2.429000000000002,8.464395115514094
2429.5,2.4294999999999973,8.46689511551407
2430.0,2.4299999999999997,8.469395115514082
2430.5,2.430500000000002,8.466272882216508
2431.0,2.4309999999999974,8.468772882216484
2431.5,2.4314999999999998,8.471272882216496
2432.0,2.432000000000002,8.468113406402189
2432.5,2.4324999999999974,8.470613406402165
2433.0,2.433,8.473113406402177
2433.5,2.433500000000002,8.469898765930566
2434.0,2.4339999999999975,8.472398765930542
2434.5,2.4345,8.474898765930554
2435.0,2.4350000000000023,8.471614588589311
2435.5,2.4354999999999976,8.474114588589288
2436.0,2.436,8.4766145885893
2436.5,2.4365000000000023,8.47326425286635
2437.0,2.4369999999999976,8.475764252866327
2437.5,2.4375,8.478264252866339
2438.0,2.4380000000000024,8.474825283593717
2438.5,2.4384999999999977,8.477325283593693
2439.0,2.439,8.479825283593705
2439.5,2.4395000000000024,8.476283889520175
2440.0,2.4399999999999977,8.478783889520152
2440.5,2.4405,8.481283889520164
2441.0,2.4410000000000025,8.477653672025305
2441.5,2.441499999999998,8.480153672025281
2442.0,2.442,8.482653672025293
2442.5,2.4425000000000026,8.478917480858925
2443.0,2.442999999999998,8.481417480858902
2443.5,2.4435000000000002,8.483917480858914
2444.0,2.4440000000000026,8.480062430996789
2444.5,2.444499999999998,8.482562430996765
2445.0,2.4450000000000003,8.485062430996777
2445.5,2.4455000000000027,8.481079421527404
2446.0,2.445999999999998,8.48357942152738
2446.5,2.4465000000000003,8.486079421527393
2447.0,2.4470000000000027,8.481997011106621
2447.5,2.447499999999998,8.484497011106598
2448.0,2.4480000000000004,8.48699701110661
2448.5,2.448500000000003,8.482857546987859
2449.0,2.448999999999998,8.485357546987835
2449.5,2.4495000000000005,8.487857546987847
2450.0,2.450000000000003,8.483678064573112
2450.5,2.450499999999998,8.486178064573089
2451.0,2.4510000000000005,8.4886780645731
2451.5,2.451500000000003,8.48448867311074
2452.0,2.451999999999998,8.486988673110716
2452.5,2.4525000000000006,8.489488673110728
2453.0,2.453000000000003,8.485272855584753
2453.5,2.4534999999999982,8.48777285558473
2454.0,2.4540000000000006,8.490272855584742
2454.5,2.454500000000003,8.486012761682424
2455.0,2.4549999999999983,8.4885127616824
2455.5,2.4555000000000007,8.491012761682413
2456.0,2.456000000000003,8.486686094767144
2456.5,2.4564999999999984,8.48918609476712
2457.0,2.4570000000000007,8.491686094767132
2457.5,2.457500000000003,8.487277629985357
2458.0,2.4579999999999984,8.489777629985333
2458.5,2.458500000000001,8.492277629985345
2459.0,2.459000000000003,8.487783458090199
2459.5,2.4594999999999985,8.490283458090175
2460.0,2.460000000000001,8.492783458090187
2460.5,2.4605000000000032,8.488212414185092
2461.0,2.4609999999999985,8.490712414185069
2461.5,2.461500000000001,8.49321241418508
2462.0,2.4620000000000033,8.488599422958174
2462.5,2.4624999999999986,8.49109942295815
2463.0,2.463000000000001,8.493599422958162
2463.5,2.4635000000000034,8.488986032005386
2464.0,2.4639999999999986,8.491486032005362
2464.5,2.464500000000001,8.493986032005374
2465.0,2.4649999999999963,8.489434200768358
2465.5,2.4654999999999987,8.49193420076837
2466.0,2.466000000000001,8.494434200768382
2466.5,2.4665000000000035,8.489967553457767
2467.0,2.4669999999999987,8.492467553457743
2467.5,2.467500000000001,8.494967553457755
2468.0,2.4679999999999964,8.490644641525478
2468.5,2.468499999999999,8.49314464152549
2469.0,2.469000000000001,8.495644641525502
2469.5,2.4695000000000036,8.491485588243854
2470.0,2.469999999999999,8.49398558824383
2470.5,2.4705000000000013,8.496485588243843
2471.0,2.4709999999999965,8.492495156577249
2471.5,2.471499999999999,8.49499515657726
2472.0,2.4720000000000013,8.497495156577273
2472.5,2.4725000000000037,8.493657863676063
2473.0,2.472999999999999,8.49615786367604
2473.5,2.4735000000000014,8.498657863676051
2474.0,2.4739999999999966,8.49495204681105
2474.5,2.474499999999999,8.497452046811063
2475.0,2.4750000000000014,8.499952046811075
2475.5,2.475500000000004,8.49635341646259
2476.0,2.475999999999999,8.498853416462566
2476.5,2.4765000000000015,8.501353416462578
2477.0,2.4769999999999968,8.497823468179853
2477.5,2.477499999999999,8.500323468179865
2478.0,2.4780000000000015,8.502823468179876
2478.5,2.478499999999997,8.49933177049877
2479.0,2.478999999999999,8.501831770498782
2479.5,2.4795000000000016,8.504331770498794
2480.0,2.479999999999997,8.500839216095493
2480.5,2.4804999999999993,8.503339216095505
2481.0,2.4810000000000016,8.505839216095517
2481.5,2.481499999999997,8.502301791621854
2482.0,2.4819999999999993,8.504801791621865
2482.5,2.4825000000000017,8.507301791621877
2483.0,2.482999999999997,8.503700330020898
2483.5,2.4834999999999994,8.50620033002091
2484.0,2.4840000000000018,8.508700330020922
2484.5,2.484499999999997,8.505024336853921
2485.0,2.4849999999999994,8.507524336853933
2485.5,2.485500000000002,8.510024336853945
2486.0,2.485999999999997,8.506257890461306
2486.5,2.4864999999999995,8.508757890461318
2487.0,2.487000000000002,8.51125789046133
2487.5,2.487499999999997,8.507387071435097
2488.0,2.4879999999999995,8.50988707143511
2488.5,2.488500000000002,8.512387071435121
2489.0,2.488999999999997,8.508437000436473
2489.5,2.4894999999999996,8.510937000436485
2490.0,2.490000000000002,8.513437000436497
2490.5,2.4904999999999973,8.509438231504767
2491.0,2.4909999999999997,8.511938231504779
2491.5,2.491500000000002,8.51443823150479
2492.0,2.4919999999999973,8.516938231504767
2492.5,2.4924999999999997,8.512929838924528
2493.0,2.493000000000002,8.51542983892454
2493.5,2.4934999999999974,8.517929838924516
2494.0,2.4939999999999998,8.51395471150056
2494.5,2.494500000000002,8.516454711500572
2495.0,2.4949999999999974,8.518954711500548
2495.5,2.4955,8.515075776195218
2496.0,2.496000000000002,8.51757577619523
2496.5,2.4964999999999975,8.520075776195206
2497.0,2.497,8.516363378436758
2497.5,2.4975000000000023,8.51886337843677
2498.0,2.4979999999999976,8.521363378436746
2498.5,2.4985,8.517862529665479
2499.0,2.4990000000000023,8.52036252966549
2499.5,2.4994999999999976,8.522862529665467
2500.0,2.5,8.51958737947971
2500.5,2.5005000000000024,8.522087379479721
2501.0,2.5009999999999977,8.524587379479698
2501.5,2.5015,8.521556064002205
2502.0,2.5020000000000024,8.524056064002217
2502.5,2.5024999999999977,8.526556064002193
2503.0,2.503,8.523772960031124
2503.5,2.5035000000000025,8.526272960031136
2504.0,2.503999999999998,8.528772960031112
2504.5,2.5045,8.52621924657818
2505.0,2.5050000000000026,8.528719246578191
2505.5,2.505499999999998,8.531219246578168
2506.0,2.5060000000000002,8.528845922370323
2506.5,2.5065000000000026,8.531345922370335
2507.0,2.506999999999998,8.533845922370311
2507.5,2.5075000000000003,8.531590445322479
2508.0,2.5080000000000027,8.53409044532249
2508.5,2.508499999999998,8.536590445322467
2509.0,2.5090000000000003,8.534416683903139
2509.5,2.5095000000000027,8.53691668390315
2510.0,2.509999999999998,8.539416683903127
2510.5,2.5105000000000004,8.537237608226853
2511.0,2.511000000000003,8.539737608226865
2511.5,2.511499999999998,8.542237608226841
2512.0,2.5120000000000005,8.539972678104384
2512.5,2.512500000000003,8.542472678104396
2513.0,2.512999999999998,8.544972678104372
2513.5,2.5135000000000005,8.542564771659293
2514.0,2.514000000000003,8.545064771659305
2514.5,2.514499999999998,8.547564771659282
2515.0,2.5150000000000006,8.5449635855095
2515.5,2.515500000000003,8.547463585509512
2516.0,2.5159999999999982,8.549963585509488
2516.5,2.5165000000000006,8.547134793054063
2517.0,2.517000000000003,8.549634793054075
2517.5,2.5174999999999983,8.552134793054051
2518.0,2.5180000000000007,8.54907593880263
2518.5,2.518500000000003,8.551575938802642
2519.0,2.5189999999999984,8.554075938802619
2519.5,2.5195000000000007,8.550801936482095
2520.0,2.520000000000003,8.553301936482107
2520.5,2.5204999999999984,8.555801936482084
2521.0,2.521000000000001,8.552337416527607
2521.5,2.521500000000003,8.554837416527619
2522.0,2.5219999999999985,8.557337416527595
2522.5,2.522500000000001,8.553724358347985
2523.0,2.5230000000000032,8.556224358347997
2523.5,2.5234999999999985,8.558724358347973
2524.0,2.524000000000001,8.554987671072851
2524.5,2.5245000000000033,8.557487671072863
2525.0,2.5249999999999986,8.55998767107284
2525.5,2.525500000000001,8.556181385710602
2526.0,2.5260000000000034,8.558681385710614
2526.5,2.5264999999999986,8.56118138571059
2527.0,2.527000000000001,8.55731686146747
2527.5,2.5274999999999963,8.559816861467446
2528.0,2.5279999999999987,8.562316861467458
2528.5,2.528500000000001,8.5584195176218
2529.0,2.5290000000000035,8.560919517621812
2529.5,2.5294999999999987,8.563419517621789
2530.0,2.530000000000001,8.559492822695951
2530.5,2.5304999999999964,8.561992822695927
2531.0,2.530999999999999,8.56449282269594
2531.5,2.531500000000001,8.560569124134467
2532.0,2.5320000000000036,8.56306912413448
2532.5,2.532499999999999,8.565569124134456
2533.0,2.5330000000000013,8.561661459458136
2533.5,2.5334999999999965,8.564161459458113
2534.0,2.533999999999999,8.566661459458125
2534.5,2.5345000000000013,8.562780193320911
2535.0,2.5350000000000037,8.565280193320923
2535.5,2.535499999999999,8.5677801933209
2536.0,2.5360000000000014,8.563924784363941
2536.5,2.5364999999999966,8.566424784363917
2537.0,2.536999999999999,8.56892478436393
2537.5,2.5375000000000014,8.565074251899993
2538.0,2.538000000000004,8.567574251900005
2538.5,2.538499999999999,8.570074251899982
2539.0,2.5390000000000015,8.566196710205922
2539.5,2.5394999999999968,8.568696710205899
2540.0,2.539999999999999,8.57119671020591
2540.5,2.5405000000000015,8.567256038473197
2541.0,2.540999999999997,8.569756038473173
2541.5,2.541499999999999,8.572256038473185
2542.0,2.5420000000000016,8.568224855294027
2542.5,2.542499999999997,8.570724855294003
2543.0,2.5429999999999993,8.573224855294015
2543.5,2.5435000000000016,8.56908036513623
2544.0,2.543999999999997,8.571580365136207
2544.5,2.5444999999999993,8.574080365136219
2545.0,2.5450000000000017,8.56984837727655
2545.5,2.545499999999997,8.572348377276526
2546.0,2.5459999999999994,8.574848377276538
2546.5,2.5465000000000018,8.57053907918587
2547.0,2.546999999999997,8.573039079185847
2547.5,2.5474999999999994,8.575539079185859
2548.0,2.548000000000002,8.571161125589768
2548.5,2.548499999999997,8.573661125589744
2549.0,2.5489999999999995,8.576161125589756
2549.5,2.549500000000002,8.571720672216863
2550.0,2.549999999999997,8.574220672216839
2550.5,2.5504999999999995,8.576720672216851
2551.0,2.551000000000002,8.572237223930834
2551.5,2.551499999999997,8.57473722393081
2552.0,2.5519999999999996,8.577237223930823
2552.5,2.552500000000002,8.572729635216305
2553.0,2.5529999999999973,8.575229635216282
2553.5,2.5534999999999997,8.577729635216294
2554.0,2.554000000000002,8.573210653795584
2554.5,2.5544999999999973,8.57571065379556
2555.0,2.5549999999999997,8.578210653795573
2555.5,2.555500000000002,8.573697896225134
2556.0,2.5559999999999974,8.57619789622511
2556.5,2.5564999999999998,8.578697896225123
2557.0,2.557000000000002,8.57419071905884
2557.5,2.5574999999999974,8.576690719058817
2558.0,2.558,8.579190719058829
2558.5,2.558500000000002,8.574701448278326
2559.0,2.5589999999999975,8.577201448278302
2559.5,2.5595,8.579701448278314
2560.0,2.5600000000000023,8.575239763975198
2560.5,2.5604999999999976,8.577739763975174
2561.0,2.561,8.580239763975186
2561.5,2.5615000000000023,8.57579835443012
2562.0,2.5619999999999976,8.578298354430096
2562.5,2.5625,8.580798354430108
2563.0,2.5630000000000024,8.576399037818412
2563.5,2.5634999999999977,8.578899037818388
2564.0,2.564,8.5813990378184
2564.5,2.5645000000000024,8.577067278716584
2565.0,2.5649999999999977,8.57956727871656
2565.5,2.5655,8.582067278716572
2566.0,2.5660000000000025,8.577800781418325
2566.5,2.566499999999998,8.580300781418302
2567.0,2.567,8.582800781418314
2567.5,2.5675000000000026,8.585300781418326
2568.0,2.567999999999998,8.581101831319202
2568.5,2.5685000000000002,8.583601831319214
2569.0,2.5690000000000026,8.586101831319226
2569.5,2.569499999999998,8.58194915767804
2570.0,2.5700000000000003,8.584449157678051
2570.5,2.5705000000000027,8.586949157678063
2571.0,2.570999999999998,8.582843105623859
2571.5,2.5715000000000003,8.58534310562387
2572.0,2.5720000000000027,8.587843105623882
2572.5,2.572499999999998,8.583786141023104
2573.0,2.5730000000000004,8.586286141023116
2573.5,2.573500000000003,8.588786141023128
2574.0,2.573999999999998,8.58478446090043
2574.5,2.5745000000000005,8.587284460900442
2575.0,2.575000000000003,8.589784460900454
2575.5,2.575499999999998,8.585843484591322
2576.0,2.5760000000000005,8.588343484591334
2576.5,2.576500000000003,8.590843484591346
2577.0,2.576999999999998,8.586944066085778
2577.5,2.5775000000000006,8.58944406608579
2578.0,2.578000000000003,8.591944066085802
2578.5,2.5784999999999982,8.588061435303302
2579.0,2.5790000000000006,8.590561435303314
2579.5,2.579500000000003,8.593061435303326
2580.0,2.5799999999999983,8.589176073581513
2580.5,2.5805000000000007,8.591676073581525
2581.0,2.581000000000003,8.594176073581536
2581.5,2.5814999999999984,8.590283951139313
2582.0,2.5820000000000007,8.592783951139324
2582.5,2.582500000000003,8.595283951139336
2583.0,2.5829999999999984,8.591373779154843
2583.5,2.583500000000001,8.593873779154855
2584.0,2.584000000000003,8.596373779154867
2584.5,2.5844999999999985,8.592421822064118
2585.0,2.585000000000001,8.59492182206413
2585.5,2.5855000000000032,8.597421822064142
2586.0,2.5859999999999985,8.593415944466578
2586.5,2.586500000000001,8.59591594446659
2587.0,2.5870000000000033,8.598415944466602
2587.5,2.5874999999999986,8.594376451908694
2588.0,2.588000000000001,8.596876451908706
2588.5,2.5885000000000034,8.599376451908718
2589.0,2.5889999999999986,8.595318953654072
2589.5,2.589500000000001,8.597818953654084
2590.0,2.5899999999999963,8.60031895365406
2590.5,2.5904999999999987,8.596248447053583
2591.0,2.591000000000001,8.598748447053595
2591.5,2.5915000000000035,8.601248447053607
2592.0,2.5919999999999987,8.597187238504489
2592.5,2.592500000000001,8.599687238504501
2593.0,2.5929999999999964,8.602187238504477
2593.5,2.593499999999999,8.598166327121497
2594.0,2.594000000000001,8.600666327121509
2594.5,2.5945000000000036,8.60316632712152
2595.0,2.594999999999999,8.599186460532486
2595.5,2.5955000000000013,8.601686460532498
2596.0,2.5959999999999965,8.604186460532475
2596.5,2.596499999999999,8.60024368556001
2597.0,2.5970000000000013,8.602743685560021
2597.5,2.5975000000000037,8.605243685560033
2598.0,2.597999999999999,8.601333074939141
2598.5,2.5985000000000014,8.603833074939153
2599.0,2.5989999999999966,8.60633307493913
2599.5,2.599499999999999,8.6024513555315
2600.0,2.6000000000000014,8.604951355531512
2600.5,2.600500000000004,8.607451355531524
2601.0,2.600999999999999,8.603601704552943
2601.5,2.6015000000000015,8.606101704552955
2602.0,2.6019999999999968,8.608601704552932
2602.5,2.602499999999999,8.604788669723789
2603.0,2.6030000000000015,8.6072886697238
2603.5,2.603499999999997,8.609788669723777
2604.0,2.603999999999999,8.605976851417054
2604.5,2.6045000000000016,8.608476851417066
2605.0,2.604999999999997,8.610976851417043
2605.5,2.6054999999999993,8.607141621212193
2606.0,2.6060000000000016,8.609641621212205
2606.5,2.606499999999997,8.612141621212182
2607.0,2.6069999999999993,8.60828529934036
2607.5,2.6075000000000017,8.610785299340371
2608.0,2.607999999999997,8.613285299340347
2608.5,2.6084999999999994,8.609404494117001
2609.0,2.6090000000000018,8.611904494117013
2609.5,2.609499999999997,8.61440449411699
2610.0,2.6099999999999994,8.610475383765213
2610.5,2.610500000000002,8.612975383765225
2611.0,2.610999999999997,8.615475383765201
2611.5,2.6114999999999995,8.611506538766136
2612.0,2.612000000000002,8.614006538766148
2612.5,2.612499999999997,8.616506538766124
2613.0,2.6129999999999995,8.612495621055167
2613.5,2.613500000000002,8.61499562105518
2614.0,2.613999999999997,8.617495621055156
2614.5,2.6144999999999996,8.613409723841876
2615.0,2.615000000000002,8.615909723841888
2615.5,2.6154999999999973,8.618409723841864
2616.0,2.6159999999999997,8.61421886625969
2616.5,2.616500000000002,8.616718866259703
2617.0,2.6169999999999973,8.61921886625968
2617.5,2.6174999999999997,8.61490123979113
2618.0,2.618000000000002,8.617401239791143
2618.5,2.6184999999999974,8.619901239791119
2619.0,2.6189999999999998,8.615455435162929
2619.5,2.619500000000002,8.61795543516294
2620.0,2.6199999999999974,8.620455435162917
2620.5,2.6205,8.615864314873676
2621.0,2.621000000000002,8.618364314873688
2621.5,2.6214999999999975,8.620864314873664
2622.0,2.622,8.616146319708164
2622.5,2.6225000000000023,8.618646319708176
2623.0,2.6229999999999976,8.621146319708153
2623.5,2.6235,8.616338291164602
2624.0,2.6240000000000023,8.618838291164614
2624.5,2.6244999999999976,8.62133829116459
2625.0,2.625,8.616471988423129
2625.5,2.6255000000000024,8.61897198842314
2626.0,2.6259999999999977,8.621471988423117
2626.5,2.6265,8.61656563682903
2627.0,2.6270000000000024,8.619065636829042
2627.5,2.6274999999999977,8.621565636829018
2628.0,2.628,8.61663443503847
2628.5,2.6285000000000025,8.619134435038482
2629.0,2.628999999999998,8.621634435038459
2629.5,2.6295,8.616696517898461
2630.0,2.6300000000000026,8.619196517898473
2630.5,2.630499999999998,8.62169651789845
2631.0,2.6310000000000002,8.616773765461083
2631.5,2.6315000000000026,8.619273765461095
2632.0,2.631999999999998,8.621773765461072
2632.5,2.6325000000000003,8.616890507235517
2633.0,2.6330000000000027,8.61939050723553
2633.5,2.633499999999998,8.621890507235506
2634.0,2.6340000000000003,8.617058085932783
2634.5,2.6345000000000027,8.619558085932795
2635.0,2.634999999999998,8.622058085932771
2635.5,2.6355000000000004,8.617290896490886
2636.0,2.636000000000003,8.619790896490898
2636.5,2.636499999999998,8.622290896490874
2637.0,2.6370000000000005,8.617611710374824
2637.5,2.637500000000003,8.620111710374836
2638.0,2.637999999999998,8.622611710374812
2638.5,2.6385000000000005,8.618044402287097
2639.0,2.639000000000003,8.62054440228711
2639.5,2.639499999999998,8.623044402287086
2640.0,2.6400000000000006,8.618598521419187
2640.5,2.640500000000003,8.6210985214192
2641.0,2.6409999999999982,8.623598521419176
2641.5,2.6415000000000006,8.619256265248723
2642.0,2.642000000000003,8.621756265248735
2642.5,2.6424999999999983,8.624256265248711
2643.0,2.6430000000000007,8.626756265248723
2643.5,2.643500000000003,8.622493520364998
2644.0,2.6439999999999984,8.624993520364974
2644.5,2.6445000000000007,8.627493520364986
2645.0,2.645000000000003,8.62329899379457
2645.5,2.6454999999999984,8.625798993794547
2646.0,2.646000000000001,8.628298993794559
2646.5,2.646500000000003,8.624146585507262
2647.0,2.6469999999999985,8.626646585507238
2647.5,2.647500000000001,8.62914658550725
2648.0,2.6480000000000032,8.62503039522533
2648.5,2.6484999999999985,8.627530395225307
2649.0,2.649000000000001,8.630030395225319
2649.5,2.6495000000000033,8.625933157198133
2650.0,2.6499999999999986,8.62843315719811
2650.5,2.650500000000001,8.630933157198122
2651.0,2.6510000000000034,8.62687227487303
2651.5,2.6514999999999986,8.629372274873006
2652.0,2.652000000000001,8.631872274873018
2652.5,2.6524999999999963,8.627866208344344
2653.0,2.6529999999999987,8.630366208344356
2653.5,2.653500000000001,8.632866208344367
2654.0,2.6540000000000035,8.628898522286654
2654.5,2.6544999999999987,8.63139852228663
2655.0,2.655000000000001,8.633898522286643
2655.5,2.6554999999999964,8.629956736657896
2656.0,2.655999999999999,8.632456736657907
2656.5,2.656500000000001,8.63495673665792
2657.0,2.6570000000000036,8.631037449589023
2657.5,2.657499999999999,8.633537449589
2658.0,2.6580000000000013,8.636037449589011
2658.5,2.6584999999999965,8.632115743609532
2659.0,2.658999999999999,8.634615743609544
2659.5,2.6595000000000013,8.637115743609556
2660.0,2.6600000000000037,8.633162906268517
2660.5,2.660499999999999,8.635662906268493
2661.0,2.6610000000000014,8.638162906268505
2661.5,2.6614999999999966,8.634161917321883
2662.0,2.661999999999999,8.636661917321895
2662.5,2.6625000000000014,8.639161917321907
2663.0,2.663000000000004,8.635100718928683
2663.5,2.663499999999999,8.63760071892866
2664.0,2.6640000000000015,8.640100718928672
2664.5,2.6644999999999968,8.635964775760492
2665.0,2.664999999999999,8.638464775760504
2665.5,2.6655000000000015,8.640964775760516
2666.0,2.665999999999997,8.636767480803975
2666.5,2.666499999999999,8.639267480803987
2667.0,2.6670000000000016,8.641767480803999
2667.5,2.667499999999997,8.637526456674749
2668.0,2.6679999999999993,8.64002645667476
2668.5,2.6685000000000016,8.642526456674773
2669.0,2.668999999999997,8.638254592820047
2669.5,2.6694999999999993,8.640754592820059
2670.0,2.6700000000000017,8.643254592820071
2670.5,2.670499999999997,8.638954723331729
2671.0,2.6709999999999994,8.64145472333174
2671.5,2.6715000000000018,8.643954723331753
2672.0,2.671999999999997,8.639624391021137
2672.5,2.6724999999999994,8.642124391021149
2673.0,2.673000000000002,8.64462439102116
2673.5,2.673499999999997,8.640273760376047
2674.0,2.6739999999999995,8.642773760376059
2674.5,2.674500000000002,8.645273760376071
2675.0,2.674999999999997,8.640864866200424
2675.5,2.6754999999999995,8.643364866200436
2676.0,2.676000000000002,8.645864866200448
2676.5,2.676499999999997,8.641379198338157
2677.0,2.6769999999999996,8.643879198338169
2677.5,2.677500000000002,8.646379198338181
2678.0,2.6779999999999973,8.641809744698534
2678.5,2.6784999999999997,8.644309744698546
2679.0,2.679000000000002,8.646809744698558
2679.5,2.6794999999999973,8.642160988076242
2680.0,2.6799999999999997,8.644660988076254
2680.5,2.680500000000002,8.647160988076266
2681.0,2.6809999999999974,8.642449361938986
2681.5,2.6814999999999998,8.644949361938998
2682.0,2.682000000000002,8.64744936193901
2682.5,2.6824999999999974,8.642686021881083
2683.0,2.683,8.645186021881095
2683.5,2.683500000000002,8.647686021881107
2684.0,2.6839999999999975,8.642885783772094
2684.5,2.6845,8.645385783772106
2685.0,2.6850000000000023,8.647885783772118
2685.5,2.6854999999999976,8.643049281968729
2686.0,2.686,8.64554928196874
2686.5,2.6865000000000023,8.648049281968753
2687.0,2.6869999999999976,8.643190265514384
2687.5,2.6875,8.645690265514396
2688.0,2.6880000000000024,8.648190265514408
2688.5,2.6884999999999977,8.643303744899136
2689.0,2.689,8.645803744899148
2689.5,2.6895000000000024,8.64830374489916
2690.0,2.6899999999999977,8.64337529283965
2690.5,2.6905,8.645875292839662
2691.0,2.6910000000000025,8.648375292839674
2691.5,2.691499999999998,8.643398262879138
2692.0,2.692,8.64589826287915
2692.5,2.6925000000000026,8.648398262879162
2693.0,2.692999999999998,8.643394062521352
2693.5,2.6935000000000002,8.645894062521364
2694.0,2.6940000000000026,8.648394062521376
2694.5,2.694499999999998,8.643364828503337
2695.0,2.6950000000000003,8.645864828503349
2695.5,2.6955000000000027,8.648364828503361
2696.0,2.695999999999998,8.643321631366696
2696.5,2.6965000000000003,8.645821631366708
2697.0,2.6970000000000027,8.64832163136672
2697.5,2.697499999999998,8.643262276047814
2698.0,2.6980000000000004,8.645762276047826
2698.5,2.698500000000003,8.648262276047838
2699.0,2.698999999999998,8.643175477043101
2699.5,2.6995000000000005,8.645675477043113
2700.0,2.700000000000003,8.648175477043125
2700.5,2.700499999999998,8.643054256804596
2701.0,2.7010000000000005,8.645554256804608
2701.5,2.701500000000003,8.64805425680462
2702.0,2.701999999999998,8.64289122163239
2702.5,2.7025000000000006,8.645391221632401
2703.0,2.703000000000003,8.647891221632413
2703.5,2.7034999999999982,8.642693951420952
2704.0,2.7040000000000006,8.645193951420964
2704.5,2.704500000000003,8.647693951420976
2705.0,2.7049999999999983,8.64246264348008
2705.5,2.7055000000000007,8.644962643480092
2706.0,2.706000000000003,8.647462643480104
2706.5,2.7064999999999984,8.642188613623851
2707.0,2.7070000000000007,8.644688613623863
2707.5,2.707500000000003,8.647188613623875
2708.0,2.7079999999999984,8.641866566072913
2708.5,2.708500000000001,8.644366566072925
2709.0,2.709000000000003,8.646866566072937
2709.5,2.7094999999999985,8.641498672397425
2710.0,2.710000000000001,8.643998672397437
2710.5,2.7105000000000032,8.646498672397449
2711.0,2.7109999999999985,8.641077611190298
2711.5,2.711500000000001,8.64357761119031
2712.0,2.7120000000000033,8.646077611190321
2712.5,2.7124999999999986,8.640609308950609
2713.0,2.713000000000001,8.64310930895062
2713.5,2.7135000000000034,8.645609308950633
2714.0,2.7139999999999986,8.640096434927607
2714.5,2.714500000000001,8.642596434927619
2715.0,2.7149999999999963,8.645096434927595
2715.5,2.7154999999999987,8.63958674807293
2716.0,2.716000000000001,8.642086748072941
2716.5,2.7165000000000035,8.644586748072953
2717.0,2.7169999999999987,8.639113072716889
2717.5,2.717500000000001,8.6416130727169
2718.0,2.7179999999999964,8.644113072716877
2718.5,2.718499999999999,8.646613072716889
2719.0,2.719000000000001,8.641198295847836
2719.5,2.7195000000000036,8.643698295847848
2720.0,2.719999999999999,8.646198295847825
2720.5,2.7205000000000013,8.640882517538842
2721.0,2.7209999999999965,8.643382517538818
2721.5,2.721499999999999,8.64588251753883
2722.0,2.7220000000000013,8.640697478278305
2722.5,2.7225000000000037,8.643197478278317
2723.0,2.722999999999999,8.645697478278294
2723.5,2.7235000000000014,8.640667766849432
2724.0,2.7239999999999966,8.643167766849409
2724.5,2.724499999999999,8.64566776684942
2725.0,2.7250000000000014,8.640818777630699
2725.5,2.725500000000004,8.64331877763071
2726.0,2.725999999999999,8.645818777630687
2726.5,2.7265000000000015,8.641152241887085
2727.0,2.7269999999999968,8.643652241887061
2727.5,2.727499999999999,8.646152241887073
2728.0,2.7280000000000015,8.641658853239562
2728.5,2.728499999999997,8.644158853239539
2729.0,2.728999999999999,8.64665885323955
2729.5,2.7295000000000016,8.642302647169906
2730.0,2.729999999999997,8.644802647169882
2730.5,2.7304999999999993,8.647302647169894
2731.0,2.7310000000000016,8.643048791990111
2731.5,2.731499999999997,8.645548791990088
2732.0,2.7319999999999993,8.6480487919901
2732.5,2.7325000000000017,8.643849685887908
2733.0,2.732999999999997,8.646349685887884
2733.5,2.7334999999999994,8.648849685887896
2734.0,2.7340000000000018,8.644666413394901
2734.5,2.734499999999997,8.647166413394878
2735.0,2.7349999999999994,8.64966641339489
2735.5,2.735500000000002,8.645458359371503
2736.0,2.735999999999997,8.64795835937148
2736.5,2.7364999999999995,8.650458359371491
2737.0,2.737000000000002,8.646196131221053
2737.5,2.737499999999997,8.64869613122103
2738.0,2.7379999999999995,8.651196131221042
2738.5,2.738500000000002,8.646865954769076
2739.0,2.738999999999997,8.649365954769053
2739.5,2.7394999999999996,8.651865954769065
2740.0,2.740000000000002,8.647487909904896
2740.5,2.7404999999999973,8.649987909904873
2741.0,2.7409999999999997,8.652487909904885
2741.5,2.741500000000002,8.648057250129817
2742.0,2.7419999999999973,8.650557250129793
2742.5,2.7424999999999997,8.653057250129805
2743.0,2.743000000000002,8.648578507354472
2743.5,2.7434999999999974,8.651078507354448
2744.0,2.7439999999999998,8.65357850735446
2744.5,2.744500000000002,8.649079111171503
2745.0,2.7449999999999974,8.651579111171479
2745.5,2.7455,8.654079111171491
2746.0,2.746000000000002,8.649557212509187
2746.5,2.7464999999999975,8.652057212509163
2747.0,2.747,8.654557212509175
2747.5,2.7475000000000023,8.65002303671389
2748.0,2.7479999999999976,8.652523036713866
2748.5,2.7485,8.655023036713878
2749.0,2.7490000000000023,8.650513467697643
2749.5,2.7494999999999976,8.653013467697619
2750.0,2.75,8.65551346769763
2750.5,2.7505000000000024,8.651063983694236
2751.0,2.7509999999999977,8.653563983694212
2751.5,2.7515,8.656063983694224
2752.0,2.7520000000000024,8.651713890057593
2752.5,2.7524999999999977,8.65421389005757
2753.0,2.753,8.656713890057581
2753.5,2.7535000000000025,8.65250758915014
2754.0,2.753999999999998,8.655007589150117
2754.5,2.7545,8.657507589150129
2755.0,2.7550000000000026,8.653489422556433
2755.5,2.755499999999998,8.65598942255641
2756.0,2.7560000000000002,8.658489422556421
2756.5,2.7565000000000026,8.654659275190042
2757.0,2.756999999999998,8.657159275190018
2757.5,2.7575000000000003,8.65965927519003
2758.0,2.7580000000000027,8.656006814205597
2758.5,2.758499999999998,8.658506814205573
2759.0,2.7590000000000003,8.661006814205585
2759.5,2.7595000000000027,8.65749539345142
2760.0,2.759999999999998,8.659995393451396
2760.5,2.7605000000000004,8.662495393451408
2761.0,2.761000000000003,8.6590617642144
2761.5,2.761499999999998,8.661561764214376
2762.0,2.7620000000000005,8.664061764214388
2762.5,2.762500000000003,8.660641015200277
2763.0,2.762999999999998,8.663141015200253
2763.5,2.7635000000000005,8.665641015200265
2764.0,2.764000000000003,8.662146672731303
2764.5,2.764499999999998,8.66464667273128
2765.0,2.7650000000000006,8.667146672731292
2765.5,2.765500000000003,8.66353720954109
2766.0,2.7659999999999982,8.666037209541066
2766.5,2.7665000000000006,8.668537209541078
2767.0,2.767000000000003,8.664761322929628
2767.5,2.7674999999999983,8.667261322929605
2768.0,2.7680000000000007,8.669761322929617
2768.5,2.768500000000003,8.66577207106694
2769.0,2.7689999999999984,8.668272071066916
2769.5,2.7695000000000007,8.670772071066928
2770.0,2.770000000000003,8.66655444359683
2770.5,2.7704999999999984,8.669054443596806
2771.0,2.771000000000001,8.671554443596818
2771.5,2.771500000000003,8.667122252618995
2772.0,2.7719999999999985,8.669622252618971
2772.5,2.772500000000001,8.672122252618983
2773.0,2.7730000000000032,8.667501829724031
2773.5,2.7734999999999985,8.670001829724008
2774.0,2.774000000000001,8.67250182972402
2774.5,2.7745000000000033,8.667707605786603
2775.0,2.7749999999999986,8.67020760578658
2775.5,2.775500000000001,8.672707605786592
2776.0,2.7760000000000034,8.667790296197388
2776.5,2.7764999999999986,8.670290296197365
2777.0,2.777000000000001,8.672790296197377
2777.5,2.7774999999999963,8.667782542980014
2778.0,2.7779999999999987,8.670282542980026
2778.5,2.778500000000001,8.672782542980038
2779.0,2.7790000000000035,8.667723131191991
2779.5,2.7794999999999987,8.670223131191968
2780.0,2.780000000000001,8.67272313119198
2780.5,2.7804999999999964,8.667623872672152
2781.0,2.780999999999999,8.670123872672164
2781.5,2.781500000000001,8.672623872672176
2782.0,2.7820000000000036,8.667487959786442
2782.5,2.782499999999999,8.669987959786418
2783.0,2.7830000000000013,8.67248795978643
2783.5,2.7834999999999965,8.667324861217658
2784.0,2.783999999999999,8.66982486121767
2784.5,2.7845000000000013,8.672324861217682
2785.0,2.7850000000000037,8.66717719743896
2785.5,2.785499999999999,8.669677197438936
2786.0,2.7860000000000014,8.672177197438948
2786.5,2.7864999999999966,8.667081202068339
2787.0,2.786999999999999,8.66958120206835
2787.5,2.7875000000000014,8.672081202068362
2788.0,2.788000000000004,8.667065552752682
2788.5,2.788499999999999,8.669565552752658
2789.0,2.7890000000000015,8.67206555275267
2789.5,2.7894999999999968,8.66715996908443
2790.0,2.789999999999999,8.669659969084442
2790.5,2.7905000000000015,8.672159969084454
2791.0,2.790999999999997,8.667378595264914
2791.5,2.791499999999999,8.669878595264926
2792.0,2.7920000000000016,8.672378595264938
2792.5,2.792499999999997,8.667730352789675
2793.0,2.7929999999999993,8.670230352789687
2793.5,2.7935000000000016,8.6727303527897
2794.0,2.793999999999997,8.675230352789676
2794.5,2.7944999999999993,8.670705258488383
2795.0,2.7950000000000017,8.673205258488395
2795.5,2.795499999999997,8.675705258488371
2796.0,2.7959999999999994,8.671273530035783
2796.5,2.7965000000000018,8.673773530035795
2797.0,2.796999999999997,8.676273530035772
2797.5,2.7974999999999994,8.671902473203374
2798.0,2.798000000000002,8.674402473203386
2798.5,2.798499999999997,8.676902473203363
2799.0,2.7989999999999995,8.67255691918988
2799.5,2.799500000000002,8.675056919189892
2800.0,2.799999999999997,8.677556919189868
2800.5,2.8004999999999995,8.67320985889485
2801.0,2.801000000000002,8.675709858894862
2801.5,2.801499999999997,8.678209858894839
2802.0,2.8019999999999996,8.673838699380276
2802.5,2.802500000000002,8.676338699380288
2803.0,2.8029999999999973,8.678838699380265
2803.5,2.8034999999999997,8.674464807040074
2804.0,2.804000000000002,8.676964807040086
2804.5,2.8044999999999973,8.679464807040063
2805.0,2.8049999999999997,8.675109920115176
2805.5,2.805500000000002,8.677609920115188
2806.0,2.8059999999999974,8.680109920115164
2806.5,2.8064999999999998,8.675808455708953
2807.0,2.807000000000002,8.678308455708965
2807.5,2.8074999999999974,8.680808455708942
2808.0,2.808,8.676589015643863
2808.5,2.808500000000002,8.679089015643875
2809.0,2.8089999999999975,8.681589015643851
2809.5,2.8095,8.677460622222668
2810.0,2.8100000000000023,8.67996062222268
2810.5,2.8104999999999976,8.682460622222656
2811.0,2.811,8.678409888037564
2811.5,2.8115000000000023,8.680909888037576
2812.0,2.8119999999999976,8.683409888037552
2812.5,2.8125,8.679424535010867
2813.0,2.8130000000000024,8.681924535010879
2813.5,2.8134999999999977,8.684424535010855
2814.0,2.814,8.680474008104184
2814.5,2.8145000000000024,8.682974008104196
2815.0,2.8149999999999977,8.685474008104173
2815.5,2.8155,8.681545038395662
2816.0,2.8160000000000025,8.684045038395674
2816.5,2.816499999999998,8.68654503839565
2817.0,2.817,8.682637668479849
2817.5,2.8175000000000026,8.685137668479861
2818.0,2.817999999999998,8.687637668479837
2818.5,2.8185000000000002,8.683745877814388
2819.0,2.8190000000000026,8.6862458778144
2819.5,2.819499999999998,8.688745877814377
2820.0,2.8200000000000003,8.684860540389181
2820.5,2.8205000000000027,8.687360540389193
2821.0,2.820999999999998,8.68986054038917
2821.5,2.8215000000000003,8.685981551545936
2822.0,2.8220000000000027,8.688481551545948
2822.5,2.822499999999998,8.690981551545924
2823.0,2.8230000000000004,8.6870854318909
2823.5,2.823500000000003,8.689585431890912
2824.0,2.823999999999998,8.692085431890888
2824.5,2.8245000000000005,8.68814167135394
2825.0,2.825000000000003,8.690641671353951
2825.5,2.825499999999998,8.693141671353928
2826.0,2.8260000000000005,8.68915200216719
2826.5,2.826500000000003,8.691652002167203
2827.0,2.826999999999998,8.69415200216718
2827.5,2.8275000000000006,8.690099190750757
2828.0,2.828000000000003,8.69259919075077
2828.5,2.8284999999999982,8.695099190750746
2829.0,2.8290000000000006,8.690976675110456
2829.5,2.829500000000003,8.693476675110468
2830.0,2.8299999999999983,8.695976675110444
2830.5,2.8305000000000007,8.69179615472639
2831.0,2.831000000000003,8.694296154726402
2831.5,2.8314999999999984,8.696796154726378
2832.0,2.8320000000000007,8.692578966771727
2832.5,2.832500000000003,8.695078966771739
2833.0,2.8329999999999984,8.697578966771715
2833.5,2.833500000000001,8.693332626695138
2834.0,2.834000000000003,8.69583262669515
2834.5,2.8344999999999985,8.698332626695127
2835.0,2.835000000000001,8.6940657194517
2835.5,2.8355000000000032,8.696565719451712
2836.0,2.8359999999999985,8.699065719451688
2836.5,2.836500000000001,8.694772579641032
2837.0,2.8370000000000033,8.697272579641044
2837.5,2.8374999999999986,8.69977257964102
2838.0,2.838000000000001,8.695444168965274
2838.5,2.8385000000000034,8.697944168965286
2839.0,2.8389999999999986,8.700444168965262
2839.5,2.839500000000001,8.696089676081264
2840.0,2.8399999999999963,8.698589676081241
2840.5,2.8404999999999987,8.701089676081253
2841.0,2.841000000000001,8.696725169097128
2841.5,2.8415000000000035,8.69922516909714
2842.0,2.8419999999999987,8.701725169097116
2842.5,2.842500000000001,8.697344629291344
2843.0,2.8429999999999964,8.69984462929132
2843.5,2.843499999999999,8.702344629291332
2844.0,2.844000000000001,8.697923621005543
2844.5,2.8445000000000036,8.700423621005555
2845.0,2.844999999999999,8.702923621005532
2845.5,2.8455000000000013,8.698453195232503
2846.0,2.8459999999999965,8.70095319523248
2846.5,2.846499999999999,8.703453195232491
2847.0,2.8470000000000013,8.698914775570259
2847.5,2.8475000000000037,8.70141477557027
2848.0,2.847999999999999,8.703914775570247
2848.5,2.8485000000000014,8.699300998786441
2849.0,2.8489999999999966,8.701800998786418
2849.5,2.849499999999999,8.70430099878643
2850.0,2.8500000000000014,8.699573606325437
2850.5,2.850500000000004,8.702073606325449
2851.0,2.850999999999999,8.704573606325425
2851.5,2.8515000000000015,8.699720064627101
2852.0,2.8519999999999968,8.702220064627078
2852.5,2.852499999999999,8.70472006462709
2853.0,2.8530000000000015,8.699733770475007
2853.5,2.853499999999997,8.702233770474983
2854.0,2.853999999999999,8.704733770474995
2854.5,2.8545000000000016,8.699634090812296
2855.0,2.854999999999997,8.702134090812272
2855.5,2.8554999999999993,8.704634090812284
2856.0,2.8560000000000016,8.699459601168726
2856.5,2.856499999999997,8.701959601168703
2857.0,2.8569999999999993,8.704459601168715
2857.5,2.8575000000000017,8.699238847304471
2858.0,2.857999999999997,8.701738847304448
2858.5,2.8584999999999994,8.70423884730446
2859.0,2.8590000000000018,8.698993123790402
2859.5,2.859499999999997,8.701493123790378
2860.0,2.8599999999999994,8.70399312379039
2860.5,2.860500000000002,8.698724038439707
2861.0,2.860999999999997,8.701224038439683
2861.5,2.8614999999999995,8.703724038439695
2862.0,2.862000000000002,8.698450237761328
2862.5,2.862499999999997,8.700950237761305
2863.0,2.8629999999999995,8.703450237761317
2863.5,2.863500000000002,8.698199820193793
2864.0,2.863999999999997,8.700699820193769
2864.5,2.8644999999999996,8.703199820193781
2865.0,2.865000000000002,8.698008280876124
2865.5,2.8654999999999973,8.7005082808761
2866.0,2.8659999999999997,8.703008280876112
2866.5,2.866500000000002,8.697925512835099
2867.0,2.8669999999999973,8.700425512835075
2867.5,2.8674999999999997,8.702925512835087
2868.0,2.868000000000002,8.697961081054473
2868.5,2.8684999999999974,8.70046108105445
2869.0,2.8689999999999998,8.702961081054461
2869.5,2.869500000000002,8.705461081054473
2870.0,2.8699999999999974,8.70062300228767
2870.5,2.8705,8.703123002287683
2871.0,2.871000000000002,8.705623002287695
2871.5,2.8714999999999975,8.700891047757722
2872.0,2.872,8.703391047757734
2872.5,2.8725000000000023,8.705891047757746
2873.0,2.8729999999999976,8.701250317214821
2873.5,2.8735,8.703750317214833
2874.0,2.8740000000000023,8.706250317214845
2874.5,2.8744999999999976,8.701665284164761
2875.0,2.875,8.704165284164773
2875.5,2.8755000000000024,8.706665284164785
2876.0,2.8759999999999977,8.702115003630055
2876.5,2.8765,8.704615003630067
2877.0,2.8770000000000024,8.70711500363008
2877.5,2.8774999999999977,8.702571771356169
2878.0,2.878,8.705071771356181
2878.5,2.8785000000000025,8.707571771356193
2879.0,2.878999999999998,8.703014993365521
2879.5,2.8795,8.705514993365533
2880.0,2.8800000000000026,8.708014993365545
2880.5,2.880499999999998,8.703414086040908
2881.0,2.8810000000000002,8.70591408604092
2881.5,2.8815000000000026,8.708414086040932
2882.0,2.881999999999998,8.703745270842234
2882.5,2.8825000000000003,8.706245270842246
2883.0,2.8830000000000027,8.708745270842257
2883.5,2.883499999999998,8.703998106140354
2884.0,2.8840000000000003,8.706498106140366
2884.5,2.8845000000000027,8.708998106140378
2885.0,2.884999999999998,8.704182643087321
2885.5,2.8855000000000004,8.706682643087333
2886.0,2.886000000000003,8.709182643087345
2886.5,2.886499999999998,8.704319011067234
2887.0,2.8870000000000005,8.706819011067246
2887.5,2.887500000000003,8.709319011067258
2888.0,2.887999999999998,8.704415712381142
2888.5,2.8885000000000005,8.706915712381154
2889.0,2.889000000000003,8.709415712381166
2889.5,2.889499999999998,8.704499509470587
2890.0,2.8900000000000006,8.706999509470599
2890.5,2.890500000000003,8.70949950947061
2891.0,2.8909999999999982,8.704601645771106
2891.5,2.8915000000000006,8.707101645771118
2892.0,2.892000000000003,8.70960164577113
2892.5,2.8924999999999983,8.704733335333437
2893.0,2.8930000000000007,8.707233335333449
2893.5,2.893500000000003,8.70973333533346
2894.0,2.8939999999999984,8.70491272187131
2894.5,2.8945000000000007,8.707412721871322
2895.0,2.895000000000003,8.709912721871333
2895.5,2.8954999999999984,8.705163202765931
2896.0,2.896000000000001,8.707663202765943
2896.5,2.896500000000003,8.710163202765955
2897.0,2.8969999999999985,8.70549151929719
2897.5,2.897500000000001,8.707991519297202
2898.0,2.8980000000000032,8.710491519297214
2898.5,2.8984999999999985,8.70590808542186
2899.0,2.899000000000001,8.708408085421873
2899.5,2.8995000000000033,8.710908085421885
2900.0,2.8999999999999986,8.70638583892461
2900.5,2.900500000000001,8.708885838924623
2901.0,2.9010000000000034,8.711385838924635
2901.5,2.9014999999999986,8.706910079122459
2902.0,2.902000000000001,8.70941007912247
2902.5,2.9024999999999963,8.711910079122447
2903.0,2.9029999999999987,8.707465094280131
2903.5,2.903500000000001,8.709965094280143
2904.0,2.9040000000000035,8.712465094280155
2904.5,2.9044999999999987,8.708009251902453
2905.0,2.905000000000001,8.710509251902465
2905.5,2.9054999999999964,8.713009251902442
2906.0,2.905999999999999,8.708501579818204
2906.5,2.906500000000001,8.711001579818216
2907.0,2.9070000000000036,8.713501579818228
2907.5,2.907499999999999,8.708921689715403
2908.0,2.9080000000000013,8.711421689715415
2908.5,2.9084999999999965,8.713921689715391
2909.0,2.908999999999999,8.709242975355167
2909.5,2.9095000000000013,8.711742975355179
2910.0,2.9100000000000037,8.71424297535519
2910.5,2.910499999999999,8.709422881531381
2911.0,2.9110000000000014,8.711922881531393
2911.5,2.9114999999999966,8.71442288153137
2912.0,2.911999999999999,8.709449384520553
2912.5,2.9125000000000014,8.711949384520565
2913.0,2.913000000000004,8.714449384520577
2913.5,2.913499999999999,8.709335198139385
2914.0,2.9140000000000015,8.711835198139397
2914.5,2.9144999999999968,8.714335198139374
2915.0,2.914999999999999,8.709093660450726
2915.5,2.9155000000000015,8.711593660450738
2916.0,2.915999999999997,8.714093660450715
2916.5,2.916499999999999,8.708748622807967
2917.0,2.9170000000000016,8.711248622807979
2917.5,2.917499999999997,8.713748622807955
2918.0,2.9179999999999993,8.70833208958075
2918.5,2.9185000000000016,8.710832089580762
2919.0,2.918999999999997,8.713332089580739
2919.5,2.9194999999999993,8.707894718270985
2920.0,2.9200000000000017,8.710394718270997
2920.5,2.920499999999997,8.712894718270974
2921.0,2.9209999999999994,8.707505694455762
2921.5,2.9215000000000018,8.710005694455774
2922.0,2.921999999999997,8.71250569445575
2922.5,2.9224999999999994,8.70721997601894
2923.0,2.923000000000002,8.709719976018953
2923.5,2.923499999999997,8.712219976018929
2924.0,2.9239999999999995,8.707061121651698
2924.5,2.924500000000002,8.70956112165171
2925.0,2.924999999999997,8.712061121651686
2925.5,2.9254999999999995,8.707053347972149
2926.0,2.926000000000002,8.709553347972161
2926.5,2.926499999999997,8.712053347972137
2927.0,2.9269999999999996,8.707204224994278
2927.5,2.927500000000002,8.70970422499429
2928.0,2.9279999999999973,8.712204224994267
2928.5,2.9284999999999997,8.707513773936348
2929.0,2.929000000000002,8.71001377393636
2929.5,2.9294999999999973,8.712513773936337
2930.0,2.9299999999999997,8.70795243519968
2930.5,2.930500000000002,8.710452435199691
2931.0,2.9309999999999974,8.712952435199668
2931.5,2.9314999999999998,8.708506544487733
2932.0,2.932000000000002,8.711006544487745
2932.5,2.9324999999999974,8.713506544487721
2933.0,2.933,8.709157664293237
2933.5,2.933500000000002,8.711657664293249
2934.0,2.9339999999999975,8.714157664293225
2934.5,2.9345,8.709863703287404
2935.0,2.9350000000000023,8.712363703287416
2935.5,2.9354999999999976,8.714863703287392
2936.0,2.936,8.710583902434337
2936.5,2.9365000000000023,8.713083902434349
2937.0,2.9369999999999976,8.715583902434325
2937.5,2.9375,8.711251993392963
2938.0,2.9380000000000024,8.713751993392975
2938.5,2.9384999999999977,8.716251993392952
2939.0,2.939,8.711844729101301
2939.5,2.9395000000000024,8.714344729101313
2940.0,2.9399999999999977,8.71684472910129
2940.5,2.9405,8.712307709518896
2941.0,2.9410000000000025,8.714807709518908
2941.5,2.941499999999998,8.717307709518884
2942.0,2.942,8.712605875867077
2942.5,2.9425000000000026,8.715105875867089
2943.0,2.942999999999998,8.717605875867065
2943.5,2.9435000000000002,8.71275338141718
2944.0,2.9440000000000026,8.715253381417192
2944.5,2.944499999999998,8.717753381417168
2945.0,2.9450000000000003,8.72025338141718
2945.5,2.9455000000000027,8.71527099725828
2946.0,2.945999999999998,8.717770997258256
2946.5,2.9465000000000003,8.720270997258268
2947.0,2.9470000000000027,8.715191770381452
2947.5,2.947499999999998,8.717691770381428
2948.0,2.9480000000000004,8.72019177038144
2948.5,2.948500000000003,8.7150448681437
2949.0,2.948999999999998,8.717544868143676
2949.5,2.9495000000000005,8.720044868143688
2950.0,2.950000000000003,8.714859275898021
2950.5,2.950499999999998,8.717359275897998
2951.0,2.9510000000000005,8.71985927589801
2951.5,2.951500000000003,8.714652467031954
2952.0,2.951999999999998,8.71715246703193
2952.5,2.9525000000000006,8.719652467031942
2953.0,2.953000000000003,8.714438147692611
2953.5,2.9534999999999982,8.716938147692588
2954.0,2.9540000000000006,8.7194381476926
2954.5,2.954500000000003,8.714232376223059
2955.0,2.9549999999999983,8.716732376223035
2955.5,2.9555000000000007,8.719232376223047
2956.0,2.956000000000003,8.714066801522868
2956.5,2.9564999999999984,8.716566801522845
2957.0,2.9570000000000007,8.719066801522857
2957.5,2.957500000000003,8.713967632906119
2958.0,2.9579999999999984,8.716467632906095
2958.5,2.958500000000001,8.718967632906107
2959.0,2.959000000000003,8.713965854699488
2959.5,2.9594999999999985,8.716465854699464
2960.0,2.960000000000001,8.718965854699476
2960.5,2.9605000000000032,8.71409067922336
2961.0,2.9609999999999985,8.716590679223337
2961.5,2.961500000000001,8.71909067922335
2962.0,2.9620000000000033,8.714375623839672
2962.5,2.9624999999999986,8.716875623839648
2963.0,2.963000000000001,8.71937562383966
2963.5,2.9635000000000034,8.714832598129512
2964.0,2.9639999999999986,8.717332598129488
2964.5,2.964500000000001,8.7198325981295
2965.0,2.9649999999999963,8.715441834643975
2965.5,2.9654999999999987,8.717941834643987
2966.0,2.966000000000001,8.720441834644
2966.5,2.9665000000000035,8.71616893544605
2967.0,2.9669999999999987,8.718668935446026
2967.5,2.967500000000001,8.721168935446038
2968.0,2.9679999999999964,8.71695679086745
2968.5,2.968499999999999,8.719456790867461
2969.0,2.969000000000001,8.721956790867473
2969.5,2.9695000000000036,8.71774528232141
2970.0,2.969999999999999,8.720245282321386
2970.5,2.9705000000000013,8.722745282321398
2971.0,2.9709999999999965,8.718488656662693
2971.5,2.971499999999999,8.720988656662705
2972.0,2.9720000000000013,8.723488656662717
2972.5,2.9725000000000037,8.719148294640853
2973.0,2.972999999999999,8.72164829464083
2973.5,2.9735000000000014,8.724148294640841
2974.0,2.9739999999999966,8.719722194636006
2974.5,2.974499999999999,8.722222194636018
2975.0,2.9750000000000014,8.72472219463603
2975.5,2.975500000000004,8.72019987409935
2976.0,2.975999999999999,8.722699874099327
2976.5,2.9765000000000015,8.725199874099339
2977.0,2.9769999999999968,8.720588319915699
2977.5,2.977499999999999,8.72308831991571
2978.0,2.9780000000000015,8.725588319915722
2978.5,2.978499999999997,8.720901624341764
2979.0,2.978999999999999,8.723401624341776
2979.5,2.9795000000000016,8.725901624341788
2980.0,2.979999999999997,8.72115336534609
2980.5,2.9804999999999993,8.723653365346102
2981.0,2.9810000000000016,8.726153365346114
2981.5,2.981499999999997,8.721345702639596
2982.0,2.9819999999999993,8.723845702639608
2982.5,2.9825000000000017,8.72634570263962
2983.0,2.982999999999997,8.721464936057899
2983.5,2.9834999999999994,8.72396493605791
2984.0,2.9840000000000018,8.726464936057923
2984.5,2.984499999999997,8.721516754349636
2985.0,2.9849999999999994,8.724016754349648
2985.5,2.985500000000002,8.72651675434966
2986.0,2.985999999999997,8.721500662885227
2986.5,2.9864999999999995,8.724000662885238
2987.0,2.987000000000002,8.72650066288525
2987.5,2.987499999999997,8.721396452077741
2988.0,2.9879999999999995,8.723896452077753
2988.5,2.988500000000002,8.726396452077765
2989.0,2.988999999999997,8.721207652860024
2989.5,2.9894999999999996,8.723707652860035
2990.0,2.990000000000002,8.726207652860047
2990.5,2.9904999999999973,8.720968667270697
2991.0,2.9909999999999997,8.723468667270708
2991.5,2.991500000000002,8.72596866727072
2992.0,2.9919999999999973,8.720718114264407
2992.5,2.9924999999999997,8.72321811426442
2993.0,2.993000000000002,8.725718114264431
2993.5,2.9934999999999974,8.720503128791215
2994.0,2.9939999999999998,8.723003128791227
2994.5,2.994500000000002,8.725503128791239
2995.0,2.9949999999999974,8.720340786192473
2995.5,2.9955,8.722840786192485
2996.0,2.996000000000002,8.725340786192497
2996.5,2.9964999999999975,8.720252470781347
2997.0,2.997,8.722752470781359
2997.5,2.9975000000000023,8.72525247078137
2998.0,2.9979999999999976,8.720236926444223
2998.5,2.9985,8.722736926444234
2999.0,2.9990000000000023,8.725236926444246
2999.5,2.9994999999999976,8.720277931328475
3000.0,3.0,8.722777931328487
3000.5,3.0005000000000024,8.725277931328499
3001.0,3.0009999999999977,8.720352067326296
3001.5,3.0015,8.722852067326308
3002.0,3.0020000000000024,8.72535206732632
3002.5,3.0024999999999977,8.72043870954819
3003.0,3.003,8.722938709548202
3003.5,3.0035000000000025,8.725438709548214
3004.0,3.003999999999998,8.720538358746488
3004.5,3.0045,8.7230383587465
3005.0,3.0050000000000026,8.725538358746512
3005.5,3.005499999999998,8.720618168011676
3006.0,3.0060000000000002,8.723118168011688
3006.5,3.0065000000000026,8.7256181680117
3007.0,3.006999999999998,8.720647085564721
3007.5,3.0075000000000003,8.723147085564733
3008.0,3.0080000000000027,8.725647085564745
3008.5,3.008499999999998,8.720608330200399
3009.0,3.0090000000000003,8.72310833020041
3009.5,3.0095000000000027,8.725608330200423
3010.0,3.009999999999998,8.720491467298999
3010.5,3.0105000000000004,8.72299146729901
3011.0,3.011000000000003,8.725491467299022
3011.5,3.011499999999998,8.72027653033971
3012.0,3.0120000000000005,8.722776530339722
3012.5,3.012500000000003,8.725276530339734
3013.0,3.012999999999998,8.71994899732801
3013.5,3.0135000000000005,8.722448997328023
3014.0,3.014000000000003,8.724948997328035
3014.5,3.014499999999998,8.71950087464704
3015.0,3.0150000000000006,8.722000874647051
3015.5,3.015500000000003,8.724500874647063
3016.0,3.0159999999999982,8.718923844089943
3016.5,3.0165000000000006,8.721423844089955
3017.0,3.017000000000003,8.723923844089967
3017.5,3.0174999999999983,8.718229596550522
3018.0,3.0180000000000007,8.720729596550534
3018.5,3.018500000000003,8.723229596550546
3019.0,3.0189999999999984,8.71743149940503
3019.5,3.0195000000000007,8.719931499405043
3020.0,3.020000000000003,8.722431499405054
3020.5,3.0204999999999984,8.72493149940503
3021.0,3.021000000000001,8.719057177379526
3021.5,3.021500000000003,8.721557177379538
3022.0,3.0219999999999985,8.724057177379514
3022.5,3.022500000000001,8.718159948328648
3023.0,3.0230000000000032,8.72065994832866
3023.5,3.0234999999999985,8.723159948328636
3024.0,3.024000000000001,8.717270398811472
3024.5,3.0245000000000033,8.719770398811484
3025.0,3.0249999999999986,8.72227039881146
3025.5,3.025500000000001,8.716426196057121
3026.0,3.0260000000000034,8.718926196057133
3026.5,3.0264999999999986,8.72142619605711
3027.0,3.027000000000001,8.715644875459603
3027.5,3.0274999999999963,8.71814487545958
3028.0,3.0279999999999987,8.720644875459591
3028.5,3.028500000000001,8.714936365618762
3029.0,3.0290000000000035,8.717436365618774
3029.5,3.0294999999999987,8.71993636561875
3030.0,3.030000000000001,8.714306511412104
3030.5,3.0304999999999964,8.71680651141208
3031.0,3.030999999999999,8.719306511412093
3031.5,3.031500000000001,8.713771864317188
3032.0,3.0320000000000036,8.7162718643172
3032.5,3.032499999999999,8.718771864317176
3033.0,3.0330000000000013,8.713340285325302
3033.5,3.0334999999999965,8.715840285325278
3034.0,3.033999999999999,8.71834028532529
3034.5,3.0345000000000013,8.713002065157092
3035.0,3.0350000000000037,8.715502065157104
3035.5,3.035499999999999,8.71800206515708
3036.0,3.0360000000000014,8.712735351550478
3036.5,3.0364999999999966,8.715235351550454
3037.0,3.036999999999999,8.717735351550466
3037.5,3.0375000000000014,8.712517806600992
3038.0,3.038000000000004,8.715017806601004
3038.5,3.038499999999999,8.71751780660098
3039.0,3.0390000000000015,8.712321920978638
3039.5,3.0394999999999968,8.714821920978615
3040.0,3.039999999999999,8.717321920978627
3040.5,3.0405000000000015,8.712139477244634
3041.0,3.040999999999997,8.71463947724461
3041.5,3.041499999999999,8.717139477244622
3042.0,3.0420000000000016,8.711947701689589
3042.5,3.042499999999997,8.714447701689565
3043.0,3.0429999999999993,8.716947701689577
3043.5,3.0435000000000016,8.711766277476478
3044.0,3.043999999999997,8.714266277476455
3044.5,3.0444999999999993,8.716766277476466
3045.0,3.0450000000000017,8.711598442600952
3045.5,3.045499999999997,8.714098442600928
3046.0,3.0459999999999994,8.71659844260094
3046.5,3.0465000000000018,8.71145895098163
3047.0,3.046999999999997,8.713958950981606
3047.5,3.0474999999999994,8.716458950981618
3048.0,3.048000000000002,8.71135790478327
3048.5,3.048499999999997,8.713857904783247
3049.0,3.0489999999999995,8.716357904783258
3049.5,3.049500000000002,8.711302496753532
3050.0,3.049999999999997,8.713802496753509
3050.5,3.0504999999999995,8.71630249675352
3051.0,3.051000000000002,8.711285487517912
3051.5,3.051499999999997,8.713785487517889
3052.0,3.0519999999999996,8.7162854875179
3052.5,3.052500000000002,8.711303276367985
3053.0,3.0529999999999973,8.713803276367962
3053.5,3.0534999999999997,8.716303276367974
3054.0,3.054000000000002,8.71133798990435
3054.5,3.0544999999999973,8.713837989904327
3055.0,3.0549999999999997,8.71633798990434
3055.5,3.055500000000002,8.711345739914584
3056.0,3.0559999999999974,8.71384573991456
3056.5,3.0564999999999998,8.716345739914573
3057.0,3.057000000000002,8.711316282390591
3057.5,3.0574999999999974,8.713816282390567
3058.0,3.058,8.71631628239058
3058.5,3.058500000000002,8.711272798075598
3059.0,3.0589999999999975,8.713772798075574
3059.5,3.0595,8.716272798075586
3060.0,3.0600000000000023,8.711231027549928
3060.5,3.0604999999999976,8.713731027549905
3061.0,3.061,8.716231027549917
3061.5,3.0615000000000023,8.711223100883458
3062.0,3.0619999999999976,8.713723100883435
3062.5,3.0625,8.716223100883447
3063.0,3.0630000000000024,8.711264363867741
3063.5,3.0634999999999977,8.713764363867718
3064.0,3.064,8.71626436386773
3064.5,3.0645000000000024,8.711346541893015
3065.0,3.0649999999999977,8.713846541892991
3065.5,3.0655,8.716346541893003
3066.0,3.0660000000000025,8.711455881683143
3066.5,3.066499999999998,8.71395588168312
3067.0,3.067,8.716455881683132
3067.5,3.0675000000000026,8.71155697619674
3068.0,3.067999999999998,8.714056976196716
3068.5,3.0685000000000002,8.716556976196728
3069.0,3.0690000000000026,8.71162865536757
3069.5,3.069499999999998,8.714128655367546
3070.0,3.0700000000000003,8.716628655367558
3070.5,3.0705000000000027,8.711646383006446
3071.0,3.070999999999998,8.714146383006423
3071.5,3.0715000000000003,8.716646383006434
3072.0,3.0720000000000027,8.711600907531576
3072.5,3.072499999999998,8.714100907531552
3073.0,3.0730000000000004,8.716600907531564
3073.5,3.073500000000003,8.711511280959598
3074.0,3.073999999999998,8.714011280959575
3074.5,3.0745000000000005,8.716511280959587
3075.0,3.075000000000003,8.71138877143352
3075.5,3.075499999999998,8.713888771433496
3076.0,3.0760000000000005,8.716388771433508
3076.5,3.076500000000003,8.711285333563339
3077.0,3.076999999999998,8.713785333563315
3077.5,3.0775000000000006,8.716285333563327
3078.0,3.078000000000003,8.711245790480362
3078.5,3.0784999999999982,8.713745790480338
3079.0,3.0790000000000006,8.71624579048035
3079.5,3.079500000000003,8.711317283665174
3080.0,3.0799999999999983,8.71381728366515
3080.5,3.0805000000000007,8.716317283665163
3081.0,3.081000000000003,8.711511580039968
3081.5,3.0814999999999984,8.714011580039944
3082.0,3.0820000000000007,8.716511580039956
3082.5,3.082500000000003,8.711819600478172
3083.0,3.0829999999999984,8.714319600478149
3083.5,3.083500000000001,8.71681960047816
3084.0,3.084000000000003,8.71219666922741
3084.5,3.0844999999999985,8.714696669227386
3085.0,3.085000000000001,8.717196669227398
3085.5,3.0855000000000032,8.712604074365942
3086.0,3.0859999999999985,8.715104074365918
3086.5,3.086500000000001,8.71760407436593
3087.0,3.0870000000000033,8.713015346672996
3087.5,3.0874999999999986,8.715515346672973
3088.0,3.088000000000001,8.718015346672985
3088.5,3.0885000000000034,8.713413583329803
3089.0,3.0889999999999986,8.71591358332978
3089.5,3.089500000000001,8.718413583329792
3090.0,3.0899999999999963,8.713795744287083
3090.5,3.0904999999999987,8.716295744287095
3091.0,3.091000000000001,8.718795744287107
3091.5,3.0915000000000035,8.714131586725564
3092.0,3.0919999999999987,8.71663158672554
3092.5,3.092500000000001,8.719131586725553
3093.0,3.0929999999999964,8.714409397020688
3093.5,3.093499999999999,8.7169093970207
3094.0,3.094000000000001,8.719409397020712
3094.5,3.0945000000000036,8.714600511975306
3095.0,3.094999999999999,8.717100511975282
3095.5,3.0955000000000013,8.719600511975294
3096.0,3.0959999999999965,8.72210051197527
3096.5,3.096499999999999,8.717177022648954
3097.0,3.0970000000000013,8.719677022648966
3097.5,3.0975000000000037,8.722177022648978
3098.0,3.097999999999999,8.717117552392004
3098.5,3.0985000000000014,8.719617552392016
3099.0,3.0989999999999966,8.722117552391992
3099.5,3.099499999999999,8.716889990838048
3100.0,3.1000000000000014,8.71938999083806
3100.5,3.100500000000004,8.721889990838072
3101.0,3.100999999999999,8.716477466536539
3101.5,3.1015000000000015,8.71897746653655
3102.0,3.1019999999999968,8.721477466536527
3102.5,3.102499999999999,8.715864975052234
3103.0,3.1030000000000015,8.718364975052246
3103.5,3.103499999999997,8.720864975052223
3104.0,3.103999999999999,8.715059043177718
3104.5,3.1045000000000016,8.71755904317773
3105.0,3.104999999999997,8.720059043177706
3105.5,3.1054999999999993,8.714057104563153
3106.0,3.1060000000000016,8.716557104563165
3106.5,3.106499999999997,8.719057104563142
3107.0,3.1069999999999993,8.712886133869233
3107.5,3.1075000000000017,8.715386133869245
3108.0,3.107999999999997,8.717886133869222
3108.5,3.1084999999999994,8.711606881917362
3109.0,3.1090000000000018,8.714106881917374
3109.5,3.109499999999997,8.71660688191735
3110.0,3.1099999999999994,8.710270743460917
3110.5,3.110500000000002,8.71277074346093
3111.0,3.110999999999997,8.715270743460906
3111.5,3.1114999999999995,8.708933799901608
3112.0,3.112000000000002,8.71143379990162
3112.5,3.112499999999997,8.713933799901596
3113.0,3.1129999999999995,8.70764014205939
3113.5,3.113500000000002,8.710140142059402
3114.0,3.113999999999997,8.712640142059378
3114.5,3.1144999999999996,8.706446871445905
3115.0,3.115000000000002,8.708946871445917
3115.5,3.1154999999999973,8.711446871445894
3116.0,3.1159999999999997,8.705410274502654
3116.5,3.116500000000002,8.707910274502666
3117.0,3.1169999999999973,8.710410274502642
3117.5,3.1174999999999997,8.704541500282374
3118.0,3.118000000000002,8.707041500282386
3118.5,3.1184999999999974,8.709541500282363
3119.0,3.1189999999999998,8.703846143076355
3119.5,3.119500000000002,8.706346143076367
3120.0,3.1199999999999974,8.708846143076343
3120.5,3.1205,8.703309865394857
3121.0,3.121000000000002,8.705809865394869
3121.5,3.1214999999999975,8.708309865394845
3122.0,3.122,8.70290322594041
3122.5,3.1225000000000023,8.705403225940422
3123.0,3.1229999999999976,8.707903225940399
3123.5,3.1235,8.702573187031462
3124.0,3.1240000000000023,8.705073187031473
3124.5,3.1244999999999976,8.70757318703145
3125.0,3.125,8.702282522659637
3125.5,3.1255000000000024,8.704782522659649
3126.0,3.1259999999999977,8.707282522659625
3126.5,3.1265,8.70199099055224
3127.0,3.1270000000000024,8.704490990552252
3127.5,3.1274999999999977,8.706990990552228
3128.0,3.128,8.701670915878736
3128.5,3.1285000000000025,8.704170915878748
3129.0,3.128999999999998,8.706670915878725
3129.5,3.1295,8.701291851957826
3130.0,3.1300000000000026,8.703791851957838
3130.5,3.130499999999998,8.706291851957815
3131.0,3.1310000000000002,8.700846269791569
3131.5,3.1315000000000026,8.70334626979158
3132.0,3.131999999999998,8.705846269791557
3132.5,3.1325000000000003,8.700314966300269
3133.0,3.1330000000000027,8.70281496630028
3133.5,3.133499999999998,8.705314966300257
3134.0,3.1340000000000003,8.699691135489829
3134.5,3.1345000000000027,8.70219113548984
3135.0,3.134999999999998,8.704691135489817
3135.5,3.1355000000000004,8.698998735222752
3136.0,3.136000000000003,8.701498735222764
3136.5,3.136499999999998,8.70399873522274
3137.0,3.1370000000000005,8.698264006113412
3137.5,3.137500000000003,8.700764006113424
3138.0,3.137999999999998,8.7032640061134
3138.5,3.1385000000000005,8.697506083495696
3139.0,3.139000000000003,8.700006083495708
3139.5,3.139499999999998,8.702506083495685
3140.0,3.1400000000000006,8.696703750022579
3140.5,3.140500000000003,8.69920375002259
3141.0,3.1409999999999982,8.701703750022567
3141.5,3.1415000000000006,8.695877222536552
3142.0,3.142000000000003,8.698377222536564
3142.5,3.1424999999999983,8.70087722253654
3143.0,3.1430000000000007,8.695067546606055
3143.5,3.143500000000003,8.697567546606066
3144.0,3.1439999999999984,8.700067546606043
3144.5,3.1445000000000007,8.694299534779262
3145.0,3.145000000000003,8.696799534779274
3145.5,3.1454999999999984,8.69929953477925
3146.0,3.146000000000001,8.693610001066894
3146.5,3.146500000000003,8.696110001066906
3147.0,3.1469999999999985,8.698610001066882
3147.5,3.147500000000001,8.69300301366863
3148.0,3.1480000000000032,8.695503013668642
3148.5,3.1484999999999985,8.698003013668618
3149.0,3.149000000000001,8.692472610249062
3149.5,3.1495000000000033,8.694972610249074
3150.0,3.1499999999999986,8.69747261024905
3150.5,3.150500000000001,8.692026524422971
3151.0,3.1510000000000034,8.694526524422983
3151.5,3.1514999999999986,8.69702652442296
3152.0,3.152000000000001,8.691672345730588
3152.5,3.1524999999999963,8.694172345730564
3153.0,3.1529999999999987,8.696672345730576
3153.5,3.153500000000001,8.691398001688277
3154.0,3.1540000000000035,8.69389800168829
3154.5,3.1544999999999987,8.696398001688266
3155.0,3.155000000000001,8.691175904104469
3155.5,3.1554999999999964,8.693675904104445
3156.0,3.155999999999999,8.696175904104457
3156.5,3.156500000000001,8.690980465629963
3157.0,3.1570000000000036,8.693480465629975
3157.5,3.157499999999999,8.695980465629951
3158.0,3.1580000000000013,8.690760458909068
3158.5,3.1584999999999965,8.693260458909045
3159.0,3.158999999999999,8.695760458909056
3159.5,3.1595000000000013,8.690482425833714
3160.0,3.1600000000000037,8.692982425833726
3160.5,3.160499999999999,8.695482425833703
3161.0,3.1610000000000014,8.690130306410602
3161.5,3.1614999999999966,8.692630306410578
3162.0,3.161999999999999,8.69513030641059
3162.5,3.1625000000000014,8.68969661053562
3163.0,3.163000000000004,8.692196610535632
3163.5,3.163499999999999,8.694696610535608
3164.0,3.1640000000000015,8.689193981733645
3164.5,3.1644999999999968,8.691693981733621
3165.0,3.164999999999999,8.694193981733633
3165.5,3.1655000000000015,8.688632344994751
3166.0,3.165999999999997,8.691132344994728
3166.5,3.166499999999999,8.69363234499474
3167.0,3.1670000000000016,8.688023672668095
3167.5,3.167499999999997,8.690523672668071
3168.0,3.1679999999999993,8.693023672668083
3168.5,3.1685000000000016,8.687373194423493
3169.0,3.168999999999997,8.68987319442347
3169.5,3.1694999999999993,8.692373194423482
3170.0,3.1700000000000017,8.686655931713645
3170.5,3.170499999999997,8.689155931713621
3171.0,3.1709999999999994,8.691655931713633
3171.5,3.1715000000000018,8.694155931713645
3172.0,3.171999999999997,8.688385771724363
3172.5,3.1724999999999994,8.690885771724375
3173.0,3.173000000000002,8.693385771724387
3173.5,3.173499999999997,8.6876018292228
3174.0,3.1739999999999995,8.690101829222812
3174.5,3.174500000000002,8.692601829222824
3175.0,3.174999999999997,8.686809008571572
3175.5,3.1754999999999995,8.689309008571584
3176.0,3.176000000000002,8.691809008571596
3176.5,3.176499999999997,8.685995391463557
3177.0,3.1769999999999996,8.688495391463569
3177.5,3.177500000000002,8.69099539146358
3178.0,3.1779999999999973,8.685148447654392
3178.5,3.1784999999999997,8.687648447654404
3179.0,3.179000000000002,8.690148447654416
3179.5,3.1794999999999973,8.68426237409384
3180.0,3.1799999999999997,8.686762374093853
3180.5,3.180500000000002,8.689262374093865
3181.0,3.1809999999999974,8.68333626450358
3181.5,3.1814999999999998,8.685836264503592
3182.0,3.182000000000002,8.688336264503604
3182.5,3.1824999999999974,8.682353225706727
3183.0,3.183,8.684853225706739
3183.5,3.183500000000002,8.687353225706751
3184.0,3.1839999999999975,8.681297419020346
3184.5,3.1845,8.683797419020358
3185.0,3.1850000000000023,8.68629741902037
3185.5,3.1854999999999976,8.680190873033204
3186.0,3.186,8.682690873033216
3186.5,3.1865000000000023,8.685190873033228
3187.0,3.1869999999999976,8.679055548568115
3187.5,3.1875,8.681555548568127
3188.0,3.1880000000000024,8.68405554856814
3188.5,3.1884999999999977,8.677916370001313
3189.0,3.189,8.680416370001325
3189.5,3.1895000000000024,8.682916370001337
3190.0,3.1899999999999977,8.67678372479574
3190.5,3.1905,8.679283724795752
3191.0,3.1910000000000025,8.681783724795764
3191.5,3.191499999999998,8.675665126353174
3192.0,3.192,8.678165126353186
3192.5,3.1925000000000026,8.680665126353198
3193.0,3.192999999999998,8.674562579933216
3193.5,3.1935000000000002,8.677062579933228
3194.0,3.1940000000000026,8.67956257993324
3194.5,3.194499999999998,8.673447420463631
3195.0,3.1950000000000003,8.675947420463643
3195.5,3.1955000000000027,8.678447420463655
3196.0,3.195999999999998,8.67228607782252
3196.5,3.1965000000000003,8.674786077822532
3197.0,3.1970000000000027,8.677286077822544
3197.5,3.197499999999998,8.67106165813155
3198.0,3.1980000000000004,8.673561658131561
3198.5,3.198500000000003,8.676061658131573
3199.0,3.198999999999998,8.66976544951708
3199.5,3.1995000000000005,8.672265449517091
3200.0,3.200000000000003,8.674765449517103
3200.5,3.200499999999998,8.668385673145451
3201.0,3.2010000000000005,8.670885673145463
3201.5,3.201500000000003,8.673385673145475
3202.0,3.201999999999998,8.666928623936272
3202.5,3.2025000000000006,8.669428623936284
3203.0,3.203000000000003,8.671928623936296
3203.5,3.2034999999999982,8.665433370546083
3204.0,3.2040000000000006,8.667933370546095
3204.5,3.204500000000003,8.670433370546107
3205.0,3.2049999999999983,8.663928724564016
3205.5,3.2055000000000007,8.666428724564028
3206.0,3.206000000000003,8.66892872456404
3206.5,3.2064999999999984,8.662409967530955
3207.0,3.2070000000000007,8.664909967530967
3207.5,3.207500000000003,8.667409967530979
3208.0,3.2079999999999984,8.660888507699305
3208.5,3.208500000000001,8.663388507699317
3209.0,3.209000000000003,8.665888507699329
3209.5,3.2094999999999985,8.659368312691171
3210.0,3.210000000000001,8.661868312691183
3210.5,3.2105000000000032,8.664368312691195
3211.0,3.2109999999999985,8.6578615273827
3211.5,3.211500000000001,8.660361527382712
3212.0,3.2120000000000033,8.662861527382724
3212.5,3.2124999999999986,8.656386716620013
3213.0,3.213000000000001,8.658886716620025
3213.5,3.2135000000000034,8.661386716620036
3214.0,3.2139999999999986,8.654951784452436
3214.5,3.214500000000001,8.657451784452448
3215.0,3.2149999999999963,8.659951784452424
3215.5,3.2154999999999987,8.65360238854425
3216.0,3.216000000000001,8.656102388544262
3216.5,3.2165000000000035,8.658602388544274
3217.0,3.2169999999999987,8.65238476126681
3217.5,3.217500000000001,8.654884761266821
3218.0,3.2179999999999964,8.657384761266798
3218.5,3.218499999999999,8.65132817439708
3219.0,3.219000000000001,8.653828174397091
3219.5,3.2195000000000036,8.656328174397103
3220.0,3.219999999999999,8.65047716974729
3220.5,3.2205000000000013,8.652977169747302
3221.0,3.2209999999999965,8.655477169747279
3221.5,3.221499999999999,8.649834311496996
3222.0,3.2220000000000013,8.652334311497007
3222.5,3.2225000000000037,8.65483431149702
3223.0,3.222999999999999,8.649380046521458
3223.5,3.2235000000000014,8.65188004652147
3224.0,3.2239999999999966,8.654380046521446
3224.5,3.224499999999999,8.64908507645275
3225.0,3.2250000000000014,8.651585076452761
3225.5,3.225500000000004,8.654085076452773
3226.0,3.225999999999999,8.648886464671364
3226.5,3.2265000000000015,8.651386464671376
3227.0,3.2269999999999968,8.653886464671352
3227.5,3.227499999999999,8.64869573553257
3228.0,3.2280000000000015,8.651195735532582
3228.5,3.228499999999997,8.653695735532558
3229.0,3.228999999999999,8.64846761728554
3229.5,3.2295000000000016,8.650967617285552
3230.0,3.229999999999997,8.653467617285528
3230.5,3.2304999999999993,8.648160987775775
3231.0,3.2310000000000016,8.650660987775787
3231.5,3.231499999999997,8.653160987775763
3232.0,3.2319999999999993,8.64774042345811
3232.5,3.2325000000000017,8.650240423458122
3233.0,3.232999999999997,8.652740423458098
3233.5,3.2334999999999994,8.647194096352742
3234.0,3.2340000000000018,8.649694096352754
3234.5,3.234499999999997,8.65219409635273
3235.0,3.2349999999999994,8.646511565052748
3235.5,3.235500000000002,8.64901156505276
3236.0,3.235999999999997,8.651511565052736
3236.5,3.2364999999999995,8.645697783263806
3237.0,3.237000000000002,8.648197783263818
3237.5,3.237499999999997,8.650697783263794
3238.0,3.2379999999999995,8.644759374891535
3238.5,3.238500000000002,8.647259374891547
3239.0,3.238999999999997,8.649759374891524
3239.5,3.2394999999999996,8.643684304957624
3240.0,3.240000000000002,8.646184304957636
3240.5,3.2404999999999973,8.648684304957612
3241.0,3.2409999999999997,8.64249753915999
3241.5,3.241500000000002,8.644997539160002
3242.0,3.2419999999999973,8.647497539159978
3242.5,3.2424999999999997,8.641228968739263
3243.0,3.243000000000002,8.643728968739275
3243.5,3.2434999999999974,8.646228968739251
3244.0,3.2439999999999998,8.639903516268106
3244.5,3.244500000000002,8.642403516268118
3245.0,3.2449999999999974,8.644903516268094
3245.5,3.2455,8.638556523999874
3246.0,3.246000000000002,8.641056523999886
3246.5,3.2464999999999975,8.643556523999862
3247.0,3.247,8.646056523999874
3247.5,3.2475000000000023,8.639725574108965
3248.0,3.2479999999999976,8.642225574108942
3248.5,3.2485,8.644725574108953
3249.0,3.2490000000000023,8.638473866881036
3249.5,3.2494999999999976,8.640973866881012
3250.0,3.25,8.643473866881024
3250.5,3.2505000000000024,8.637332273856408
3251.0,3.2509999999999977,8.639832273856385
3251.5,3.2515,8.642332273856397
3252.0,3.2520000000000024,8.636320807804907
3252.5,3.2524999999999977,8.638820807804883
3253.0,3.253,8.641320807804895
3253.5,3.2535000000000025,8.63542524488821
3254.0,3.253999999999998,8.637925244888187
3254.5,3.2545,8.640425244888199
3255.0,3.2550000000000026,8.634619337246008
3255.5,3.255499999999998,8.637119337245984
3256.0,3.2560000000000002,8.639619337245996
3256.5,3.2565000000000026,8.63385754737088
3257.0,3.256999999999998,8.636357547370856
3257.5,3.2575000000000003,8.638857547370868
3258.0,3.2580000000000027,8.63310706597428
3258.5,3.258499999999998,8.635607065974256
3259.0,3.2590000000000003,8.638107065974268
3259.5,3.2595000000000027,8.632349834946744
3260.0,3.259999999999998,8.63484983494672
3260.5,3.2605000000000004,8.637349834946733
3261.0,3.261000000000003,8.631556543419059
3261.5,3.261499999999998,8.634056543419035
3262.0,3.2620000000000005,8.636556543419047
3262.5,3.262500000000003,8.630689804582836
3263.0,3.262999999999998,8.633189804582813
3263.5,3.2635000000000005,8.635689804582825
3264.0,3.264000000000003,8.629717811895006
3264.5,3.264499999999998,8.632217811894982
3265.0,3.2650000000000006,8.634717811894994
3265.5,3.265500000000003,8.628626452357189
3266.0,3.2659999999999982,8.631126452357165
3266.5,3.2665000000000006,8.633626452357177
3267.0,3.267000000000003,8.627390071666774
3267.5,3.2674999999999983,8.62989007166675
3268.0,3.2680000000000007,8.632390071666762
3268.5,3.268500000000003,8.625995916482943
3269.0,3.2689999999999984,8.628495916482919
3269.5,3.2695000000000007,8.63099591648293
3270.0,3.270000000000003,8.624416735336489
3270.5,3.2704999999999984,8.626916735336465
3271.0,3.271000000000001,8.629416735336477
3271.5,3.271500000000003,8.62264611995414
3272.0,3.2719999999999985,8.625146119954117
3272.5,3.272500000000001,8.627646119954129
3273.0,3.2730000000000032,8.620670223426323
3273.5,3.2734999999999985,8.6231702234263
3274.0,3.274000000000001,8.625670223426312
3274.5,3.2745000000000033,8.618510217190014
3275.0,3.2749999999999986,8.62101021718999
3275.5,3.275500000000001,8.623510217190002
3276.0,3.2760000000000034,8.61617957658364
3276.5,3.2764999999999986,8.618679576583617
3277.0,3.277000000000001,8.621179576583629
3277.5,3.2774999999999963,8.613709795785098
3278.0,3.2779999999999987,8.61620979578511
3278.5,3.278500000000001,8.618709795785122
3279.0,3.2790000000000035,8.611137186672195
3279.5,3.2794999999999987,8.613637186672172
3280.0,3.280000000000001,8.616137186672184
3280.5,3.2804999999999964,8.608505903344792
3281.0,3.280999999999999,8.611005903344804
3281.5,3.281500000000001,8.613505903344816
3282.0,3.2820000000000036,8.605868582240817
3282.5,3.282499999999999,8.608368582240793
3283.0,3.2830000000000013,8.610868582240805
3283.5,3.2834999999999965,8.603273851443838
3284.0,3.283999999999999,8.60577385144385
3284.5,3.2845000000000013,8.608273851443862
3285.0,3.2850000000000037,8.600768328622657
3285.5,3.285499999999999,8.603268328622633
3286.0,3.2860000000000014,8.605768328622645
3286.5,3.2864999999999966,8.59837851833813
3287.0,3.286999999999999,8.600878518338142
3287.5,3.2875000000000014,8.603378518338154
3288.0,3.288000000000004,8.596125279289026
3288.5,3.288499999999999,8.598625279289003
3289.0,3.2890000000000015,8.601125279289015
3289.5,3.2894999999999968,8.59403391170762
3290.0,3.289999999999999,8.596533911707631
3290.5,3.2905000000000015,8.599033911707643
3291.0,3.290999999999997,8.5921354067494
3291.5,3.291499999999999,8.594635406749411
3292.0,3.2920000000000016,8.597135406749423
3292.5,3.292499999999997,8.590429569733189
3293.0,3.2929999999999993,8.5929295697332
3293.5,3.2935000000000016,8.595429569733213
3294.0,3.293999999999997,8.58891966034193
3294.5,3.2944999999999993,8.591419660341941
3295.0,3.2950000000000017,8.593919660341953
3295.5,3.295499999999997,8.587589906832598
3296.0,3.2959999999999994,8.59008990683261
3296.5,3.2965000000000018,8.592589906832622
3297.0,3.296999999999997,8.586398107340152
3297.5,3.2974999999999994,8.588898107340164
3298.0,3.298000000000002,8.591398107340176
3298.5,3.298499999999997,8.585280858491444
3299.0,3.2989999999999995,8.587780858491456
3299.5,3.299500000000002,8.590280858491468
3300.0,3.299999999999997,8.584204770499468
3300.5,3.3004999999999995,8.58670477049948
3301.0,3.301000000000002,8.589204770499492
3301.5,3.301499999999997,8.58314527096475
3302.0,3.3019999999999996,8.585645270964761
3302.5,3.302500000000002,8.588145270964773
3303.0,3.3029999999999973,8.582061185274554
3303.5,3.3034999999999997,8.584561185274566
3304.0,3.304000000000002,8.587061185274578
3304.5,3.3044999999999973,8.580932810651625
3305.0,3.3049999999999997,8.583432810651637
3305.5,3.305500000000002,8.585932810651649
3306.0,3.3059999999999974,8.57976855740354
3306.5,3.3064999999999998,8.582268557403552
3307.0,3.307000000000002,8.584768557403564
3307.5,3.3074999999999974,8.578563455306849
3308.0,3.308,8.581063455306861
3308.5,3.308500000000002,8.583563455306873
3309.0,3.3089999999999975,8.577315832530275
3309.5,3.3095,8.579815832530286
3310.0,3.3100000000000023,8.582315832530298
3310.5,3.3104999999999976,8.57604859768859
3311.0,3.311,8.578548597688602
3311.5,3.3115000000000023,8.581048597688614
3312.0,3.3119999999999976,8.574769763159509
3312.5,3.3125,8.57726976315952
3313.0,3.3130000000000024,8.579769763159533
3313.5,3.3134999999999977,8.573495037665175
3314.0,3.314,8.575995037665187
3314.5,3.3145000000000024,8.5784950376652
3315.0,3.3149999999999977,8.572248293316349
3315.5,3.3155,8.574748293316361
3316.0,3.3160000000000025,8.577248293316373
3316.5,3.316499999999998,8.571058788898753
3317.0,3.317,8.573558788898765
3317.5,3.3175000000000026,8.576058788898777
3318.0,3.317999999999998,8.5699613004412
3318.5,3.3185000000000002,8.572461300441212
3319.0,3.3190000000000026,8.574961300441224
3319.5,3.319499999999998,8.568976881893526
3320.0,3.3200000000000003,8.571476881893538
3320.5,3.3205000000000027,8.57397688189355
3321.0,3.320999999999998,8.56813347551487
3321.5,3.3215000000000003,8.570633475514882
3322.0,3.3220000000000027,8.573133475514894
3322.5,3.322499999999998,8.57563347551487
3323.0,3.3230000000000004,8.569947476486277
3323.5,3.323500000000003,8.572447476486289
3324.0,3.323999999999998,8.574947476486265
3324.5,3.3245000000000005,8.569427267303453
3325.0,3.325000000000003,8.571927267303465
3325.5,3.325499999999998,8.574427267303442
3326.0,3.3260000000000005,8.569090468439313
3326.5,3.326500000000003,8.571590468439325
3327.0,3.326999999999998,8.574090468439302
3327.5,3.3275000000000006,8.56892589293718
3328.0,3.328000000000003,8.571425892937192
3328.5,3.3284999999999982,8.573925892937169
3329.0,3.3290000000000006,8.568937356385327
3329.5,3.329500000000003,8.571437356385339
3330.0,3.3299999999999983,8.573937356385315
3330.5,3.3305000000000007,8.5691041652289
3331.0,3.331000000000003,8.571604165228912
3331.5,3.3314999999999984,8.574104165228889
3332.0,3.3320000000000007,8.569378288329439
3332.5,3.332500000000003,8.57187828832945
3333.0,3.3329999999999984,8.574378288329427
3333.5,3.333500000000001,8.569727940810523
3334.0,3.334000000000003,8.572227940810535
3334.5,3.3344999999999985,8.574727940810511
3335.0,3.335000000000001,8.570101633045795
3335.5,3.3355000000000032,8.572601633045807
3336.0,3.3359999999999985,8.575101633045783
3336.5,3.336500000000001,8.570444092680809
3337.0,3.3370000000000033,8.572944092680821
3337.5,3.3374999999999986,8.575444092680797
3338.0,3.338000000000001,8.570722351702926
3338.5,3.3385000000000034,8.573222351702938
3339.0,3.3389999999999986,8.575722351702915
3339.5,3.339500000000001,8.570908586348587
3340.0,3.3399999999999963,8.573408586348563
3340.5,3.3404999999999987,8.575908586348575
3341.0,3.341000000000001,8.57099247018013
3341.5,3.3415000000000035,8.573492470180142
3342.0,3.3419999999999987,8.575992470180118
3342.5,3.342500000000001,8.570957724914088
3343.0,3.3429999999999964,8.573457724914064
3343.5,3.343499999999999,8.575957724914076
3344.0,3.344000000000001,8.570821939589699
3344.5,3.3445000000000036,8.573321939589711
3345.0,3.344999999999999,8.575821939589687
3345.5,3.3455000000000013,8.57057947452848
3346.0,3.3459999999999965,8.573079474528456
3346.5,3.346499999999999,8.575579474528467
3347.0,3.3470000000000013,8.570247430004407
3347.5,3.3475000000000037,8.57274743000442
3348.0,3.347999999999999,8.575247430004396
3348.5,3.3485000000000014,8.56983678068513
3349.0,3.3489999999999966,8.572336780685106
3349.5,3.349499999999999,8.574836780685118
3350.0,3.3500000000000014,8.569346967088833
3350.5,3.350500000000004,8.571846967088845
3351.0,3.350999999999999,8.574346967088822
3351.5,3.3515000000000015,8.568762907353182
3352.0,3.3519999999999968,8.571262907353159
3352.5,3.352499999999999,8.57376290735317
3353.0,3.3530000000000015,8.56807382104666
3353.5,3.353499999999997,8.570573821046636
3354.0,3.353999999999999,8.573073821046648
3354.5,3.3545000000000016,8.567290227150899
3355.0,3.354999999999997,8.569790227150875
3355.5,3.3554999999999993,8.572290227150887
3356.0,3.3560000000000016,8.566419831877212
3356.5,3.356499999999997,8.568919831877189
3357.0,3.3569999999999993,8.5714198318772
3357.5,3.3575000000000017,8.565490494842791
3358.0,3.357999999999997,8.567990494842768
3358.5,3.3584999999999994,8.57049049484278
3359.0,3.3590000000000018,8.564539059140621
3359.5,3.359499999999997,8.567039059140598
3360.0,3.3599999999999994,8.56953905914061
3360.5,3.360500000000002,8.563580689619279
3361.0,3.360999999999997,8.566080689619255
3361.5,3.3614999999999995,8.568580689619267
3362.0,3.362000000000002,8.562631382804433
3362.5,3.362499999999997,8.56513138280441
3363.0,3.3629999999999995,8.567631382804421
3363.5,3.363500000000002,8.561665638474558
3364.0,3.363999999999997,8.564165638474535
3364.5,3.3644999999999996,8.566665638474547
3365.0,3.365000000000002,8.560678170042628
3365.5,3.3654999999999973,8.563178170042605
3366.0,3.3659999999999997,8.565678170042617
3366.5,3.366500000000002,8.55967478785388
3367.0,3.3669999999999973,8.562174787853856
3367.5,3.3674999999999997,8.564674787853868
3368.0,3.368000000000002,8.558643146307183
3368.5,3.3684999999999974,8.56114314630716
3369.0,3.3689999999999998,8.563643146307172
3369.5,3.369500000000002,8.557564857669426
3370.0,3.3699999999999974,8.560064857669403
3370.5,3.3705,8.562564857669415
3371.0,3.371000000000002,8.55642921641298
3371.5,3.3714999999999975,8.558929216412956
3372.0,3.372,8.561429216412968
3372.5,3.3725000000000023,8.555231988585064
3373.0,3.3729999999999976,8.55773198858504
3373.5,3.3735,8.560231988585052
3374.0,3.3740000000000023,8.553948885955052
3374.5,3.3744999999999976,8.556448885955028
3375.0,3.375,8.55894888595504
3375.5,3.3755000000000024,8.552564422255458
3376.0,3.3759999999999977,8.555064422255434
3376.5,3.3765,8.557564422255446
3377.0,3.3770000000000024,8.551094458605881
3377.5,3.3774999999999977,8.553594458605858
3378.0,3.378,8.55609445860587
3378.5,3.3785000000000025,8.549533079844736
3379.0,3.378999999999998,8.552033079844712
3379.5,3.3795,8.554533079844724
3380.0,3.3800000000000026,8.54788887013207
3380.5,3.380499999999998,8.550388870132046
3381.0,3.3810000000000002,8.552888870132058
3381.5,3.3815000000000026,8.546179955981295
3382.0,3.381999999999998,8.548679955981271
3382.5,3.3825000000000003,8.551179955981283
3383.0,3.3830000000000027,8.544406639821034
3383.5,3.383499999999998,8.54690663982101
3384.0,3.3840000000000003,8.549406639821022
3384.5,3.3845000000000027,8.542586122302076
3385.0,3.384999999999998,8.545086122302052
3385.5,3.3855000000000004,8.547586122302064
3386.0,3.386000000000003,8.54071356845246
3386.5,3.386499999999998,8.543213568452437
3387.0,3.3870000000000005,8.545713568452449
3387.5,3.387500000000003,8.53880037705867
3388.0,3.387999999999998,8.541300377058647
3388.5,3.3885000000000005,8.543800377058659
3389.0,3.389000000000003,8.53687730831723
3389.5,3.389499999999998,8.539377308317206
3390.0,3.3900000000000006,8.541877308317218
3390.5,3.390500000000003,8.534977521382103
3391.0,3.3909999999999982,8.53747752138208
3391.5,3.3915000000000006,8.539977521382092
3392.0,3.392000000000003,8.53314319081548
3392.5,3.3924999999999983,8.535643190815456
3393.0,3.3930000000000007,8.538143190815468
3393.5,3.393500000000003,8.531377428056395
3394.0,3.3939999999999984,8.533877428056371
3394.5,3.3945000000000007,8.536377428056383
3395.0,3.395000000000003,8.529667345134797
3395.5,3.3954999999999984,8.532167345134773
3396.0,3.396000000000001,8.534667345134785
3396.5,3.396500000000003,8.528017243655128
3397.0,3.3969999999999985,8.530517243655105
3397.5,3.397500000000001,8.533017243655117
3398.0,3.3980000000000032,8.535517243655129
3398.5,3.3984999999999985,8.528915922671736
3399.0,3.399000000000001,8.531415922671748
3399.5,3.3995000000000033,8.53391592267176
3400.0,3.3999999999999986,8.52735519064101
3400.5,3.400500000000001,8.529855190641022
3401.0,3.4010000000000034,8.532355190641034
3401.5,3.4014999999999986,8.525829197932104
3402.0,3.402000000000001,8.528329197932116
3402.5,3.4024999999999963,8.530829197932093
3403.0,3.4029999999999987,8.52432196238663
3403.5,3.403500000000001,8.526821962386641
3404.0,3.4040000000000035,8.529321962386653
3404.5,3.4044999999999987,8.522842182058916
3405.0,3.405000000000001,8.525342182058928
3405.5,3.4054999999999964,8.527842182058905
3406.0,3.405999999999999,8.521422120081716
3406.5,3.406500000000001,8.523922120081728
3407.0,3.4070000000000036,8.52642212008174
3407.5,3.407499999999999,8.520068599607136
3408.0,3.4080000000000013,8.522568599607148
3408.5,3.4084999999999965,8.525068599607124
3409.0,3.408999999999999,8.518783591547567
3409.5,3.4095000000000013,8.52128359154758
3410.0,3.4100000000000037,8.523783591547591
3410.5,3.410499999999999,8.517564393227985
3411.0,3.4110000000000014,8.520064393227997
3411.5,3.4114999999999966,8.522564393227974
3412.0,3.411999999999999,8.516404099256931
3412.5,3.4125000000000014,8.518904099256943
3413.0,3.413000000000004,8.521404099256955
3413.5,3.413499999999999,8.51530444172873
3414.0,3.4140000000000015,8.517804441728742
3414.5,3.4144999999999968,8.520304441728719
3415.0,3.414999999999999,8.51424538963073
3415.5,3.4155000000000015,8.516745389630742
3416.0,3.415999999999997,8.519245389630719
3416.5,3.416499999999999,8.513237520119041
3417.0,3.4170000000000016,8.515737520119053
3417.5,3.417499999999997,8.51823752011903
3418.0,3.4179999999999993,8.512276369472893
3418.5,3.4185000000000016,8.514776369472905
3419.0,3.418999999999997,8.517276369472881
3419.5,3.4194999999999993,8.511388981391583
3420.0,3.4200000000000017,8.513888981391595
3420.5,3.420499999999997,8.516388981391572
3421.0,3.4209999999999994,8.51056689956053
3421.5,3.4215000000000018,8.513066899560542
3422.0,3.421999999999997,8.515566899560518
3422.5,3.4224999999999994,8.509805545108797
3423.0,3.423000000000002,8.51230554510881
3423.5,3.423499999999997,8.514805545108786
3424.0,3.4239999999999995,8.50909132891676
3424.5,3.424500000000002,8.511591328916772
3425.0,3.424999999999997,8.514091328916749
3425.5,3.4254999999999995,8.508401410904725
3426.0,3.426000000000002,8.510901410904737
3426.5,3.426499999999997,8.513401410904713
3427.0,3.4269999999999996,8.507700221468966
3427.5,3.427500000000002,8.510200221468978
3428.0,3.4279999999999973,8.512700221468954
3428.5,3.4284999999999997,8.506947081897778
3429.0,3.429000000000002,8.50944708189779
3429.5,3.4294999999999973,8.511947081897766
3430.0,3.4299999999999997,8.506118909828402
3430.5,3.430500000000002,8.508618909828414
3431.0,3.4309999999999974,8.51111890982839
3431.5,3.4314999999999998,8.505195631859408
3432.0,3.432000000000002,8.50769563185942
3432.5,3.4324999999999974,8.510195631859396
3433.0,3.433,8.504178076307944
3433.5,3.433500000000002,8.506678076307956
3434.0,3.4339999999999975,8.509178076307933
3434.5,3.4345,8.503101431565625
3435.0,3.4350000000000023,8.505601431565637
3435.5,3.4354999999999976,8.508101431565613
3436.0,3.436,8.502047059994062
3436.5,3.4365000000000023,8.504547059994074
3437.0,3.4369999999999976,8.50704705999405
3437.5,3.4375,8.50105169303756
3438.0,3.4380000000000024,8.503551693037572
3438.5,3.4384999999999977,8.506051693037548
3439.0,3.439,8.500155355367838
3439.5,3.4395000000000024,8.50265535536785
3440.0,3.4399999999999977,8.505155355367826
3440.5,3.4405,8.499387210021858
3441.0,3.4410000000000025,8.50188721002187
3441.5,3.441499999999998,8.504387210021846
3442.0,3.442,8.498757528390648
3442.5,3.4425000000000026,8.50125752839066
3443.0,3.442999999999998,8.503757528390636
3443.5,3.4435000000000002,8.498241023961057
3444.0,3.4440000000000026,8.50074102396107
3444.5,3.444499999999998,8.503241023961046
3445.0,3.4450000000000003,8.49779982014951
3445.5,3.4455000000000027,8.500299820149522
3446.0,3.445999999999998,8.502799820149498
3446.5,3.4465000000000003,8.497394019684563
3447.0,3.4470000000000027,8.499894019684575
3447.5,3.447499999999998,8.502394019684552
3448.0,3.4480000000000004,8.496998303327352
3448.5,3.448500000000003,8.499498303327364
3449.0,3.448999999999998,8.50199830332734
3449.5,3.4495000000000005,8.496569828236105
3450.0,3.450000000000003,8.499069828236117
3450.5,3.450499999999998,8.501569828236093
3451.0,3.4510000000000005,8.496075146279303
3451.5,3.451500000000003,8.498575146279315
3452.0,3.451999999999998,8.501075146279291
3452.5,3.4525000000000006,8.495474716002214
3453.0,3.453000000000003,8.497974716002226
3453.5,3.4534999999999982,8.500474716002202
3454.0,3.4540000000000006,8.494732589578042
3454.5,3.454500000000003,8.497232589578054
3455.0,3.4549999999999983,8.49973258957803
3455.5,3.4555000000000007,8.493827366947109
3456.0,3.456000000000003,8.49632736694712
3456.5,3.4564999999999984,8.498827366947097
3457.0,3.4570000000000007,8.49274539117605
3457.5,3.457500000000003,8.495245391176063
3458.0,3.4579999999999984,8.49774539117604
3458.5,3.458500000000001,8.491463183784447
3459.0,3.459000000000003,8.493963183784459
3459.5,3.4594999999999985,8.496463183784435
3460.0,3.460000000000001,8.489960952338116
3460.5,3.4605000000000032,8.492460952338128
3461.0,3.4609999999999985,8.494960952338104
3461.5,3.461500000000001,8.488266069357131
3462.0,3.4620000000000033,8.490766069357143
3462.5,3.4624999999999986,8.49326606935712
3463.0,3.463000000000001,8.486403323137068
3463.5,3.4635000000000034,8.48890332313708
3464.0,3.4639999999999986,8.491403323137057
3464.5,3.464500000000001,8.484408457160129
3465.0,3.4649999999999963,8.486908457160105
3465.5,3.4654999999999987,8.489408457160117
3466.0,3.466000000000001,8.48231222773677
3466.5,3.4665000000000035,8.484812227736782
3467.0,3.4669999999999987,8.487312227736759
3467.5,3.467500000000001,8.480127492880314
3468.0,3.4679999999999964,8.48262749288029
3468.5,3.468499999999999,8.485127492880302
3469.0,3.469000000000001,8.477893010223312
3469.5,3.4695000000000036,8.480393010223324
3470.0,3.469999999999999,8.4828930102233
3470.5,3.4705000000000013,8.475649124280658
3471.0,3.4709999999999965,8.478149124280634
3471.5,3.471499999999999,8.480649124280646
3472.0,3.4720000000000013,8.473434580301245
3472.5,3.4725000000000037,8.475934580301256
3473.0,3.472999999999999,8.478434580301233
3473.5,3.4735000000000014,8.480934580301245
3474.0,3.4739999999999966,8.473805779974093
3474.5,3.474499999999999,8.476305779974105
3475.0,3.4750000000000014,8.478805779974117
3475.5,3.475500000000004,8.471800384318584
3476.0,3.475999999999999,8.47430038431856
3476.5,3.4765000000000015,8.476800384318572
3477.0,3.4769999999999968,8.469938599422555
3477.5,3.477499999999999,8.472438599422567
3478.0,3.4780000000000015,8.474938599422579
3478.5,3.478499999999997,8.468225381014527
3479.0,3.478999999999999,8.470725381014539
3479.5,3.4795000000000016,8.47322538101455
3480.0,3.479999999999997,8.466639126910174
3480.5,3.4804999999999993,8.469139126910186
3481.0,3.4810000000000016,8.471639126910198
3481.5,3.481499999999997,8.465119373866443
3482.0,3.4819999999999993,8.467619373866455
3482.5,3.4825000000000017,8.470119373866467
3483.0,3.482999999999997,8.463608061506491
3483.5,3.4834999999999994,8.466108061506503
3484.0,3.4840000000000018,8.468608061506515
3484.5,3.484499999999997,8.462035383484121
3485.0,3.4849999999999994,8.464535383484133
3485.5,3.485500000000002,8.467035383484145
3486.0,3.485999999999997,8.460361489565997
3486.5,3.4864999999999995,8.46286148956601
3487.0,3.487000000000002,8.465361489566021
3487.5,3.487499999999997,8.458541745392125
3488.0,3.4879999999999995,8.461041745392137
3488.5,3.488500000000002,8.463541745392149
3489.0,3.488999999999997,8.456563990007417
3489.5,3.4894999999999996,8.45906399000743
3490.0,3.490000000000002,8.461563990007441
3490.5,3.4904999999999973,8.454450440753725
3491.0,3.4909999999999997,8.456950440753737
3491.5,3.491500000000002,8.459450440753749
3492.0,3.4919999999999973,8.45221315439364
3492.5,3.4924999999999997,8.454713154393652
3493.0,3.493000000000002,8.457213154393664
3493.5,3.4934999999999974,8.449857424632832
3494.0,3.4939999999999998,8.452357424632844
3494.5,3.494500000000002,8.454857424632856
3495.0,3.4949999999999974,8.447369398592244
3495.5,3.4955,8.449869398592256
3496.0,3.496000000000002,8.452369398592268
3496.5,3.4964999999999975,8.444775070560624
3497.0,3.497,8.447275070560636
3497.5,3.4975000000000023,8.449775070560648
3498.0,3.4979999999999976,8.4421032747467
3498.5,3.4985,8.444603274746711
3499.0,3.4990000000000023,8.447103274746723
3499.5,3.4994999999999976,8.439369375225034
3500.0,3.5,8.441869375225046
3500.5,3.5005000000000024,8.444369375225058
3501.0,3.5009999999999977,8.436591013656844
3501.5,3.5015,8.439091013656856
3502.0,3.5020000000000024,8.441591013656868
3502.5,3.5024999999999977,8.433827979898965
3503.0,3.503,8.436327979898977
3503.5,3.5035000000000025,8.438827979898988
3504.0,3.503999999999998,8.431105913173802
3504.5,3.5045,8.433605913173814
3505.0,3.5050000000000026,8.436105913173826
3505.5,3.505499999999998,8.428469870191684
3506.0,3.5060000000000002,8.430969870191696
3506.5,3.5065000000000026,8.433469870191708
3507.0,3.506999999999998,8.425945975295726
3507.5,3.5075000000000003,8.428445975295737
3508.0,3.5080000000000027,8.43094597529575
3508.5,3.508499999999998,8.423572971763988
3509.0,3.5090000000000003,8.426072971764
3509.5,3.5095000000000027,8.428572971764012
3510.0,3.509999999999998,8.421346647649841
3510.5,3.5105000000000004,8.423846647649853
3511.0,3.511000000000003,8.426346647649865
3511.5,3.511499999999998,8.41925370544768
3512.0,3.5120000000000005,8.421753705447692
3512.5,3.512500000000003,8.424253705447704
3513.0,3.512999999999998,8.417262031413166
3513.5,3.5135000000000005,8.419762031413178
3514.0,3.514000000000003,8.42226203141319
3514.5,3.514499999999998,8.415337143758741
3515.0,3.5150000000000006,8.417837143758753
3515.5,3.515500000000003,8.420337143758765
3516.0,3.5159999999999982,8.413449729066222
3516.5,3.5165000000000006,8.415949729066234
3517.0,3.517000000000003,8.418449729066246
3517.5,3.5174999999999983,8.411580809087624
3518.0,3.5180000000000007,8.414080809087636
3518.5,3.518500000000003,8.416580809087648
3519.0,3.5189999999999984,8.409723623884204
3519.5,3.5195000000000007,8.412223623884216
3520.0,3.520000000000003,8.414723623884228
3520.5,3.5204999999999984,8.40789338527447
3521.0,3.521000000000001,8.410393385274482
3521.5,3.521500000000003,8.412893385274494
3522.0,3.5219999999999985,8.406083980628836
3522.5,3.522500000000001,8.408583980628848
3523.0,3.5230000000000032,8.41108398062886
3523.5,3.5234999999999985,8.404285091472552
3524.0,3.524000000000001,8.406785091472564
3524.5,3.5245000000000033,8.409285091472576
3525.0,3.5249999999999986,8.402472116434119
3525.5,3.525500000000001,8.40497211643413
3526.0,3.5260000000000034,8.407472116434143
3526.5,3.5264999999999986,8.400603274438936
3527.0,3.527000000000001,8.403103274438948
3527.5,3.5274999999999963,8.405603274438924
3528.0,3.5279999999999987,8.398646952254367
3528.5,3.528500000000001,8.40114695225438
3529.0,3.5290000000000035,8.403646952254391
3529.5,3.5294999999999987,8.39657687137727
3530.0,3.530000000000001,8.399076871377282
3530.5,3.5304999999999964,8.401576871377259
3531.0,3.530999999999999,8.394393856819029
3531.5,3.531500000000001,8.396893856819041
3532.0,3.5320000000000036,8.399393856819053
3532.5,3.532499999999999,8.392110477013333
3533.0,3.5330000000000013,8.394610477013345
3533.5,3.5334999999999965,8.397110477013321
3534.0,3.533999999999999,8.389744567105453
3534.5,3.5345000000000013,8.392244567105465
3535.0,3.5350000000000037,8.394744567105477
3535.5,3.535499999999999,8.387319964758717
3536.0,3.5360000000000014,8.389819964758729
3536.5,3.5364999999999966,8.392319964758705
3537.0,3.536999999999999,8.38485782911544
3537.5,3.5375000000000014,8.387357829115452
3538.0,3.538000000000004,8.389857829115464
3538.5,3.538499999999999,8.38237309707079
3539.0,3.5390000000000015,8.384873097070802
3539.5,3.5394999999999968,8.387373097070778
3540.0,3.539999999999999,8.37987380781481
3540.5,3.5405000000000015,8.382373807814822
3541.0,3.540999999999997,8.384873807814799
3541.5,3.541499999999999,8.377365529109362
3542.0,3.5420000000000016,8.379865529109374
3542.5,3.542499999999997,8.38236552910935
3543.0,3.5429999999999993,8.374848363540721
3543.5,3.5435000000000016,8.377348363540733
3544.0,3.543999999999997,8.37984836354071
3544.5,3.5444999999999993,8.372331289552122
3545.0,3.5450000000000017,8.374831289552134
3545.5,3.545499999999997,8.37733128955211
3546.0,3.5459999999999994,8.369850410610375
3546.5,3.5465000000000018,8.372350410610387
3547.0,3.546999999999997,8.374850410610364
3547.5,3.5474999999999994,8.367444988748893
3548.0,3.548000000000002,8.369944988748905
3548.5,3.548499999999997,8.372444988748882
3549.0,3.5489999999999995,8.374944988748894
3549.5,3.549500000000002,8.36761511631682
3550.0,3.549999999999997,8.370115116316796
3550.5,3.5504999999999995,8.372615116316808
3551.0,3.551000000000002,8.365342535071676
3551.5,3.551499999999997,8.367842535071652
3552.0,3.5519999999999996,8.370342535071664
3552.5,3.552500000000002,8.36314343802055
3553.0,3.5529999999999973,8.365643438020527
3553.5,3.5534999999999997,8.368143438020539
3554.0,3.554000000000002,8.360991926923411
3554.5,3.5544999999999973,8.363491926923388
3555.0,3.5549999999999997,8.3659919269234
3555.5,3.555500000000002,8.358854881736022
3556.0,3.5559999999999974,8.361354881735998
3556.5,3.5564999999999998,8.36385488173601
3557.0,3.557000000000002,8.356701096156556
3557.5,3.5574999999999974,8.359201096156532
3558.0,3.558,8.361701096156544
3558.5,3.558500000000002,8.354500190098442
3559.0,3.5589999999999975,8.357000190098418
3559.5,3.5595,8.35950019009843
3560.0,3.5600000000000023,8.352241055577778
3560.5,3.5604999999999976,8.354741055577755
3561.0,3.561,8.357241055577767
3561.5,3.5615000000000023,8.349906666778786
3562.0,3.5619999999999976,8.352406666778762
3562.5,3.5625,8.354906666778774
3563.0,3.5630000000000024,8.347485604487801
3563.5,3.5634999999999977,8.349985604487777
3564.0,3.564,8.35248560448779
3564.5,3.5645000000000024,8.344983501516303
3565.0,3.5649999999999977,8.34748350151628
3565.5,3.5655,8.349983501516292
3566.0,3.5660000000000025,8.342397991600379
3566.5,3.566499999999998,8.344897991600355
3567.0,3.567,8.347397991600367
3567.5,3.5675000000000026,8.339744240158602
3568.0,3.567999999999998,8.342244240158578
3568.5,3.5685000000000002,8.34474424015859
3569.0,3.5690000000000026,8.337052532307823
3569.5,3.569499999999998,8.339552532307799
3570.0,3.5700000000000003,8.342052532307811
3570.5,3.5705000000000027,8.3343455820728
3571.0,3.570999999999998,8.336845582072776
3571.5,3.5715000000000003,8.339345582072788
3572.0,3.5720000000000027,8.331652048822598
3572.5,3.572499999999998,8.334152048822574
3573.0,3.5730000000000004,8.336652048822586
3573.5,3.573500000000003,8.32900752091696
3574.0,3.573999999999998,8.331507520916936
3574.5,3.5745000000000005,8.334007520916948
3575.0,3.575000000000003,8.326423766758246
3575.5,3.575499999999998,8.328923766758223
3576.0,3.5760000000000005,8.331423766758235
3576.5,3.576500000000003,8.323922903347842
3577.0,3.576999999999998,8.326422903347819
3577.5,3.5775000000000006,8.32892290334783
3578.0,3.578000000000003,8.321516194680711
3578.5,3.5784999999999982,8.324016194680688
3579.0,3.5790000000000006,8.3265161946807
3579.5,3.579500000000003,8.319228227452271
3580.0,3.5799999999999983,8.321728227452247
3580.5,3.5805000000000007,8.32422822745226
3581.0,3.581000000000003,8.3170435148741
3581.5,3.5814999999999984,8.319543514874077
3582.0,3.5820000000000007,8.322043514874089
3582.5,3.582500000000003,8.314967076242787
3583.0,3.5829999999999984,8.317467076242764
3583.5,3.583500000000001,8.319967076242776
3584.0,3.584000000000003,8.313009303122953
3584.5,3.5844999999999985,8.31550930312293
3585.0,3.585000000000001,8.318009303122942
3585.5,3.5855000000000032,8.3111626516067
3586.0,3.5859999999999985,8.313662651606677
3586.5,3.586500000000001,8.316162651606689
3587.0,3.5870000000000033,8.309405191508326
3587.5,3.5874999999999986,8.311905191508302
3588.0,3.588000000000001,8.314405191508314
3588.5,3.5885000000000034,8.307724886385337
3589.0,3.5889999999999986,8.310224886385313
3589.5,3.589500000000001,8.312724886385325
3590.0,3.5899999999999963,8.30611403382509
3590.5,3.5904999999999987,8.308614033825101
3591.0,3.591000000000001,8.311114033825113
3591.5,3.5915000000000035,8.304566362415642
3592.0,3.5919999999999987,8.307066362415618
3592.5,3.592500000000001,8.30956636241563
3593.0,3.5929999999999964,8.303070057647659
3593.5,3.593499999999999,8.305570057647671
3594.0,3.594000000000001,8.308070057647683
3594.5,3.5945000000000036,8.301614483501005
3595.0,3.594999999999999,8.304114483500982
3595.5,3.5955000000000013,8.306614483500994
3596.0,3.5959999999999965,8.30017893875624
3596.5,3.596499999999999,8.302678938756252
3597.0,3.5970000000000013,8.305178938756264
3597.5,3.5975000000000037,8.298771576811248
3598.0,3.597999999999999,8.301271576811224
3598.5,3.5985000000000014,8.303771576811236
3599.0,3.5989999999999966,8.29738022921461
3599.5,3.599499999999999,8.299880229214622
3600.0,3.6000000000000014,8.302380229214634
3600.5,3.600500000000004,8.296005414846732
3601.0,3.600999999999999,8.298505414846709
3601.5,3.6015000000000015,8.30100541484672
3602.0,3.6019999999999968,8.294631056607003
3602.5,3.602499999999999,8.297131056607014
3603.0,3.6030000000000015,8.299631056607026
3603.5,3.603499999999997,8.29324288239814
3604.0,3.603999999999999,8.295742882398152
3604.5,3.6045000000000016,8.298242882398164
3605.0,3.604999999999997,8.291816614990282
3605.5,3.6054999999999993,8.294316614990294
3606.0,3.6060000000000016,8.296816614990306
3606.5,3.606499999999997,8.290339446196455
3607.0,3.6069999999999993,8.292839446196467
3607.5,3.6075000000000017,8.29533944619648
3608.0,3.607999999999997,8.288804154846758
3608.5,3.6084999999999994,8.29130415484677
3609.0,3.6090000000000018,8.293804154846782
3609.5,3.609499999999997,8.287188063309046
3610.0,3.6099999999999994,8.289688063309057
3610.5,3.610500000000002,8.29218806330907
3611.0,3.610999999999997,8.285476290017364
3611.5,3.6114999999999995,8.287976290017376
3612.0,3.612000000000002,8.290476290017388
3612.5,3.612499999999997,8.283671322484274
3613.0,3.6129999999999995,8.286171322484286
3613.5,3.613500000000002,8.288671322484298
3614.0,3.613999999999997,8.281756172160435
3614.5,3.6144999999999996,8.284256172160447
3615.0,3.615000000000002,8.286756172160459
3615.5,3.6154999999999973,8.279734164973718
3616.0,3.6159999999999997,8.28223416497373
3616.5,3.616500000000002,8.284734164973742
3617.0,3.6169999999999973,8.277612344525842
3617.5,3.6174999999999997,8.280112344525854
3618.0,3.618000000000002,8.282612344525866
3618.5,3.6184999999999974,8.275418927412694
3619.0,3.6189999999999998,8.277918927412706
3619.5,3.619500000000002,8.280418927412718
3620.0,3.6199999999999974,8.273175963807198
3620.5,3.6205,8.27567596380721
3621.0,3.621000000000002,8.278175963807222
3621.5,3.6214999999999975,8.270908832866546
3622.0,3.622,8.273408832866558
3622.5,3.6225000000000023,8.27590883286657
3623.0,3.6229999999999976,8.268655451609703
3623.5,3.6235,8.271155451609715
3624.0,3.6240000000000023,8.273655451609727
3624.5,3.6244999999999976,8.276155451609704
3625.0,3.625,8.268949672571466
3625.5,3.6255000000000024,8.271449672571478
3626.0,3.6259999999999977,8.273949672571455
3626.5,3.6265,8.266805153309065
3627.0,3.6270000000000024,8.269305153309077
3627.5,3.6274999999999977,8.271805153309053
3628.0,3.628,8.264767868219707
3628.5,3.6285000000000025,8.267267868219719
3629.0,3.628999999999998,8.269767868219695
3629.5,3.6295,8.26284976340407
3630.0,3.6300000000000026,8.265349763404082
3630.5,3.630499999999998,8.267849763404058
3631.0,3.6310000000000002,8.26103515962231
3631.5,3.6315000000000026,8.263535159622322
3632.0,3.631999999999998,8.266035159622298
3632.5,3.6325000000000003,8.259288798890232
3633.0,3.6330000000000027,8.261788798890244
3633.5,3.633499999999998,8.26428879889022
3634.0,3.6340000000000003,8.257570492885371
3634.5,3.6345000000000027,8.260070492885383
3635.0,3.634999999999998,8.26257049288536
3635.5,3.6355000000000004,8.25584278859612
3636.0,3.636000000000003,8.258342788596131
3636.5,3.636499999999998,8.260842788596108
3637.0,3.6370000000000005,8.254068156863852
3637.5,3.637500000000003,8.256568156863864
3638.0,3.637999999999998,8.25906815686384
3638.5,3.6385000000000005,8.252219522912974
3639.0,3.639000000000003,8.254719522912985
3639.5,3.639499999999998,8.257219522912962
3640.0,3.6400000000000006,8.250265396452079
3640.5,3.640500000000003,8.25276539645209
3641.0,3.6409999999999982,8.255265396452067
3641.5,3.6415000000000006,8.248169907804055
3642.0,3.642000000000003,8.250669907804067
3642.5,3.6424999999999983,8.253169907804043
3643.0,3.6430000000000007,8.245930085103694
3643.5,3.643500000000003,8.248430085103706
3644.0,3.6439999999999984,8.250930085103683
3644.5,3.6445000000000007,8.243541295484782
3645.0,3.645000000000003,8.246041295484794
3645.5,3.6454999999999984,8.24854129548477
3646.0,3.646000000000001,8.241030877306947
3646.5,3.646500000000003,8.24353087730696
3647.0,3.6469999999999985,8.246030877306936
3647.5,3.647500000000001,8.238456836775363
3648.0,3.6480000000000032,8.240956836775375
3648.5,3.6484999999999985,8.243456836775351
3649.0,3.649000000000001,8.235878573689206
3649.5,3.6495000000000033,8.238378573689218
3650.0,3.6499999999999986,8.240878573689194
3650.5,3.650500000000001,8.233338097664067
3651.0,3.6510000000000034,8.235838097664079
3651.5,3.6514999999999986,8.238338097664055
3652.0,3.652000000000001,8.230869574906983
3652.5,3.6524999999999963,8.233369574906959
3653.0,3.6529999999999987,8.235869574906971
3653.5,3.653500000000001,8.228523057707982
3654.0,3.6540000000000035,8.231023057707993
3654.5,3.6544999999999987,8.23352305770797
3655.0,3.655000000000001,8.226331672422234
3655.5,3.6554999999999964,8.22883167242221
3656.0,3.655999999999999,8.231331672422222
3656.5,3.656500000000001,8.224318054075255
3657.0,3.6570000000000036,8.226818054075267
3657.5,3.657499999999999,8.229318054075243
3658.0,3.6580000000000013,8.222492947437452
3658.5,3.6584999999999965,8.224992947437428
3659.0,3.658999999999999,8.22749294743744
3659.5,3.6595000000000013,8.220833380743002
3660.0,3.6600000000000037,8.223333380743014
3660.5,3.660499999999999,8.22583338074299
3661.0,3.6610000000000014,8.21930411041464
3661.5,3.6614999999999966,8.221804110414617
3662.0,3.661999999999999,8.224304110414629
3662.5,3.6625000000000014,8.21786636195796
3663.0,3.663000000000004,8.220366361957971
3663.5,3.663499999999999,8.222866361957948
3664.0,3.6640000000000015,8.216478141720671
3664.5,3.6644999999999968,8.218978141720648
3665.0,3.664999999999999,8.22147814172066
3665.5,3.6655000000000015,8.215109453286082
3666.0,3.665999999999997,8.217609453286059
3666.5,3.666499999999999,8.22010945328607
3667.0,3.6670000000000016,8.213713117864607
3667.5,3.667499999999997,8.216213117864584
3668.0,3.6679999999999993,8.218713117864596
3668.5,3.6685000000000016,8.21223352183285
3669.0,3.668999999999997,8.214733521832827
3669.5,3.6694999999999993,8.217233521832839
3670.0,3.6700000000000017,8.210609220789316
3670.5,3.670499999999997,8.213109220789292
3671.0,3.6709999999999994,8.215609220789304
3671.5,3.6715000000000018,8.208797071147274
3672.0,3.671999999999997,8.21129707114725
3672.5,3.6724999999999994,8.213797071147262
3673.0,3.673000000000002,8.206773019251656
3673.5,3.673499999999997,8.209273019251633
3674.0,3.6739999999999995,8.211773019251645
3674.5,3.674500000000002,8.20450497773571
3675.0,3.674999999999997,8.207004977735686
3675.5,3.6754999999999995,8.209504977735698
3676.0,3.676000000000002,8.202012520918238
3676.5,3.676499999999997,8.204512520918215
3677.0,3.6769999999999996,8.207012520918227
3677.5,3.677500000000002,8.199337539222356
3678.0,3.6779999999999973,8.201837539222332
3678.5,3.6784999999999997,8.204337539222344
3679.0,3.679000000000002,8.196523534517546
3679.5,3.6794999999999973,8.199023534517522
3680.0,3.6799999999999997,8.201523534517534
3680.5,3.680500000000002,8.193627684454015
3681.0,3.6809999999999974,8.196127684453991
3681.5,3.6814999999999998,8.198627684454003
3682.0,3.682000000000002,8.19070332750858
3682.5,3.6824999999999974,8.193203327508556
3683.0,3.683,8.195703327508568
3683.5,3.683500000000002,8.187793648396564
3684.0,3.6839999999999975,8.19029364839654
3684.5,3.6845,8.192793648396552
3685.0,3.6850000000000023,8.184942231231886
3685.5,3.6854999999999976,8.187442231231863
3686.0,3.686,8.189942231231875
3686.5,3.6865000000000023,8.18218012375091
3687.0,3.6869999999999976,8.184680123750887
3687.5,3.6875,8.187180123750899
3688.0,3.6880000000000024,8.179506226192181
3688.5,3.6884999999999977,8.182006226192158
3689.0,3.689,8.18450622619217
3689.5,3.6895000000000024,8.176928486691288
3690.0,3.6899999999999977,8.179428486691265
3690.5,3.6905,8.181928486691277
3691.0,3.6910000000000025,8.17446386078494
3691.5,3.691499999999998,8.176963860784916
3692.0,3.692,8.179463860784928
3692.5,3.6925000000000026,8.172110225103388
3693.0,3.692999999999998,8.174610225103365
3693.5,3.6935000000000002,8.177110225103377
3694.0,3.6940000000000026,8.169861340973803
3694.5,3.694499999999998,8.17236134097378
3695.0,3.6950000000000003,8.174861340973791
3695.5,3.6955000000000027,8.167690548287041
3696.0,3.695999999999998,8.170190548287017
3696.5,3.6965000000000003,8.17269054828703
3697.0,3.6970000000000027,8.16554055684346
3697.5,3.697499999999998,8.168040556843437
3698.0,3.6980000000000004,8.170540556843449
3698.5,3.698500000000003,8.16337020342857
3699.0,3.698999999999998,8.165870203428547
3699.5,3.6995000000000005,8.168370203428559
3700.0,3.700000000000003,8.17087020342857
3700.5,3.700499999999998,8.163606667114891
3701.0,3.7010000000000005,8.166106667114903
3701.5,3.701500000000003,8.168606667114915
3702.0,3.701999999999998,8.1611916211655
3702.5,3.7025000000000006,8.163691621165512
3703.0,3.703000000000003,8.166191621165524
3703.5,3.7034999999999982,8.158570906825169
3704.0,3.7040000000000006,8.16107090682518
3704.5,3.704500000000003,8.163570906825193
3705.0,3.7049999999999983,8.155688562322645
3705.5,3.7055000000000007,8.158188562322657
3706.0,3.706000000000003,8.160688562322669
3706.5,3.7064999999999984,8.15250984265159
3707.0,3.7070000000000007,8.155009842651602
3707.5,3.707500000000003,8.157509842651613
3708.0,3.7079999999999984,8.149027557316835
3708.5,3.708500000000001,8.151527557316847
3709.0,3.709000000000003,8.154027557316859
3709.5,3.7094999999999985,8.145242920883682
3710.0,3.710000000000001,8.147742920883694
3710.5,3.7105000000000032,8.150242920883706
3711.0,3.7109999999999985,8.14120869634614
3711.5,3.711500000000001,8.143708696346152
3712.0,3.7120000000000033,8.146208696346164
3712.5,3.7124999999999986,8.136998960819533
3713.0,3.713000000000001,8.139498960819544
3713.5,3.7135000000000034,8.141998960819556
3714.0,3.7139999999999986,8.132682649181149
3714.5,3.714500000000001,8.13518264918116
3715.0,3.7149999999999963,8.137682649181137
3715.5,3.7154999999999987,8.128332863595418
3716.0,3.716000000000001,8.13083286359543
3716.5,3.7165000000000035,8.133332863595442
3717.0,3.7169999999999987,8.124016122699516
3717.5,3.717500000000001,8.126516122699528
3718.0,3.7179999999999964,8.129016122699504
3718.5,3.718499999999999,8.119803049096852
3719.0,3.719000000000001,8.122303049096864
3719.5,3.7195000000000036,8.124803049096876
3720.0,3.719999999999999,8.115744404246108
3720.5,3.7205000000000013,8.11824440424612
3721.0,3.7209999999999965,8.120744404246096
3721.5,3.721499999999999,8.11188441777933
3722.0,3.7220000000000013,8.114384417779341
3722.5,3.7225000000000037,8.116884417779353
3723.0,3.722999999999999,8.108270459742748
3723.5,3.7235000000000014,8.11077045974276
3724.0,3.7239999999999966,8.113270459742736
3724.5,3.724499999999999,8.104939191840579
3725.0,3.7250000000000014,8.10743919184059
3725.5,3.725500000000004,8.109939191840603
3726.0,3.725999999999999,8.101885977787262
3726.5,3.7265000000000015,8.104385977787274
3727.0,3.7269999999999968,8.10688597778725
3727.5,3.727499999999999,8.099081767528062
3728.0,3.7280000000000015,8.101581767528074
3728.5,3.728499999999997,8.10408176752805
3729.0,3.728999999999999,8.096522871753713
3729.5,3.7295000000000016,8.099022871753725
3730.0,3.729999999999997,8.101522871753701
3730.5,3.7304999999999993,8.094169514889131
3731.0,3.7310000000000016,8.096669514889143
3731.5,3.731499999999997,8.09916951488912
3732.0,3.7319999999999993,8.091969586908796
3732.5,3.7325000000000017,8.094469586908808
3733.0,3.732999999999997,8.096969586908784
3733.5,3.7334999999999994,8.08985858401062
3734.0,3.7340000000000018,8.092358584010633
3734.5,3.734499999999997,8.094858584010609
3735.0,3.7349999999999994,8.087746606083996
3735.5,3.735500000000002,8.090246606084008
3736.0,3.735999999999997,8.092746606083985
3736.5,3.7364999999999995,8.085529716373117
3737.0,3.737000000000002,8.088029716373129
3737.5,3.737499999999997,8.090529716373105
3738.0,3.7379999999999995,8.083154736643898
3738.5,3.738500000000002,8.08565473664391
3739.0,3.738999999999997,8.088154736643887
3739.5,3.7394999999999996,8.080578951264776
3740.0,3.740000000000002,8.083078951264788
3740.5,3.7404999999999973,8.085578951264765
3741.0,3.7409999999999997,8.077813519241701
3741.5,3.741500000000002,8.080313519241713
3742.0,3.7419999999999973,8.08281351924169
3742.5,3.7424999999999997,8.074879493854645
3743.0,3.743000000000002,8.077379493854657
3743.5,3.7434999999999974,8.079879493854634
3744.0,3.7439999999999998,8.071819197487677
3744.5,3.744500000000002,8.07431919748769
3745.0,3.7449999999999974,8.076819197487666
3745.5,3.7455,8.068695086049757
3746.0,3.746000000000002,8.07119508604977
3746.5,3.7464999999999975,8.073695086049746
3747.0,3.747,8.065586963795077
3747.5,3.7475000000000023,8.06808696379509
3748.0,3.7479999999999976,8.070586963795066
3748.5,3.7485,8.062586028635153
3749.0,3.7490000000000023,8.065086028635164
3749.5,3.7494999999999976,8.06758602863514
3750.0,3.75,8.059791232550921
3750.5,3.7505000000000024,8.062291232550933
3751.0,3.7509999999999977,8.06479123255091
3751.5,3.7515,8.05725794093373
3752.0,3.7520000000000024,8.059757940933743
3752.5,3.7524999999999977,8.06225794093372
3753.0,3.753,8.054998559392885
3753.5,3.7535000000000025,8.057498559392897
3754.0,3.753999999999998,8.059998559392874
3754.5,3.7545,8.053019841563867
3755.0,3.7550000000000026,8.055519841563878
3755.5,3.755499999999998,8.058019841563855
3756.0,3.7560000000000002,8.051334805614978
3756.5,3.7565000000000026,8.05383480561499
3757.0,3.756999999999998,8.056334805614966
3757.5,3.7575000000000003,8.04992227595747
3758.0,3.7580000000000027,8.052422275957483
3758.5,3.758499999999998,8.054922275957459
3759.0,3.7590000000000003,8.048753211622248
3759.5,3.7595000000000027,8.05125321162226
3760.0,3.759999999999998,8.053753211622237
3760.5,3.7605000000000004,8.047781948390806
3761.0,3.761000000000003,8.050281948390818
3761.5,3.761499999999998,8.052781948390795
3762.0,3.7620000000000005,8.046954033436435
3762.5,3.762500000000003,8.049454033436447
3763.0,3.762999999999998,8.051954033436424
3763.5,3.7635000000000005,8.046213337405916
3764.0,3.764000000000003,8.048713337405928
3764.5,3.764499999999998,8.051213337405905
3765.0,3.7650000000000006,8.045525362962742
3765.5,3.765500000000003,8.048025362962754
3766.0,3.7659999999999982,8.05052536296273
3766.5,3.7665000000000006,8.044833504779163
3767.0,3.767000000000003,8.047333504779175
3767.5,3.7674999999999983,8.049833504779151
3768.0,3.7680000000000007,8.044063815495868
3768.5,3.768500000000003,8.04656381549588
3769.0,3.7689999999999984,8.049063815495856
3769.5,3.7695000000000007,8.043131944427522
3770.0,3.770000000000003,8.045631944427534
3770.5,3.7704999999999984,8.04813194442751
3771.0,3.771000000000001,8.041968019631476
3771.5,3.771500000000003,8.044468019631488
3772.0,3.7719999999999985,8.046968019631464
3772.5,3.772500000000001,8.040506807176051
3773.0,3.7730000000000032,8.043006807176063
3773.5,3.7734999999999985,8.04550680717604
3774.0,3.774000000000001,8.03873586406965
3774.5,3.7745000000000033,8.041235864069662
3775.0,3.7749999999999986,8.043735864069639
3775.5,3.775500000000001,8.04623586406965
3776.0,3.7760000000000034,8.039193562359976
3776.5,3.7764999999999986,8.041693562359953
3777.0,3.777000000000001,8.044193562359965
3777.5,3.7774999999999963,8.036949953564765
3778.0,3.7779999999999987,8.039449953564777
3778.5,3.778500000000001,8.041949953564789
3779.0,3.7790000000000035,8.034570421156957
3779.5,3.7794999999999987,8.037070421156933
3780.0,3.780000000000001,8.039570421156945
3780.5,3.7804999999999964,8.032135843300594
3781.0,3.780999999999999,8.034635843300606
3781.5,3.781500000000001,8.037135843300618
3782.0,3.7820000000000036,8.029745218764432
3782.5,3.782499999999999,8.032245218764409
3783.0,3.7830000000000013,8.03474521876442
3783.5,3.7834999999999965,8.027459480246577
3784.0,3.783999999999999,8.029959480246589
3784.5,3.7845000000000013,8.032459480246601
3785.0,3.7850000000000037,8.025297011276713
3785.5,3.785499999999999,8.02779701127669
3786.0,3.7860000000000014,8.030297011276701
3786.5,3.7864999999999966,8.023282330590398
3787.0,3.786999999999999,8.02578233059041
3787.5,3.7875000000000014,8.028282330590422
3788.0,3.788000000000004,8.021403930259403
3788.5,3.788499999999999,8.02390393025938
3789.0,3.7890000000000015,8.026403930259391
3789.5,3.7894999999999968,8.019630940322813
3790.0,3.789999999999999,8.022130940322825
3790.5,3.7905000000000015,8.024630940322837
3791.0,3.790999999999997,8.017927356066359
3791.5,3.791499999999999,8.02042735606637
3792.0,3.7920000000000016,8.022927356066383
3792.5,3.792499999999997,8.016268563453188
3793.0,3.7929999999999993,8.0187685634532
3793.5,3.7935000000000016,8.021268563453212
3794.0,3.793999999999997,8.014628607046994
3794.5,3.7944999999999993,8.017128607047006
3795.0,3.7950000000000017,8.019628607047018
3795.5,3.795499999999997,8.012986449680604
3796.0,3.7959999999999994,8.015486449680616
3796.5,3.7965000000000018,8.017986449680627
3797.0,3.796999999999997,8.011334455860784
3797.5,3.7974999999999994,8.013834455860795
3798.0,3.798000000000002,8.016334455860807
3798.5,3.798499999999997,8.009628431055091
3799.0,3.7989999999999995,8.012128431055103
3799.5,3.799500000000002,8.014628431055115
3800.0,3.799999999999997,8.007819827737634
3800.5,3.8004999999999995,8.010319827737646
3801.0,3.801000000000002,8.012819827737658
3801.5,3.801499999999997,8.00582721709926
3802.0,3.8019999999999996,8.008327217099271
3802.5,3.802500000000002,8.010827217099283
3803.0,3.8029999999999973,8.003585498714969
3803.5,3.8034999999999997,8.006085498714981
3804.0,3.804000000000002,8.008585498714993
3804.5,3.8044999999999973,8.001059533492914
3805.0,3.8049999999999997,8.003559533492925
3805.5,3.805500000000002,8.006059533492937
3806.0,3.8059999999999974,7.998232414733053
3806.5,3.8064999999999998,8.000732414733065
3807.0,3.807000000000002,8.003232414733077
3807.5,3.8074999999999974,7.995108197316512
3808.0,3.808,7.997608197316524
3808.5,3.808500000000002,8.000108197316536
3809.0,3.8089999999999975,7.991705954209145
3809.5,3.8095,7.994205954209157
3810.0,3.8100000000000023,7.996705954209169
3810.5,3.8104999999999976,7.988077584148101
3811.0,3.811,7.990577584148113
3811.5,3.8115000000000023,7.993077584148125
3812.0,3.8119999999999976,7.98429837553325
3812.5,3.8125,7.986798375533262
3813.0,3.8130000000000024,7.989298375533274
3813.5,3.8134999999999977,7.980447726874793
3814.0,3.814,7.982947726874805
3814.5,3.8145000000000024,7.985447726874817
3815.0,3.8149999999999977,7.976604357121673
3815.5,3.8155,7.979104357121685
3816.0,3.8160000000000025,7.981604357121697
3816.5,3.816499999999998,7.972842617635578
3817.0,3.817,7.97534261763559
3817.5,3.8175000000000026,7.977842617635602
3818.0,3.817999999999998,7.969216566393378
3818.5,3.8185000000000002,7.97171656639339
3819.0,3.8190000000000026,7.974216566393402
3819.5,3.819499999999998,7.965765192365701
3820.0,3.8200000000000003,7.968265192365713
3820.5,3.8205000000000027,7.970765192365725
3821.0,3.820999999999998,7.962522416306079
3821.5,3.8215000000000003,7.965022416306091
3822.0,3.8220000000000027,7.967522416306103
3822.5,3.822499999999998,7.959522925539453
3823.0,3.8230000000000004,7.962022925539465
3823.5,3.823500000000003,7.964522925539477
3824.0,3.823999999999998,7.9567673440118725
3824.5,3.8245000000000005,7.959267344011884
3825.0,3.825000000000003,7.961767344011896
3825.5,3.825499999999998,7.954238971027507
3826.0,3.8260000000000005,7.956738971027519
3826.5,3.826500000000003,7.959238971027531
3827.0,3.826999999999998,7.951901077421546
3827.5,3.8275000000000006,7.954401077421558
3828.0,3.828000000000003,7.95690107742157
3828.5,3.8284999999999982,7.949691215174539
3829.0,3.8290000000000006,7.952191215174551
3829.5,3.829500000000003,7.954691215174563
3830.0,3.8299999999999983,7.947529947216516
3830.5,3.8305000000000007,7.950029947216528
3831.0,3.831000000000003,7.95252994721654
3831.5,3.8314999999999984,7.9453531572738
3832.0,3.8320000000000007,7.947853157273812
3832.5,3.832500000000003,7.950353157273824
3833.0,3.8329999999999984,7.943129160712665
3833.5,3.833500000000001,7.945629160712677
3834.0,3.834000000000003,7.948129160712689
3834.5,3.8344999999999985,7.940813089851844
3835.0,3.835000000000001,7.943313089851856
3835.5,3.8355000000000032,7.9458130898518675
3836.0,3.8359999999999985,7.938345647771783
3836.5,3.836500000000001,7.940845647771795
3837.0,3.8370000000000033,7.943345647771807
3837.5,3.8374999999999986,7.935667854377755
3838.0,3.838000000000001,7.938167854377767
3838.5,3.8385000000000034,7.940667854377779
3839.0,3.8389999999999986,7.932725625156962
3839.5,3.839500000000001,7.935225625156974
3840.0,3.8399999999999963,7.937725625156951
3840.5,3.8404999999999987,7.929526628158889
3841.0,3.841000000000001,7.932026628158901
3841.5,3.8415000000000035,7.934526628158913
3842.0,3.8419999999999987,7.926067805575521
3842.5,3.842500000000001,7.928567805575533
3843.0,3.8429999999999964,7.931067805575509
3843.5,3.843499999999999,7.922356612207402
3844.0,3.844000000000001,7.924856612207414
3844.5,3.8445000000000036,7.927356612207426
3845.0,3.844999999999999,7.918453983788929
3845.5,3.8455000000000013,7.920953983788941
3846.0,3.8459999999999965,7.923453983788917
3846.5,3.846499999999999,7.914421108884788
3847.0,3.8470000000000013,7.9169211088848
3847.5,3.8475000000000037,7.919421108884812
3848.0,3.847999999999999,7.910346199356191
3848.5,3.8485000000000014,7.912846199356203
3849.0,3.8489999999999966,7.915346199356179
3849.5,3.849499999999999,7.906311912153967
3850.0,3.8500000000000014,7.908811912153979
3850.5,3.850500000000004,7.911311912153991
3851.0,3.850999999999999,7.913811912153967
3851.5,3.8515000000000015,7.904881476581842
3852.0,3.8519999999999968,7.9073814765818184
3852.5,3.852499999999999,7.90988147658183
3853.0,3.8530000000000015,7.901147306776366
3853.5,3.853499999999997,7.903647306776342
3854.0,3.853999999999999,7.906147306776354
3854.5,3.8545000000000016,7.8976579884097475
3855.0,3.854999999999997,7.900157988409724
3855.5,3.8554999999999993,7.902657988409736
3856.0,3.8560000000000016,7.894447227646673
3856.5,3.856499999999997,7.896947227646649
3857.0,3.8569999999999993,7.899447227646661
3857.5,3.8575000000000017,7.891518923068155
3858.0,3.857999999999997,7.894018923068131
3858.5,3.8584999999999994,7.896518923068143
3859.0,3.8590000000000018,7.888873117372661
3859.5,3.859499999999997,7.891373117372638
3860.0,3.8599999999999994,7.8938731173726495
3860.5,3.860500000000002,7.886494937907997
3861.0,3.860999999999997,7.888994937907974
3861.5,3.8614999999999995,7.891494937907986
3862.0,3.862000000000002,7.884363399914349
3862.5,3.862499999999997,7.886863399914326
3863.0,3.8629999999999995,7.8893633999143375
3863.5,3.863500000000002,7.882461896439423
3864.0,3.863999999999997,7.8849618964394
3864.5,3.8644999999999996,7.887461896439412
3865.0,3.865000000000002,7.880732333980696
3865.5,3.8654999999999973,7.883232333980672
3866.0,3.8659999999999997,7.885732333980684
3866.5,3.866500000000002,7.8791306269037875
3867.0,3.8669999999999973,7.881630626903764
3867.5,3.8674999999999997,7.884130626903776
3868.0,3.868000000000002,7.877614991557742
3868.5,3.8684999999999974,7.880114991557718
3869.0,3.8689999999999998,7.88261499155773
3869.5,3.869500000000002,7.876126531794583
3870.0,3.8699999999999974,7.878626531794559
3870.5,3.8705,7.881126531794571
3871.0,3.871000000000002,7.874599207723634
3871.5,3.8714999999999975,7.87709920772361
3872.0,3.872,7.879599207723622
3872.5,3.8725000000000023,7.872996942542159
3873.0,3.8729999999999976,7.875496942542135
3873.5,3.8735,7.877996942542147
3874.0,3.8740000000000023,7.8712930817654225
3874.5,3.8744999999999976,7.873793081765399
3875.0,3.875,7.876293081765411
3875.5,3.8755000000000024,7.869465635182991
3876.0,3.8759999999999977,7.871965635182967
3876.5,3.8765,7.874465635182979
3877.0,3.8770000000000024,7.867504158377301
3877.5,3.8774999999999977,7.870004158377277
3878.0,3.878,7.872504158377289
3878.5,3.8785000000000025,7.865433164147326
3879.0,3.878999999999998,7.867933164147303
3879.5,3.8795,7.870433164147315
3880.0,3.8800000000000026,7.863265768687775
3880.5,3.880499999999998,7.865765768687751
3881.0,3.8810000000000002,7.868265768687763
3881.5,3.8815000000000026,7.861044285832648
3882.0,3.881999999999998,7.863544285832624
3882.5,3.8825000000000003,7.866044285832636
3883.0,3.8830000000000027,7.858797962277997
3883.5,3.883499999999998,7.861297962277973
3884.0,3.8840000000000003,7.863797962277985
3884.5,3.8845000000000027,7.856575203861027
3885.0,3.884999999999998,7.8590752038610034
3885.5,3.8855000000000004,7.861575203861015
3886.0,3.886000000000003,7.854421373158296
3886.5,3.886499999999998,7.856921373158272
3887.0,3.8870000000000005,7.859421373158284
3887.5,3.887500000000003,7.85239077893511
3888.0,3.887999999999998,7.854890778935086
3888.5,3.8885000000000005,7.857390778935098
3889.0,3.889000000000003,7.850543715588323
3889.5,3.889499999999998,7.853043715588299
3890.0,3.8900000000000006,7.855543715588311
3890.5,3.890500000000003,7.848962788578788
3891.0,3.8909999999999982,7.851462788578765
3891.5,3.8915000000000006,7.853962788578777
3892.0,3.892000000000003,7.847671783992816
3892.5,3.8924999999999983,7.850171783992792
3893.0,3.8930000000000007,7.852671783992804
3893.5,3.893500000000003,7.846646210846018
3894.0,3.8939999999999984,7.849146210845994
3894.5,3.8945000000000007,7.851646210846006
3895.0,3.895000000000003,7.845849920853176
3895.5,3.8954999999999984,7.848349920853153
3896.0,3.896000000000001,7.850849920853165
3896.5,3.896500000000003,7.845242369137608
3897.0,3.8969999999999985,7.847742369137585
3897.5,3.897500000000001,7.850242369137597
3898.0,3.8980000000000032,7.844732849429938
3898.5,3.8984999999999985,7.847232849429915
3899.0,3.899000000000001,7.849732849429927
3899.5,3.8995000000000033,7.844228446716528
3900.0,3.8999999999999986,7.846728446716504
3900.5,3.900500000000001,7.849228446716516
3901.0,3.9010000000000034,7.843666225451464
3901.5,3.9014999999999986,7.846166225451441
3902.0,3.902000000000001,7.848666225451453
3902.5,3.9025000000000034,7.842989088484238
3903.0,3.9029999999999987,7.845489088484214
3903.5,3.903500000000001,7.847989088484226
3904.0,3.9040000000000035,7.8421613314462135
3904.5,3.9044999999999987,7.84466133144619
3905.0,3.905000000000001,7.847161331446202
3905.5,3.9054999999999964,7.8411447417699875
3906.0,3.905999999999999,7.8436447417699995
3906.5,3.906500000000001,7.846144741770011
3907.0,3.9070000000000036,7.839907054587165
3907.5,3.907499999999999,7.842407054587142
3908.0,3.9080000000000013,7.8449070545871535
3908.5,3.9084999999999965,7.83843116366242
3909.0,3.908999999999999,7.840931163662432
3909.5,3.9095000000000013,7.843431163662444
3910.0,3.9100000000000037,7.836714281031973
3910.5,3.910499999999999,7.83921428103195
3911.0,3.9110000000000014,7.841714281031962
3911.5,3.9114999999999966,7.834746215416288
3912.0,3.911999999999999,7.8372462154163
3912.5,3.9125000000000014,7.839746215416312
3913.0,3.913000000000004,7.8325140983679375
3913.5,3.913499999999999,7.835014098367914
3914.0,3.9140000000000015,7.837514098367926
3914.5,3.9144999999999968,7.830019880508452
3915.0,3.914999999999999,7.832519880508464
3915.5,3.9155000000000015,7.835019880508476
3916.0,3.915999999999997,7.827306172479815
3916.5,3.916499999999999,7.829806172479827
3917.0,3.9170000000000016,7.832306172479839
3917.5,3.917499999999997,7.824429941498181
3918.0,3.9179999999999993,7.826929941498193
3918.5,3.9185000000000016,7.829429941498205
3919.0,3.918999999999997,7.821461210133016
3919.5,3.9194999999999993,7.823961210133028
3920.0,3.9200000000000017,7.82646121013304
3920.5,3.920499999999997,7.818468401282566
3921.0,3.9209999999999994,7.8209684012825775
3921.5,3.9215000000000018,7.8234684012825895
3922.0,3.921999999999997,7.815524768848583
3922.5,3.9224999999999994,7.818024768848595
3923.0,3.923000000000002,7.820524768848607
3923.5,3.923499999999997,7.812666840404674
3924.0,3.9239999999999995,7.815166840404686
3924.5,3.924500000000002,7.817666840404698
3925.0,3.924999999999997,7.809916519555671
3925.5,3.9254999999999995,7.812416519555683
3926.0,3.926000000000002,7.814916519555695
3926.5,3.926499999999997,7.817416519555671
3927.0,3.9269999999999996,7.809762681477146
3927.5,3.927500000000002,7.812262681477158
3928.0,3.9279999999999973,7.814762681477134
3928.5,3.9284999999999997,7.807174992553385
3929.0,3.929000000000002,7.809674992553397
3929.5,3.9294999999999973,7.812174992553373
3930.0,3.9299999999999997,7.8045907163445705
3930.5,3.930500000000002,7.807090716344582
3931.0,3.9309999999999974,7.809590716344559
3931.5,3.9314999999999998,7.801957150592536
3932.0,3.932000000000002,7.8044571505925475
3932.5,3.9324999999999974,7.806957150592524
3933.0,3.933,7.7992290668401765
3933.5,3.933500000000002,7.801729066840188
3934.0,3.9339999999999975,7.804229066840165
3934.5,3.9345,7.796377633102445
3935.0,3.9350000000000023,7.798877633102457
3935.5,3.9354999999999976,7.801377633102433
3936.0,3.936,7.793373351898083
3936.5,3.9365000000000023,7.795873351898095
3937.0,3.9369999999999976,7.798373351898071
3937.5,3.9375,7.790211389267903
3938.0,3.9380000000000024,7.7927113892679145
3938.5,3.9384999999999977,7.795211389267891
3939.0,3.939,7.786866510658399
3939.5,3.9395000000000024,7.789366510658411
3940.0,3.9399999999999977,7.791866510658387
3940.5,3.9405,7.783303184171295
3941.0,3.9410000000000025,7.785803184171307
3941.5,3.941499999999998,7.7883031841712835
3942.0,3.942,7.779508484803479
3942.5,3.9425000000000026,7.782008484803491
3943.0,3.942999999999998,7.784508484803467
3943.5,3.9435000000000002,7.775462608230512
3944.0,3.9440000000000026,7.777962608230524
3944.5,3.944499999999998,7.780462608230501
3945.0,3.9450000000000003,7.771188002011833
3945.5,3.9455000000000027,7.773688002011845
3946.0,3.945999999999998,7.776188002011821
3946.5,3.9465000000000003,7.766736768169551
3947.0,3.9470000000000027,7.769236768169563
3947.5,3.947499999999998,7.771736768169539
3948.0,3.9480000000000004,7.7621806282171235
3948.5,3.948500000000003,7.7646806282171354
3949.0,3.948999999999998,7.767180628217112
3949.5,3.9495000000000005,7.757618025276614
3950.0,3.950000000000003,7.7601180252766255
3950.5,3.950499999999998,7.762618025276602
3951.0,3.9510000000000005,7.753124230945758
3951.5,3.951500000000003,7.75562423094577
3952.0,3.951999999999998,7.7581242309457465
3952.5,3.9525000000000006,7.748774454857603
3953.0,3.953000000000003,7.751274454857615
3953.5,3.9534999999999982,7.7537744548575915
3954.0,3.9540000000000006,7.744601195653935
3954.5,3.954500000000003,7.747101195653947
3955.0,3.9549999999999983,7.7496011956539235
3955.5,3.9555000000000007,7.74065305535931
3956.0,3.956000000000003,7.743153055359322
3956.5,3.9564999999999984,7.745653055359298
3957.0,3.9570000000000007,7.736935834647483
3957.5,3.957500000000003,7.7394358346474945
3958.0,3.9579999999999984,7.741935834647471
3958.5,3.958500000000001,7.733428776990223
3959.0,3.959000000000003,7.735928776990235
3959.5,3.9594999999999985,7.738428776990212
3960.0,3.960000000000001,7.730100361487224
3960.5,3.9605000000000032,7.732600361487236
3961.0,3.9609999999999985,7.735100361487213
3961.5,3.961500000000001,7.726913953065804
3962.0,3.9620000000000033,7.729413953065816
3962.5,3.9624999999999986,7.731913953065792
3963.0,3.963000000000001,7.723852431712146
3963.5,3.9635000000000034,7.726352431712158
3964.0,3.9639999999999986,7.728852431712134
3964.5,3.964500000000001,7.720905725770031
3965.0,3.9650000000000034,7.723405725770043
3965.5,3.9654999999999987,7.725905725770019
3966.0,3.966000000000001,7.718067948633696
3966.5,3.9665000000000035,7.7205679486337075
3967.0,3.9669999999999987,7.723067948633684
3967.5,3.967500000000001,7.715336702468356
3968.0,3.9679999999999964,7.7178367024683325
3968.5,3.968499999999999,7.7203367024683445
3969.0,3.969000000000001,7.712673504555347
3969.5,3.9695000000000036,7.715173504555359
3970.0,3.969999999999999,7.717673504555336
3970.5,3.9705000000000013,7.710015422533587
3971.0,3.9709999999999965,7.7125154225335635
3971.5,3.971499999999999,7.715015422533575
3972.0,3.9720000000000013,7.707319939750867
3972.5,3.9725000000000037,7.709819939750879
3973.0,3.972999999999999,7.712319939750856
3973.5,3.9735000000000014,7.704549481956704
3974.0,3.9739999999999966,7.70704948195668
3974.5,3.974499999999999,7.709549481956692
3975.0,3.9750000000000014,7.701673357900525
3975.5,3.975500000000004,7.704173357900537
3976.0,3.975999999999999,7.706673357900513
3976.5,3.9765000000000015,7.698703611377198
3977.0,3.9769999999999968,7.701203611377174
3977.5,3.977499999999999,7.703703611377186
3978.0,3.9780000000000015,7.695673356462969
3978.5,3.978499999999997,7.698173356462945
3979.0,3.978999999999999,7.700673356462957
3979.5,3.9795000000000016,7.692622014187975
3980.0,3.979999999999997,7.695122014187952
3980.5,3.9804999999999993,7.697622014187964
3981.0,3.9810000000000016,7.689598089474501
3981.5,3.981499999999997,7.692098089474477
3982.0,3.9819999999999993,7.694598089474489
3982.5,3.9825000000000017,7.686671753362262
3983.0,3.982999999999997,7.689171753362238
3983.5,3.9834999999999994,7.69167175336225
3984.0,3.9840000000000018,7.683878003123041
3984.5,3.984499999999997,7.686378003123018
3985.0,3.9849999999999994,7.68887800312303
3985.5,3.985500000000002,7.681252902260525
3986.0,3.985999999999997,7.683752902260501
3986.5,3.9864999999999995,7.686252902260513
3987.0,3.987000000000002,7.678812025593729
3987.5,3.987499999999997,7.681312025593705
3988.0,3.9879999999999995,7.683812025593717
3988.5,3.988500000000002,7.676541316629617
3989.0,3.988999999999997,7.679041316629593
3989.5,3.9894999999999996,7.681541316629605
3990.0,3.990000000000002,7.674441882441343
3990.5,3.9904999999999973,7.676941882441319
3991.0,3.9909999999999997,7.679441882441331
3991.5,3.991500000000002,7.672466575294408
3992.0,3.9919999999999973,7.674966575294384
3992.5,3.9924999999999997,7.677466575294396
3993.0,3.993000000000002,7.670570401277637
3993.5,3.9934999999999974,7.673070401277613
3994.0,3.9939999999999998,7.675570401277625
3994.5,3.994500000000002,7.668730635657184
3995.0,3.9949999999999974,7.67123063565716
3995.5,3.9955,7.673730635657172
3996.0,3.996000000000002,7.666921507227151
3996.5,3.9964999999999975,7.669421507227128
3997.0,3.997,7.67192150722714
3997.5,3.9975000000000023,7.665105605419136
3998.0,3.9979999999999976,7.667605605419112
3998.5,3.9985,7.670105605419124
3999.0,3.9990000000000023,7.663259367169246
3999.5,3.9994999999999976,7.665759367169223
4000.0,4.0,7.6682593671692345
4000.5,4.000500000000002,7.661353879656261
4001.0,4.000999999999998,7.663853879656237
4001.5,4.0015,7.666353879656249
4002.0,4.0020000000000024,7.668853879656261
4002.5,4.002499999999998,7.661855551920205
4003.0,4.003,7.664355551920217
4003.5,4.0035000000000025,7.666855551920229
4004.0,4.003999999999998,7.659745877995938
4004.5,4.0045,7.66224587799595
4005.0,4.005000000000003,7.664745877995962
4005.5,4.005499999999998,7.657503434050774
4006.0,4.006,7.660003434050786
4006.5,4.006500000000003,7.662503434050798
4007.0,4.006999999999998,7.655095509067458
4007.5,4.0075,7.65759550906747
4008.0,4.008000000000003,7.660095509067482
4008.5,4.008499999999998,7.652493541857979
4009.0,4.009,7.654993541857991
4009.5,4.009500000000003,7.657493541858003
4010.0,4.009999999999998,7.649719625753342
4010.5,4.0105,7.652219625753354
4011.0,4.011000000000003,7.654719625753366
4011.5,4.011499999999998,7.64679333764029
4012.0,4.0120000000000005,7.649293337640302
4012.5,4.012500000000003,7.6517933376403136
4013.0,4.012999999999998,7.643735194125014
4013.5,4.0135000000000005,7.646235194125026
4014.0,4.014000000000003,7.648735194125038
4014.5,4.014499999999998,7.640589811924023
4015.0,4.015000000000001,7.643089811924035
4015.5,4.015500000000003,7.645589811924047
4016.0,4.015999999999998,7.637395384649004
4016.5,4.016500000000001,7.639895384649016
4017.0,4.017000000000003,7.642395384649028
4017.5,4.017499999999998,7.6341783444983236
4018.0,4.018000000000001,7.6366783444983355
4018.5,4.018500000000003,7.639178344498347
4019.0,4.018999999999998,7.63095632687552
4019.5,4.019500000000001,7.633456326875532
4020.0,4.020000000000003,7.635956326875544
4020.5,4.020499999999998,7.627737689090459
4021.0,4.021000000000001,7.630237689090471
4021.5,4.021500000000003,7.632737689090483
4022.0,4.0219999999999985,7.624535413520768
4022.5,4.022500000000001,7.62703541352078
4023.0,4.023000000000003,7.629535413520792
4023.5,4.0234999999999985,7.621373164309908
4024.0,4.024000000000001,7.62387316430992
4024.5,4.024499999999996,7.626373164309896
4025.0,4.024999999999999,7.618238103899593
4025.5,4.025500000000001,7.620738103899605
4026.0,4.026000000000003,7.623238103899617
4026.5,4.026499999999999,7.615124531331681
4027.0,4.027000000000001,7.617624531331693
4027.5,4.027499999999996,7.620124531331669
4028.0,4.027999999999999,7.612026240737748
4028.5,4.028500000000001,7.61452624073776
4029.0,4.0290000000000035,7.617026240737772
4029.5,4.029499999999999,7.608920272523605
4030.0,4.030000000000001,7.611420272523617
4030.5,4.030499999999996,7.613920272523593
4031.0,4.030999999999999,7.605802457245474
4031.5,4.031500000000001,7.608302457245486
4032.0,4.032000000000004,7.610802457245498
4032.5,4.032499999999999,7.6026481352164055
4033.0,4.033000000000001,7.605148135216417
4033.5,4.0334999999999965,7.607648135216394
4034.0,4.033999999999999,7.599464276612906
4034.5,4.034500000000001,7.601964276612918
4035.0,4.035000000000004,7.60446427661293
4035.5,4.035499999999999,7.596231846261183
4036.0,4.036000000000001,7.598731846261195
4036.5,4.036499999999997,7.601231846261172
4037.0,4.036999999999999,7.592943151816307
4037.5,4.037500000000001,7.595443151816319
4038.0,4.038000000000004,7.597943151816331
4038.5,4.038499999999999,7.589583158316344
4039.0,4.0390000000000015,7.592083158316356
4039.5,4.039499999999997,7.594583158316333
4040.0,4.039999999999999,7.586115460885665
4040.5,4.0405000000000015,7.588615460885677
4041.0,4.041000000000004,7.591115460885689
4041.5,4.041499999999999,7.582496525911715
4042.0,4.042000000000002,7.584996525911727
4042.5,4.042499999999997,7.587496525911703
4043.0,4.042999999999999,7.578735283958586
4043.5,4.043500000000002,7.581235283958598
4044.0,4.044000000000004,7.58373528395861
4044.5,4.044499999999999,7.574862358258692
4045.0,4.045000000000002,7.5773623582587035
4045.5,4.045499999999997,7.57986235825868
4046.0,4.045999999999999,7.570924387100355
4046.5,4.046500000000002,7.573424387100367
4047.0,4.046999999999997,7.575924387100343
4047.5,4.047499999999999,7.566969615058241
4048.0,4.048000000000002,7.569469615058253
4048.5,4.048499999999997,7.571969615058229
4049.0,4.0489999999999995,7.563057907960555
4049.5,4.049500000000002,7.565557907960567
4050.0,4.049999999999997,7.568057907960544
4050.5,4.0504999999999995,7.5592436938186935
4051.0,4.051000000000002,7.5617436938187055
4051.5,4.051499999999997,7.564243693818682
4052.0,4.052,7.555582067891642
4052.5,4.052500000000002,7.558082067891654
4053.0,4.052999999999997,7.56058206789163
4053.5,4.0535,7.552112012371914
4054.0,4.054000000000002,7.554612012371926
4054.5,4.054499999999997,7.557112012371903
4055.0,4.055,7.548859480583836
4055.5,4.055500000000002,7.551359480583848
4056.0,4.055999999999997,7.553859480583824
4056.5,4.0565,7.545826968240874
4057.0,4.057000000000002,7.548326968240886
4057.5,4.057499999999997,7.550826968240862
4058.0,4.058,7.542997104807547
4058.5,4.058500000000002,7.545497104807559
4059.0,4.0589999999999975,7.547997104807536
4059.5,4.0595,7.540360065189695
4060.0,4.060000000000002,7.542860065189707
4060.5,4.0604999999999976,7.5453600651896835
4061.0,4.061,7.537891671926751
4061.5,4.061500000000002,7.540391671926763
4062.0,4.061999999999998,7.542891671926739
4062.5,4.0625,7.535542377371733
4063.0,4.063000000000002,7.538042377371745
4063.5,4.063499999999998,7.540542377371722
4064.0,4.064,7.533259195396447
4064.5,4.0645000000000024,7.535759195396459
4065.0,4.064999999999998,7.538259195396435
4065.5,4.0655,7.530993680242517
4066.0,4.0660000000000025,7.533493680242529
4066.5,4.066499999999998,7.535993680242505
4067.0,4.067,7.528728087919383
4067.5,4.067500000000003,7.531228087919395
4068.0,4.067999999999998,7.533728087919371
4068.5,4.0685,7.526440142052309
4069.0,4.069000000000003,7.5289401420523205
4069.5,4.069499999999998,7.531440142052297
4070.0,4.07,7.524114116929574
4070.5,4.070500000000003,7.526614116929586
4071.0,4.070999999999998,7.529114116929563
4071.5,4.0715,7.521715420089272
4072.0,4.072000000000003,7.524215420089284
4072.5,4.072499999999998,7.5267154200892605
4073.0,4.073,7.519212961609476
4073.5,4.073500000000003,7.521712961609488
4074.0,4.073999999999998,7.524212961609464
4074.5,4.0745000000000005,7.516596589018718
4075.0,4.075000000000003,7.51909658901873
4075.5,4.075499999999998,7.521596589018706
4076.0,4.0760000000000005,7.513855558588531
4076.5,4.076500000000003,7.516355558588543
4077.0,4.076999999999998,7.51885555858852
4077.5,4.077500000000001,7.521355558588532
4078.0,4.078000000000003,7.513497217095129
4078.5,4.078499999999998,7.515997217095105
4079.0,4.079000000000001,7.518497217095117
4079.5,4.079500000000003,7.510546654126777
4080.0,4.079999999999998,7.513046654126754
4080.5,4.080500000000001,7.515546654126766
4081.0,4.081000000000003,7.507567316552333
4081.5,4.081499999999998,7.510067316552309
4082.0,4.082000000000001,7.512567316552321
4082.5,4.082500000000003,7.504596381868289
4083.0,4.082999999999998,7.507096381868266
4083.5,4.083500000000001,7.509596381868278
4084.0,4.084000000000003,7.501659929221951
4084.5,4.0844999999999985,7.504159929221927
4085.0,4.085000000000001,7.506659929221939
4085.5,4.085500000000003,7.4987954738982765
4086.0,4.0859999999999985,7.501295473898253
4086.5,4.086500000000001,7.503795473898265
4087.0,4.086999999999996,7.496015912062077
4087.5,4.087499999999999,7.498515912062089
4088.0,4.088000000000001,7.501015912062101
4088.5,4.088500000000003,7.493322710740635
4089.0,4.088999999999999,7.495822710740612
4089.5,4.089500000000001,7.498322710740624
4090.0,4.089999999999996,7.490689656124445
4090.5,4.090499999999999,7.493189656124457
4091.0,4.091000000000001,7.495689656124469
4091.5,4.0915000000000035,7.488048032106818
4092.0,4.091999999999999,7.490548032106794
4092.5,4.092500000000001,7.493048032106806
4093.0,4.092999999999996,7.485351058698022
4093.5,4.093499999999999,7.487851058698034
4094.0,4.094000000000001,7.490351058698046
4094.5,4.094500000000004,7.482550391546141
4095.0,4.094999999999999,7.4850503915461175
4095.5,4.095500000000001,7.4875503915461294
4096.0,4.0959999999999965,7.479584618192696
4096.5,4.096499999999999,7.482084618192708
4097.0,4.097000000000001,7.48458461819272
4097.5,4.097500000000004,7.4764199273534615
4098.0,4.097999999999999,7.478919927353438
4098.5,4.098500000000001,7.48141992735345
4099.0,4.098999999999997,7.473046230122087
4099.5,4.099499999999999,7.475546230122099
4100.0,4.100000000000001,7.478046230122111
4100.5,4.100500000000004,7.46948552483822
4101.0,4.100999999999999,7.471985524838196
4101.5,4.1015000000000015,7.474485524838208
4102.0,4.101999999999997,7.465789859606211
4102.5,4.102499999999999,7.468289859606223
4103.0,4.1030000000000015,7.470789859606235
4103.5,4.103500000000004,7.461996222062197
4104.0,4.103999999999999,7.464496222062174
4104.5,4.104500000000002,7.4669962220621855
4105.0,4.104999999999997,7.458127281017539
4105.5,4.105499999999999,7.460627281017551
4106.0,4.106000000000002,7.463127281017563
4106.5,4.106500000000004,7.454199905828389
4107.0,4.106999999999999,7.456699905828366
4107.5,4.107500000000002,7.4591999058283776
4108.0,4.107999999999997,7.450244921486089
4108.5,4.108499999999999,7.452744921486101
4109.0,4.109000000000002,7.455244921486113
4109.5,4.109499999999997,7.446288181347391
4110.0,4.109999999999999,7.448788181347403
4110.5,4.110500000000002,7.451288181347415
4111.0,4.110999999999997,7.442362688218331
4111.5,4.1114999999999995,7.444862688218343
4112.0,4.112000000000002,7.447362688218355
4112.5,4.112499999999997,7.438505838408709
4113.0,4.1129999999999995,7.441005838408721
4113.5,4.113500000000002,7.443505838408733
4114.0,4.113999999999997,7.43475536732511
4114.5,4.1145,7.437255367325122
4115.0,4.115000000000002,7.439755367325134
4115.5,4.115499999999997,7.43117058128604
4116.0,4.116,7.4336705812860515
4116.5,4.116500000000002,7.4361705812860635
4117.0,4.116999999999997,7.427795077233412
4117.5,4.1175,7.430295077233424
4118.0,4.118000000000002,7.432795077233436
4118.5,4.118499999999997,7.424634950670104
4119.0,4.119,7.427134950670116
4119.5,4.119500000000002,7.429634950670128
4120.0,4.119999999999997,7.421671523465427
4120.5,4.1205,7.424171523465439
4121.0,4.121000000000002,7.426671523465451
4121.5,4.1214999999999975,7.418870190104165
4122.0,4.122,7.421370190104177
4122.5,4.122500000000002,7.423870190104189
4123.0,4.1229999999999976,7.416160314559654
4123.5,4.1235,7.418660314559666
4124.0,4.124000000000002,7.421160314559678
4124.5,4.124499999999998,7.413492732343414
4125.0,4.125,7.415992732343426
4125.5,4.125500000000002,7.418492732343438
4126.0,4.125999999999998,7.410787335386182
4126.5,4.1265,7.413287335386194
4127.0,4.1270000000000024,7.415787335386206
4127.5,4.127499999999998,7.407998765919039
4128.0,4.128,7.410498765919051
4128.5,4.1285000000000025,7.412998765919063
4129.0,4.128999999999998,7.405119933739499
4129.5,4.1295,7.407619933739511
4130.0,4.130000000000003,7.410119933739523
4130.5,4.130499999999998,7.402134989201059
4131.0,4.131,7.404634989201071
4131.5,4.131500000000003,7.407134989201083
4132.0,4.131999999999998,7.399047988727965
4132.5,4.1325,7.401547988727977
4133.0,4.133000000000003,7.404047988727989
4133.5,4.133499999999998,7.39586443149026
4134.0,4.134,7.398364431490272
4134.5,4.134500000000003,7.400864431490284
4135.0,4.134999999999998,7.392636032299258
4135.5,4.1355,7.39513603229927
4136.0,4.136000000000003,7.397636032299282
4136.5,4.136499999999998,7.389397799227062
4137.0,4.1370000000000005,7.391897799227074
4137.5,4.137500000000003,7.394397799227086
4138.0,4.137999999999998,7.386192236702982
4138.5,4.1385000000000005,7.388692236702994
4139.0,4.139000000000003,7.391192236703006
4139.5,4.139499999999998,7.383052523065032
4140.0,4.140000000000001,7.385552523065044
4140.5,4.140500000000003,7.388052523065056
4141.0,4.140999999999998,7.380000941973712
4141.5,4.141500000000001,7.382500941973724
4142.0,4.142000000000003,7.385000941973736
4142.5,4.142499999999998,7.377069661284281
4143.0,4.143000000000001,7.379569661284293
4143.5,4.143500000000003,7.382069661284305
4144.0,4.143999999999998,7.374266039857567
4144.5,4.144500000000001,7.3767660398575785
4145.0,4.145000000000003,7.37926603985759
4145.5,4.145499999999998,7.371605381936703
4146.0,4.146000000000001,7.374105381936715
4146.5,4.146500000000003,7.376605381936727
4147.0,4.1469999999999985,7.3690985821779975
4147.5,4.147500000000001,7.3715985821780095
4148.0,4.148000000000003,7.374098582178021
4148.5,4.1484999999999985,7.366749200954388
4149.0,4.149000000000001,7.3692492009544
4149.5,4.149499999999996,7.371749200954376
4150.0,4.149999999999999,7.36453049679163
4150.5,4.150500000000001,7.367030496791642
4151.0,4.151000000000003,7.369530496791654
4151.5,4.151499999999999,7.362401456040004
4152.0,4.152000000000001,7.364901456040016
4152.5,4.152499999999996,7.3674014560399925
4153.0,4.152999999999999,7.3699014560400045
4153.5,4.153500000000001,7.36285321936613
4154.0,4.1540000000000035,7.365353219366142
4154.5,4.154499999999999,7.367853219366118
4155.0,4.155000000000001,7.360855592079787
4155.5,4.155499999999996,7.363355592079763
4156.0,4.155999999999999,7.365855592079775
4156.5,4.156500000000001,7.3588795263536255
4157.0,4.157000000000004,7.3613795263536375
4157.5,4.157499999999999,7.363879526353614
4158.0,4.158000000000001,7.3568778611477015
4158.5,4.1584999999999965,7.359377861147678
4159.0,4.158999999999999,7.36187786114769
4159.5,4.159500000000001,7.354792194029827
4160.0,4.160000000000004,7.357292194029839
4160.5,4.160499999999999,7.359792194029815
4161.0,4.161000000000001,7.3525895430409705
4161.5,4.161499999999997,7.355089543040947
4162.0,4.161999999999999,7.357589543040959
4162.5,4.162500000000001,7.350226395246189
4163.0,4.163000000000004,7.352726395246201
4163.5,4.163499999999999,7.355226395246177
4164.0,4.1640000000000015,7.347672867022226
4164.5,4.164499999999997,7.350172867022202
4165.0,4.164999999999999,7.352672867022214
4165.5,4.1655000000000015,7.344933703886234
4166.0,4.166000000000004,7.347433703886246
4166.5,4.166499999999999,7.349933703886222
4167.0,4.167000000000002,7.34203892884338
4167.5,4.167499999999997,7.344538928843356
4168.0,4.167999999999999,7.347038928843368
4168.5,4.168500000000002,7.339009561788963
4169.0,4.169000000000004,7.341509561788975
4169.5,4.169499999999999,7.344009561788951
4170.0,4.170000000000002,7.335881493222125
4170.5,4.170499999999997,7.338381493222101
4171.0,4.170999999999999,7.340881493222113
4171.5,4.171500000000002,7.332706657744588
4172.0,4.171999999999997,7.335206657744564
4172.5,4.172499999999999,7.337706657744576
4173.0,4.173000000000002,7.329543971028443
4173.5,4.173499999999997,7.332043971028419
4174.0,4.1739999999999995,7.334543971028431
4174.5,4.174500000000002,7.326409146859625
4175.0,4.174999999999997,7.328909146859601
4175.5,4.1754999999999995,7.331409146859613
4176.0,4.176000000000002,7.323301554650428
4176.5,4.176499999999997,7.325801554650404
4177.0,4.177,7.328301554650416
4177.5,4.177500000000002,7.32022729464564
4178.0,4.177999999999997,7.322727294645617
4178.5,4.1785,7.325227294645629
4179.0,4.179000000000002,7.317169272972954
4179.5,4.179499999999997,7.319669272972931
4180.0,4.18,7.322169272972943
4180.5,4.180500000000002,7.314100717516574
4181.0,4.180999999999997,7.31660071751655
4181.5,4.1815,7.319100717516562
4182.0,4.182000000000002,7.3110093517199815
4182.5,4.182499999999997,7.313509351719958
4183.0,4.183,7.31600935171997
4183.5,4.183500000000002,7.30789697100775
4184.0,4.1839999999999975,7.310396971007727
4184.5,4.1845,7.3128969710077385
4185.0,4.185000000000002,7.304762875337794
4185.5,4.1854999999999976,7.30726287533777
4186.0,4.186,7.309762875337782
4186.5,4.186500000000002,7.301609199562051
4187.0,4.186999999999998,7.304109199562028
4187.5,4.1875,7.30660919956204
4188.0,4.188000000000002,7.298454823411085
4188.5,4.188499999999998,7.300954823411061
4189.0,4.189,7.303454823411073
4189.5,4.1895000000000024,7.2953011299254555
4190.0,4.189999999999998,7.297801129925432
4190.5,4.1905,7.300301129925444
4191.0,4.1910000000000025,7.292118078453029
4191.5,4.191499999999998,7.294618078453006
4192.0,4.192,7.297118078453018
4192.5,4.192500000000003,7.288888050583218
4193.0,4.192999999999998,7.291388050583194
4193.5,4.1935,7.293888050583206
4194.0,4.194000000000003,7.285578841224272
4194.5,4.194499999999998,7.288078841224248
4195.0,4.195,7.29057884122426
4195.5,4.195500000000003,7.282151550310019
4196.0,4.195999999999998,7.284651550309995
4196.5,4.1965,7.287151550310007
4197.0,4.197000000000003,7.27859335416305
4197.5,4.197499999999998,7.281093354163026
4198.0,4.198,7.283593354163038
4198.5,4.198500000000003,7.274889544423644
4199.0,4.198999999999998,7.27738954442362
4199.5,4.1995000000000005,7.279889544423632
4200.0,4.200000000000003,7.271057911147665
4200.5,4.200499999999998,7.273557911147641
4201.0,4.2010000000000005,7.276057911147653
4201.5,4.201500000000003,7.267133205125873
4202.0,4.201999999999998,7.269633205125849
4202.5,4.202500000000001,7.272133205125861
4203.0,4.203000000000003,7.263141473088197
4203.5,4.203499999999998,7.2656414730881735
4204.0,4.204000000000001,7.2681414730881855
4204.5,4.204500000000003,7.2591321567511
4205.0,4.204999999999998,7.261632156751077
4205.5,4.205500000000001,7.264132156751089
4206.0,4.206000000000003,7.255159557651112
4206.5,4.206499999999998,7.257659557651088
4207.0,4.207000000000001,7.2601595576511
4207.5,4.207500000000003,7.2512785088076726
4208.0,4.207999999999998,7.253778508807649
4208.5,4.208500000000001,7.256278508807661
4209.0,4.209000000000003,7.247514585113848
4209.5,4.2094999999999985,7.250014585113824
4210.0,4.210000000000001,7.252514585113836
4210.5,4.210500000000003,7.2438512206683825
4211.0,4.2109999999999985,7.246351220668359
4211.5,4.211500000000001,7.248851220668371
4212.0,4.211999999999996,7.2402827287120886
4212.5,4.212499999999999,7.2427827287121005
4213.0,4.213000000000001,7.245282728712112
4213.5,4.213500000000003,7.23680743182495
4214.0,4.213999999999999,7.239307431824926
4214.5,4.214500000000001,7.241807431824938
4215.0,4.214999999999996,7.233422202405215
4215.5,4.215499999999999,7.235922202405227
4216.0,4.216000000000001,7.238422202405239
4216.5,4.2165000000000035,7.23014557697212
4217.0,4.216999999999999,7.2326455769720965
4217.5,4.217500000000001,7.2351455769721085
4218.0,4.217999999999996,7.22698234320962
4218.5,4.218499999999999,7.229482343209632
4219.0,4.219000000000001,7.231982343209644
4219.5,4.219500000000004,7.223934718330689
4220.0,4.219999999999999,7.226434718330665
4220.5,4.220500000000001,7.228934718330677
4221.0,4.2209999999999965,7.221008206249415
4221.5,4.221499999999999,7.223508206249427
4222.0,4.222000000000001,7.226008206249439
4222.5,4.222500000000004,7.218200990962913
4223.0,4.222999999999999,7.220700990962889
4223.5,4.223500000000001,7.223200990962901
4224.0,4.223999999999997,7.215516536976203
4224.5,4.224499999999999,7.218016536976215
4225.0,4.225000000000001,7.220516536976227
4225.5,4.225500000000004,7.212916556968878
4226.0,4.225999999999999,7.215416556968854
4226.5,4.2265000000000015,7.217916556968866
4227.0,4.226999999999997,7.21037320923223
4227.5,4.227499999999999,7.212873209232242
4228.0,4.2280000000000015,7.215373209232254
4228.5,4.228500000000004,7.217873209232266
4229.0,4.228999999999999,7.210380233936746
4229.5,4.229500000000002,7.212880233936758
4230.0,4.229999999999997,7.2153802339367346
4230.5,4.230499999999999,7.207918137430873
4231.0,4.231000000000002,7.210418137430885
4231.5,4.231500000000004,7.212918137430897
4232.0,4.231999999999999,7.2054657678725675
4232.5,4.232500000000002,7.2079657678725795
4233.0,4.232999999999997,7.210465767872556
4233.5,4.233499999999999,7.203037460553929
4234.0,4.234000000000002,7.205537460553941
4234.5,4.234499999999997,7.208037460553918
4235.0,4.234999999999999,7.2006548509271795
4235.5,4.235500000000002,7.203154850927191
4236.0,4.235999999999997,7.205654850927168
4236.5,4.2364999999999995,7.198311469020986
4237.0,4.237000000000002,7.200811469020998
4237.5,4.237499999999997,7.203311469020974
4238.0,4.2379999999999995,7.196010614001445
4238.5,4.238500000000002,7.1985106140014565
4239.0,4.238999999999997,7.201010614001433
4239.5,4.2395,7.193738266720899
4240.0,4.240000000000002,7.196238266720911
4240.5,4.240499999999997,7.198738266720888
4241.0,4.241,7.191473900722478
4241.5,4.241500000000002,7.19397390072249
4242.0,4.241999999999997,7.1964739007224665
4242.5,4.2425,7.189223188067473
4243.0,4.243000000000002,7.191723188067485
4243.5,4.243499999999997,7.194223188067461
4244.0,4.244,7.1869517393121995
4244.5,4.244500000000002,7.1894517393122115
4245.0,4.244999999999997,7.191951739312188
4245.5,4.2455,7.184654918311004
4246.0,4.246000000000002,7.187154918311016
4246.5,4.2464999999999975,7.189654918310993
4247.0,4.247,7.182325038061883
4247.5,4.247500000000002,7.184825038061895
4248.0,4.2479999999999976,7.187325038061871
4248.5,4.2485,7.179970613221123
4249.0,4.249000000000002,7.182470613221135
4249.5,4.249499999999998,7.184970613221111
4250.0,4.25,7.17758268954654
4250.5,4.250500000000002,7.180082689546552
4251.0,4.250999999999998,7.182582689546528
4251.5,4.2515,7.175159207504755
4252.0,4.2520000000000024,7.177659207504767
4252.5,4.252499999999998,7.180159207504744
4253.0,4.253,7.172678509418269
4253.5,4.2535000000000025,7.175178509418281
4254.0,4.253999999999998,7.177678509418257
4254.5,4.2545,7.170153717229439
4255.0,4.255000000000003,7.172653717229451
4255.5,4.255499999999998,7.175153717229428
4256.0,4.256,7.167613607219678
4256.5,4.256500000000003,7.17011360721969
4257.0,4.256999999999998,7.172613607219667
4257.5,4.2575,7.165061170207494
4258.0,4.258000000000003,7.167561170207506
4258.5,4.258499999999998,7.170061170207482
4259.0,4.259,7.162494776977155
4259.5,4.259500000000003,7.164994776977167
4260.0,4.259999999999998,7.1674947769771435
4260.5,4.2605,7.159913137525464
4261.0,4.261000000000003,7.162413137525476
4261.5,4.261499999999998,7.164913137525453
4262.0,4.2620000000000005,7.157285776926017
4262.5,4.262500000000003,7.159785776926029
4263.0,4.262999999999998,7.162285776926005
4263.5,4.2635000000000005,7.15459728819237
4264.0,4.264000000000003,7.157097288192382
4264.5,4.264499999999998,7.159597288192359
4265.0,4.265000000000001,7.151827943807341
4265.5,4.265500000000003,7.154327943807353
4266.0,4.265999999999998,7.156827943807329
4266.5,4.266500000000001,7.148976878151139
4267.0,4.267000000000003,7.151476878151151
4267.5,4.267499999999998,7.153976878151127
4268.0,4.268000000000001,7.14606050091092
4268.5,4.268500000000003,7.148560500910932
4269.0,4.268999999999998,7.1510605009109085
4269.5,4.269500000000001,7.143084156737807
4270.0,4.270000000000003,7.145584156737819
4270.5,4.270499999999998,7.148084156737795
4271.0,4.271000000000001,7.1400644705452265
4271.5,4.271500000000003,7.1425644705452385
4272.0,4.2719999999999985,7.145064470545215
4272.5,4.272500000000001,7.137021265764112
4273.0,4.273000000000003,7.139521265764124
4273.5,4.2734999999999985,7.1420212657641
4274.0,4.274000000000001,7.133971506540782
4274.5,4.274499999999996,7.136471506540758
4275.0,4.274999999999999,7.13897150654077
4275.5,4.275500000000001,7.130893178368325
4276.0,4.276000000000003,7.133393178368337
4276.5,4.276499999999999,7.135893178368313
4277.0,4.277000000000001,7.127770276630727
4277.5,4.277499999999996,7.130270276630704
4278.0,4.277999999999999,7.1327702766307155
4278.5,4.278500000000001,7.124589882612966
4279.0,4.2790000000000035,7.127089882612978
4279.5,4.279499999999999,7.1295898826129545
4280.0,4.280000000000001,7.1213565561988545
4280.5,4.280499999999996,7.123856556198831
4281.0,4.280999999999999,7.126356556198843
4281.5,4.281500000000001,7.1180516013927075
4282.0,4.282000000000004,7.1205516013927195
4282.5,4.282499999999999,7.123051601392696
4283.0,4.283000000000001,7.11470942174536
4283.5,4.2834999999999965,7.117209421745336
4284.0,4.283999999999999,7.119709421745348
4284.5,4.284500000000001,7.111347471325189
4285.0,4.285000000000004,7.113847471325201
4285.5,4.285499999999999,7.116347471325177
4286.0,4.286000000000001,7.107971305451635
4286.5,4.286499999999997,7.110471305451611
4287.0,4.286999999999999,7.112971305451623
4287.5,4.287500000000001,7.104574938090877
4288.0,4.288000000000004,7.107074938090889
4288.5,4.288499999999999,7.109574938090866
4289.0,4.2890000000000015,7.101158157758789
4289.5,4.289499999999997,7.103658157758765
4290.0,4.289999999999999,7.106158157758777
4290.5,4.2905000000000015,7.097707274589489
4291.0,4.291000000000004,7.100207274589501
4291.5,4.291499999999999,7.102707274589477
4292.0,4.292000000000002,7.094213745902884
4292.5,4.292499999999997,7.096713745902861
4293.0,4.292999999999999,7.099213745902873
4293.5,4.293500000000002,7.090679962191118
4294.0,4.294000000000004,7.09317996219113
4294.5,4.294499999999999,7.095679962191106
4295.0,4.295000000000002,7.087092095090739
4295.5,4.295499999999997,7.089592095090715
4296.0,4.295999999999999,7.092092095090727
4296.5,4.296500000000002,7.083433741366001
4297.0,4.296999999999997,7.085933741365977
4297.5,4.297499999999999,7.088433741365989
4298.0,4.298000000000002,7.079718929634353
4298.5,4.298499999999997,7.08221892963433
4299.0,4.2989999999999995,7.084718929634342
4299.5,4.299500000000002,7.075971545147013
4300.0,4.299999999999997,7.078471545146989
4300.5,4.3004999999999995,7.080971545147001
4301.0,4.301000000000002,7.0722247579010755
4301.5,4.301499999999997,7.074724757901052
4302.0,4.302,7.077224757901064
4302.5,4.302500000000002,7.0685061229658075
4303.0,4.302999999999997,7.071006122965784
4303.5,4.3035,7.073506122965796
4304.0,4.304000000000002,7.076006122965808
4304.5,4.304499999999997,7.067344583836714
4305.0,4.305,7.069844583836726
4305.5,4.305500000000002,7.072344583836738
4306.0,4.305999999999997,7.063769281353345
4306.5,4.3065,7.066269281353357
4307.0,4.307000000000002,7.068769281353369
4307.5,4.307499999999997,7.060299417409475
4308.0,4.308,7.062799417409487
4308.5,4.308500000000002,7.0652994174094985
4309.0,4.3089999999999975,7.056941796605898
4309.5,4.3095,7.05944179660591
4310.0,4.310000000000002,7.061941796605922
4310.5,4.3104999999999976,7.053678890115194
4311.0,4.311,7.056178890115206
4311.5,4.311500000000002,7.0586788901152175
4312.0,4.311999999999998,7.050494844330011
4312.5,4.3125,7.052994844330023
4313.0,4.313000000000002,7.055494844330035
4313.5,4.313499999999998,7.0473703005285415
4314.0,4.314,7.0498703005285535
4314.5,4.3145000000000024,7.052370300528565
4315.0,4.314999999999998,7.044294841818051
4315.5,4.3155,7.046794841818063
4316.0,4.3160000000000025,7.0492948418180745
4316.5,4.316499999999998,7.0412496168129834
4317.0,4.317,7.043749616812995
4317.5,4.317500000000003,7.046249616813007
4318.0,4.317999999999998,7.038232466348298
4318.5,4.3185,7.0407324663483095
4319.0,4.319000000000003,7.0432324663483215
4319.5,4.319499999999998,7.035220994272677
4320.0,4.32,7.037720994272689
4320.5,4.320500000000003,7.040220994272701
4321.0,4.320999999999998,7.032207576724758
4321.5,4.3215,7.03470757672477
4322.0,4.322000000000003,7.037207576724782
4322.5,4.322499999999998,7.029180008858873
4323.0,4.323,7.031680008858885
4323.5,4.323500000000003,7.034180008858897
4324.0,4.323999999999998,7.026134848448926
4324.5,4.3245000000000005,7.028634848448938
4325.0,4.325000000000003,7.03113484844895
4325.5,4.325499999999998,7.0230684861262915
4326.0,4.3260000000000005,7.0255684861263035
4326.5,4.326500000000003,7.028068486126315
4327.0,4.326999999999998,7.0199607155019805
4327.5,4.327500000000001,7.0224607155019925
4328.0,4.328000000000003,7.024960715502004
4328.5,4.328499999999998,7.016816360832863
4329.0,4.329000000000001,7.019316360832875
4329.5,4.329500000000003,7.0218163608328865
4330.0,4.329999999999998,7.013640938993824
4330.5,4.330500000000001,7.016140938993836
4331.0,4.331000000000003,7.0186409389938476
4331.5,4.331499999999998,7.010449148604501
4332.0,4.332000000000001,7.012949148604513
4332.5,4.332500000000003,7.0154491486045245
4333.0,4.332999999999998,7.007264660968708
4333.5,4.333500000000001,7.00976466096872
4334.0,4.334000000000003,7.012264660968732
4334.5,4.3344999999999985,7.004113915549155
4335.0,4.335000000000001,7.006613915549167
4335.5,4.335500000000003,7.009113915549179
4336.0,4.3359999999999985,7.001015554156034
4336.5,4.336500000000001,7.003515554156046
4337.0,4.336999999999996,7.006015554156022
4337.5,4.337499999999999,6.997983933519691
4338.0,4.338000000000001,7.000483933519703
4338.5,4.338500000000003,7.002983933519715
4339.0,4.338999999999999,6.995012102478491
4339.5,4.339500000000001,6.9975121024785025
4340.0,4.339999999999996,7.000012102478479
4340.5,4.340499999999999,6.992083104503308
4341.0,4.341000000000001,6.99458310450332
4341.5,4.3415000000000035,6.997083104503332
4342.0,4.341999999999999,6.989189963204154
4342.5,4.342500000000001,6.991689963204166
4343.0,4.342999999999996,6.994189963204143
4343.5,4.343499999999999,6.986305678140852
4344.0,4.344000000000001,6.988805678140864
4344.5,4.344500000000004,6.991305678140876
4345.0,4.344999999999999,6.983380028791295
4345.5,4.345500000000001,6.985880028791307
4346.0,4.3459999999999965,6.988380028791283
4346.5,4.346499999999999,6.980376889705617
4347.0,4.347000000000001,6.982876889705629
4347.5,4.347500000000004,6.985376889705641
4348.0,4.347999999999999,6.977282730182033
4348.5,4.348500000000001,6.979782730182045
4349.0,4.348999999999997,6.982282730182021
4349.5,4.349499999999999,6.974101252053657
4350.0,4.350000000000001,6.976601252053669
4350.5,4.350500000000004,6.979101252053681
4351.0,4.350999999999999,6.970822315986318
4351.5,4.3515000000000015,6.97332231598633
4352.0,4.351999999999997,6.975822315986306
4352.5,4.352499999999999,6.96744370844538
4353.0,4.3530000000000015,6.969943708445392
4353.5,4.353500000000004,6.972443708445404
4354.0,4.353999999999999,6.963954602099776
4354.5,4.354500000000002,6.9664546020997875
4355.0,4.354999999999997,6.968954602099764
4355.5,4.355499999999999,6.96036851664303
4356.0,4.356000000000002,6.9628685166430415
4356.5,4.356500000000004,6.9653685166430535
4357.0,4.356999999999999,6.956690132566763
4357.5,4.357500000000002,6.959190132566775
4358.0,4.357999999999997,6.961690132566751
4358.5,4.358499999999999,6.952891479760055
4359.0,4.359000000000002,6.955391479760067
4359.5,4.359499999999997,6.957891479760043
4360.0,4.359999999999999,6.948967397555563
4360.5,4.360500000000002,6.951467397555575
4361.0,4.360999999999997,6.953967397555552
4361.5,4.3614999999999995,6.944911031390575
4362.0,4.362000000000002,6.947411031390587
4362.5,4.362499999999997,6.949911031390563
4363.0,4.3629999999999995,6.94073795784611
4363.5,4.363500000000002,6.943237957846122
4364.0,4.363999999999997,6.945737957846099
4364.5,4.3645,6.936452874669108
4365.0,4.365000000000002,6.93895287466912
4365.5,4.365499999999997,6.941452874669096
4366.0,4.366,6.932066486255266
4366.5,4.366500000000002,6.934566486255278
4367.0,4.366999999999997,6.9370664862552545
4367.5,4.3675,6.927588595580971
4368.0,4.368000000000002,6.930088595580983
4368.5,4.368499999999997,6.93258859558096
4369.0,4.369,6.923037491411215
4369.5,4.369500000000002,6.925537491411227
4370.0,4.369999999999997,6.928037491411203
4370.5,4.3705,6.918443690570868
4371.0,4.371000000000002,6.92094369057088
4371.5,4.3714999999999975,6.923443690570856
4372.0,4.372,6.913812242520407
4372.5,4.372500000000002,6.916312242520419
4373.0,4.3729999999999976,6.918812242520396
4373.5,4.3735,6.909130895446154
4374.0,4.374000000000002,6.911630895446166
4374.5,4.374499999999998,6.914130895446142
4375.0,4.375,6.9043928604588345
4375.5,4.375500000000002,6.906892860458846
4376.0,4.375999999999998,6.909392860458823
4376.5,4.3765,6.8995842057026024
4377.0,4.3770000000000024,6.902084205702614
4377.5,4.377499999999998,6.904584205702591
4378.0,4.378,6.894692259545607
4378.5,4.3785000000000025,6.897192259545619
4379.0,4.378999999999998,6.899692259545596
4379.5,4.3795,6.9021922595456076
4380.0,4.380000000000003,6.892232977741308
4380.5,4.380499999999998,6.894732977741285
4381.0,4.381,6.897232977741297
4381.5,4.381500000000003,6.887246596025456
4382.0,4.381999999999998,6.889746596025432
4382.5,4.3825,6.892246596025444
4383.0,4.383000000000003,6.882261593156862
4383.5,4.383499999999998,6.884761593156838
4384.0,4.384,6.88726159315685
4384.5,4.384500000000003,6.877321615358198
4385.0,4.384999999999998,6.879821615358175
4385.5,4.3855,6.882321615358187
4386.0,4.386000000000003,6.872438827868059
4386.5,4.386499999999998,6.874938827868036
4387.0,4.3870000000000005,6.877438827868048
4387.5,4.387500000000003,6.867629284123353
4388.0,4.387999999999998,6.87012928412333
4388.5,4.3885000000000005,6.872629284123342
4389.0,4.389000000000003,6.862901877852821
4389.5,4.389499999999998,6.865401877852797
4390.0,4.390000000000001,6.867901877852809
4390.5,4.390500000000003,6.858270659070236
4391.0,4.390999999999998,6.860770659070212
4391.5,4.391500000000001,6.863270659070224
4392.0,4.392000000000003,6.853769305490047
4392.5,4.392499999999998,6.856269305490024
4393.0,4.393000000000001,6.858769305490036
4393.5,4.393500000000003,6.849396741318721
4394.0,4.393999999999998,6.851896741318697
4394.5,4.394500000000001,6.854396741318709
4395.0,4.395000000000003,6.845117177153988
4395.5,4.395499999999998,6.847617177153964
4396.0,4.396000000000001,6.850117177153976
4396.5,4.396500000000003,6.8409160284057435
4397.0,4.3969999999999985,6.84341602840572
4397.5,4.397500000000001,6.845916028405732
4398.0,4.398000000000003,6.8367831203312335
4398.5,4.3984999999999985,6.83928312033121
4399.0,4.399000000000001,6.841783120331222
4399.5,4.399499999999996,6.8327211139702015
4400.0,4.399999999999999,6.8352211139702135
4400.5,4.400500000000001,6.837721113970225
4401.0,4.401000000000003,6.828740403346174
4401.5,4.401499999999999,6.8312404033461505
4402.0,4.402000000000001,6.833740403346162
4402.5,4.402499999999996,6.824872911492648
4403.0,4.402999999999999,6.82737291149266
4403.5,4.403500000000001,6.8298729114926715
4404.0,4.4040000000000035,6.821133315193855
4404.5,4.404499999999999,6.823633315193831
4405.0,4.405000000000001,6.826133315193843
4405.5,4.405499999999996,6.817531001116848
4406.0,4.405999999999999,6.82003100111686
4406.5,4.406500000000001,6.822531001116872
4407.0,4.407000000000004,6.814063947195841
4407.5,4.407499999999999,6.816563947195817
4408.0,4.408000000000001,6.819063947195829
4408.5,4.4084999999999965,6.810713120255123
4409.0,4.408999999999999,6.813213120255135
4409.5,4.409500000000001,6.815713120255147
4410.0,4.410000000000004,6.80746343142971
4410.5,4.410499999999999,6.809963431429686
4411.0,4.411000000000001,6.812463431429698
4411.5,4.411499999999997,6.804286055911248
4412.0,4.411999999999999,6.80678605591126
4412.5,4.412500000000001,6.809286055911272
4413.0,4.413000000000004,6.801166150755975
4413.5,4.413499999999999,6.8036661507559515
4414.0,4.4140000000000015,6.806166150755963
4414.5,4.414499999999997,6.798085684414588
4415.0,4.414999999999999,6.8005856844145995
4415.5,4.4155000000000015,6.8030856844146115
4416.0,4.416000000000004,6.795047490417687
4416.5,4.416499999999999,6.797547490417664
4417.0,4.417000000000002,6.8000474904176755
4417.5,4.417499999999997,6.792070322340287
4418.0,4.417999999999999,6.794570322340299
4418.5,4.418500000000002,6.797070322340311
4419.0,4.419000000000004,6.78915311359507
4419.5,4.419499999999999,6.791653113595046
4420.0,4.420000000000002,6.794153113595058
4420.5,4.420499999999997,6.786296686413031
4421.0,4.420999999999999,6.788796686413043
4421.5,4.421500000000002,6.791296686413055
4422.0,4.421999999999997,6.783493343054694
4422.5,4.422499999999999,6.785993343054706
4423.0,4.423000000000002,6.788493343054718
4423.5,4.423499999999997,6.780699638307226
4424.0,4.4239999999999995,6.783199638307238
4424.5,4.424500000000002,6.78569963830725
4425.0,4.424999999999997,6.77787104495625
4425.5,4.4254999999999995,6.7803710449562615
4426.0,4.426000000000002,6.7828710449562735
4426.5,4.426499999999997,6.77496715334307
4427.0,4.427,6.777467153343082
4427.5,4.427500000000002,6.779967153343094
4428.0,4.427999999999997,6.771957086219835
4428.5,4.4285,6.774457086219847
4429.0,4.429000000000002,6.776957086219859
4429.5,4.429499999999997,6.768833227846436
4430.0,4.43,6.771333227846448
4430.5,4.430500000000002,6.77383322784646
4431.0,4.430999999999997,6.7655770346818045
4431.5,4.4315,6.768077034681816
4432.0,4.432000000000002,6.770577034681828
4432.5,4.432499999999997,6.762187696710171
4433.0,4.433,6.764687696710183
4433.5,4.433500000000002,6.767187696710195
4434.0,4.4339999999999975,6.758690770550011
4434.5,4.4345,6.761190770550023
4435.0,4.435000000000002,6.763690770550035
4435.5,4.4354999999999976,6.755104265637328
4436.0,4.436,6.75760426563734
4436.5,4.436500000000002,6.760104265637352
4437.0,4.436999999999998,6.751438751998684
4437.5,4.4375,6.753938751998696
4438.0,4.438000000000002,6.756438751998708
4438.5,4.438499999999998,6.747689543487851
4439.0,4.439,6.750189543487863
4439.5,4.4395000000000024,6.752689543487875
4440.0,4.439999999999998,6.743864298853737
4440.5,4.4405,6.746364298853749
4441.0,4.4410000000000025,6.748864298853761
4441.5,4.441499999999998,6.73996749010179
4442.0,4.442,6.742467490101802
4442.5,4.442500000000003,6.744967490101814
4443.0,4.442999999999998,6.736005701897163
4443.5,4.4435,6.738505701897175
4444.0,4.444000000000003,6.741005701897187
4444.5,4.444499999999998,6.731964318410739
4445.0,4.445,6.734464318410751
4445.5,4.445500000000003,6.736964318410763
4446.0,4.445999999999998,6.727870605181394
4446.5,4.4465,6.730370605181406
4447.0,4.447000000000003,6.732870605181418
4447.5,4.447499999999998,6.72374816545279
4448.0,4.448,6.726248165452802
4448.5,4.448500000000003,6.728748165452814
4449.0,4.448999999999998,6.71960254138245
4449.5,4.4495000000000005,6.722102541382462
4450.0,4.450000000000003,6.724602541382474
4450.5,4.450499999999998,6.7154410424448585
4451.0,4.4510000000000005,6.7179410424448704
4451.5,4.451500000000003,6.720441042444882
4452.0,4.451999999999998,6.711252418334759
4452.5,4.452500000000001,6.713752418334771
4453.0,4.453000000000003,6.716252418334783
4453.5,4.453499999999998,6.70704703084958
4454.0,4.454000000000001,6.709547030849592
4454.5,4.454500000000003,6.712047030849604
4455.0,4.454999999999998,6.71454703084958
4455.5,4.455500000000001,6.705330381422883
4456.0,4.456000000000003,6.707830381422895
4456.5,4.456499999999998,6.710330381422871
4457.0,4.457000000000001,6.70108341123953
4457.5,4.457500000000003,6.703583411239542
4458.0,4.457999999999998,6.7060834112395185
4458.5,4.458500000000001,6.696790918184128
4459.0,4.459000000000003,6.69929091818414
4459.5,4.4594999999999985,6.701790918184116
4460.0,4.460000000000001,6.6924480790061835
4460.5,4.460500000000003,6.6949480790061955
4461.0,4.4609999999999985,6.697448079006172
4461.5,4.461500000000001,6.6880350437755
4462.0,4.461999999999996,6.690535043775476
4462.5,4.462499999999999,6.693035043775488
4463.0,4.463000000000001,6.683533790767733
4463.5,4.463500000000003,6.686033790767745
4464.0,4.463999999999999,6.688533790767721
4464.5,4.464500000000001,6.67894070647872
4465.0,4.464999999999996,6.681440706478696
4465.5,4.465499999999999,6.683940706478708
4466.0,4.466000000000001,6.674277369271202
4466.5,4.4665000000000035,6.676777369271214
4467.0,4.466999999999999,6.67927736927119
4467.5,4.467500000000001,6.669549398620411
4468.0,4.467999999999996,6.672049398620388
4468.5,4.468499999999999,6.6745493986204
4469.0,4.469000000000001,6.664786490893135
4469.5,4.469500000000004,6.667286490893147
4470.0,4.469999999999999,6.669786490893124
4470.5,4.470500000000001,6.6600282763129925
4471.0,4.4709999999999965,6.662528276312969
4471.5,4.471499999999999,6.665028276312981
4472.0,4.472000000000001,6.655299962923671
4472.5,4.472500000000004,6.657799962923683
4473.0,4.472999999999999,6.660299962923659
4473.5,4.473500000000001,6.650633673301201
4474.0,4.473999999999997,6.653133673301177
4474.5,4.474499999999999,6.655633673301189
4475.0,4.475000000000001,6.646035652533158
4475.5,4.475500000000004,6.64853565253317
4476.0,4.475999999999999,6.651035652533146
4476.5,4.4765000000000015,6.641524236889111
4477.0,4.476999999999997,6.644024236889088
4477.5,4.477499999999999,6.6465242368891
4478.0,4.4780000000000015,6.637104583950126
4478.5,4.478500000000004,6.639604583950138
4479.0,4.478999999999999,6.642104583950115
4479.5,4.479500000000002,6.63278939924048
4480.0,4.479999999999997,6.635289399240456
4480.5,4.480499999999999,6.637789399240468
4481.0,4.481000000000002,6.628565515759242
4481.5,4.481500000000004,6.6310655157592535
4482.0,4.481999999999999,6.63356551575923
4482.5,4.482500000000002,6.624428572535521
4483.0,4.482999999999997,6.626928572535498
4483.5,4.483499999999999,6.6294285725355095
4484.0,4.484000000000002,6.620384422305037
4484.5,4.484499999999997,6.622884422305013
4485.0,4.484999999999999,6.625384422305025
4485.5,4.485500000000002,6.616426725075009
4486.0,4.485999999999997,6.618926725074985
4486.5,4.4864999999999995,6.621426725074997
4487.0,4.487000000000002,6.612564919832806
4487.5,4.487499999999997,6.615064919832783
4488.0,4.4879999999999995,6.617564919832795
4488.5,4.488500000000002,6.608801575123557
4489.0,4.488999999999997,6.611301575123534
4489.5,4.4895,6.613801575123546
4490.0,4.490000000000002,6.605127237905748
4490.5,4.490499999999997,6.607627237905724
4491.0,4.491,6.610127237905736
4491.5,4.491500000000002,6.601515754347318
4492.0,4.491999999999997,6.604015754347294
4492.5,4.4925,6.606515754347306
4493.0,4.493000000000002,6.597947394800485
4493.5,4.493499999999997,6.600447394800462
4494.0,4.494,6.6029473948004735
4494.5,4.494500000000002,6.594385709597788
4495.0,4.494999999999997,6.596885709597764
4495.5,4.4955,6.599385709597776
4496.0,4.496000000000002,6.590807285124747
4496.5,4.4964999999999975,6.593307285124723
4497.0,4.497,6.595807285124735
4497.5,4.497500000000002,6.5872043371454225
4498.0,4.4979999999999976,6.589704337145399
4498.5,4.4985,6.592204337145411
4499.0,4.499000000000002,6.583552654608127
4499.5,4.499499999999998,6.586052654608103
4500.0,4.5,6.588552654608115
4500.5,4.500500000000002,6.579860659368926
4501.0,4.500999999999998,6.582360659368902
4501.5,4.5015,6.584860659368914
4502.0,4.5020000000000024,6.576142720669722
4502.5,4.502499999999998,6.5786427206696985
4503.0,4.503,6.58114272066971
4503.5,4.5035000000000025,6.572378226913109
4504.0,4.503999999999998,6.574878226913086
4504.5,4.5045,6.577378226913098
4505.0,4.505000000000003,6.568553913110442
4505.5,4.505499999999998,6.571053913110418
4506.0,4.506,6.57355391311043
4506.5,4.506500000000003,6.564659481843513
4507.0,4.506999999999998,6.56715948184349
4507.5,4.5075,6.569659481843502
4508.0,4.508000000000003,6.560677118269993
4508.5,4.508499999999998,6.563177118269969
4509.0,4.509,6.565677118269981
4509.5,4.509500000000003,6.556612578195882
4510.0,4.509999999999998,6.559112578195858
4510.5,4.5105,6.56161257819587
4511.0,4.511000000000003,6.552445973223016
4511.5,4.511499999999998,6.554945973222992
4512.0,4.5120000000000005,6.557445973223004
4512.5,4.512500000000003,6.548184690885712
4513.0,4.512999999999998,6.550684690885689
4513.5,4.5135000000000005,6.5531846908857005
4514.0,4.514000000000003,6.543845999976341
4514.5,4.514499999999998,6.546345999976317
4515.0,4.515000000000001,6.548845999976329
4515.5,4.515500000000003,6.539437625734621
4516.0,4.515999999999998,6.541937625734597
4516.5,4.516500000000001,6.544437625734609
4517.0,4.517000000000003,6.534997303586891
4517.5,4.517499999999998,6.537497303586868
4518.0,4.518000000000001,6.53999730358688
4518.5,4.518500000000003,6.530567109391114
4519.0,4.518999999999998,6.533067109391091
4519.5,4.519500000000001,6.535567109391103
4520.0,4.520000000000003,6.526186325695207
4520.5,4.520499999999998,6.528686325695183
4521.0,4.521000000000001,6.531186325695195
4521.5,4.521500000000003,6.521871066851048
4522.0,4.5219999999999985,6.524371066851025
4522.5,4.522500000000001,6.526871066851037
4523.0,4.523000000000003,6.517644958951259
4523.5,4.5234999999999985,6.520144958951235
4524.0,4.524000000000001,6.522644958951247
4524.5,4.524499999999996,6.513536821543866
4525.0,4.524999999999999,6.516036821543878
4525.5,4.525500000000001,6.51853682154389
4526.0,4.526000000000003,6.509538343559207
4526.5,4.526499999999999,6.512038343559183
4527.0,4.527000000000001,6.514538343559195
4527.5,4.527499999999996,6.505628708230482
4528.0,4.527999999999999,6.508128708230494
4528.5,4.528500000000001,6.510628708230506
4529.0,4.5290000000000035,6.501800891524354
4529.5,4.529499999999999,6.5043008915243306
4530.0,4.530000000000001,6.5068008915243425
4530.5,4.530499999999996,6.509300891524319
4531.0,4.530999999999999,6.500544461159521
4531.5,4.531500000000001,6.503044461159533
4532.0,4.532000000000004,6.505544461159545
4532.5,4.532499999999999,6.496829668091948
4533.0,4.533000000000001,6.49932966809196
4533.5,4.5334999999999965,6.501829668091936
4534.0,4.533999999999999,6.493123170873112
4534.5,4.534500000000001,6.495623170873124
4535.0,4.535000000000004,6.498123170873136
4535.5,4.535499999999999,6.489403925523227
4536.0,4.536000000000001,6.491903925523239
4536.5,4.536499999999997,6.4944039255232155
4537.0,4.536999999999999,6.485666741714304
4537.5,4.537500000000001,6.488166741714316
4538.0,4.538000000000004,6.490666741714328
4538.5,4.538499999999999,6.481902166495068
4539.0,4.5390000000000015,6.48440216649508
4539.5,4.539499999999997,6.486902166495057
4540.0,4.539999999999999,6.478072056044049
4540.5,4.5405000000000015,6.4805720560440605
4541.0,4.541000000000004,6.483072056044072
4541.5,4.541499999999999,6.474154949349291
4542.0,4.542000000000002,6.476654949349303
4542.5,4.542499999999997,6.4791549493492795
4543.0,4.542999999999999,6.47013687364506
4543.5,4.543500000000002,6.472636873645072
4544.0,4.544000000000004,6.475136873645084
4544.5,4.544499999999999,6.465999645794511
4545.0,4.545000000000002,6.468499645794523
4545.5,4.545499999999997,6.4709996457945
4546.0,4.545999999999999,6.461759689503879
4546.5,4.546500000000002,6.464259689503891
4547.0,4.546999999999997,6.466759689503867
4547.5,4.547499999999999,6.457443637220948
4548.0,4.548000000000002,6.4599436372209595
4548.5,4.548499999999997,6.462443637220936
4549.0,4.5489999999999995,6.453085737901532
4549.5,4.549500000000002,6.4555857379015436
4550.0,4.549999999999997,6.45808573790152
4550.5,4.5504999999999995,6.448718742266912
4551.0,4.551000000000002,6.451218742266924
4551.5,4.551499999999997,6.453718742266901
4552.0,4.552,6.444387060468131
4552.5,4.552500000000002,6.446887060468143
4553.0,4.552999999999997,6.449387060468119
4553.5,4.5535,6.440142264030975
4554.0,4.554000000000002,6.442642264030987
4554.5,4.554499999999997,6.445142264030963
4555.0,4.555,6.435998485967254
4555.5,4.555500000000002,6.438498485967266
4556.0,4.555999999999997,6.440998485967242
4556.5,4.5565,6.431960642563119
4557.0,4.557000000000002,6.434460642563131
4557.5,4.557499999999997,6.436960642563108
4558.0,4.558,6.428016935053549
4558.5,4.558500000000002,6.430516935053561
4559.0,4.5589999999999975,6.433016935053537
4559.5,4.5595,6.424131682343024
4560.0,4.560000000000002,6.426631682343036
4560.5,4.5604999999999976,6.429131682343012
4561.0,4.561,6.420262578721143
4561.5,4.561500000000002,6.422762578721155
4562.0,4.561999999999998,6.4252625787211315
4562.5,4.5625,6.416371491068347
4563.0,4.563000000000002,6.418871491068359
4563.5,4.563499999999998,6.421371491068335
4564.0,4.564,6.4123901440081355
4564.5,4.5645000000000024,6.414890144008147
4565.0,4.564999999999998,6.417390144008124
4565.5,4.5655,6.4082669182197805
4566.0,4.5660000000000025,6.410766918219792
4566.5,4.566499999999998,6.413266918219769
4567.0,4.567,6.403967412141327
4567.5,4.567500000000003,6.406467412141339
4568.0,4.567999999999998,6.408967412141315
4568.5,4.5685,6.399473201789689
4569.0,4.569000000000003,6.401973201789701
4569.5,4.569499999999998,6.404473201789678
4570.0,4.57,6.394749595460425
4570.5,4.570500000000003,6.397249595460437
4571.0,4.570999999999998,6.399749595460413
4571.5,4.5715,6.389770458650723
4572.0,4.572000000000003,6.392270458650735
4572.5,4.572499999999998,6.3947704586507115
4573.0,4.573,6.384547514996122
4573.5,4.573500000000003,6.387047514996134
4574.0,4.573999999999998,6.38954751499611
4574.5,4.5745000000000005,6.3790946893522715
4575.0,4.575000000000003,6.3815946893522835
4575.5,4.575499999999998,6.38409468935226
4576.0,4.5760000000000005,6.373425926647265
4576.5,4.576500000000003,6.375925926647277
4577.0,4.576999999999998,6.378425926647253
4577.5,4.577500000000001,6.367567334796043
4578.0,4.578000000000003,6.370067334796055
4578.5,4.578499999999998,6.372567334796031
4579.0,4.579000000000001,6.361542644497469
4579.5,4.579500000000003,6.364042644497481
4580.0,4.579999999999998,6.366542644497457
4580.5,4.580500000000001,6.355415152651069
4581.0,4.581000000000003,6.357915152651081
4581.5,4.581499999999998,6.360415152651058
4582.0,4.582000000000001,6.349251419697524
4582.5,4.582500000000003,6.3517514196975355
4583.0,4.582999999999998,6.354251419697512
4583.5,4.583500000000001,6.343100599957978
4584.0,4.584000000000003,6.34560059995799
4584.5,4.5844999999999985,6.3481005999579665
4585.0,4.585000000000001,6.337016199034977
4585.5,4.585500000000003,6.339516199034989
4586.0,4.5859999999999985,6.3420161990349655
4586.5,4.586500000000001,6.331019560686997
4587.0,4.586999999999996,6.333519560686973
4587.5,4.587499999999999,6.336019560686985
4588.0,4.588000000000001,6.325119481686379
4588.5,4.588500000000003,6.327619481686391
4589.0,4.588999999999999,6.330119481686367
4589.5,4.589500000000001,6.319329058722225
4590.0,4.589999999999996,6.3218290587222015
4590.5,4.590499999999999,6.324329058722213
4591.0,4.591000000000001,6.313632399507654
4591.5,4.5915000000000035,6.316132399507666
4592.0,4.591999999999999,6.318632399507642
4592.5,4.592500000000001,6.30800120333884
4593.0,4.592999999999996,6.310501203338816
4593.5,4.593499999999999,6.313001203338828
4594.0,4.594000000000001,6.3024098862008415
4594.5,4.594500000000004,6.3049098862008535
4595.0,4.594999999999999,6.30740988620083
4595.5,4.595500000000001,6.296831843386066
4596.0,4.5959999999999965,6.299331843386042
4596.5,4.596499999999999,6.301831843386054
4597.0,4.597000000000001,6.291267077989602
4597.5,4.597500000000004,6.293767077989614
4598.0,4.597999999999999,6.29626707798959
4598.5,4.598500000000001,6.285716037888385
4599.0,4.598999999999997,6.288216037888361
4599.5,4.599499999999999,6.290716037888373
4600.0,4.600000000000001,6.2802148143758885
4600.5,4.600500000000004,6.2827148143759
4601.0,4.600999999999999,6.285214814375877
4601.5,4.6015000000000015,6.274779608593448
4602.0,4.601999999999997,6.277279608593425
4602.5,4.602499999999999,6.2797796085934365
4603.0,4.6030000000000015,6.269426265365183
4603.5,4.603500000000004,6.271926265365195
4604.0,4.603999999999999,6.274426265365172
4604.5,4.604500000000002,6.2641664052296875
4605.0,4.604999999999997,6.266666405229664
4605.5,4.605499999999999,6.269166405229676
4606.0,4.606000000000002,6.271666405229688
4606.5,4.606500000000004,6.261518281483482
4607.0,4.606999999999999,6.264018281483459
4607.5,4.607500000000002,6.266518281483471
4608.0,4.607999999999997,6.256485581564348
4608.5,4.608499999999999,6.25898558156436
4609.0,4.609000000000002,6.261485581564372
4609.5,4.609499999999997,6.251571829705362
4610.0,4.609999999999999,6.254071829705374
4610.5,4.610500000000002,6.256571829705386
4611.0,4.610999999999997,6.2467710738951965
4611.5,4.6114999999999995,6.249271073895208
4612.0,4.612000000000002,6.25177107389522
4612.5,4.612499999999997,6.242059917118468
4613.0,4.6129999999999995,6.24455991711848
4613.5,4.613500000000002,6.2470599171184915
4614.0,4.613999999999997,6.237451990056968
4614.5,4.6145,6.23995199005698
4615.0,4.615000000000002,6.242451990056992
4615.5,4.615499999999997,6.232975544229689
4616.0,4.616,6.2354755442297005
4616.5,4.616500000000002,6.2379755442297125
4617.0,4.616999999999997,6.228620599564749
4617.5,4.6175,6.231120599564761
4618.0,4.618000000000002,6.233620599564773
4618.5,4.618499999999997,6.2244066664771935
4619.0,4.619,6.2269066664772055
4619.5,4.619500000000002,6.229406666477217
4620.0,4.619999999999997,6.220350146139566
4620.5,4.6205,6.222850146139578
4621.0,4.621000000000002,6.22535014613959
4621.5,4.6214999999999975,6.216456854055821
4622.0,4.622,6.218956854055833
4622.5,4.622500000000002,6.221456854055845
4623.0,4.6229999999999976,6.212720083833112
4623.5,4.6235,6.215220083833124
4624.0,4.624000000000002,6.217720083833136
4624.5,4.624499999999998,6.209138451258838
4625.0,4.625,6.21163845125885
4625.5,4.625500000000002,6.2141384512588616
4626.0,4.625999999999998,6.205718848637751
4626.5,4.6265,6.208218848637763
4627.0,4.6270000000000024,6.210718848637775
4627.5,4.627499999999998,6.202477552179175
4628.0,4.628,6.204977552179187
4628.5,4.6285000000000025,6.207477552179199
4629.0,4.628999999999998,6.199390466202459
4629.5,4.6295,6.201890466202471
4630.0,4.630000000000003,6.204390466202483
4630.5,4.630499999999998,6.196444587364063
4631.0,4.631,6.198944587364075
4631.5,4.631500000000003,6.201444587364087
4632.0,4.631999999999998,6.193615554960914
4632.5,4.6325,6.196115554960926
4633.0,4.633000000000003,6.198615554960938
4633.5,4.633499999999998,6.19088434421851
4634.0,4.634,6.193384344218522
4634.5,4.634500000000003,6.195884344218534
4635.0,4.634999999999998,6.188204292755799
4635.5,4.6355,6.190704292755811
4636.0,4.636000000000003,6.193204292755823
4636.5,4.636499999999998,6.185538706210565
4637.0,4.6370000000000005,6.188038706210577
4637.5,4.637500000000003,6.190538706210589
4638.0,4.637999999999998,6.182848699637624
4638.5,4.6385000000000005,6.185348699637636
4639.0,4.639000000000003,6.187848699637648
4639.5,4.639499999999998,6.180095779579311
4640.0,4.640000000000001,6.182595779579323
4640.5,4.640500000000003,6.185095779579335
4641.0,4.640999999999998,6.177244798819466
4641.5,4.641500000000001,6.179744798819478
4642.0,4.642000000000003,6.1822447988194895
4642.5,4.642499999999998,6.174264248214065
4643.0,4.643000000000001,6.176764248214077
4643.5,4.643500000000003,6.179264248214089
4644.0,4.643999999999998,6.171107415308796
4644.5,4.644500000000001,6.173607415308808
4645.0,4.645000000000003,6.17610741530882
4645.5,4.645499999999998,6.167747321962835
4646.0,4.646000000000001,6.170247321962847
4646.5,4.646500000000003,6.172747321962859
4647.0,4.6469999999999985,6.164189509026521
4647.5,4.647500000000001,6.166689509026533
4648.0,4.648000000000003,6.169189509026545
4648.5,4.6484999999999985,6.160441187571379
4649.0,4.649000000000001,6.162941187571391
4649.5,4.649499999999996,6.165441187571368
4650.0,4.649999999999999,6.1565173005636
4650.5,4.650500000000001,6.159017300563612
4651.0,4.651000000000003,6.161517300563624
4651.5,4.651499999999999,6.152430404860176
4652.0,4.652000000000001,6.154930404860188
4652.5,4.652499999999996,6.157430404860165
4653.0,4.652999999999999,6.148227954734615
4653.5,4.653500000000001,6.150727954734627
4654.0,4.6540000000000035,6.153227954734639
4654.5,4.654499999999999,6.143973335291868
4655.0,4.655000000000001,6.14647333529188
4655.5,4.655499999999996,6.148973335291856
4656.0,4.655999999999999,6.139700904462977
4656.5,4.656500000000001,6.142200904462989
4657.0,4.657000000000004,6.144700904463001
4657.5,4.657499999999999,6.135455805504932
4658.0,4.658000000000001,6.137955805504944
4658.5,4.6584999999999965,6.140455805504921
4659.0,4.658999999999999,6.131239774014539
4659.5,4.659500000000001,6.1337397740145505
4660.0,4.660000000000004,6.136239774014562
4660.5,4.660499999999999,6.127062912306087
4661.0,4.661000000000001,6.129562912306099
4661.5,4.661499999999997,6.1320629123060755
4662.0,4.661999999999999,6.122922051274671
4662.5,4.662500000000001,6.125422051274683
4663.0,4.663000000000004,6.127922051274695
4663.5,4.663499999999999,6.1187852346037985
4664.0,4.6640000000000015,6.1212852346038105
4664.5,4.664499999999997,6.123785234603787
4665.0,4.664999999999999,6.11463370150954
4665.5,4.6655000000000015,6.117133701509552
4666.0,4.666000000000004,6.119633701509564
4666.5,4.666499999999999,6.110424724979673
4667.0,4.667000000000002,6.112924724979685
4667.5,4.667499999999997,6.115424724979661
4668.0,4.667999999999999,6.1061321238913635
4668.5,4.668500000000002,6.108632123891375
4669.0,4.669000000000004,6.111132123891387
4669.5,4.669499999999999,6.101713095829737
4670.0,4.670000000000002,6.104213095829749
4670.5,4.670499999999997,6.1067130958297255
4671.0,4.670999999999999,6.097158450868143
4671.5,4.671500000000002,6.099658450868155
4672.0,4.671999999999997,6.1021584508681315
4672.5,4.672499999999999,6.092477172543269
4673.0,4.673000000000002,6.094977172543281
4673.5,4.673499999999997,6.0974771725432575
4674.0,4.6739999999999995,6.087676697573627
4674.5,4.674500000000002,6.090176697573639
4675.0,4.674999999999997,6.092676697573616
4675.5,4.6754999999999995,6.0827647167845456
4676.0,4.676000000000002,6.0852647167845575
4676.5,4.676499999999997,6.087764716784534
4677.0,4.677,6.077770350939105
4677.5,4.677500000000002,6.0802703509391165
4678.0,4.677999999999997,6.082770350939093
4678.5,4.6785,6.0726949288068255
4679.0,4.679000000000002,6.075194928806837
4679.5,4.679499999999997,6.077694928806814
4680.0,4.68,6.067529430127472
4680.5,4.680500000000002,6.070029430127484
4681.0,4.680999999999997,6.07252943012746
4681.5,4.6815,6.075029430127472
4682.0,4.682000000000002,6.0648083795977215
4682.5,4.682499999999997,6.067308379597698
4683.0,4.683,6.06980837959771
4683.5,4.683500000000002,6.059562995864631
4684.0,4.6839999999999975,6.062062995864608
4684.5,4.6845,6.06456299586462
4685.0,4.685000000000002,6.054315119523359
4685.5,4.6854999999999976,6.0568151195233355
4686.0,4.686,6.0593151195233474
4686.5,4.686500000000002,6.04907930959051
4687.0,4.686999999999998,6.051579309590487
4687.5,4.6875,6.054079309590499
4688.0,4.688000000000002,6.043872832722279
4688.5,4.688499999999998,6.0463728327222555
4689.0,4.689,6.048872832722267
4689.5,4.6895000000000024,6.038724193234906
4690.0,4.689999999999998,6.041224193234882
4690.5,4.6905,6.043724193234894
4691.0,4.6910000000000025,6.0336504150528825
4691.5,4.691499999999998,6.036150415052859
4692.0,4.692,6.038650415052871
4692.5,4.692500000000003,6.028672287730679
4693.0,4.692999999999998,6.031172287730655
4693.5,4.6935,6.033672287730667
4694.0,4.694000000000003,6.023810217197756
4694.5,4.694499999999998,6.026310217197732
4695.0,4.695,6.028810217197744
4695.5,4.695500000000003,6.019054820845504
4696.0,4.695999999999998,6.0215548208454805
4696.5,4.6965,6.0240548208454925
4697.0,4.697000000000003,6.014400982464743
4697.5,4.697499999999998,6.016900982464719
4698.0,4.698,6.019400982464731
4698.5,4.698500000000003,6.009829056039742
4699.0,4.698999999999998,6.012329056039718
4699.5,4.6995000000000005,6.01482905603973
4700.0,4.700000000000003,6.0053080603127285
4700.5,4.700499999999998,6.007808060312705
4701.0,4.7010000000000005,6.010308060312717
4701.5,4.701500000000003,6.000833434209554
4702.0,4.701999999999998,6.00333343420953
4702.5,4.702500000000001,6.005833434209542
4703.0,4.703000000000003,5.996409562316103
4703.5,4.703499999999998,5.998909562316079
4704.0,4.704000000000001,6.001409562316091
4704.5,4.704500000000003,5.9920268146255395
4705.0,4.704999999999998,5.994526814625516
4705.5,4.705500000000001,5.997026814625528
4706.0,4.706000000000003,5.987696509679878
4706.5,4.706499999999998,5.990196509679855
4707.0,4.707000000000001,5.992696509679867
4707.5,4.707500000000003,5.983430641316225
4708.0,4.707999999999998,5.985930641316202
4708.5,4.708500000000001,5.988430641316214
4709.0,4.709000000000003,5.979239748233773
4709.5,4.7094999999999985,5.98173974823375
4710.0,4.710000000000001,5.984239748233762
4710.5,4.710500000000003,5.975115897242169
4711.0,4.7109999999999985,5.977615897242146
4711.5,4.711500000000001,5.9801158972421575
4712.0,4.711999999999996,5.971056993090613
4712.5,4.712499999999999,5.973556993090625
4713.0,4.713000000000001,5.976056993090637
4713.5,4.713500000000003,5.967068241823412
4714.0,4.713999999999999,5.969568241823389
4714.5,4.714500000000001,5.972068241823401
4715.0,4.714999999999996,5.9631307204478645
4715.5,4.715499999999999,5.9656307204478765
4716.0,4.716000000000001,5.968130720447888
4716.5,4.7165000000000035,5.959243979589068
4717.0,4.716999999999999,5.961743979589045
4717.5,4.717500000000001,5.964243979589057
4718.0,4.717999999999996,5.955383319663099
4718.5,4.718499999999999,5.957883319663111
4719.0,4.719000000000001,5.960383319663123
4719.5,4.719500000000004,5.951543079079933
4720.0,4.719999999999999,5.954043079079909
4720.5,4.720500000000001,5.956543079079921
4721.0,4.7209999999999965,5.947718433680436
4721.5,4.721499999999999,5.950218433680448
4722.0,4.722000000000001,5.9527184336804595
4722.5,4.722500000000004,5.943897679848824
4723.0,4.722999999999999,5.9463976798488005
4723.5,4.723500000000001,5.9488976798488125
4724.0,4.723999999999997,5.940081479370249
4724.5,4.724499999999999,5.942581479370261
4725.0,4.725000000000001,5.945081479370273
4725.5,4.725500000000004,5.936256774755364
4726.0,4.725999999999999,5.9387567747553405
4726.5,4.7265000000000015,5.941256774755352
4727.0,4.726999999999997,5.93243285908418
4727.5,4.727499999999999,5.934932859084192
4728.0,4.7280000000000015,5.937432859084204
4728.5,4.728500000000004,5.928591962803473
4729.0,4.728999999999999,5.93109196280345
4729.5,4.729500000000002,5.933591962803462
4730.0,4.729999999999997,5.924725430087534
4730.5,4.730499999999999,5.927225430087546
4731.0,4.731000000000002,5.929725430087558
4731.5,4.731500000000004,5.920816981922634
4732.0,4.731999999999999,5.923316981922611
4732.5,4.732500000000002,5.9258169819226225
4733.0,4.732999999999997,5.9168583098212935
4733.5,4.733499999999999,5.919358309821305
4734.0,4.734000000000002,5.921858309821317
4734.5,4.734499999999997,5.912841487172571
4735.0,4.734999999999999,5.915341487172583
4735.5,4.735500000000002,5.917841487172595
4736.0,4.735999999999997,5.908749618094653
4736.5,4.7364999999999995,5.911249618094665
4737.0,4.737000000000002,5.913749618094677
4737.5,4.737499999999997,5.904583962287759
4738.0,4.7379999999999995,5.907083962287771
4738.5,4.738500000000002,5.909583962287783
4739.0,4.738999999999997,5.900337427724089
4739.5,4.7395,5.902837427724101
4740.0,4.740000000000002,5.905337427724113
4740.5,4.740499999999997,5.895973980234928
4741.0,4.741,5.8984739802349395
4741.5,4.741500000000002,5.9009739802349515
4742.0,4.741999999999997,5.891476277579812
4742.5,4.7425,5.893976277579824
4743.0,4.743000000000002,5.896476277579836
4743.5,4.743499999999997,5.88684359235117
4744.0,4.744,5.889343592351182
4744.5,4.744500000000002,5.891843592351194
4745.0,4.744999999999997,5.882077746334282
4745.5,4.7455,5.884577746334294
4746.0,4.746000000000002,5.887077746334306
4746.5,4.7464999999999975,5.877177652915897
4747.0,4.747,5.879677652915909
4747.5,4.747500000000002,5.882177652915921
4748.0,4.7479999999999976,5.872164224165424
4748.5,4.7485,5.874664224165436
4749.0,4.749000000000002,5.877164224165448
4749.5,4.749499999999998,5.867061008891348
4750.0,4.75,5.86956100889136
4750.5,4.750500000000002,5.872061008891372
4751.0,4.750999999999998,5.861884829626867
4751.5,4.7515,5.864384829626879
4752.0,4.7520000000000024,5.8668848296268905
4752.5,4.752499999999998,5.856650888998054
4753.0,4.753,5.859150888998066
4753.5,4.7535000000000025,5.861650888998078
4754.0,4.753999999999998,5.851368066949476
4754.5,4.7545,5.853868066949488
4755.0,4.755000000000003,5.8563680669495
4755.5,4.755499999999998,5.8460406956079325
4756.0,4.756,5.848540695607944
4756.5,4.756500000000003,5.851040695607956
4757.0,4.756999999999998,5.853540695607933
4757.5,4.7575,5.843171748521172
4758.0,4.758000000000003,5.845671748521184
4758.5,4.758499999999998,5.84817174852116
4759.0,4.759,5.8377766296302624
4759.5,4.759500000000003,5.840276629630274
4760.0,4.759999999999998,5.842776629630251
4760.5,4.7605,5.8323739279653
4761.0,4.761000000000003,5.834873927965312
4761.5,4.761499999999998,5.837373927965288
4762.0,4.7620000000000005,5.826970917312444
4762.5,4.762500000000003,5.829470917312456
4763.0,4.762999999999998,5.831970917312432
4763.5,4.7635000000000005,5.821583016671106
4764.0,4.764000000000003,5.824083016671118
4764.5,4.764499999999998,5.826583016671094
4765.0,4.765000000000001,5.816238102233484
4765.5,4.765500000000003,5.818738102233496
4766.0,4.765999999999998,5.8212381022334725
4766.5,4.766500000000001,5.810971934078815
4767.0,4.767000000000003,5.813471934078827
4767.5,4.767499999999998,5.815971934078803
4768.0,4.768000000000001,5.805810862708292
4768.5,4.768500000000003,5.8083108627083035
4769.0,4.768999999999998,5.81081086270828
4769.5,4.769500000000001,5.800783920292183
4770.0,4.770000000000003,5.803283920292195
4770.5,4.770499999999998,5.805783920292171
4771.0,4.771000000000001,5.795879934436137
4771.5,4.771500000000003,5.798379934436149
4772.0,4.7719999999999985,5.800879934436125
4772.5,4.772500000000001,5.791090219240047
4773.0,4.773000000000003,5.793590219240059
4773.5,4.7734999999999985,5.796090219240035
4774.0,4.774000000000001,5.78639016472831
4774.5,4.774499999999996,5.788890164728286
4775.0,4.774999999999999,5.791390164728298
4775.5,4.775500000000001,5.781741106934142
4776.0,4.776000000000003,5.784241106934154
4776.5,4.776499999999999,5.78674110693413
4777.0,4.777000000000001,5.777125148857678
4777.5,4.777499999999996,5.779625148857654
4778.0,4.777999999999999,5.782125148857666
4778.5,4.778500000000001,5.772523229067268
4779.0,4.7790000000000035,5.77502322906728
4779.5,4.779499999999999,5.777523229067256
4780.0,4.780000000000001,5.767938459578232
4780.5,4.780499999999996,5.770438459578209
4781.0,4.780999999999999,5.772938459578221
4781.5,4.781500000000001,5.7633781758185165
4782.0,4.782000000000004,5.7658781758185285
4782.5,4.782499999999999,5.768378175818505
4783.0,4.783000000000001,5.758809076502516
4783.5,4.7834999999999965,5.761309076502492
4784.0,4.783999999999999,5.763809076502504
4784.5,4.784500000000001,5.754235215474459
4785.0,4.785000000000004,5.756735215474471
4785.5,4.785499999999999,5.7592352154744475
4786.0,4.786000000000001,5.749662083637794
4786.5,4.786499999999997,5.752162083637771
4787.0,4.786999999999999,5.754662083637783
4787.5,4.787500000000001,5.745086466581419
4788.0,4.788000000000004,5.747586466581431
4788.5,4.788499999999999,5.750086466581408
4789.0,4.7890000000000015,5.740490022562952
4789.5,4.789499999999997,5.742990022562928
4790.0,4.789999999999999,5.74549002256294
4790.5,4.7905000000000015,5.73584924761338
4791.0,4.791000000000004,5.738349247613392
4791.5,4.791499999999999,5.740849247613369
4792.0,4.792000000000002,5.731148390024714
4792.5,4.792499999999997,5.73364839002469
4793.0,4.792999999999999,5.736148390024702
4793.5,4.793500000000002,5.726388161062381
4794.0,4.794000000000004,5.728888161062393
4794.5,4.794499999999999,5.73138816106237
4795.0,4.795000000000002,5.7215580644207265
4795.5,4.795499999999997,5.724058064420703
4796.0,4.795999999999999,5.726558064420715
4796.5,4.796500000000002,5.716692120218205
4797.0,4.796999999999997,5.719192120218182
4797.5,4.797499999999999,5.721692120218194
4798.0,4.798000000000002,5.711814841735432
4798.5,4.798499999999997,5.714314841735408
4799.0,4.7989999999999995,5.71681484173542
4799.5,4.799500000000002,5.706940013551467
4800.0,4.799999999999997,5.709440013551443
4800.5,4.8004999999999995,5.711940013551455
4801.0,4.801000000000002,5.702073120294813
4801.5,4.801499999999997,5.704573120294789
4802.0,4.802,5.707073120294801
4802.5,4.802500000000002,5.697219446675064
4803.0,4.802999999999997,5.69971944667504
4803.5,4.8035,5.702219446675052
4804.0,4.804000000000002,5.692348598173211
4804.5,4.804499999999997,5.694848598173188
4805.0,4.805,5.6973485981732
4805.5,4.805500000000002,5.68742588509199
4806.0,4.805999999999997,5.6899258850919665
4806.5,4.8065,5.692425885091978
4807.0,4.807000000000002,5.682430353686385
4807.5,4.807499999999997,5.684930353686362
4808.0,4.808,5.6874303536863735
4808.5,4.808500000000002,5.677324161539481
4809.0,4.8089999999999975,5.679824161539457
4809.5,4.8095,5.682324161539469
4810.0,4.810000000000002,5.672065508370991
4810.5,4.8104999999999976,5.674565508370968
4811.0,4.811,5.67706550837098
4811.5,4.811500000000002,5.666670806912073
4812.0,4.811999999999998,5.669170806912049
4812.5,4.8125,5.671670806912061
4813.0,4.813000000000002,5.661131169968918
4813.5,4.813499999999998,5.663631169968895
4814.0,4.814,5.6661311699689065
4814.5,4.8145000000000024,5.655480573374163
4815.0,4.814999999999998,5.6579805733741395
4815.5,4.8155,5.6604805733741514
4816.0,4.8160000000000025,5.6497404186414
4816.5,4.816499999999998,5.652240418641377
4817.0,4.817,5.6547404186413885
4817.5,4.817500000000003,5.643910206365774
4818.0,4.817999999999998,5.646410206365751
4818.5,4.8185,5.648910206365763
4819.0,4.819000000000003,5.637995816507377
4819.5,4.819499999999998,5.640495816507354
4820.0,4.82,5.642995816507366
4820.5,4.820500000000003,5.6320136995216785
4821.0,4.820999999999998,5.634513699521655
4821.5,4.8215,5.637013699521667
4822.0,4.822000000000003,5.625952114381434
4822.5,4.822499999999998,5.62845211438141
4823.0,4.823,5.630952114381422
4823.5,4.823500000000003,5.619830687549872
4824.0,4.823999999999998,5.622330687549848
4824.5,4.8245000000000005,5.62483068754986
4825.0,4.825000000000003,5.6136741822619385
4825.5,4.825499999999998,5.616174182261915
4826.0,4.8260000000000005,5.618674182261927
4826.5,4.826500000000003,5.607515658450275
4827.0,4.826999999999998,5.610015658450251
4827.5,4.827500000000001,5.612515658450263
4828.0,4.828000000000003,5.601384730182346
4828.5,4.828499999999998,5.6038847301823225
4829.0,4.829000000000001,5.606384730182334
4829.5,4.829500000000003,5.595330868168951
4830.0,4.829999999999998,5.597830868168927
4830.5,4.830500000000001,5.600330868168939
4831.0,4.831000000000003,5.589370932842641
4831.5,4.831499999999998,5.5918709328426175
4832.0,4.832000000000001,5.594370932842629
4832.5,4.832500000000003,5.596870932842641
4833.0,4.832999999999998,5.585987031474424
4833.5,4.833500000000001,5.588487031474436
4834.0,4.834000000000003,5.590987031474448
4834.5,4.8344999999999985,5.580177635662231
4835.0,4.835000000000001,5.582677635662243
4835.5,4.835500000000003,5.585177635662255
4836.0,4.8359999999999985,5.574427205338246
4836.5,4.836500000000001,5.576927205338258
4837.0,4.836999999999996,5.579427205338234
4837.5,4.837499999999999,5.568705261732099
4838.0,4.838000000000001,5.571205261732111
4838.5,4.838500000000003,5.5737052617321226
4839.0,4.838999999999999,5.563009128975054
4839.5,4.839500000000001,5.565509128975066
4840.0,4.839999999999996,5.568009128975042
4840.5,4.840499999999999,5.557332357524096
4841.0,4.841000000000001,5.559832357524108
4841.5,4.8415000000000035,5.56233235752412
4842.0,4.841999999999999,5.551706897974498
4842.5,4.842500000000001,5.55420689797451
4843.0,4.842999999999996,5.556706897974486
4843.5,4.843499999999999,5.546159801004329
4844.0,4.844000000000001,5.548659801004341
4844.5,4.844500000000004,5.551159801004353
4845.0,4.844999999999999,5.5406978166101695
4845.5,4.845500000000001,5.543197816610181
4846.0,4.8459999999999965,5.545697816610158
4846.5,4.846499999999999,5.535333978092076
4847.0,4.847000000000001,5.537833978092088
4847.5,4.847500000000004,5.5403339780921
4848.0,4.847999999999999,5.530099092738432
4848.5,4.848500000000001,5.532599092738444
4849.0,4.848999999999997,5.53509909273842
4849.5,4.849499999999999,5.524979810161277
4850.0,4.850000000000001,5.527479810161289
4850.5,4.850500000000004,5.529979810161301
4851.0,4.850999999999999,5.519975297386921
4851.5,4.8515000000000015,5.522475297386933
4852.0,4.851999999999997,5.524975297386909
4852.5,4.852499999999999,5.515079900328637
4853.0,4.8530000000000015,5.5175799003286485
4853.5,4.853500000000004,5.5200799003286605
4854.0,4.853999999999999,5.510317990929359
4854.5,4.854500000000002,5.512817990929371
4855.0,4.854999999999997,5.515317990929347
4855.5,4.855499999999999,5.505689037473154
4856.0,4.856000000000002,5.508189037473166
4856.5,4.856500000000004,5.510689037473178
4857.0,4.856999999999999,5.501188002329691
4857.5,4.857500000000002,5.503688002329703
4858.0,4.857999999999997,5.506188002329679
4858.5,4.858499999999999,5.496795371010386
4859.0,4.859000000000002,5.499295371010398
4859.5,4.859499999999997,5.501795371010374
4860.0,4.859999999999999,5.49249668690404
4860.5,4.860500000000002,5.494996686904052
4861.0,4.860999999999997,5.497496686904029
4861.5,4.8614999999999995,5.488269293049726
4862.0,4.862000000000002,5.490769293049738
4862.5,4.862499999999997,5.493269293049714
4863.0,4.8629999999999995,5.484068262481507
4863.5,4.863500000000002,5.486568262481519
4864.0,4.863999999999997,5.489068262481496
4864.5,4.8645,5.4798686356205195
4865.0,4.865000000000002,5.4823686356205314
4865.5,4.865499999999997,5.484868635620508
4866.0,4.866,5.475654205832612
4866.5,4.866500000000002,5.478154205832624
4867.0,4.866999999999997,5.4806542058326
4867.5,4.8675,5.471411171604537
4868.0,4.868000000000002,5.4739111716045485
4868.5,4.868499999999997,5.476411171604525
4869.0,4.869,5.4671099914817844
4869.5,4.869500000000002,5.469609991481796
4870.0,4.869999999999997,5.472109991481773
4870.5,4.8705,5.462763879170964
4871.0,4.871000000000002,5.465263879170976
4871.5,4.8714999999999975,5.467763879170953
4872.0,4.872,5.458397352710449
4872.5,4.872500000000002,5.460897352710461
4873.0,4.8729999999999976,5.463397352710437
4873.5,4.8735,5.454007239766909
4874.0,4.874000000000002,5.456507239766921
4874.5,4.874499999999998,5.459007239766898
4875.0,4.875,5.449593593436539
4875.5,4.875500000000002,5.452093593436551
4876.0,4.875999999999998,5.4545935934365275
4876.5,4.8765,5.445156620640965
4877.0,4.8770000000000024,5.447656620640977
4877.5,4.877499999999998,5.4501566206409535
4878.0,4.878,5.44070061211567
4878.5,4.8785000000000025,5.443200612115682
4879.0,4.878999999999998,5.445700612115658
4879.5,4.8795,5.4362176678681
4880.0,4.880000000000003,5.4387176678681115
4880.5,4.880499999999998,5.441217667868088
4881.0,4.881,5.431727775764834
4881.5,4.881500000000003,5.434227775764846
4882.0,4.881999999999998,5.4367277757648225
4882.5,4.8825,5.427252032971666
4883.0,4.883000000000003,5.4297520329716775
4883.5,4.883499999999998,5.432252032971654
4884.0,4.884,5.422811488568051
4884.5,4.884500000000003,5.425311488568063
4885.0,4.884999999999998,5.4278114885680395
4885.5,4.8855,5.418410950936945
4886.0,4.886000000000003,5.420910950936957
4886.5,4.886499999999998,5.423410950936933
4887.0,4.8870000000000005,5.4140270973521964
4887.5,4.887500000000003,5.416527097352208
4888.0,4.887999999999998,5.419027097352185
4888.5,4.8885000000000005,5.409665571231734
4889.0,4.889000000000003,5.412165571231746
4889.5,4.889499999999998,5.414665571231723
4890.0,4.890000000000001,5.405314046787808
4890.5,4.890500000000003,5.40781404678782
4891.0,4.890999999999998,5.410314046787796
4891.5,4.891500000000001,5.400931008622045
4892.0,4.892000000000003,5.403431008622057
4892.5,4.892499999999998,5.405931008622034
4893.0,4.893000000000001,5.396487561495817
4893.5,4.893500000000003,5.398987561495829
4894.0,4.893999999999998,5.401487561495806
4894.5,4.894500000000001,5.391979859728799
4895.0,4.895000000000003,5.394479859728811
4895.5,4.895499999999998,5.396979859728788
4896.0,4.896000000000001,5.3873860539023255
4896.5,4.896500000000003,5.389886053902337
4897.0,4.8969999999999985,5.392386053902314
4897.5,4.897500000000001,5.382693995439567
4898.0,4.898000000000003,5.385193995439579
4898.5,4.8984999999999985,5.387693995439555
4899.0,4.899000000000001,5.377920183813103
4899.5,4.899499999999996,5.380420183813079
4900.0,4.899999999999999,5.382920183813091
4900.5,4.900500000000001,5.373062836055951
4901.0,4.901000000000003,5.375562836055963
4901.5,4.901499999999999,5.378062836055939
4902.0,4.902000000000001,5.3681476219875535
4902.5,4.902499999999996,5.37064762198753
4903.0,4.902999999999999,5.373147621987542
4903.5,4.903500000000001,5.363185588874266
4904.0,4.9040000000000035,5.365685588874278
4904.5,4.904499999999999,5.368185588874255
4905.0,4.905000000000001,5.358203771759769
4905.5,4.905499999999996,5.360703771759745
4906.0,4.905999999999999,5.363203771759757
4906.5,4.906500000000001,5.35323613608071
4907.0,4.907000000000004,5.355736136080722
4907.5,4.907499999999999,5.3582361360806985
4908.0,4.908000000000001,5.36073613608071
4908.5,4.9084999999999965,5.350796052562323
4909.0,4.908999999999999,5.353296052562335
4909.5,4.909500000000001,5.355796052562347
4910.0,4.910000000000004,5.345888455451302
4910.5,4.910499999999999,5.348388455451278
4911.0,4.911000000000001,5.35088845545129
4911.5,4.911499999999997,5.341014514732585
4912.0,4.911999999999999,5.343514514732597
4912.5,4.912500000000001,5.346014514732609
4913.0,4.913000000000004,5.336193277180428
4913.5,4.913499999999999,5.338693277180404
4914.0,4.9140000000000015,5.341193277180416
4914.5,4.914499999999997,5.3314386293999405
4915.0,4.914999999999999,5.3339386293999524
4915.5,4.9155000000000015,5.336438629399964
4916.0,4.916000000000004,5.326764892097806
4916.5,4.916499999999999,5.3292648920977825
4917.0,4.917000000000002,5.3317648920977945
4917.5,4.917499999999997,5.32217863443833
4918.0,4.917999999999999,5.324678634438342
4918.5,4.918500000000002,5.327178634438354
4919.0,4.919000000000004,5.317688529420259
4919.5,4.919499999999999,5.320188529420236
4920.0,4.920000000000002,5.3226885294202475
4920.5,4.920499999999997,5.313300274345849
4921.0,4.920999999999999,5.315800274345861
4921.5,4.921500000000002,5.318300274345873
4922.0,4.921999999999997,5.309014155668059
4922.5,4.922499999999999,5.311514155668071
4923.0,4.923000000000002,5.314014155668083
4923.5,4.923499999999997,5.304813028821194
4924.0,4.9239999999999995,5.307313028821206
4924.5,4.924500000000002,5.3098130288212175
4925.0,4.924999999999997,5.300678239935266
4925.5,4.9254999999999995,5.303178239935278
4926.0,4.926000000000002,5.30567823993529
4926.5,4.926499999999997,5.296589513329195
4927.0,4.927,5.299089513329207
4927.5,4.927500000000002,5.301589513329219
4928.0,4.927999999999997,5.2925159482800765
4928.5,4.9285,5.2950159482800885
4929.0,4.929000000000002,5.2975159482801
4929.5,4.929499999999997,5.288459172598792
4930.0,4.93,5.290959172598804
4930.5,4.930500000000002,5.293459172598816
4931.0,4.930999999999997,5.284413220281863
4931.5,4.9315,5.286913220281875
4932.0,4.932000000000002,5.289413220281887
4932.5,4.932499999999997,5.280335226775286
4933.0,4.933,5.282835226775298
4933.5,4.933500000000002,5.2853352267753095
4934.0,4.9339999999999975,5.27621205647737
4934.5,4.9345,5.2787120564773815
4935.0,4.935000000000002,5.2812120564773934
4935.5,4.9354999999999976,5.272025865744823
4936.0,4.936,5.274525865744835
4936.5,4.936500000000002,5.2770258657448466
4937.0,4.936999999999998,5.26775342781562
4937.5,4.9375,5.270253427815632
4938.0,4.938000000000002,5.272753427815644
4938.5,4.938499999999998,5.263371886321799
4939.0,4.939,5.265871886321811
4939.5,4.9395000000000024,5.268371886321823
4940.0,4.939999999999998,5.258853560532337
4940.5,4.9405,5.261353560532349
4941.0,4.9410000000000025,5.263853560532361
4941.5,4.941499999999998,5.25419155080467
4942.0,4.942,5.256691550804682
4942.5,4.942500000000003,5.259191550804694
4943.0,4.942999999999998,5.249386445540942
4943.5,4.9435,5.251886445540954
4944.0,4.944000000000003,5.254386445540966
4944.5,4.944499999999998,5.244463201651364
4945.0,4.945,5.246963201651376
4945.5,4.945500000000003,5.249463201651388
4946.0,4.945999999999998,5.239491974016808
4946.5,4.9465,5.24199197401682
4947.0,4.947000000000003,5.244491974016832
4947.5,4.947499999999998,5.234516982767765
4948.0,4.948,5.237016982767777
4948.5,4.948500000000003,5.239516982767789
4949.0,4.948999999999998,5.229599300723073
4949.5,4.9495000000000005,5.232099300723085
4950.0,4.950000000000003,5.234599300723097
4950.5,4.950499999999998,5.224794180962071
4951.0,4.9510000000000005,5.227294180962083
4951.5,4.951500000000003,5.229794180962095
4952.0,4.951999999999998,5.220125038067955
4952.5,4.952500000000001,5.222625038067967
4953.0,4.953000000000003,5.225125038067979
4953.5,4.953499999999998,5.215602461189981
4954.0,4.954000000000001,5.218102461189993
4954.5,4.954500000000003,5.220602461190005
4955.0,4.954999999999998,5.211224882362977
4955.5,4.955500000000001,5.213724882362989
4956.0,4.956000000000003,5.216224882363001
4956.5,4.956499999999998,5.206973163006872
4957.0,4.957000000000001,5.209473163006884
4957.5,4.957500000000003,5.2119731630068955
4958.0,4.957999999999998,5.202834487792458
4958.5,4.958500000000001,5.20533448779247
4959.0,4.959000000000003,5.207834487792482
4959.5,4.9594999999999985,5.198789940354125
4960.0,4.960000000000001,5.201289940354137
4960.5,4.960500000000003,5.203789940354149
4961.0,4.9609999999999985,5.194820462180552
4961.5,4.961500000000001,5.1973204621805635
4962.0,4.961999999999996,5.19982046218054
4962.5,4.962499999999999,5.190885950657851
4963.0,4.963000000000001,5.193385950657863
4963.5,4.963500000000003,5.195885950657875
4964.0,4.963999999999999,5.186958706294114
4964.5,4.964500000000001,5.1894587062941255
4965.0,4.964999999999996,5.191958706294102
4965.5,4.965499999999999,5.1830035023064625
4966.0,4.966000000000001,5.185503502306474
4966.5,4.9665000000000035,5.188003502306486
4967.0,4.966999999999999,5.178967232662188
4967.5,4.967500000000001,5.1814672326622
4968.0,4.967999999999996,5.183967232662177
4968.5,4.968499999999999,5.174799706567725
4969.0,4.969000000000001,5.177299706567737
4969.5,4.969500000000004,5.179799706567749
4970.0,4.969999999999999,5.170471920955251
4970.5,4.970500000000001,5.172971920955263
4971.0,4.9709999999999965,5.175471920955239
4971.5,4.971499999999999,5.165954445648673
4972.0,4.972000000000001,5.168454445648685
4972.5,4.972500000000004,5.170954445648697
4973.0,4.972999999999999,5.161267448249411
4973.5,4.973500000000001,5.163767448249423
4974.0,4.973999999999997,5.1662674482494
4974.5,4.974499999999999,5.156435957580001
4975.0,4.975000000000001,5.158935957580013
4975.5,4.975500000000004,5.161435957580025
4976.0,4.975999999999999,5.151482974523738
4976.5,4.9765000000000015,5.15398297452375
4977.0,4.976999999999997,5.156482974523726
4977.5,4.977499999999999,5.146416343647928
4978.0,4.9780000000000015,5.14891634364794
4978.5,4.978500000000004,5.151416343647952
4979.0,4.978999999999999,5.141257592910122
4979.5,4.979500000000002,5.143757592910134
4980.0,4.979999999999997,5.146257592910111
4980.5,4.980499999999999,5.13602587466746
4981.0,4.981000000000002,5.138525874667472
4981.5,4.981500000000004,5.141025874667484
4982.0,4.981999999999999,5.130763282089426
4982.5,4.982500000000002,5.1332632820894375
4983.0,4.982999999999997,5.135763282089414
4983.5,4.983499999999999,5.138263282089426
4984.0,4.984000000000002,5.128004814959475
4984.5,4.984499999999997,5.130504814959451
4985.0,4.984999999999999,5.133004814959463
4985.5,4.985500000000002,5.122774217802828
4986.0,4.985999999999997,5.125274217802804
4986.5,4.9864999999999995,5.127774217802816
4987.0,4.987000000000002,5.117580840877167
4987.5,4.987499999999997,5.120080840877144
4988.0,4.9879999999999995,5.122580840877156
4988.5,4.988500000000002,5.112437894276773
4989.0,4.988999999999997,5.11493789427675
4989.5,4.9895,5.117437894276762
4990.0,4.990000000000002,5.107372985320104
4990.5,4.990499999999997,5.109872985320081
4991.0,4.991,5.112372985320093
4991.5,4.991500000000002,5.102385849615629
4992.0,4.991999999999997,5.104885849615606
4992.5,4.9925,5.107385849615618
4993.0,4.993000000000002,5.097486724709626
4993.5,4.993499999999997,5.099986724709602
4994.0,4.994,5.102486724709614
4994.5,4.994500000000002,5.092678547095524
4995.0,4.994999999999997,5.0951785470955
4995.5,4.9955,5.097678547095512
4996.0,4.996000000000002,5.087967437277037
4996.5,4.9964999999999975,5.090467437277013
4997.0,4.997,5.092967437277025
4997.5,4.997500000000002,5.08333632397175
4998.0,4.9979999999999976,5.085836323971726
4998.5,4.9985,5.088336323971738
4999.0,4.999000000000002,5.078779728612659
4999.5,4.999499999999998,5.081279728612635
5000.0,5.0,5.083779728612647
5000.5,5.000500000000002,5.074279950187659
5001.0,5.000999999999998,5.076779950187635
5001.5,5.0015,5.079279950187647
5002.0,5.0020000000000024,5.069820745862046
5002.5,5.002499999999998,5.072320745862022
5003.0,5.003,5.074820745862034
5003.5,5.0035000000000025,5.0653800537337546
5004.0,5.003999999999998,5.067880053733731
5004.5,5.0045,5.070380053733743
5005.0,5.005000000000003,5.060938483871986
5005.5,5.005499999999998,5.063438483871963
5006.0,5.006,5.0659384838719745
5006.5,5.006500000000003,5.056451524493077
5007.0,5.006999999999998,5.058951524493054
5007.5,5.0075,5.061451524493066
5008.0,5.008000000000003,5.051876951031886
5008.5,5.008499999999998,5.054376951031863
5009.0,5.009,5.0568769510318745
5009.5,5.009500000000003,5.047182641763044
5010.0,5.009999999999998,5.04968264176302
5010.5,5.0105,5.052182641763032
5011.0,5.011000000000003,5.042351398240328
5011.5,5.011499999999998,5.044851398240304
5012.0,5.0120000000000005,5.047351398240316
5012.5,5.012500000000003,5.037352782590077
5013.0,5.012999999999998,5.039852782590053
5013.5,5.0135000000000005,5.042352782590065
5014.0,5.014000000000003,5.032197033694423
5014.5,5.014499999999998,5.0346970336944
5015.0,5.015000000000001,5.037197033694412
5015.5,5.015500000000003,5.026905378626161
5016.0,5.015999999999998,5.029405378626137
5016.5,5.016500000000001,5.031905378626149
5017.0,5.017000000000003,5.021513536853064
5017.5,5.017499999999998,5.02401353685304
5018.0,5.018000000000001,5.026513536853052
5018.5,5.018500000000003,5.0160515510509995
5019.0,5.018999999999998,5.018551551050976
5019.5,5.019500000000001,5.021051551050988
5020.0,5.020000000000003,5.0105347958256985
5020.5,5.020499999999998,5.013034795825675
5021.0,5.021000000000001,5.015534795825687
5021.5,5.021500000000003,5.005006726106487
5022.0,5.0219999999999985,5.007506726106463
5022.5,5.022500000000001,5.010006726106475
5023.0,5.023000000000003,4.999516220101903
5023.5,5.0234999999999985,5.002016220101879
5024.0,5.024000000000001,5.004516220101891
5024.5,5.024499999999996,4.994112871378604
5025.0,5.024999999999999,4.996612871378616
5025.5,5.025500000000001,4.999112871378628
5026.0,5.026000000000003,4.988873675193908
5026.5,5.026499999999999,4.991373675193884
5027.0,5.027000000000001,4.993873675193896
5027.5,5.027499999999996,4.983854703420967
5028.0,5.027999999999999,4.986354703420979
5028.5,5.028500000000001,4.988854703420991
5029.0,5.0290000000000035,4.979084638397886
5029.5,5.029499999999999,4.981584638397862
5030.0,5.030000000000001,4.984084638397874
5030.5,5.030499999999996,4.974573110947311
5031.0,5.030999999999999,4.977073110947323
5031.5,5.031500000000001,4.979573110947335
5032.0,5.032000000000004,4.970306005529821
5032.5,5.032499999999999,4.972806005529797
5033.0,5.033000000000001,4.975306005529809
5033.5,5.0334999999999965,4.966239533987569
5034.0,5.033999999999999,4.968739533987581
5034.5,5.034500000000001,4.9712395339875926
5035.0,5.035000000000004,4.962280921405302
5035.5,5.035499999999999,4.9647809214052785
5036.0,5.036000000000001,4.96728092140529
5036.5,5.036499999999997,4.958345865276819
5037.0,5.036999999999999,4.960845865276831
5037.5,5.037500000000001,4.9633458652768425
5038.0,5.038000000000004,4.954342395729867
5038.5,5.038499999999999,4.9568423957298435
5039.0,5.0390000000000015,4.9593423957298555
5039.5,5.039499999999997,4.950192983447579
5040.0,5.039999999999999,4.952692983447591
5040.5,5.0405000000000015,4.955192983447603
5041.0,5.041000000000004,4.945825208706616
5041.5,5.041499999999999,4.948325208706592
5042.0,5.042000000000002,4.950825208706604
5042.5,5.042499999999997,4.941180998057035
5043.0,5.042999999999999,4.943680998057047
5043.5,5.043500000000002,4.946180998057059
5044.0,5.044000000000004,4.936234555969428
5044.5,5.044499999999999,4.938734555969404
5045.0,5.045000000000002,4.941234555969416
5045.5,5.045499999999997,4.930972033523027
5046.0,5.045999999999999,4.933472033523039
5046.5,5.046500000000002,4.935972033523051
5047.0,5.046999999999997,4.925377873534309
5047.5,5.047499999999999,4.927877873534321
5048.0,5.048000000000002,4.930377873534333
5048.5,5.048499999999997,4.919469127333365
5049.0,5.0489999999999995,4.9219691273333765
5049.5,5.049500000000002,4.9244691273333885
5050.0,5.049999999999997,4.913283053111748
5050.5,5.0504999999999995,4.91578305311176
5051.0,5.051000000000002,4.918283053111772
5051.5,5.051499999999997,4.90689094305516
5052.0,5.052,4.909390943055172
5052.5,5.052500000000002,4.911890943055184
5053.0,5.052999999999997,4.900353533513915
5053.5,5.0535,4.902853533513927
5054.0,5.054000000000002,4.905353533513939
5054.5,5.054499999999997,4.893779133777905
5055.0,5.055,4.896279133777917
5055.5,5.055500000000002,4.8987791337779285
5056.0,5.055999999999997,4.887267379934244
5056.5,5.0565,4.889767379934256
5057.0,5.057000000000002,4.8922673799342675
5057.5,5.057499999999997,4.880935694302551
5058.0,5.058,4.8834356943025625
5058.5,5.058500000000002,4.8859356943025745
5059.0,5.0589999999999975,4.888435694302551
5059.5,5.0595,4.877383999128924
5060.0,5.060000000000002,4.879883999128936
5060.5,5.0604999999999976,4.882383999128912
5061.0,5.061,4.871659566317099
5061.5,5.061500000000002,4.874159566317111
5062.0,5.061999999999998,4.8766595663170875
5062.5,5.0625,4.86630733108715
5063.0,5.063000000000002,4.868807331087162
5063.5,5.063499999999998,4.871307331087138
5064.0,5.064,4.861314585943326
5064.5,5.0645000000000024,4.863814585943338
5065.0,5.064999999999998,4.866314585943314
5065.5,5.0655,4.856634225901146
5066.0,5.0660000000000025,4.859134225901158
5066.5,5.066499999999998,4.861634225901135
5067.0,5.067,4.852187780458941
5067.5,5.067500000000003,4.854687780458953
5068.0,5.067999999999998,4.857187780458929
5068.5,5.0685,4.84787199605627
5069.0,5.069000000000003,4.850371996056282
5069.5,5.069499999999998,4.852871996056258
5070.0,5.07,4.843604459232687
5070.5,5.070500000000003,4.8461044592326985
5071.0,5.070999999999998,4.848604459232675
5071.5,5.0715,4.8392946033624895
5072.0,5.072000000000003,4.8417946033625014
5072.5,5.072499999999998,4.844294603362478
5073.0,5.073,4.834871117148083
5073.5,5.073500000000003,4.837371117148095
5074.0,5.073999999999998,4.839871117148071
5074.5,5.0745000000000005,4.830258503803506
5075.0,5.075000000000003,4.832758503803518
5075.5,5.075499999999998,4.8352585038034945
5076.0,5.0760000000000005,4.825405267176137
5076.5,5.076500000000003,4.827905267176149
5077.0,5.076999999999998,4.8304052671761255
5077.5,5.077500000000001,4.820299115902209
5078.0,5.078000000000003,4.822799115902221
5078.5,5.078499999999998,4.825299115902197
5079.0,5.079000000000001,4.814921911309824
5079.5,5.079500000000003,4.817421911309836
5080.0,5.079999999999998,4.819921911309812
5080.5,5.080500000000001,4.809290494147902
5081.0,5.081000000000003,4.811790494147914
5081.5,5.081499999999998,4.81429049414789
5082.0,5.082000000000001,4.8034160141850535
5082.5,5.082500000000003,4.805916014185065
5083.0,5.082999999999998,4.808416014185042
5083.5,5.083500000000001,4.7973313811117535
5084.0,5.084000000000003,4.799831381111765
5084.5,5.0844999999999985,4.802331381111742
5085.0,5.085000000000001,4.791105479781876
5085.5,5.085500000000003,4.793605479781888
5086.0,5.0859999999999985,4.796105479781865
5086.5,5.086500000000001,4.784815950084074
5087.0,5.086999999999996,4.78731595008405
5087.5,5.087499999999999,4.789815950084062
5088.0,5.088000000000001,4.778516449126045
5088.5,5.088500000000003,4.7810164491260565
5089.0,5.088999999999999,4.783516449126033
5089.5,5.089500000000001,4.772290053989643
5090.0,5.089999999999996,4.774790053989619
5090.5,5.090499999999999,4.777290053989631
5091.0,5.091000000000001,4.766215592077856
5091.5,5.0915000000000035,4.768715592077868
5092.0,5.091999999999999,4.771215592077844
5092.5,5.092500000000001,4.760315559980484
5093.0,5.092999999999996,4.76281555998046
5093.5,5.093499999999999,4.765315559980472
5094.0,5.094000000000001,4.754618085256652
5094.5,5.094500000000004,4.757118085256664
5095.0,5.094999999999999,4.7596180852566405
5095.5,5.095500000000001,4.7491254314024545
5096.0,5.0959999999999965,4.751625431402431
5096.5,5.096499999999999,4.754125431402443
5097.0,5.097000000000001,4.743838821494144
5097.5,5.097500000000004,4.746338821494156
5098.0,5.097999999999999,4.748838821494132
5098.5,5.098500000000001,4.738740477192316
5099.0,5.098999999999997,4.741240477192292
5099.5,5.099499999999999,4.743740477192304
5100.0,5.100000000000001,4.733809008390715
5100.5,5.100500000000004,4.736309008390727
5101.0,5.100999999999999,4.738809008390703
5101.5,5.1015000000000015,4.728991184016493
5102.0,5.101999999999997,4.73149118401647
5102.5,5.102499999999999,4.733991184016482
5103.0,5.1030000000000015,4.7242060419833365
5103.5,5.103500000000004,4.726706041983348
5104.0,5.103999999999999,4.729206041983325
5104.5,5.104500000000002,4.719393129472387
5105.0,5.104999999999997,4.721893129472363
5105.5,5.105499999999999,4.724393129472375
5106.0,5.106000000000002,4.7144762312890265
5106.5,5.106500000000004,4.716976231289038
5107.0,5.106999999999999,4.719476231289015
5107.5,5.107500000000002,4.709405822760893
5108.0,5.107999999999997,4.711905822760869
5108.5,5.108499999999999,4.714405822760881
5109.0,5.109000000000002,4.70414354390968
5109.5,5.109499999999997,4.706643543909657
5110.0,5.109999999999999,4.7091435439096685
5110.5,5.110500000000002,4.6986874079139085
5111.0,5.110999999999997,4.701187407913885
5111.5,5.1114999999999995,4.703687407913897
5112.0,5.112000000000002,4.693080918544119
5112.5,5.112499999999997,4.6955809185440955
5113.0,5.1129999999999995,4.6980809185441075
5113.5,5.113500000000002,4.687359111215272
5114.0,5.113999999999997,4.689859111215249
5114.5,5.1145,4.692359111215261
5115.0,5.115000000000002,4.681581840266951
5115.5,5.115499999999997,4.684081840266927
5116.0,5.116,4.686581840266939
5116.5,5.116500000000002,4.675794635239043
5117.0,5.116999999999997,4.67829463523902
5117.5,5.1175,4.680794635239032
5118.0,5.118000000000002,4.670033706275234
5118.5,5.118499999999997,4.67253370627521
5119.0,5.119,4.675033706275222
5119.5,5.119500000000002,4.664340163320091
5120.0,5.119999999999997,4.666840163320067
5120.5,5.1205,4.669340163320079
5121.0,5.121000000000002,4.658712711016619
5121.5,5.1214999999999975,4.661212711016596
5122.0,5.122,4.663712711016608
5122.5,5.122500000000002,4.653163295433664
5123.0,5.1229999999999976,4.655663295433641
5123.5,5.1235,4.658163295433653
5124.0,5.124000000000002,4.647713272894514
5124.5,5.124499999999998,4.65021327289449
5125.0,5.125,4.652713272894502
5125.5,5.125500000000002,4.642362993763065
5126.0,5.125999999999998,4.6448629937630415
5126.5,5.1265,4.647362993763053
5127.0,5.1270000000000024,4.637085474897553
5127.5,5.127499999999998,4.63958547489753
5128.0,5.128,4.6420854748975415
5128.5,5.1285000000000025,4.631887820742335
5129.0,5.128999999999998,4.634387820742312
5129.5,5.1295,4.636887820742324
5130.0,5.130000000000003,4.626764217470125
5130.5,5.130499999999998,4.6292642174701015
5131.0,5.131,4.6317642174701135
5131.5,5.131500000000003,4.6216992938228785
5132.0,5.131999999999998,4.624199293822855
5132.5,5.1325,4.626699293822867
5133.0,5.133000000000003,4.616655278451596
5133.5,5.133499999999998,4.619155278451572
5134.0,5.134,4.621655278451584
5134.5,5.134500000000003,4.624155278451596
5135.0,5.134999999999998,4.614081598324198
5135.5,5.1355,4.61658159832421
5136.0,5.136000000000003,4.619081598324222
5136.5,5.136499999999998,4.608940063550904
5137.0,5.1370000000000005,4.611440063550916
5137.5,5.137500000000003,4.613940063550928
5138.0,5.137999999999998,4.603692204393148
5138.5,5.1385000000000005,4.60619220439316
5139.0,5.139000000000003,4.608692204393172
5139.5,5.139499999999998,4.598320081494194
5140.0,5.140000000000001,4.600820081494206
5140.5,5.140500000000003,4.603320081494218
5141.0,5.140999999999998,4.592822088823354
5141.5,5.141500000000001,4.595322088823366
5142.0,5.142000000000003,4.597822088823378
5142.5,5.142499999999998,4.587214469287062
5143.0,5.143000000000001,4.589714469287074
5143.5,5.143500000000003,4.592214469287086
5144.0,5.143999999999998,4.581550704804371
5144.5,5.144500000000001,4.584050704804383
5145.0,5.145000000000003,4.586550704804395
5145.5,5.145499999999998,4.575871341656992
5146.0,5.146000000000001,4.578371341657004
5146.5,5.146500000000003,4.580871341657016
5147.0,5.1469999999999985,4.570213921008737
5147.5,5.147500000000001,4.572713921008749
5148.0,5.148000000000003,4.575213921008761
5148.5,5.1484999999999985,4.564590521634422
5149.0,5.149000000000001,4.567090521634434
5149.5,5.149499999999996,4.56959052163441
5150.0,5.149999999999999,4.559001635053548
5150.5,5.150500000000001,4.56150163505356
5151.0,5.151000000000003,4.564001635053572
5151.5,5.151499999999999,4.553464943234715
5152.0,5.152000000000001,4.555964943234727
5152.5,5.152499999999996,4.5584649432347035
5153.0,5.152999999999999,4.54797620560182
5153.5,5.153500000000001,4.550476205601832
5154.0,5.1540000000000035,4.552976205601844
5154.5,5.154499999999999,4.5425433406566995
5155.0,5.155000000000001,4.5450433406567115
5155.5,5.155499999999996,4.547543340656688
5156.0,5.155999999999999,4.5371799172604454
5156.5,5.156500000000001,4.539679917260457
5157.0,5.157000000000004,4.542179917260469
5157.5,5.157499999999999,4.531901997411474
5158.0,5.158000000000001,4.534401997411486
5158.5,5.1584999999999965,4.536901997411462
5159.0,5.158999999999999,4.52669978353601
5159.5,5.159500000000001,4.529199783536022
5160.0,5.160000000000004,4.531699783536034
5160.5,5.160499999999999,4.521570428656787
5161.0,5.161000000000001,4.524070428656799
5161.5,5.161499999999997,4.526570428656775
5162.0,5.161999999999999,4.516495898972899
5162.5,5.162500000000001,4.518995898972911
5163.0,5.163000000000004,4.521495898972923
5163.5,5.163499999999999,4.51143227868549
5164.0,5.1640000000000015,4.513932278685502
5164.5,5.164499999999997,4.516432278685478
5165.0,5.164999999999999,4.506339020616039
5165.5,5.1655000000000015,4.508839020616051
5166.0,5.166000000000004,4.511339020616063
5166.5,5.166499999999999,4.501183197775802
5167.0,5.167000000000002,4.503683197775814
5167.5,5.167499999999997,4.5061831977757905
5168.0,5.167999999999999,4.495948637744931
5168.5,5.168500000000002,4.498448637744943
5169.0,5.169000000000004,4.500948637744955
5169.5,5.169499999999999,4.49065073119737
5170.0,5.170000000000002,4.493150731197382
5170.5,5.170499999999997,4.495650731197358
5171.0,5.170999999999999,4.485301704607458
5171.5,5.171500000000002,4.48780170460747
5172.0,5.171999999999997,4.490301704607447
5172.5,5.172499999999999,4.479921390447572
5173.0,5.173000000000002,4.482421390447584
5173.5,5.173499999999997,4.48492139044756
5174.0,5.1739999999999995,4.474554590552486
5174.5,5.174500000000002,4.477054590552498
5175.0,5.174999999999997,4.479554590552475
5175.5,5.1754999999999995,4.469237254321783
5176.0,5.176000000000002,4.471737254321795
5176.5,5.176499999999997,4.474237254321771
5177.0,5.177,4.463960639644959
5177.5,5.177500000000002,4.466460639644971
5178.0,5.177999999999997,4.468960639644948
5178.5,5.1785,4.458729585728136
5179.0,5.179000000000002,4.461229585728148
5179.5,5.179499999999997,4.4637295857281245
5180.0,5.18,4.453545341382679
5180.5,5.180500000000002,4.456045341382691
5181.0,5.180999999999997,4.458545341382667
5181.5,5.1815,4.448396667484715
5182.0,5.182000000000002,4.450896667484727
5182.5,5.182499999999997,4.453396667484704
5183.0,5.183,4.4432881895275855
5183.5,5.183500000000002,4.4457881895275975
5184.0,5.1839999999999975,4.448288189527574
5184.5,5.1845,4.438242394600067
5185.0,5.185000000000002,4.440742394600079
5185.5,5.1854999999999976,4.443242394600055
5186.0,5.186,4.43323669511102
5186.5,5.186500000000002,4.435736695111032
5187.0,5.186999999999998,4.438236695111009
5187.5,5.1875,4.428259242073693
5188.0,5.188000000000002,4.430759242073705
5188.5,5.188499999999998,4.433259242073682
5189.0,5.189,4.423285867812083
5189.5,5.1895000000000024,4.425785867812095
5190.0,5.189999999999998,4.428285867812072
5190.5,5.1905,4.418284318074974
5191.0,5.1910000000000025,4.420784318074986
5191.5,5.191499999999998,4.423284318074963
5192.0,5.192,4.413222411588116
5192.5,5.192500000000003,4.415722411588128
5193.0,5.192999999999998,4.418222411588104
5193.5,5.1935,4.408078407863201
5194.0,5.194000000000003,4.410578407863213
5194.5,5.194499999999998,4.413078407863189
5195.0,5.195,4.402813331562605
5195.5,5.195500000000003,4.405313331562617
5196.0,5.195999999999998,4.407813331562593
5196.5,5.1965,4.397393732757102
5197.0,5.197000000000003,4.399893732757114
5197.5,5.197499999999998,4.402393732757091
5198.0,5.198,4.391824835398239
5198.5,5.198500000000003,4.394324835398251
5199.0,5.198999999999998,4.3968248353982275
5199.5,5.1995000000000005,4.38612982796311
5200.0,5.200000000000003,4.388629827963122
5200.5,5.200499999999998,4.391129827963098
5201.0,5.2010000000000005,4.380329250871959
5201.5,5.201500000000003,4.382829250871971
5202.0,5.201999999999998,4.385329250871948
5202.5,5.202500000000001,4.374441182318911
5203.0,5.203000000000003,4.376941182318923
5203.5,5.203499999999998,4.3794411823188995
5204.0,5.204000000000001,4.368494637665528
5204.5,5.204500000000003,4.3709946376655395
5205.0,5.204999999999998,4.373494637665516
5205.5,5.205500000000001,4.362531153220743
5206.0,5.206000000000003,4.365031153220755
5206.5,5.206499999999998,4.367531153220732
5207.0,5.207000000000001,4.356577881355541
5207.5,5.207500000000003,4.359077881355553
5208.0,5.207999999999998,4.3615778813555295
5208.5,5.208500000000001,4.350647098392315
5209.0,5.209000000000003,4.353147098392327
5209.5,5.2094999999999985,4.3556470983923035
5210.0,5.210000000000001,4.358147098392315
5210.5,5.210500000000003,4.347269336955399
5211.0,5.2109999999999985,4.349769336955376
5211.5,5.211500000000001,4.352269336955388
5212.0,5.211999999999996,4.341460815317184
5212.5,5.212499999999999,4.343960815317196
5213.0,5.213000000000001,4.346460815317208
5213.5,5.213500000000003,4.335716299536934
5214.0,5.213999999999999,4.33821629953691
5214.5,5.214500000000001,4.340716299536922
5215.0,5.214999999999996,4.330024362426244
5215.5,5.215499999999999,4.3325243624262555
5216.0,5.216000000000001,4.335024362426267
5216.5,5.2165000000000035,4.32440171479989
5217.0,5.216999999999999,4.326901714799867
5217.5,5.217500000000001,4.329401714799879
5218.0,5.217999999999996,4.318831572830639
5218.5,5.218499999999999,4.321331572830651
5219.0,5.219000000000001,4.323831572830663
5219.5,5.219500000000004,4.313281439718608
5220.0,5.219999999999999,4.3157814397185845
5220.5,5.220500000000001,4.3182814397185965
5221.0,5.2209999999999965,4.307733091966348
5221.5,5.221499999999999,4.31023309196636
5222.0,5.222000000000001,4.312733091966372
5222.5,5.222500000000004,4.302174608883611
5223.0,5.222999999999999,4.304674608883587
5223.5,5.223500000000001,4.307174608883599
5224.0,5.223999999999997,4.296591472242817
5224.5,5.224499999999999,4.299091472242829
5225.0,5.225000000000001,4.3015914722428406
5225.5,5.225500000000004,4.290983976217788
5226.0,5.225999999999999,4.293483976217765
5226.5,5.2265000000000015,4.2959839762177765
5227.0,5.226999999999997,4.28536463518995
5227.5,5.227499999999999,4.287864635189962
5228.0,5.2280000000000015,4.290364635189974
5228.5,5.228500000000004,4.2797301149500555
5229.0,5.228999999999999,4.282230114950032
5229.5,5.229500000000002,4.284730114950044
5230.0,5.229999999999997,4.274098222114802
5230.5,5.230499999999999,4.2765982221148136
5231.0,5.231000000000002,4.2790982221148255
5231.5,5.231500000000004,4.268519897986991
5232.0,5.231999999999999,4.271019897986967
5232.5,5.232500000000002,4.273519897986979
5233.0,5.232999999999997,4.2630214575046566
5233.5,5.233499999999999,4.2655214575046685
5234.0,5.234000000000002,4.26802145750468
5234.5,5.234499999999997,4.257599531184155
5235.0,5.234999999999999,4.260099531184167
5235.5,5.235500000000002,4.262599531184179
5236.0,5.235999999999997,4.252251722025733
5236.5,5.2364999999999995,4.254751722025745
5237.0,5.237000000000002,4.257251722025757
5237.5,5.237499999999997,4.2469914495428895
5238.0,5.2379999999999995,4.2494914495429015
5238.5,5.238500000000002,4.251991449542913
5239.0,5.238999999999997,4.241817916294686
5239.5,5.2395,4.244317916294698
5240.0,5.240000000000002,4.2468179162947095
5240.5,5.240499999999997,4.23674060008171
5241.0,5.241,4.239240600081722
5241.5,5.241500000000002,4.241740600081734
5242.0,5.241999999999997,4.231754344277405
5242.5,5.2425,4.234254344277417
5243.0,5.243000000000002,4.236754344277429
5243.5,5.243499999999997,4.226852538495827
5244.0,5.244,4.229352538495839
5244.5,5.244500000000002,4.2318525384958505
5245.0,5.244999999999997,4.22202147355911
5245.5,5.2455,4.224521473559122
5246.0,5.246000000000002,4.227021473559134
5246.5,5.2464999999999975,4.21724125977331
5247.0,5.247,4.219741259773322
5247.5,5.247500000000002,4.222241259773334
5248.0,5.2479999999999976,4.212477522721265
5248.5,5.2485,4.214977522721277
5249.0,5.249000000000002,4.217477522721289
5249.5,5.249499999999998,4.207697608493248
5250.0,5.25,4.21019760849326
5250.5,5.250500000000002,4.212697608493272
5251.0,5.250999999999998,4.202880079210232
5251.5,5.2515,4.205380079210244
5252.0,5.2520000000000024,4.2078800792102555
5252.5,5.252499999999998,4.198011056564717
5253.0,5.253,4.200511056564729
5253.5,5.2535000000000025,4.2030110565647405
5254.0,5.253999999999998,4.1931098084720375
5254.5,5.2545,4.1956098084720495
5255.0,5.255000000000003,4.198109808472061
5255.5,5.255499999999998,4.1881899177540305
5256.0,5.256,4.190689917754042
5256.5,5.256500000000003,4.193189917754054
5257.0,5.256999999999998,4.183263310068277
5257.5,5.2575,4.185763310068289
5258.0,5.258000000000003,4.188263310068301
5258.5,5.258499999999998,4.178357103799151
5259.0,5.259,4.180857103799163
5259.5,5.259500000000003,4.183357103799175
5260.0,5.259999999999998,4.173491267416516
5260.5,5.2605,4.175991267416528
5261.0,5.261000000000003,4.17849126741654
5261.5,5.261499999999998,4.168682640820904
5262.0,5.2620000000000005,4.171182640820916
5262.5,5.262500000000003,4.173682640820928
5263.0,5.262999999999998,4.163955603681231
5263.5,5.2635000000000005,4.166455603681243
5264.0,5.264000000000003,4.168955603681255
5264.5,5.264499999999998,4.159303566289161
5265.0,5.265000000000001,4.161803566289173
5265.5,5.265500000000003,4.164303566289185
5266.0,5.265999999999998,4.154712103173246
5266.5,5.266500000000001,4.157212103173258
5267.0,5.267000000000003,4.15971210317327
5267.5,5.267499999999998,4.150146431728103
5268.0,5.268000000000001,4.152646431728115
5268.5,5.268500000000003,4.155146431728127
5269.0,5.268999999999998,4.145596342703932
5269.5,5.269500000000001,4.148096342703944
5270.0,5.270000000000003,4.150596342703956
5270.5,5.270499999999998,4.141059479623941
5271.0,5.271000000000001,4.143559479623953
5271.5,5.271500000000003,4.146059479623965
5272.0,5.2719999999999985,4.136510478272015
5272.5,5.272500000000001,4.139010478272027
5273.0,5.273000000000003,4.141510478272039
5273.5,5.2734999999999985,4.131957820960501
5274.0,5.274000000000001,4.134457820960513
5274.5,5.274499999999996,4.13695782096049
5275.0,5.274999999999999,4.127396024327261
5275.5,5.275500000000001,4.129896024327273
5276.0,5.276000000000003,4.132396024327285
5276.5,5.276499999999999,4.122820400263834
5277.0,5.277000000000001,4.1253204002638455
5277.5,5.277499999999996,4.127820400263822
5278.0,5.277999999999999,4.1182411938982
5278.5,5.278500000000001,4.120741193898212
5279.0,5.2790000000000035,4.123241193898224
5279.5,5.279499999999999,4.11366572580782
5280.0,5.280000000000001,4.116165725807832
5280.5,5.280499999999996,4.1186657258078085
5281.0,5.280999999999999,4.109090260855304
5281.5,5.281500000000001,4.111590260855316
5282.0,5.282000000000004,4.114090260855328
5282.5,5.282499999999999,4.104475567939367
5283.0,5.283000000000001,4.106975567939379
5283.5,5.2834999999999965,4.109475567939356
5284.0,5.283999999999999,4.099818641556148
5284.5,5.284500000000001,4.10231864155616
5285.0,5.285000000000004,4.104818641556172
5285.5,5.285499999999999,4.107318641556148
5286.0,5.286000000000001,4.097597993518498
5286.5,5.286499999999997,4.1000979935184745
5287.0,5.286999999999999,4.102597993518486
5287.5,5.287500000000001,4.092803969366194
5288.0,5.288000000000004,4.095303969366206
5288.5,5.288499999999999,4.097803969366183
5289.0,5.2890000000000015,4.087946769838382
5289.5,5.289499999999997,4.090446769838358
5290.0,5.289999999999999,4.09294676983837
5290.5,5.2905000000000015,4.083048149270141
5291.0,5.291000000000004,4.085548149270153
5291.5,5.291499999999999,4.088048149270129
5292.0,5.292000000000002,4.078127555388491
5292.5,5.292499999999997,4.080627555388467
5293.0,5.292999999999999,4.083127555388479
5293.5,5.293500000000002,4.073203024068768
5294.0,5.294000000000004,4.07570302406878
5294.5,5.294499999999999,4.078203024068756
5295.0,5.295000000000002,4.068272616734596
5295.5,5.295499999999997,4.070772616734573
5296.0,5.295999999999999,4.0732726167345845
5296.5,5.296500000000002,4.06332842373061
5297.0,5.296999999999997,4.065828423730586
5297.5,5.297499999999999,4.068328423730598
5298.0,5.298000000000002,4.058350586863426
5298.5,5.298499999999997,4.060850586863403
5299.0,5.2989999999999995,4.0633505868634145
5299.5,5.299500000000002,4.053335610693338
5300.0,5.299999999999997,4.055835610693315
5300.5,5.3004999999999995,4.058335610693327
5301.0,5.301000000000002,4.048259283303608
5301.5,5.301499999999997,4.050759283303584
5302.0,5.302,4.053259283303596
5302.5,5.302500000000002,4.043090366591855
5303.0,5.302999999999997,4.045590366591831
5303.5,5.3035,4.048090366591843
5304.0,5.304000000000002,4.037813619220998
5304.5,5.304499999999997,4.040313619220974
5305.0,5.305,4.042813619220986
5305.5,5.305500000000002,4.032441682369345
5306.0,5.305999999999997,4.034941682369322
5306.5,5.3065,4.037441682369334
5307.0,5.307000000000002,4.026999750312399
5307.5,5.307499999999997,4.029499750312375
5308.0,5.308,4.031999750312387
5308.5,5.308500000000002,4.021526812094223
5309.0,5.3089999999999975,4.024026812094199
5309.5,5.3095,4.026526812094211
5310.0,5.310000000000002,4.016077139038359
5310.5,5.3104999999999976,4.018577139038335
5311.0,5.311,4.021077139038347
5311.5,5.311500000000002,4.0106852240871405
5312.0,5.311999999999998,4.013185224087117
5312.5,5.3125,4.015685224087129
5313.0,5.313000000000002,4.005383047287161
5313.5,5.313499999999998,4.007883047287137
5314.0,5.314,4.010383047287149
5314.5,5.3145000000000024,4.000189136159733
5315.0,5.314999999999998,4.0026891361597094
5315.5,5.3155,4.005189136159721
5316.0,5.3160000000000025,3.9951053906277068
5316.5,5.316499999999998,3.997605390627683
5317.0,5.317,4.000105390627695
5317.5,5.317500000000003,3.9900964115819804
5318.0,5.317999999999998,3.9925964115819568
5318.5,5.3185,3.9950964115819687
5319.0,5.319000000000003,3.9851088882481633
5319.5,5.319499999999998,3.9876088882481397
5320.0,5.32,3.9901088882481517
5320.5,5.320500000000003,3.980130095010601
5321.0,5.320999999999998,3.9826300950105775
5321.5,5.3215,3.9851300950105895
5322.0,5.322000000000003,3.9751502185490395
5322.5,5.322499999999998,3.977650218549016
5323.0,5.323,3.980150218549028
5323.5,5.323500000000003,3.9701642781483315
5324.0,5.323999999999998,3.972664278148308
5324.5,5.3245000000000005,3.97516427814832
5325.0,5.325000000000003,3.96517376599423
5325.5,5.325499999999998,3.9676737659942063
5326.0,5.3260000000000005,3.9701737659942182
5326.5,5.326500000000003,3.96016103625616
5327.0,5.326999999999998,3.9626610362561365
5327.5,5.327500000000001,3.9651610362561485
5328.0,5.328000000000003,3.9551284557292377
5328.5,5.328499999999998,3.957628455729214
5329.0,5.329000000000001,3.960128455729226
5329.5,5.329500000000003,3.9500690968054286
5330.0,5.329999999999998,3.952569096805405
5330.5,5.330500000000001,3.955069096805417
5331.0,5.331000000000003,3.9449715588083123
5331.5,5.331499999999998,3.9474715588082887
5332.0,5.332000000000001,3.9499715588083006
5332.5,5.332500000000003,3.939846331253527
5333.0,5.332999999999998,3.9423463312535034
5333.5,5.333500000000001,3.9448463312535154
5334.0,5.334000000000003,3.93466318277234
5334.5,5.3344999999999985,3.9371631827723164
5335.0,5.335000000000001,3.9396631827723283
5335.5,5.335500000000003,3.9294275558949465
5336.0,5.3359999999999985,3.931927555894923
5336.5,5.336500000000001,3.934427555894935
5337.0,5.336999999999996,3.924153758401907
5337.5,5.337499999999999,3.926653758401919
5338.0,5.338000000000001,3.929153758401931
5338.5,5.338500000000003,3.918869734912569
5339.0,5.338999999999999,3.9213697349125454
5339.5,5.339500000000001,3.9238697349125573
5340.0,5.339999999999996,3.9136242253763953
5340.5,5.340499999999999,3.9161242253764073
5341.0,5.341000000000001,3.918624225376419
5341.5,5.3415000000000035,3.9084356260583775
5342.0,5.341999999999999,3.910935626058354
5342.5,5.342500000000001,3.913435626058366
5343.0,5.342999999999996,3.903348266828246
5343.5,5.343499999999999,3.905848266828258
5344.0,5.344000000000001,3.90834826682827
5344.5,5.344500000000004,3.898393853610287
5345.0,5.344999999999999,3.9008938536102633
5345.5,5.345500000000001,3.9033938536102752
5346.0,5.3459999999999965,3.893582283784447
5346.5,5.346499999999999,3.896082283784459
5347.0,5.347000000000001,3.898582283784471
5347.5,5.347500000000004,3.8888929439568187
5348.0,5.347999999999999,3.891392943956795
5348.5,5.348500000000001,3.893892943956807
5349.0,5.348999999999997,3.8843149189028736
5349.5,5.349499999999999,3.8868149189028856
5350.0,5.350000000000001,3.8893149189028975
5350.5,5.350500000000004,3.879821160174366
5351.0,5.350999999999999,3.8823211601743424
5351.5,5.3515000000000015,3.8848211601743543
5352.0,5.351999999999997,3.8753823451422065
5352.5,5.352499999999999,3.8778823451422184
5353.0,5.3530000000000015,3.8803823451422303
5353.5,5.353500000000004,3.87096979570984
5354.0,5.353999999999999,3.8734697957098163
5354.5,5.354500000000002,3.8759697957098282
5355.0,5.354999999999997,3.866571912457566
5355.5,5.355499999999999,3.869071912457578
5356.0,5.356000000000002,3.87157191245759
5356.5,5.356500000000004,3.862165115899465
5357.0,5.356999999999999,3.8646651158994416
5357.5,5.357500000000002,3.8671651158994536
5358.0,5.357999999999997,3.8577362415652416
5358.5,5.358499999999999,3.8602362415652536
5359.0,5.359000000000002,3.8627362415652655
5359.5,5.359499999999997,3.8532718705881663
5360.0,5.359999999999999,3.8557718705881783
5360.5,5.360500000000002,3.85827187058819
5361.0,5.360999999999997,3.8607718705881666
5361.5,5.3614999999999995,3.851258773632047
5362.0,5.362000000000002,3.853758773632059
5362.5,5.362499999999997,3.8562587736320353
5363.0,5.3629999999999995,3.8467016630650264
5363.5,5.363500000000002,3.8492016630650383
5364.0,5.363999999999997,3.8517016630650147
5364.5,5.3645,3.8421273570274295
5365.0,5.365000000000002,3.8446273570274414
5365.5,5.365499999999997,3.847127357027418
5366.0,5.366,3.8375605094289256
5366.5,5.366500000000002,3.8400605094289375
5367.0,5.366999999999997,3.842560509428914
5367.5,5.3675,3.83299817761646
5368.0,5.368000000000002,3.835498177616472
5368.5,5.368499999999997,3.8379981776164485
5369.0,5.369,3.8284615549723355
5369.5,5.369500000000002,3.8309615549723475
5370.0,5.369999999999997,3.833461554972324
5370.5,5.3705,3.823964938558362
5371.0,5.371000000000002,3.8264649385583738
5371.5,5.3714999999999975,3.82896493855835
5372.0,5.372,3.8195188007753345
5372.5,5.372500000000002,3.8220188007753464
5373.0,5.3729999999999976,3.824518800775323
5373.5,5.3735,3.8151215685861217
5374.0,5.374000000000002,3.8176215685861337
5374.5,5.374499999999998,3.82012156858611
5375.0,5.375,3.810759189187607
5375.5,5.375500000000002,3.813259189187619
5376.0,5.375999999999998,3.8157591891875953
5376.5,5.3765,3.8064148725633373
5377.0,5.3770000000000024,3.8089148725633493
5377.5,5.377499999999998,3.8114148725633257
5378.0,5.378,3.802083764352311
5378.5,5.3785000000000025,3.804583764352323
5379.0,5.378999999999998,3.8070837643522992
5379.5,5.3795,3.797762581346973
5380.0,5.380000000000003,3.800262581346985
5380.5,5.380499999999998,3.802762581346961
5381.0,5.381,3.79345037185697
5381.5,5.381500000000003,3.795950371856982
5382.0,5.381999999999998,3.7984503718569584
5382.5,5.3825,3.7891387185374015
5383.0,5.383000000000003,3.7916387185374134
5383.5,5.383499999999998,3.79413871853739
5384.0,5.384,3.784806244169907
5384.5,5.384500000000003,3.787306244169919
5385.0,5.384999999999998,3.7898062441698954
5385.5,5.3855,3.7804395856086614
5386.0,5.386000000000003,3.7829395856086734
5386.5,5.386499999999998,3.78543958560865
5387.0,5.3870000000000005,3.776019819429166
5387.5,5.387500000000003,3.778519819429178
5388.0,5.387999999999998,3.7810198194291544
5388.5,5.3885000000000005,3.7715220770148505
5389.0,5.389000000000003,3.7740220770148625
5389.5,5.389499999999998,3.776522077014839
5390.0,5.390000000000001,3.766950097337336
5390.5,5.390500000000003,3.769450097337348
5391.0,5.390999999999998,3.7719500973373243
5391.5,5.391500000000001,3.7622953064146003
5392.0,5.392000000000003,3.7647953064146122
5392.5,5.392499999999998,3.7672953064145887
5393.0,5.393000000000001,3.7575727846492057
5393.5,5.393500000000003,3.7600727846492177
5394.0,5.393999999999998,3.762572784649194
5394.5,5.394500000000001,3.7527923623990844
5395.0,5.395000000000003,3.7552923623990964
5395.5,5.395499999999998,3.7577923623990728
5396.0,5.396000000000001,3.7479731695556495
5396.5,5.396500000000003,3.7504731695556615
5397.0,5.3969999999999985,3.752973169555638
5397.5,5.397500000000001,3.7431258026908054
5398.0,5.398000000000003,3.7456258026908174
5398.5,5.3984999999999985,3.7481258026907938
5399.0,5.399000000000001,3.738273035175439
5399.5,5.399499999999996,3.7407730351754154
5400.0,5.399999999999999,3.7432730351754273
5400.5,5.400500000000001,3.733435928705937
5401.0,5.401000000000003,3.735935928705949
5401.5,5.401499999999999,3.7384359287059254
5402.0,5.402000000000001,3.728617649779018
5402.5,5.402499999999996,3.7311176497789944
5403.0,5.402999999999999,3.7336176497790063
5403.5,5.403500000000001,3.723815291799113
5404.0,5.4040000000000035,3.726315291799125
5404.5,5.404499999999999,3.7288152917991013
5405.0,5.405000000000001,3.7190384067884708
5405.5,5.405499999999996,3.721538406788447
5406.0,5.405999999999999,3.724038406788459
5406.5,5.406500000000001,3.7142803726368
5407.0,5.407000000000004,3.716780372636812
5407.5,5.407499999999999,3.7192803726367885
5408.0,5.408000000000001,3.70954953680652
5408.5,5.4084999999999965,3.7120495368064965
5409.0,5.408999999999999,3.7145495368065085
5409.5,5.409500000000001,3.7048486446563444
5410.0,5.410000000000004,3.7073486446563564
5410.5,5.410499999999999,3.709848644656333
5411.0,5.411000000000001,3.700158050834297
5411.5,5.411499999999997,3.7026580508342732
5412.0,5.411999999999999,3.705158050834285
5412.5,5.412500000000001,3.695463029956265
5413.0,5.413000000000004,3.697963029956277
5413.5,5.413499999999999,3.7004630299562535
5414.0,5.4140000000000015,3.690758061118835
5414.5,5.414499999999997,3.6932580611188115
5415.0,5.414999999999999,3.6957580611188234
5415.5,5.4155000000000015,3.6860419968915537
5416.0,5.416000000000004,3.6885419968915656
5416.5,5.416499999999999,3.691041996891542
5417.0,5.417000000000002,3.681301309852607
5417.5,5.417499999999997,3.6838013098525835
5418.0,5.417999999999999,3.6863013098525954
5418.5,5.418500000000002,3.676514301951528
5419.0,5.419000000000004,3.67901430195154
5419.5,5.419499999999999,3.681514301951516
5420.0,5.420000000000002,3.671664559884995
5420.5,5.420499999999997,3.6741645598849715
5421.0,5.420999999999999,3.6766645598849834
5421.5,5.421500000000002,3.6667321368075534
5422.0,5.421999999999997,3.66923213680753
5422.5,5.422499999999999,3.6717321368075417
5423.0,5.423000000000002,3.661714201567854
5423.5,5.423499999999997,3.6642142015678303
5424.0,5.4239999999999995,3.6667142015678422
5424.5,5.424500000000002,3.6566188396726673
5425.0,5.424999999999997,3.6591188396726437
5425.5,5.4254999999999995,3.6616188396726557
5426.0,5.426000000000002,3.651471395513042
5426.5,5.426499999999997,3.653971395513018
5427.0,5.427,3.65647139551303
5427.5,5.427500000000002,3.6462879017381056
5428.0,5.427999999999997,3.648787901738082
5428.5,5.4285,3.651287901738094
5429.0,5.429000000000002,3.6410768274079786
5429.5,5.429499999999997,3.643576827407955
5430.0,5.43,3.646076827407967
5430.5,5.430500000000002,3.6358555964529415
5431.0,5.430999999999997,3.638355596452918
5431.5,5.4315,3.64085559645293
5432.0,5.432000000000002,3.630628252152235
5432.5,5.432499999999997,3.6331282521522112
5433.0,5.433,3.635628252152223
5433.5,5.433500000000002,3.6253820292882466
5434.0,5.4339999999999975,3.627882029288223
5434.5,5.4345,3.630382029288235
5435.0,5.435000000000002,3.6201203073683175
5435.5,5.4354999999999976,3.622620307368294
5436.0,5.436,3.625120307368306
5436.5,5.436500000000002,3.6276203073683178
5437.0,5.436999999999998,3.6173421577993636
5437.5,5.4375,3.6198421577993756
5438.0,5.438000000000002,3.6223421577993875
5438.5,5.438499999999998,3.612069771588544
5439.0,5.439,3.614569771588556
5439.5,5.4395000000000024,3.617069771588568
5440.0,5.439999999999998,3.6068159432350555
5440.5,5.4405,3.6093159432350674
5441.0,5.4410000000000025,3.6118159432350794
5441.5,5.441499999999998,3.601593013207882
5442.0,5.442,3.604093013207894
5442.5,5.442500000000003,3.606593013207906
5443.0,5.442999999999998,3.596406048199583
5443.5,5.4435,3.598906048199595
5444.0,5.444000000000003,3.601406048199607
5444.5,5.444499999999998,3.591266141178231
5445.0,5.445,3.593766141178243
5445.5,5.445500000000003,3.596266141178255
5446.0,5.445999999999998,3.58616164563319
5446.5,5.4465,3.588661645633202
5447.0,5.447000000000003,3.591161645633214
5447.5,5.447499999999998,3.5810755349813306
5448.0,5.448,3.5835755349813425
5448.5,5.448500000000003,3.5860755349813545
5449.0,5.448999999999998,3.576004486579265
5449.5,5.4495000000000005,3.578504486579277
5450.0,5.450000000000003,3.581004486579289
5450.5,5.450499999999998,3.570929027920151
5451.0,5.4510000000000005,3.573429027920163
5451.5,5.451500000000003,3.575929027920175
5452.0,5.451999999999998,3.565852887836698
5452.5,5.452500000000001,3.56835288783671
5453.0,5.453000000000003,3.570852887836722
5453.5,5.453499999999998,3.560788671118118
5454.0,5.454000000000001,3.56328867111813
5454.5,5.454500000000003,3.565788671118142
5455.0,5.454999999999998,3.5557483755463437
5455.5,5.455500000000001,3.5582483755463556
5456.0,5.456000000000003,3.5607483755463676
5456.5,5.456499999999998,3.5507364333239266
5457.0,5.457000000000001,3.5532364333239386
5457.5,5.457500000000003,3.5557364333239505
5458.0,5.457999999999998,3.5457479147465065
5458.5,5.458500000000001,3.5482479147465185
5459.0,5.459000000000003,3.5507479147465304
5459.5,5.4594999999999985,3.540774957467967
5460.0,5.460000000000001,3.543274957467979
5460.5,5.460500000000003,3.545774957467991
5461.0,5.4609999999999985,3.5358045162750074
5461.5,5.461500000000001,3.5383045162750193
5462.0,5.461999999999996,3.5408045162749957
5462.5,5.462499999999999,3.530821038215066
5463.0,5.463000000000001,3.533321038215078
5463.5,5.463500000000003,3.53582103821509
5464.0,5.463999999999999,3.5258129506361513
5464.5,5.464500000000001,3.5283129506361632
5465.0,5.464999999999996,3.5308129506361396
5465.5,5.465499999999999,3.520785371642141
5466.0,5.466000000000001,3.523285371642153
5466.5,5.4665000000000035,3.525785371642165
5467.0,5.466999999999999,3.5157300307359662
5467.5,5.467500000000001,3.518230030735978
5468.0,5.467999999999996,3.5207300307359546
5468.5,5.468499999999999,3.51065302905166
5469.0,5.469000000000001,3.513153029051672
5469.5,5.469500000000004,3.515653029051684
5470.0,5.469999999999999,3.505558294915936
5470.5,5.470500000000001,3.508058294915948
5471.0,5.4709999999999965,3.510558294915924
5471.5,5.471499999999999,3.500451932227726
5472.0,5.472000000000001,3.502951932227738
5472.5,5.472500000000004,3.50545193222775
5473.0,5.472999999999999,3.4953329912481124
5473.5,5.473500000000001,3.4978329912481243
5474.0,5.473999999999997,3.5003329912481007
5474.5,5.474499999999999,3.4902011744862804
5475.0,5.475000000000001,3.4927011744862924
5475.5,5.475500000000004,3.4952011744863043
5476.0,5.475999999999999,3.485054318007599
5476.5,5.4765000000000015,3.4875543180076107
5477.0,5.476999999999997,3.490054318007587
5477.5,5.477499999999999,3.4798956651786384
5478.0,5.4780000000000015,3.4823956651786503
5478.5,5.478500000000004,3.4848956651786622
5479.0,5.478999999999999,3.474744586885592
5479.5,5.479500000000002,3.477244586885604
5480.0,5.479999999999997,3.4797445868855803
5480.5,5.480499999999999,3.469626074437109
5481.0,5.481000000000002,3.4721260744371207
5481.5,5.481500000000004,3.4746260744371327
5482.0,5.481999999999999,3.464580923026297
5482.5,5.482500000000002,3.467080923026309
5483.0,5.482999999999997,3.4695809230262853
5483.5,5.483499999999999,3.459643326644617
5484.0,5.484000000000002,3.462143326644629
5484.5,5.484499999999997,3.4646433266446053
5485.0,5.484999999999999,3.454834692477
5485.5,5.485500000000002,3.457334692477012
5486.0,5.485999999999997,3.4598346924769885
5486.5,5.4864999999999995,3.4501549198925474
5487.0,5.487000000000002,3.4526549198925593
5487.5,5.487499999999997,3.4551549198925358
5488.0,5.4879999999999995,3.445604971880911
5488.5,5.488500000000002,3.448104971880923
5489.0,5.488999999999997,3.4506049718808995
5489.5,5.4895,3.4411598203377025
5490.0,5.490000000000002,3.4436598203377145
5490.5,5.490499999999997,3.446159820337691
5491.0,5.491,3.436773865286007
5491.5,5.491500000000002,3.439273865286019
5492.0,5.491999999999997,3.4417738652859953
5492.5,5.4925,3.4324205103596483
5493.0,5.493000000000002,3.4349205103596603
5493.5,5.493499999999997,3.4374205103596367
5494.0,5.494,3.4280834279954675
5494.5,5.494500000000002,3.4305834279954794
5495.0,5.494999999999997,3.433083427995456
5495.5,5.4955,3.423752212639961
5496.0,5.496000000000002,3.426252212639973
5496.5,5.4964999999999975,3.4287522126399494
5497.0,5.497,3.4194166845271567
5497.5,5.497500000000002,3.4219166845271687
5498.0,5.4979999999999976,3.424416684527145
5498.5,5.4985,3.415089484589018
5499.0,5.499000000000002,3.41758948458903
5499.5,5.499499999999998,3.420089484589006
5500.0,5.5,3.410765113387555
5500.5,5.500500000000002,3.413265113387567
5501.0,5.500999999999998,3.4157651133875433
5501.5,5.5015,3.4064535199833657
5502.0,5.5020000000000024,3.4089535199833776
5502.5,5.502499999999998,3.411453519983354
5503.0,5.503,3.4021674389727963
5503.5,5.5035000000000025,3.404667438972808
5504.0,5.503999999999998,3.4071674389727846
5504.5,5.5045,3.397903239746789
5505.0,5.505000000000003,3.400403239746801
5505.5,5.505499999999998,3.4029032397467773
5506.0,5.506,3.3936588642884757
5506.5,5.506500000000003,3.3961588642884877
5507.0,5.506999999999998,3.398658864288464
5507.5,5.5075,3.3894171144081042
5508.0,5.508000000000003,3.391917114408116
5508.5,5.508499999999998,3.3944171144080926
5509.0,5.509,3.385154916108455
5509.5,5.509500000000003,3.387654916108467
5510.0,5.509999999999998,3.390154916108443
5510.5,5.5105,3.3808864800850458
5511.0,5.511000000000003,3.3833864800850577
5511.5,5.511499999999998,3.385886480085034
5512.0,5.5120000000000005,3.388386480085046
5512.5,5.512500000000003,3.3791023491909655
5513.0,5.512999999999998,3.381602349190942
5513.5,5.5135000000000005,3.384102349190954
5514.0,5.514000000000003,3.3748139215683537
5514.5,5.514499999999998,3.37731392156833
5515.0,5.515000000000001,3.379813921568342
5515.5,5.515500000000003,3.3705480977634394
5516.0,5.515999999999998,3.373048097763416
5516.5,5.516500000000001,3.375548097763428
5517.0,5.517000000000003,3.366293462791674
5517.5,5.517499999999998,3.3687934627916505
5518.0,5.518000000000001,3.3712934627916624
5518.5,5.518500000000003,3.3620417570603323
5519.0,5.518999999999998,3.3645417570603087
5519.5,5.519500000000001,3.3670417570603206
5520.0,5.520000000000003,3.3577942558123652
5520.5,5.520499999999998,3.3602942558123416
5521.0,5.521000000000001,3.3627942558123536
5521.5,5.521500000000003,3.3535560856708813
5522.0,5.5219999999999985,3.3560560856708577
5522.5,5.522500000000001,3.3585560856708696
5523.0,5.523000000000003,3.3493167870663143
5523.5,5.5234999999999985,3.3518167870662907
5524.0,5.524000000000001,3.3543167870663027
5524.5,5.524499999999996,3.3450669003481437
5525.0,5.524999999999999,3.3475669003481556
5525.5,5.525500000000001,3.3500669003481676
5526.0,5.526000000000003,3.3408073766229407
5526.5,5.526499999999999,3.343307376622917
5527.0,5.527000000000001,3.345807376622929
5527.5,5.527499999999996,3.3365342397017272
5528.0,5.527999999999999,3.339034239701739
5528.5,5.528500000000001,3.341534239701751
5529.0,5.5290000000000035,3.332219103224503
5529.5,5.529499999999999,3.3347191032244794
5530.0,5.530000000000001,3.3372191032244913
5530.5,5.530499999999996,3.327859508908091
5531.0,5.530999999999999,3.330359508908103
5531.5,5.531500000000001,3.3328595089081148
5532.0,5.532000000000004,3.323456257581583
5532.5,5.532499999999999,3.3259562575815593
5533.0,5.533000000000001,3.3284562575815713
5533.5,5.5334999999999965,3.319006993228939
5534.0,5.533999999999999,3.321506993228951
5534.5,5.534500000000001,3.324006993228963
5535.0,5.535000000000004,3.3145148820219106
5535.5,5.535499999999999,3.317014882021887
5536.0,5.536000000000001,3.319514882021899
5536.5,5.536499999999997,3.3099784011643862
5537.0,5.536999999999999,3.312478401164398
5537.5,5.537500000000001,3.31497840116441
5538.0,5.538000000000004,3.3053960439024976
5538.5,5.538499999999999,3.307896043902474
5539.0,5.5390000000000015,3.310396043902486
5539.5,5.539499999999997,3.300767404975673
5540.0,5.539999999999999,3.303267404975685
5540.5,5.5405000000000015,3.305767404975697
5541.0,5.541000000000004,3.296071514240886
5541.5,5.541499999999999,3.2985715142408623
5542.0,5.542000000000002,3.301071514240874
5542.5,5.542499999999997,3.2912765457206206
5543.0,5.542999999999999,3.2937765457206325
5543.5,5.543500000000002,3.2962765457206444
5544.0,5.544000000000004,3.286371159206638
5544.5,5.544499999999999,3.2888711592066144
5545.0,5.545000000000002,3.2913711592066264
5545.5,5.545499999999997,3.2813571484532744
5546.0,5.545999999999999,3.2838571484532864
5546.5,5.546500000000002,3.2863571484532983
5547.0,5.546999999999997,3.276233042200758
5547.5,5.547499999999999,3.27873304220077
5548.0,5.548000000000002,3.281233042200782
5548.5,5.548499999999997,3.271010259171341
5549.0,5.5489999999999995,3.2735102591713527
5549.5,5.549500000000002,3.2760102591713647
5550.0,5.549999999999997,3.2657217796086258
5550.5,5.5504999999999995,3.2682217796086377
5551.0,5.551000000000002,3.2707217796086496
5551.5,5.551499999999997,3.260377594772912
5552.0,5.552,3.262877594772924
5552.5,5.552500000000002,3.2653775947729358
5553.0,5.552999999999997,3.2550061477044068
5553.5,5.5535,3.2575061477044187
5554.0,5.554000000000002,3.2600061477044306
5554.5,5.554499999999997,3.249623190983364
5555.0,5.555,3.252123190983376
5555.5,5.555500000000002,3.254623190983388
5556.0,5.555999999999997,3.2442241299488828
5556.5,5.5565,3.2467241299488947
5557.0,5.557000000000002,3.2492241299489066
5557.5,5.557499999999997,3.238813858487468
5558.0,5.558,3.24131385848748
5558.5,5.558500000000002,3.243813858487492
5559.0,5.5589999999999975,3.233408710343433
5559.5,5.5595,3.2359087103434447
5560.0,5.560000000000002,3.2384087103434567
5560.5,5.5604999999999976,3.2280065079933706
5561.0,5.561,3.2305065079933826
5561.5,5.561500000000002,3.2330065079933945
5562.0,5.561999999999998,3.222607167256548
5562.5,5.5625,3.22510716725656
5563.0,5.563000000000002,3.227607167256572
5563.5,5.563499999999998,3.217214819612906
5564.0,5.564,3.2197148196129177
5564.5,5.5645000000000024,3.2222148196129297
5565.0,5.564999999999998,3.211820354541217
5565.5,5.5655,3.214320354541229
5566.0,5.5660000000000025,3.216820354541241
5566.5,5.566499999999998,3.2064405354217485
5567.0,5.567,3.2089405354217604
5567.5,5.567500000000003,3.2114405354217723
5568.0,5.567999999999998,3.2011005433383843
5568.5,5.5685,3.2036005433383963
5569.0,5.569000000000003,3.206100543338408
5569.5,5.569499999999998,3.1958112516390713
5570.0,5.57,3.1983112516390833
5570.5,5.570500000000003,3.200811251639095
5571.0,5.570999999999998,3.1905752633272755
5571.5,5.5715,3.1930752633272874
5572.0,5.572000000000003,3.1955752633272994
5572.5,5.572499999999998,3.185402972694078
5573.0,5.573,3.18790297269409
5573.5,5.573500000000003,3.190402972694102
5574.0,5.573999999999998,3.1802780416888865
5574.5,5.5745000000000005,3.1827780416888984
5575.0,5.575000000000003,3.1852780416889104
5575.5,5.575499999999998,3.175182614583427
5576.0,5.5760000000000005,3.177682614583439
5576.5,5.576500000000003,3.180182614583451
5577.0,5.576999999999998,3.170107290753812
5577.5,5.577500000000001,3.172607290753824
5578.0,5.578000000000003,3.175107290753836
5578.5,5.578499999999998,3.1650478910738045
5579.0,5.579000000000001,3.1675478910738164
5579.5,5.579500000000003,3.1700478910738283
5580.0,5.579999999999998,3.1599914022383757
5580.5,5.580500000000001,3.1624914022383876
5581.0,5.581000000000003,3.1649914022383996
5581.5,5.581499999999998,3.1549315412845047
5582.0,5.582000000000001,3.1574315412845166
5582.5,5.582500000000003,3.1599315412845286
5583.0,5.582999999999998,3.1498707380329094
5583.5,5.583500000000001,3.1523707380329213
5584.0,5.584000000000003,3.1548707380329333
5584.5,5.5844999999999985,3.1448227473522294
5585.0,5.585000000000001,3.1473227473522414
5585.5,5.585500000000003,3.1498227473522533
5586.0,5.5859999999999985,3.139779620609957
5586.5,5.586500000000001,3.142279620609969
5587.0,5.586999999999996,3.1447796206099454
5587.5,5.587499999999999,3.1472796206099574
5588.0,5.588000000000001,3.137256907759003
5588.5,5.588500000000003,3.139756907759015
5589.0,5.588999999999999,3.1422569077589912
5589.5,5.589500000000001,3.132231974909132
5590.0,5.589999999999996,3.1347319749091085
5590.5,5.590499999999999,3.1372319749091204
5591.0,5.591000000000001,3.1272009825192626
5591.5,5.5915000000000035,3.1297009825192745
5592.0,5.591999999999999,3.132200982519251
5592.5,5.592500000000001,3.122129043733679
5593.0,5.592999999999996,3.1246290437336555
5593.5,5.593499999999999,3.1271290437336674
5594.0,5.594000000000001,3.117012534971657
5594.5,5.594500000000004,3.119512534971669
5595.0,5.594999999999999,3.1220125349716454
5595.5,5.595500000000001,3.1118646656424787
5596.0,5.5959999999999965,3.114364665642455
5596.5,5.596499999999999,3.116864665642467
5597.0,5.597000000000001,3.106701338379878
5597.5,5.597500000000004,3.10920133837989
5598.0,5.597999999999999,3.1117013383798664
5598.5,5.598500000000001,3.1015725359382884
5599.0,5.598999999999997,3.104072535938265
5599.5,5.599499999999999,3.1065725359382768
5600.0,5.600000000000001,3.09652536783922
5600.5,5.600500000000004,3.099025367839232
5601.0,5.600999999999999,3.1015253678392085
5601.5,5.6015000000000015,3.0916107708020135
5602.0,5.601999999999997,3.09411077080199
5602.5,5.602499999999999,3.096610770802002
5603.0,5.6030000000000015,3.0868524623804916
5603.5,5.603500000000004,3.0893524623805035
5604.0,5.603999999999999,3.09185246238048
5604.5,5.604500000000002,3.0822425599901493
5605.0,5.604999999999997,3.0847425599901257
5605.5,5.605499999999999,3.0872425599901376
5606.0,5.606000000000002,3.0777797923073535
5606.5,5.606500000000004,3.0802797923073655
5607.0,5.606999999999999,3.082779792307342
5607.5,5.607500000000002,3.0734346112821953
5608.0,5.607999999999997,3.0759346112821717
5608.5,5.608499999999999,3.0784346112821837
5609.0,5.609000000000002,3.069170579745588
5609.5,5.609499999999997,3.0716705797455646
5610.0,5.609999999999999,3.0741705797455765
5610.5,5.610500000000002,3.064963297953369
5611.0,5.610999999999997,3.0674632979533456
5611.5,5.6114999999999995,3.0699632979533575
5612.0,5.612000000000002,3.060774592527835
5612.5,5.612499999999997,3.0632745925278115
5613.0,5.6129999999999995,3.0657745925278235
5613.5,5.613500000000002,3.0565999620055706
5614.0,5.613999999999997,3.059099962005547
5614.5,5.6145,3.061599962005559
5615.0,5.615000000000002,3.0524487900739317
5615.5,5.615499999999997,3.054948790073908
5616.0,5.616,3.05744879007392
5616.5,5.616500000000002,3.0483246751159854
5617.0,5.616999999999997,3.050824675115962
5617.5,5.6175,3.0533246751159737
5618.0,5.618000000000002,3.0442108464510653
5618.5,5.618499999999997,3.0467108464510417
5619.0,5.619,3.0492108464510537
5619.5,5.619500000000002,3.0400903794284773
5620.0,5.619999999999997,3.0425903794284537
5620.5,5.6205,3.0450903794284656
5621.0,5.621000000000002,3.0359225230972697
5621.5,5.6214999999999975,3.038422523097246
5622.0,5.622,3.040922523097258
5622.5,5.622500000000002,3.0316460839429027
5623.0,5.6229999999999976,3.034146083942879
5623.5,5.6235,3.036646083942891
5624.0,5.624000000000002,3.027231691968204
5624.5,5.624499999999998,3.0297316919681805
5625.0,5.625,3.0322316919681924
5625.5,5.625500000000002,3.022690017623262
5626.0,5.625999999999998,3.0251900176232382
5626.5,5.6265,3.02769001762325
5627.0,5.6270000000000024,3.0180168808457353
5627.5,5.627499999999998,3.0205168808457117
5628.0,5.628,3.0230168808457236
5628.5,5.6285000000000025,3.0132292415111905
5629.0,5.628999999999998,3.015729241511167
5629.5,5.6295,3.018229241511179
5630.0,5.630000000000003,3.0083332173030897
5630.5,5.630499999999998,3.010833217303066
5631.0,5.631,3.013333217303078
5631.5,5.631500000000003,3.0033482564260083
5632.0,5.631999999999998,3.0058482564259847
5632.5,5.6325,3.0083482564259967
5633.0,5.633000000000003,2.998292736545558
5633.5,5.633499999999998,3.0007927365455345
5634.0,5.634,3.0032927365455464
5634.5,5.634500000000003,2.9931955449940517
5635.0,5.634999999999998,2.995695544994028
5635.5,5.6355,2.99819554499404
5636.0,5.636000000000003,2.988093417112694
5636.5,5.636499999999998,2.9905934171126702
5637.0,5.6370000000000005,2.993093417112682
5637.5,5.637500000000003,2.9830130614421435
5638.0,5.637999999999998,2.98551306144212
5638.5,5.6385000000000005,2.988013061442132
5639.0,5.639000000000003,2.9779682099428584
5639.5,5.639499999999998,2.980468209942835
5640.0,5.640000000000001,2.9829682099428467
5640.5,5.640500000000003,2.9729466076403455
5641.0,5.640999999999998,2.975446607640322
5641.5,5.641500000000001,2.977946607640334
5642.0,5.642000000000003,2.967967241008438
5642.5,5.642499999999998,2.9704672410084143
5643.0,5.643000000000001,2.9729672410084262
5643.5,5.643500000000003,2.9630418249273305
5644.0,5.643999999999998,2.965541824927307
5644.5,5.644500000000001,2.968041824927319
5645.0,5.645000000000003,2.958172765278313
5645.5,5.645499999999998,2.9606727652782894
5646.0,5.646000000000001,2.9631727652783013
5646.5,5.646500000000003,2.953389486361253
5647.0,5.6469999999999985,2.9558894863612295
5647.5,5.647500000000001,2.9583894863612414
5648.0,5.648000000000003,2.948697607985906
5648.5,5.6484999999999985,2.9511976079858826
5649.0,5.649000000000001,2.9536976079858945
5649.5,5.649499999999996,2.944095821450823
5650.0,5.649999999999999,2.9465958214508348
5650.5,5.650500000000001,2.9490958214508467
5651.0,5.651000000000003,2.9395660773753463
5651.5,5.651499999999999,2.9420660773753227
5652.0,5.652000000000001,2.9445660773753346
5652.5,5.652499999999996,2.9350705154027423
5653.0,5.652999999999999,2.9375705154027543
5653.5,5.653500000000001,2.940070515402766
5654.0,5.6540000000000035,2.930575485441409
5654.5,5.654499999999999,2.9330754854413854
5655.0,5.655000000000001,2.9355754854413973
5655.5,5.655499999999996,2.9260545840664776
5656.0,5.655999999999999,2.9285545840664895
5656.5,5.656500000000001,2.9310545840665014
5657.0,5.657000000000004,2.9214894942226266
5657.5,5.657499999999999,2.923989494222603
5658.0,5.658000000000001,2.926489494222615
5658.5,5.6584999999999965,2.916844722993126
5659.0,5.658999999999999,2.919344722993138
5659.5,5.659500000000001,2.92184472299315
5660.0,5.660000000000004,2.912093159816145
5660.5,5.660499999999999,2.914593159816121
5661.0,5.661000000000001,2.917093159816133
5661.5,5.661499999999997,2.9072280414364116
5662.0,5.661999999999999,2.9097280414364235
5662.5,5.662500000000001,2.9122280414364354
5663.0,5.663000000000004,2.9147280414364474
5663.5,5.663499999999999,2.9047389313845073
5664.0,5.6640000000000015,2.9072389313845193
5664.5,5.664499999999997,2.9097389313844957
5665.0,5.664999999999999,2.8996514364844472
5665.5,5.6655000000000015,2.902151436484459
5666.0,5.666000000000004,2.904651436484471
5666.5,5.666499999999999,2.8944912106338805
5667.0,5.667000000000002,2.8969912106338924
5667.5,5.667499999999997,2.899491210633869
5668.0,5.667999999999999,2.889283226029349
5668.5,5.668500000000002,2.8917832260293608
5669.0,5.669000000000004,2.8942832260293727
5669.5,5.669499999999999,2.884069897992809
5670.0,5.670000000000002,2.886569897992821
5670.5,5.670499999999997,2.8890698979927976
5671.0,5.670999999999999,2.878874448021307
5671.5,5.671500000000002,2.881374448021319
5672.0,5.671999999999997,2.8838744480212952
5672.5,5.672499999999999,2.873730070191911
5673.0,5.673000000000002,2.876230070191923
5673.5,5.673499999999997,2.8787300701918994
5674.0,5.6739999999999995,2.8686521512939933
5674.5,5.674500000000002,2.8711521512940053
5675.0,5.674999999999997,2.8736521512939817
5675.5,5.6754999999999995,2.8636382473239053
5676.0,5.676000000000002,2.866138247323917
5676.5,5.676499999999997,2.8686382473238936
5677.0,5.677,2.85869163438754
5677.5,5.677500000000002,2.861191634387552
5678.0,5.677999999999997,2.8636916343875285
5678.5,5.6785,2.853813977238673
5679.0,5.679000000000002,2.8563139772386847
5679.5,5.679499999999997,2.858813977238661
5680.0,5.68,2.8489933426899228
5680.5,5.680500000000002,2.8514933426899347
5681.0,5.680999999999997,2.853993342689911
5681.5,5.6815,2.8442221044263505
5682.0,5.682000000000002,2.8467221044263624
5682.5,5.682499999999997,2.849222104426339
5683.0,5.683,2.8394962266018453
5683.5,5.683500000000002,2.8419962266018572
5684.0,5.6839999999999975,2.8444962266018337
5684.5,5.6845,2.834819623146494
5685.0,5.685000000000002,2.837319623146506
5685.5,5.6854999999999976,2.8398196231464823
5686.0,5.686,2.8301572190967406
5686.5,5.686500000000002,2.8326572190967525
5687.0,5.686999999999998,2.835157219096729
5687.5,5.6875,2.8254888533911426
5688.0,5.688000000000002,2.8279888533911546
5688.5,5.688499999999998,2.830488853391131
5689.0,5.689,2.8208072607321455
5689.5,5.6895000000000024,2.8233072607321574
5690.0,5.689999999999998,2.825807260732134
5690.5,5.6905,2.816081976213063
5691.0,5.6910000000000025,2.818581976213075
5691.5,5.691499999999998,2.8210819762130512
5692.0,5.692,2.8113054791989
5692.5,5.692500000000003,2.813805479198912
5693.0,5.692999999999998,2.8163054791988884
5693.5,5.6935,2.8064679463395947
5694.0,5.694000000000003,2.8089679463396067
5694.5,5.694499999999998,2.811467946339583
5695.0,5.695,2.801583061683637
5695.5,5.695500000000003,2.8040830616836487
5696.0,5.695999999999998,2.806583061683625
5696.5,5.6965,2.7966723589513265
5697.0,5.697000000000003,2.7991723589513384
5697.5,5.697499999999998,2.801672358951315
5698.0,5.698,2.7917612057404284
5698.5,5.698500000000003,2.7942612057404403
5699.0,5.698999999999998,2.7967612057404168
5699.5,5.6995000000000005,2.7868832692782775
5700.0,5.700000000000003,2.7893832692782894
5700.5,5.700499999999998,2.791883269278266
5701.0,5.7010000000000005,2.7820852158843223
5701.5,5.701500000000003,2.7845852158843343
5702.0,5.701999999999998,2.7870852158843107
5702.5,5.702500000000001,2.7774003992275453
5703.0,5.703000000000003,2.7799003992275573
5703.5,5.703499999999998,2.7824003992275337
5704.0,5.704000000000001,2.772850524600159
5704.5,5.704500000000003,2.775350524600171
5705.0,5.704999999999998,2.7778505246001473
5705.5,5.705500000000001,2.768418172467726
5706.0,5.706000000000003,2.770918172467738
5706.5,5.706499999999998,2.7734181724677143
5707.0,5.707000000000001,2.764099256068917
5707.5,5.707500000000003,2.766599256068929
5708.0,5.707999999999998,2.7690992560689054
5708.5,5.708500000000001,2.759861965904875
5709.0,5.709000000000003,2.762361965904887
5709.5,5.7094999999999985,2.7648619659048634
5710.0,5.710000000000001,2.75566174285629
5710.5,5.710500000000003,2.758161742856302
5711.0,5.7109999999999985,2.7606617428562785
5711.5,5.711500000000001,2.7514464994847287
5712.0,5.711999999999996,2.753946499484705
5712.5,5.712499999999999,2.756446499484717
5713.0,5.713000000000001,2.7471705167198124
5713.5,5.713500000000003,2.7496705167198243
5714.0,5.713999999999999,2.7521705167198007
5714.5,5.714500000000001,2.7428145385938763
5715.0,5.714999999999996,2.7453145385938527
5715.5,5.715499999999999,2.7478145385938646
5716.0,5.716000000000001,2.738377346925489
5716.5,5.7165000000000035,2.740877346925501
5717.0,5.716999999999999,2.7433773469254774
5717.5,5.717500000000001,2.7338640166080808
5718.0,5.717999999999996,2.736364016608057
5718.5,5.718499999999999,2.738864016608069
5719.0,5.719000000000001,2.7292849193495172
5719.5,5.719500000000004,2.731784919349529
5720.0,5.719999999999999,2.7342849193495056
5720.5,5.720500000000001,2.7246436925754836
5721.0,5.7209999999999965,2.72714369257546
5721.5,5.721499999999999,2.729643692575472
5722.0,5.722000000000001,2.719944886786365
5722.5,5.722500000000004,2.722444886786377
5723.0,5.722999999999999,2.7249448867863535
5723.5,5.723500000000001,2.7152022753331906
5724.0,5.723999999999997,2.717702275333167
5724.5,5.724499999999999,2.720202275333179
5725.0,5.725000000000001,2.710396422452561
5725.5,5.725500000000004,2.712896422452573
5726.0,5.725999999999999,2.7153964224525495
5726.5,5.7265000000000015,2.7054975914030166
5727.0,5.726999999999997,2.707997591402993
5727.5,5.727499999999999,2.710497591403005
5728.0,5.7280000000000015,2.7005130506150365
5728.5,5.728500000000004,2.7030130506150485
5729.0,5.728999999999999,2.705513050615025
5729.5,5.729500000000002,2.695485415542862
5730.0,5.729999999999997,2.6979854155428384
5730.5,5.730499999999999,2.7004854155428504
5731.0,5.731000000000002,2.690455665217044
5731.5,5.731500000000004,2.692955665217056
5732.0,5.731999999999999,2.6954556652170325
5732.5,5.732500000000002,2.685484906701383
5733.0,5.732999999999997,2.6879849067013595
5733.5,5.733499999999999,2.6904849067013714
5734.0,5.734000000000002,2.6806128217484115
5734.5,5.734499999999997,2.683112821748388
5735.0,5.734999999999999,2.6856128217484
5735.5,5.735500000000002,2.6758606062759327
5736.0,5.735999999999997,2.678360606275909
5736.5,5.7364999999999995,2.680860606275921
5737.0,5.737000000000002,2.6712232175475137
5737.5,5.737499999999997,2.67372321754749
5738.0,5.7379999999999995,2.676223217547502
5738.5,5.738500000000002,2.678723217547514
5739.0,5.738999999999997,2.6691661674041356
5739.5,5.7395,2.6716661674041475
5740.0,5.740000000000002,2.6741661674041595
5740.5,5.740499999999997,2.6646624849301404
5741.0,5.741,2.6671624849301523
5741.5,5.741500000000002,2.6696624849301642
5742.0,5.741999999999997,2.6601825652431543
5742.5,5.7425,2.6626825652431663
5743.0,5.743000000000002,2.665182565243178
5743.5,5.743499999999997,2.6556883634071937
5744.0,5.744,2.6581883634072057
5744.5,5.744500000000002,2.6606883634072176
5745.0,5.744999999999997,2.6511676870849143
5745.5,5.7455,2.6536676870849263
5746.0,5.746000000000002,2.6561676870849382
5746.5,5.7464999999999975,2.646623235890928
5747.0,5.747,2.64912323589094
5747.5,5.747500000000002,2.651623235890952
5748.0,5.7479999999999976,2.642043029957186
5748.5,5.7485,2.644543029957198
5749.0,5.749000000000002,2.64704302995721
5749.5,5.749499999999998,2.6374171789928624
5750.0,5.75,2.6399171789928744
5750.5,5.750500000000002,2.6424171789928863
5751.0,5.750999999999998,2.6327600869307233
5751.5,5.7515,2.635260086930735
5752.0,5.7520000000000024,2.637760086930747
5752.5,5.752499999999998,2.628053837483577
5753.0,5.753,2.630553837483589
5753.5,5.7535000000000025,2.633053837483601
5754.0,5.753999999999998,2.6233084468865897
5754.5,5.7545,2.6258084468866016
5755.0,5.755000000000003,2.6283084468866136
5755.5,5.755499999999998,2.618526799299481
5756.0,5.756,2.621026799299493
5756.5,5.756500000000003,2.623526799299505
5757.0,5.756999999999998,2.6137052251874238
5757.5,5.7575,2.6162052251874357
5758.0,5.758000000000003,2.6187052251874476
5758.5,5.758499999999998,2.6088320710307045
5759.0,5.759,2.6113320710307164
5759.5,5.759500000000003,2.6138320710307283
5760.0,5.759999999999998,2.603941433273711
5760.5,5.7605,2.606441433273723
5761.0,5.761000000000003,2.608941433273735
5761.5,5.761499999999998,2.599061096331745
5762.0,5.7620000000000005,2.601561096331757
5762.5,5.762500000000003,2.604061096331769
5763.0,5.762999999999998,2.594210450579517
5763.5,5.7635000000000005,2.596710450579529
5764.0,5.764000000000003,2.599210450579541
5764.5,5.764499999999998,2.589394967315215
5765.0,5.765000000000001,2.591894967315227
5765.5,5.765500000000003,2.594394967315239
5766.0,5.765999999999998,2.584619454491026
5766.5,5.766500000000001,2.587119454491038
5767.0,5.767000000000003,2.58961945449105
5767.5,5.767499999999998,2.579870246941489
5768.0,5.768000000000001,2.582370246941501
5768.5,5.768500000000003,2.584870246941513
5769.0,5.768999999999998,2.575125789862014
5769.5,5.769500000000001,2.577625789862026
5770.0,5.770000000000003,2.5801257898620378
5770.5,5.770499999999998,2.5703928107623497
5771.0,5.771000000000001,2.5728928107623616
5771.5,5.771500000000003,2.5753928107623736
5772.0,5.7719999999999985,2.565665180325567
5772.5,5.772500000000001,2.568165180325579
5773.0,5.773000000000003,2.570665180325591
5773.5,5.7734999999999985,2.5609187861855887
5774.0,5.774000000000001,2.5634187861856006
5774.5,5.774499999999996,2.565918786185577
5775.0,5.774999999999999,2.5561307779869225
5775.5,5.775500000000001,2.5586307779869344
5776.0,5.776000000000003,2.5611307779869463
5776.5,5.776499999999999,2.551291451693629
5777.0,5.777000000000001,2.553791451693641
5777.5,5.777499999999996,2.5562914516936175
5778.0,5.777999999999999,2.5463696743565833
5778.5,5.778500000000001,2.5488696743565953
5779.0,5.7790000000000035,2.551369674356607
5779.5,5.779499999999999,2.541335366139954
5780.0,5.780000000000001,2.543835366139966
5780.5,5.780499999999996,2.5463353661399424
5781.0,5.780999999999999,2.53615570215338
5781.5,5.781500000000001,2.5386557021533918
5782.0,5.782000000000004,2.5411557021534037
5782.5,5.782499999999999,2.5308265478906122
5783.0,5.783000000000001,2.533326547890624
5783.5,5.7834999999999965,2.5358265478906006
5784.0,5.783999999999999,2.5253306161068068
5784.5,5.784500000000001,2.5278306161068187
5785.0,5.785000000000004,2.5303306161068306
5785.5,5.785499999999999,2.5196728064468488
5786.0,5.786000000000001,2.5221728064468607
5786.5,5.786499999999997,2.524672806446837
5787.0,5.786999999999999,2.5138566189279743
5787.5,5.787500000000001,2.5163566189279862
5788.0,5.788000000000004,2.518856618927998
5788.5,5.788499999999999,2.5079331564652207
5789.0,5.7890000000000015,2.5104331564652327
5789.5,5.789499999999997,2.512933156465209
5790.0,5.789999999999999,2.5019324454731517
5790.5,5.7905000000000015,2.5044324454731637
5791.0,5.791000000000004,2.5069324454731756
5791.5,5.791499999999999,2.495905785773438
5792.0,5.792000000000002,2.49840578577345
5792.5,5.792499999999997,2.5009057857734263
5793.0,5.792999999999999,2.489873253257535
5793.5,5.793500000000002,2.492373253257547
5794.0,5.794000000000004,2.494873253257559
5794.5,5.794499999999999,2.483864596151122
5795.0,5.795000000000002,2.486364596151134
5795.5,5.795499999999997,2.48886459615111
5796.0,5.795999999999999,2.4779336243113903
5796.5,5.796500000000002,2.4804336243114022
5797.0,5.796999999999997,2.4829336243113787
5797.5,5.797499999999999,2.47212967744332
5798.0,5.798000000000002,2.474629677443332
5798.5,5.798499999999997,2.4771296774433083
5799.0,5.7989999999999995,2.466517609420684
5799.5,5.799500000000002,2.469017609420696
5800.0,5.799999999999997,2.4715176094206726
5800.5,5.8004999999999995,2.4611464472464917
5801.0,5.801000000000002,2.4636464472465036
5801.5,5.801499999999997,2.46614644724648
5802.0,5.802,2.4560313025426694
5802.5,5.802500000000002,2.4585313025426814
5803.0,5.802999999999997,2.461031302542658
5803.5,5.8035,2.4511731311164553
5804.0,5.804000000000002,2.4536731311164672
5804.5,5.804499999999997,2.4561731311164436
5805.0,5.805,2.446544947133944
5805.5,5.805500000000002,2.449044947133956
5806.0,5.805999999999997,2.4515449471339323
5806.5,5.8065,2.4420987951842577
5807.0,5.807000000000002,2.4445987951842696
5807.5,5.807499999999997,2.447098795184246
5808.0,5.808,2.437802811330698
5808.5,5.808500000000002,2.44030281133071
5809.0,5.8089999999999975,2.4428028113306866
5809.5,5.8095,2.4336183142112233
5810.0,5.810000000000002,2.4361183142112353
5810.5,5.8104999999999976,2.4386183142112117
5811.0,5.811,2.429484256334895
5811.5,5.811500000000002,2.431984256334907
5812.0,5.811999999999998,2.4344842563348834
5812.5,5.8125,2.4253522532856664
5813.0,5.813000000000002,2.4278522532856783
5813.5,5.813499999999998,2.4303522532856547
5814.0,5.814,2.4328522532856667
5814.5,5.8145000000000024,2.423682260845723
5815.0,5.814999999999998,2.4261822608456995
5815.5,5.8155,2.4286822608457115
5816.0,5.8160000000000025,2.4194334589589417
5816.5,5.816499999999998,2.421933458958918
5817.0,5.817,2.42443345895893
5817.5,5.817500000000003,2.4150876568986135
5818.0,5.817999999999998,2.41758765689859
5818.5,5.8185,2.420087656898602
5819.0,5.819000000000003,2.4106287151249006
5819.5,5.819499999999998,2.413128715124877
5820.0,5.82,2.415628715124889
5820.5,5.820500000000003,2.406048045185507
5821.0,5.820999999999998,2.4085480451854835
5821.5,5.8215,2.4110480451854954
5822.0,5.822000000000003,2.4013511629249606
5822.5,5.822499999999998,2.403851162924937
5823.0,5.823,2.406351162924949
5823.5,5.823500000000003,2.396537524024893
5824.0,5.823999999999998,2.3990375240248696
5824.5,5.8245000000000005,2.4015375240248815
5825.0,5.825000000000003,2.391615422915514
5825.5,5.825499999999998,2.3941154229154904
5826.0,5.8260000000000005,2.3966154229155023
5826.5,5.826500000000003,2.386650549128113
5827.0,5.826999999999998,2.3891505491280896
5827.5,5.827500000000001,2.3916505491281015
5828.0,5.828000000000003,2.3817233360500722
5828.5,5.828499999999998,2.3842233360500487
5829.0,5.829000000000001,2.3867233360500606
5829.5,5.829500000000003,2.376906934956189
5830.0,5.829999999999998,2.3794069349561653
5830.5,5.830500000000001,2.3819069349561772
5831.0,5.831000000000003,2.3722646382453405
5831.5,5.831499999999998,2.374764638245317
5832.0,5.832000000000001,2.377264638245329
5832.5,5.832500000000003,2.3678367953426616
5833.0,5.832999999999998,2.370336795342638
5833.5,5.833500000000001,2.37283679534265
5834.0,5.834000000000003,2.363679403792922
5834.5,5.8344999999999985,2.3661794037928985
5835.0,5.835000000000001,2.3686794037929104
5835.5,5.835500000000003,2.3598221582950885
5836.0,5.8359999999999985,2.362322158295065
5836.5,5.836500000000001,2.364822158295077
5837.0,5.836999999999996,2.3562547667473766
5837.5,5.837499999999999,2.3587547667473885
5838.0,5.838000000000001,2.3612547667474004
5838.5,5.838500000000003,2.352931652378807
5839.0,5.838999999999999,2.3554316523787833
5839.5,5.839500000000001,2.357931652378795
5840.0,5.839999999999996,2.3498225530707018
5840.5,5.840499999999999,2.3523225530707137
5841.0,5.841000000000001,2.3548225530707256
5841.5,5.8415000000000035,2.346886617549764
5842.0,5.841999999999999,2.34938661754974
5842.5,5.842500000000001,2.351886617549752
5843.0,5.842999999999996,2.344074288301883
5843.5,5.843499999999999,2.3465742883018947
5844.0,5.844000000000001,2.3490742883019067
5844.5,5.844500000000004,2.3413269619383925
5845.0,5.844999999999999,2.343826961938369
5845.5,5.845500000000001,2.346326961938381
5846.0,5.8459999999999965,2.3385960048534216
5846.5,5.846499999999999,2.3410960048534335
5847.0,5.847000000000001,2.3435960048534454
5847.5,5.847500000000004,2.3358479523022524
5848.0,5.847999999999999,2.338347952302229
5848.5,5.848500000000001,2.3408479523022407
5849.0,5.848999999999997,2.333062664978236
5849.5,5.849499999999999,2.335562664978248
5850.0,5.850000000000001,2.33806266497826
5850.5,5.850500000000004,2.3302096913656456
5851.0,5.850999999999999,2.332709691365622
5851.5,5.8515000000000015,2.335209691365634
5852.0,5.851999999999997,2.3272252539942784
5852.5,5.852499999999999,2.3297252539942903
5853.0,5.8530000000000015,2.3322252539943022
5853.5,5.853500000000004,2.3240502310335387
5854.0,5.853999999999999,2.326550231033515
5854.5,5.854500000000002,2.329050231033527
5855.0,5.854999999999997,2.3206417344588104
5855.5,5.855499999999999,2.3231417344588223
5856.0,5.856000000000002,2.3256417344588343
5856.5,5.856500000000004,2.316964492612712
5857.0,5.856999999999999,2.3194644926126884
5857.5,5.857500000000002,2.3219644926127003
5858.0,5.857999999999997,2.3130172471736543
5858.5,5.858499999999999,2.3155172471736662
5859.0,5.859000000000002,2.318017247173678
5859.5,5.859499999999997,2.3087985636133013
5860.0,5.859999999999999,2.311298563613313
5860.5,5.860500000000002,2.313798563613325
5861.0,5.860999999999997,2.3043490816343493
5861.5,5.8614999999999995,2.306849081634361
5862.0,5.862000000000002,2.309349081634373
5862.5,5.862499999999997,2.299728619025032
5863.0,5.8629999999999995,2.302228619025044
5863.5,5.863500000000002,2.304728619025056
5864.0,5.863999999999997,2.294996771873521
5864.5,5.8645,2.297496771873533
5865.0,5.865000000000002,2.299996771873545
5865.5,5.865499999999997,2.2902125887435076
5866.0,5.866,2.2927125887435196
5866.5,5.866500000000002,2.2952125887435315
5867.0,5.866999999999997,2.2854310157986646
5867.5,5.8675,2.2879310157986765
5868.0,5.868000000000002,2.2904310157986885
5868.5,5.868499999999997,2.280664029084427
5869.0,5.869,2.283164029084439
5869.5,5.869500000000002,2.285664029084451
5870.0,5.869999999999997,2.2759177619986204
5870.5,5.8705,2.2784177619986323
5871.0,5.871000000000002,2.2809177619986443
5871.5,5.8714999999999975,2.271175146197315
5872.0,5.872,2.273675146197327
5872.5,5.872500000000002,2.276175146197339
5873.0,5.8729999999999976,2.266431404338647
5873.5,5.8735,2.268931404338659
5874.0,5.874000000000002,2.2714314043386707
5874.5,5.874499999999998,2.2616799084359585
5875.0,5.875,2.2641799084359704
5875.5,5.875500000000002,2.2666799084359823
5876.0,5.875999999999998,2.2569200366908504
5876.5,5.8765,2.2594200366908623
5877.0,5.8770000000000024,2.2619200366908743
5877.5,5.877499999999998,2.252159442656705
5878.0,5.878,2.254659442656717
5878.5,5.8785000000000025,2.2571594426567287
5879.0,5.878999999999998,2.2474191174352853
5879.5,5.8795,2.2499191174352973
5880.0,5.880000000000003,2.252419117435309
5880.5,5.880499999999998,2.242707072935559
5881.0,5.881,2.245207072935571
5881.5,5.881500000000003,2.247707072935583
5882.0,5.881999999999998,2.2380106566255975
5882.5,5.8825,2.2405106566256094
5883.0,5.883000000000003,2.2430106566256214
5883.5,5.883499999999998,2.2332941490365243
5884.0,5.884,2.2357941490365363
5884.5,5.884500000000003,2.238294149036548
5885.0,5.884999999999998,2.2285167631604352
5885.5,5.8855,2.231016763160447
5886.0,5.886000000000003,2.233516763160459
5886.5,5.886499999999998,2.223645515930315
5887.0,5.8870000000000005,2.2261455159303267
5887.5,5.887500000000003,2.2286455159303387
5888.0,5.887999999999998,2.218620220307841
5888.5,5.8885000000000005,2.221120220307853
5889.0,5.889000000000003,2.2236202203078648
5889.5,5.889499999999998,2.226120220307841
5890.0,5.890000000000001,2.2159059242728674
5890.5,5.890500000000003,2.2184059242728793
5891.0,5.890999999999998,2.2209059242728557
5891.5,5.891500000000001,2.210477616559885
5892.0,5.892000000000003,2.212977616559897
5892.5,5.892499999999998,2.2154776165598733
5893.0,5.893000000000001,2.2048624763761993
5893.5,5.893500000000003,2.207362476376211
5894.0,5.893999999999998,2.2098624763761876
5894.5,5.894500000000001,2.1991088384985247
5895.0,5.895000000000003,2.2016088384985366
5895.5,5.895499999999998,2.204108838498513
5896.0,5.896000000000001,2.193254045414861
5896.5,5.896500000000003,2.1957540454148727
5897.0,5.8969999999999985,2.198254045414849
5897.5,5.897500000000001,2.1873201485388805
5898.0,5.898000000000003,2.1898201485388924
5898.5,5.8984999999999985,2.192320148538869
5899.0,5.899000000000001,2.1813776221056713
5899.5,5.899499999999996,2.1838776221056477
5900.0,5.899999999999999,2.1863776221056597
5900.5,5.900500000000001,2.1754647638809033
5901.0,5.901000000000003,2.177964763880915
5901.5,5.901499999999999,2.1804647638808916
5902.0,5.902000000000001,2.169610810970255
5902.5,5.902499999999996,2.1721108109702314
5903.0,5.902999999999999,2.1746108109702433
5903.5,5.903500000000001,2.163835165820167
5904.0,5.9040000000000035,2.166335165820179
5904.5,5.904499999999999,2.1688351658201555
5905.0,5.905000000000001,2.158153196218393
5905.5,5.905499999999996,2.1606531962183695
5906.0,5.905999999999999,2.1631531962183814
5906.5,5.906500000000001,2.1525961828047357
5907.0,5.907000000000004,2.1550961828047477
5907.5,5.907499999999999,2.157596182804724
5908.0,5.908000000000001,2.147197610799232
5908.5,5.9084999999999965,2.1496976107992083
5909.0,5.908999999999999,2.1521976107992202
5909.5,5.909500000000001,2.142004679496523
5910.0,5.910000000000004,2.144504679496535
5910.5,5.910499999999999,2.1470046794965114
5911.0,5.911000000000001,2.1370531481334964
5911.5,5.911499999999997,2.139553148133473
5912.0,5.911999999999999,2.142053148133485
5912.5,5.912500000000001,2.1323820811592142
5913.0,5.913000000000004,2.134882081159226
5913.5,5.913499999999999,2.1373820811592026
5914.0,5.9140000000000015,2.1279723457966426
5914.5,5.914499999999997,2.130472345796619
5915.0,5.914999999999999,2.132972345796631
5915.5,5.9155000000000015,2.123769664868611
5916.0,5.916000000000004,2.126269664868623
5916.5,5.916499999999999,2.1287696648685994
5917.0,5.917000000000002,2.1197367329175165
5917.5,5.917499999999997,2.122236732917493
5918.0,5.917999999999999,2.124736732917505
5918.5,5.918500000000002,2.115814275912875
5919.0,5.919000000000004,2.118314275912887
5919.5,5.919499999999999,2.1208142759128634
5920.0,5.920000000000002,2.111947221886119
5920.5,5.920499999999997,2.1144472218860955
5921.0,5.920999999999999,2.1169472218861074
5921.5,5.921500000000002,2.1080646106127077
5922.0,5.921999999999997,2.110564610612684
5922.5,5.922499999999999,2.113064610612696
5923.0,5.923000000000002,2.104116791464392
5923.5,5.923499999999997,2.1066167914643685
5924.0,5.9239999999999995,2.1091167914643805
5924.5,5.924500000000002,2.1000858535192535
5925.0,5.924999999999997,2.10258585351923
5925.5,5.9254999999999995,2.105085853519242
5926.0,5.926000000000002,2.0959566565636933
5926.5,5.926499999999997,2.0984566565636698
5927.0,5.927,2.1009566565636817
5927.5,5.927500000000002,2.091709922167624
5928.0,5.927999999999997,2.0942099221676003
5928.5,5.9285,2.096709922167612
5929.0,5.929000000000002,2.0873389235469375
5929.5,5.929499999999997,2.089838923546914
5930.0,5.93,2.092338923546926
5930.5,5.930500000000002,2.0828663810773307
5931.0,5.930999999999997,2.085366381077307
5931.5,5.9315,2.087866381077319
5932.0,5.932000000000002,2.078305524918136
5932.5,5.932499999999997,2.0808055249181123
5933.0,5.933,2.0833055249181243
5933.5,5.933500000000002,2.0736694024115465
5934.0,5.9339999999999975,2.076169402411523
5934.5,5.9345,2.078669402411535
5935.0,5.935000000000002,2.0689798547330795
5935.5,5.9354999999999976,2.071479854733056
5936.0,5.936,2.073979854733068
5936.5,5.936500000000002,2.0642485783107034
5937.0,5.936999999999998,2.06674857831068
5937.5,5.9375,2.0692485783106918
5938.0,5.938000000000002,2.059495571687151
5938.5,5.938499999999998,2.0619955716871274
5939.0,5.939,2.0644955716871394
5939.5,5.9395000000000024,2.054755737752103
5940.0,5.939999999999998,2.0572557377520795
5940.5,5.9405,2.0597557377520914
5941.0,5.9410000000000025,2.050071642155231
5941.5,5.941499999999998,2.0525716421552076
5942.0,5.942,2.0550716421552195
5942.5,5.942500000000003,2.0454774993127955
5943.0,5.942999999999998,2.047977499312772
5943.5,5.9435,2.050477499312784
5944.0,5.944000000000003,2.0410208721055767
5944.5,5.944499999999998,2.043520872105553
5945.0,5.945,2.046020872105565
5945.5,5.945500000000003,2.0367224164586872
5946.0,5.945999999999998,2.0392224164586636
5946.5,5.9465,2.0417224164586756
5947.0,5.947000000000003,2.03257268849125
5947.5,5.947499999999998,2.0350726884912262
5948.0,5.948,2.037572688491238
5948.5,5.948500000000003,2.028560278834064
5949.0,5.948999999999998,2.0310602788340404
5949.5,5.9495000000000005,2.0335602788340523
5950.0,5.950000000000003,2.024654827367307
5950.5,5.950499999999998,2.0271548273672835
5951.0,5.9510000000000005,2.0296548273672954
5951.5,5.951500000000003,2.0208114364744745
5952.0,5.951999999999998,2.023311436474451
5952.5,5.952500000000001,2.025811436474463
5953.0,5.953000000000003,2.0169697941618736
5953.5,5.953499999999998,2.01946979416185
5954.0,5.954000000000001,2.021969794161862
5954.5,5.954500000000003,2.0130920061210844
5955.0,5.954999999999998,2.015592006121061
5955.5,5.955500000000001,2.0180920061210728
5956.0,5.956000000000003,2.0091359198007908
5956.5,5.956499999999998,2.011635919800767
5957.0,5.957000000000001,2.014135919800779
5957.5,5.957500000000003,2.005065776386523
5958.0,5.957999999999998,2.0075657763864996
5958.5,5.958500000000001,2.0100657763865115
5959.0,5.959000000000003,2.0008497140477033
5959.5,5.9594999999999985,2.0033497140476797
5960.0,5.960000000000001,2.0058497140476916
5960.5,5.960500000000003,1.996444795257446
5961.0,5.9609999999999985,1.9989447952574224
5961.5,5.961500000000001,2.0014447952574344
5962.0,5.961999999999996,1.9918362051271998
5962.5,5.962499999999999,1.9943362051272118
5963.0,5.963000000000001,1.9968362051272237
5963.5,5.963500000000003,1.987003643451608
5964.0,5.963999999999999,1.9895036434515845
5964.5,5.964500000000001,1.9920036434515964
5965.0,5.964999999999996,1.9945036434515728
5965.5,5.965499999999999,1.9844538249373755
5966.0,5.966000000000001,1.9869538249373875
5966.5,5.9665000000000035,1.9894538249373994
5967.0,5.966999999999999,1.9792087011701653
5967.5,5.967500000000001,1.9817087011701773
5968.0,5.967999999999996,1.9842087011701537
5968.5,5.968499999999999,1.9737939182009967
5969.0,5.969000000000001,1.9762939182010086
5969.5,5.969500000000004,1.9787939182010206
5970.0,5.969999999999999,1.968233458428692
5970.5,5.970500000000001,1.970733458428704
5971.0,5.9709999999999965,1.9732334584286804
5971.5,5.971499999999999,1.962594063916363
5972.0,5.972000000000001,1.965094063916375
5972.5,5.972500000000004,1.967594063916387
5973.0,5.972999999999999,1.9569519805212465
5973.5,5.973500000000001,1.9594519805212585
5974.0,5.973999999999997,1.9619519805212349
5974.5,5.974499999999999,1.9513768482782723
5975.0,5.975000000000001,1.9538768482782842
5975.5,5.975500000000004,1.9563768482782962
5976.0,5.975999999999999,1.9459282819862977
5976.5,5.9765000000000015,1.9484282819863097
5977.0,5.976999999999997,1.950928281986286
5977.5,5.977499999999999,1.9406590749301245
5978.0,5.9780000000000015,1.9431590749301364
5978.5,5.978500000000004,1.9456590749301483
5979.0,5.978999999999999,1.9356209758178977
5979.5,5.979500000000002,1.9381209758179097
5980.0,5.979999999999997,1.940620975817886
5980.5,5.980499999999999,1.930825141265906
5981.0,5.981000000000002,1.933325141265918
5981.5,5.981500000000004,1.93582514126593
5982.0,5.981999999999999,1.9262674753585785
5982.5,5.982500000000002,1.9287674753585904
5983.0,5.982999999999997,1.9312674753585668
5983.5,5.983499999999999,1.9219238909195724
5984.0,5.984000000000002,1.9244238909195843
5984.5,5.984499999999997,1.9269238909195607
5985.0,5.984999999999999,1.9177581450644965
5985.5,5.985500000000002,1.9202581450645084
5986.0,5.985999999999997,1.9227581450644848
5986.5,5.9864999999999995,1.9137353769176357
5987.0,5.987000000000002,1.9162353769176477
5987.5,5.987499999999997,1.918735376917624
5988.0,5.9879999999999995,1.9098349608141518
5988.5,5.988500000000002,1.9123349608141638
5989.0,5.988999999999997,1.9148349608141402
5989.5,5.9895,1.9059864065157583
5990.0,5.990000000000002,1.9084864065157703
5990.5,5.990499999999997,1.9109864065157467
5991.0,5.991,1.9021196481514835
5991.5,5.991500000000002,1.9046196481514954
5992.0,5.991999999999997,1.9071196481514718
5992.5,5.9925,1.8981881080032537
5993.0,5.993000000000002,1.9006881080032656
5993.5,5.993499999999997,1.903188108003242
5994.0,5.994,1.8941471571131174
5994.5,5.994500000000002,1.8966471571131294
5995.0,5.994999999999997,1.8991471571131058
5995.5,5.9955,1.8899756453361505
5996.0,5.996000000000002,1.8924756453361624
5996.5,5.9964999999999975,1.8949756453361388
5997.0,5.997,1.8856694969166554
5997.5,5.997500000000002,1.8881694969166674
5998.0,5.9979999999999976,1.8906694969166438
5998.5,5.9985,1.8812615065100857
5999.0,5.999000000000002,1.8837615065100977
5999.5,5.999499999999998,1.886261506510074
6000.0,6.0,1.8767693980287703
6000.5,6.000500000000002,1.8792693980287822
6001.0,6.000999999999998,1.8817693980287586
6001.5,6.0015,1.8722351254806924
6002.0,6.0020000000000024,1.8747351254807043
6002.5,6.002499999999998,1.8772351254806807
6003.0,6.003,1.8677132804498697
6003.5,6.0035000000000025,1.8702132804498817
6004.0,6.003999999999998,1.872713280449858
6004.5,6.0045,1.8632517085881872
6005.0,6.005000000000003,1.8657517085881992
6005.5,6.005499999999998,1.8682517085881756
6006.0,6.006,1.8589067628773037
6006.5,6.006500000000003,1.8614067628773157
6007.0,6.006999999999998,1.863906762877292
6007.5,6.0075,1.854696280897059
6008.0,6.008000000000003,1.857196280897071
6008.5,6.008499999999998,1.8596962808970474
6009.0,6.009,1.8506273162340392
6009.5,6.009500000000003,1.8531273162340511
6010.0,6.009999999999998,1.8556273162340275
6010.5,6.0105,1.8466962731783099
6011.0,6.011000000000003,1.8491962731783218
6011.5,6.011499999999998,1.8516962731782982
6012.0,6.0120000000000005,1.8428946668472435
6012.5,6.012500000000003,1.8453946668472554
6013.0,6.012999999999998,1.8478946668472318
6013.5,6.0135000000000005,1.8392007532125376
6014.0,6.014000000000003,1.8417007532125496
6014.5,6.014499999999998,1.844200753212526
6015.0,6.015000000000001,1.8355757685627694
6015.5,6.015500000000003,1.8380757685627813
6016.0,6.015999999999998,1.8405757685627577
6016.5,6.016500000000001,1.8319786469514199
6017.0,6.017000000000003,1.8344786469514318
6017.5,6.017499999999998,1.8369786469514082
6018.0,6.018000000000001,1.828383450587694
6018.5,6.018500000000003,1.8308834505877059
6019.0,6.018999999999998,1.8333834505876823
6019.5,6.019500000000001,1.8247434345300206
6020.0,6.020000000000003,1.8272434345300326
6020.5,6.020499999999998,1.829743434530009
6021.0,6.021000000000001,1.8210100026192677
6021.5,6.021500000000003,1.8235100026192796
6022.0,6.0219999999999985,1.826010002619256
6022.5,6.022500000000001,1.8171352431791732
6023.0,6.023000000000003,1.8196352431791851
6023.5,6.0234999999999985,1.8221352431791615
6024.0,6.024000000000001,1.8130914156192546
6024.5,6.024499999999996,1.815591415619231
6025.0,6.024999999999999,1.818091415619243
6025.5,6.025500000000001,1.8088331794812618
6026.0,6.026000000000003,1.8113331794812737
6026.5,6.026499999999999,1.8138331794812501
6027.0,6.027000000000001,1.8043463191421338
6027.5,6.027499999999996,1.8068463191421102
6028.0,6.027999999999999,1.8093463191421222
6028.5,6.028500000000001,1.7996253069612678
6029.0,6.0290000000000035,1.8021253069612797
6029.5,6.029499999999999,1.8046253069612561
6030.0,6.030000000000001,1.7947044900954623
6030.5,6.030499999999996,1.7972044900954387
6031.0,6.030999999999999,1.7997044900954506
6031.5,6.031500000000001,1.7896137569785253
6032.0,6.032000000000004,1.7921137569785373
6032.5,6.032499999999999,1.7946137569785137
6033.0,6.033000000000001,1.7844094045102565
6033.5,6.0334999999999965,1.786909404510233
6034.0,6.033999999999999,1.7894094045102449
6034.5,6.034500000000001,1.7791592465801287
6035.0,6.035000000000004,1.7816592465801406
6035.5,6.035499999999999,1.784159246580117
6036.0,6.036000000000001,1.7739090274141844
6036.5,6.036499999999997,1.7764090274141608
6037.0,6.036999999999999,1.7789090274141728
6037.5,6.037500000000001,1.7686856443664212
6038.0,6.038000000000004,1.771185644366433
6038.5,6.038499999999999,1.7736856443664095
6039.0,6.0390000000000015,1.7635122840745154
6039.5,6.039499999999997,1.7660122840744918
6040.0,6.039999999999999,1.7685122840745038
